buyer_id,signup_date,address_id,trust_score_current,total_orders,total_returns
BUYER_00000,2025-07-12,ADDR_002282,70.0,21,0
BUYER_00001,2025-05-26,ADDR_001710,70.0,8,0
BUYER_00002,2025-09-07,ADDR_003554,70.0,10,0
BUYER_00003,2025-08-17,ADDR_004248,70.0,17,0
BUYER_00004,2025-03-13,ADDR_002634,70.0,14,1
BUYER_00005,2025-09-06,ADDR_004689,70.0,12,0
BUYER_00006,2025-03-20,ADDR_003916,70.0,6,0
BUYER_00007,2025-01-04,ADDR_000817,70.0,4,0
BUYER_00008,2025-12-11,ADDR_003640,70.0,10,0
BUYER_00009,2025-01-14,ADDR_001143,70.0,5,1
BUYER_00010,2025-05-15,ADDR_004768,70.0,14,0
BUYER_00011,2025-08-25,ADDR_004192,70.0,9,2
BUYER_00012,2025-05-25,ADDR_000318,70.0,5,0
BUYER_00013,2025-05-29,ADDR_000854,70.0,9,4
BUYER_00014,2025-09-22,ADDR_002184,70.0,13,3
BUYER_00015,2025-08-13,ADDR_003669,70.0,9,3
BUYER_00016,2025-07-15,ADDR_002733,70.0,4,1
BUYER_00017,2025-11-14,ADDR_000423,70.0,9,0
BUYER_00018,2025-02-17,ADDR_001610,70.0,10,0
BUYER_00019,2025-06-29,ADDR_003209,70.0,14,1
BUYER_00020,2025-04-08,ADDR_004602,70.0,13,4
BUYER_00021,2025-01-19,ADDR_001315,70.0,4,0
BUYER_00022,2025-12-14,ADDR_000189,70.0,5,0
BUYER_00023,2025-09-26,ADDR_002671,70.0,12,0
BUYER_00024,2025-03-31,ADDR_003478,70.0,2,0
BUYER_00025,2025-06-06,ADDR_002570,70.0,13,1
BUYER_00026,2025-04-03,ADDR_003425,70.0,4,0
BUYER_00027,2025-09-09,ADDR_004447,70.0,6,0
BUYER_00028,2025-05-18,ADDR_000621,70.0,21,0
BUYER_00029,2025-11-25,ADDR_001991,70.0,7,0
BUYER_00030,2025-03-27,ADDR_004425,70.0,6,1
BUYER_00031,2025-05-18,ADDR_002546,70.0,9,0
BUYER_00032,2025-11-29,ADDR_003164,70.0,7,1
BUYER_00033,2025-11-14,ADDR_004930,70.0,5,0
BUYER_00034,2025-04-28,ADDR_001498,70.0,9,1
BUYER_00035,2025-07-03,ADDR_002377,70.0,34,0
BUYER_00036,2025-11-13,ADDR_003394,70.0,15,0
BUYER_00037,2025-09-05,ADDR_000748,70.0,10,0
BUYER_00038,2025-08-24,ADDR_001989,70.0,9,0
BUYER_00039,2025-09-01,ADDR_002748,70.0,13,0
BUYER_00040,2025-11-25,ADDR_001503,70.0,12,2
BUYER_00041,2025-07-15,ADDR_001090,70.0,4,0
BUYER_00042,2025-03-18,ADDR_002167,70.0,11,0
BUYER_00043,2025-06-30,ADDR_004353,70.0,8,0
BUYER_00044,2025-09-24,ADDR_002059,70.0,26,1
BUYER_00045,2025-07-07,ADDR_004128,70.0,7,1
BUYER_00046,2025-05-05,ADDR_003348,70.0,19,0
BUYER_00047,2025-09-03,ADDR_000636,70.0,3,0
BUYER_00048,2025-06-22,ADDR_004524,70.0,10,0
BUYER_00049,2025-12-09,ADDR_002912,70.0,5,2
BUYER_00050,2025-05-19,ADDR_002815,70.0,4,0
BUYER_00051,2025-09-20,ADDR_003447,70.0,13,1
BUYER_00052,2025-07-28,ADDR_000206,70.0,4,0
BUYER_00053,2025-02-05,ADDR_001245,70.0,7,1
BUYER_00054,2025-06-29,ADDR_003934,70.0,5,0
BUYER_00055,2025-01-15,ADDR_003100,70.0,10,1
BUYER_00056,2025-10-14,ADDR_001927,70.0,9,0
BUYER_00057,2025-09-26,ADDR_002290,70.0,2,0
BUYER_00058,2025-01-25,ADDR_003067,70.0,13,0
BUYER_00059,2025-07-09,ADDR_002386,70.0,5,0
BUYER_00060,2025-12-08,ADDR_002264,70.0,31,1
BUYER_00061,2025-04-25,ADDR_002728,70.0,14,0
BUYER_00062,2025-11-20,ADDR_001393,70.0,15,1
BUYER_00063,2025-03-06,ADDR_002822,70.0,1,0
BUYER_00064,2025-01-04,ADDR_003425,70.0,26,1
BUYER_00065,2025-07-20,ADDR_003513,70.0,8,0
BUYER_00066,2025-04-08,ADDR_003070,70.0,3,0
BUYER_00067,2025-11-12,ADDR_002273,70.0,10,0
BUYER_00068,2025-09-06,ADDR_003242,70.0,19,1
BUYER_00069,2025-09-10,ADDR_003577,70.0,3,0
BUYER_00070,2025-09-05,ADDR_001535,70.0,16,1
BUYER_00071,2025-09-07,ADDR_001666,70.0,6,0
BUYER_00072,2025-09-30,ADDR_000500,70.0,5,0
BUYER_00073,2025-09-04,ADDR_003280,70.0,6,0
BUYER_00074,2025-10-28,ADDR_002455,70.0,4,0
BUYER_00075,2025-07-29,ADDR_001302,70.0,9,0
BUYER_00076,2025-05-18,ADDR_004504,70.0,9,0
BUYER_00077,2025-06-28,ADDR_002681,70.0,16,0
BUYER_00078,2025-06-19,ADDR_002677,70.0,20,9
BUYER_00079,2025-05-12,ADDR_002316,70.0,6,1
BUYER_00080,2025-06-10,ADDR_003762,70.0,16,1
BUYER_00081,2025-05-30,ADDR_001495,70.0,4,0
BUYER_00082,2025-02-19,ADDR_004639,70.0,12,4
BUYER_00083,2025-10-27,ADDR_000308,70.0,4,1
BUYER_00084,2025-10-03,ADDR_000061,70.0,5,2
BUYER_00085,2025-05-14,ADDR_002525,70.0,12,0
BUYER_00086,2025-12-03,ADDR_004253,70.0,5,0
BUYER_00087,2025-12-04,ADDR_001399,70.0,11,0
BUYER_00088,2025-11-05,ADDR_003360,70.0,3,0
BUYER_00089,2025-01-15,ADDR_001929,70.0,5,2
BUYER_00090,2025-05-26,ADDR_000107,70.0,11,6
BUYER_00091,2025-06-25,ADDR_001834,70.0,22,8
BUYER_00092,2025-09-20,ADDR_003200,70.0,4,0
BUYER_00093,2025-08-24,ADDR_003137,70.0,23,1
BUYER_00094,2025-09-07,ADDR_004201,70.0,9,0
BUYER_00095,2025-10-06,ADDR_004887,70.0,36,2
BUYER_00096,2025-12-04,ADDR_000269,70.0,6,0
BUYER_00097,2025-07-27,ADDR_004247,70.0,5,0
BUYER_00098,2025-11-20,ADDR_001908,70.0,10,0
BUYER_00099,2025-10-22,ADDR_004826,70.0,4,1
BUYER_00100,2025-05-14,ADDR_000423,70.0,8,0
BUYER_00101,2025-10-22,ADDR_004707,70.0,7,0
BUYER_00102,2025-02-21,ADDR_000335,70.0,19,0
BUYER_00103,2025-03-09,ADDR_000366,70.0,10,0
BUYER_00104,2025-12-18,ADDR_004878,70.0,3,0
BUYER_00105,2025-06-15,ADDR_001395,70.0,3,0
BUYER_00106,2025-06-26,ADDR_000542,70.0,4,0
BUYER_00107,2025-12-05,ADDR_001470,70.0,2,0
BUYER_00108,2025-05-22,ADDR_000776,70.0,2,0
BUYER_00109,2025-04-07,ADDR_002602,70.0,33,1
BUYER_00110,2025-02-05,ADDR_000670,70.0,4,1
BUYER_00111,2025-07-17,ADDR_004190,70.0,19,0
BUYER_00112,2025-03-25,ADDR_002236,70.0,5,2
BUYER_00113,2025-01-31,ADDR_001934,70.0,6,0
BUYER_00114,2025-10-21,ADDR_001089,70.0,2,0
BUYER_00115,2025-05-11,ADDR_002994,70.0,18,2
BUYER_00116,2025-08-05,ADDR_001274,70.0,6,2
BUYER_00117,2025-02-16,ADDR_004410,70.0,24,0
BUYER_00118,2025-07-11,ADDR_000200,70.0,5,0
BUYER_00119,2025-08-23,ADDR_003536,70.0,19,1
BUYER_00120,2025-06-22,ADDR_004626,70.0,22,9
BUYER_00121,2025-05-14,ADDR_002180,70.0,3,0
BUYER_00122,2025-05-04,ADDR_003305,70.0,11,0
BUYER_00123,2025-02-18,ADDR_000741,70.0,4,1
BUYER_00124,2025-02-20,ADDR_004349,70.0,4,0
BUYER_00125,2025-07-08,ADDR_004744,70.0,8,1
BUYER_00126,2025-03-01,ADDR_002457,70.0,14,0
BUYER_00127,2025-04-02,ADDR_003426,70.0,20,0
BUYER_00128,2025-03-11,ADDR_003752,70.0,6,0
BUYER_00129,2025-10-18,ADDR_001753,70.0,15,1
BUYER_00130,2025-06-22,ADDR_000019,70.0,11,1
BUYER_00131,2025-07-27,ADDR_000636,70.0,8,0
BUYER_00132,2025-08-06,ADDR_004439,70.0,4,0
BUYER_00133,2025-06-03,ADDR_003954,70.0,8,0
BUYER_00134,2025-04-30,ADDR_000469,70.0,87,25
BUYER_00135,2025-05-30,ADDR_003969,70.0,4,0
BUYER_00136,2025-07-21,ADDR_004371,70.0,7,0
BUYER_00137,2025-05-21,ADDR_002687,70.0,4,0
BUYER_00138,2025-03-01,ADDR_002233,70.0,20,1
BUYER_00139,2025-11-23,ADDR_004949,70.0,27,2
BUYER_00140,2025-09-25,ADDR_004316,70.0,19,1
BUYER_00141,2025-01-31,ADDR_001912,70.0,30,6
BUYER_00142,2025-11-20,ADDR_004468,70.0,7,0
BUYER_00143,2025-03-14,ADDR_004663,70.0,25,3
BUYER_00144,2025-02-13,ADDR_004561,70.0,4,0
BUYER_00145,2025-03-15,ADDR_003119,70.0,23,9
BUYER_00146,2025-11-29,ADDR_003209,70.0,22,1
BUYER_00147,2025-04-02,ADDR_003645,70.0,5,0
BUYER_00148,2025-10-13,ADDR_001430,70.0,15,2
BUYER_00149,2025-08-26,ADDR_004539,70.0,4,0
BUYER_00150,2025-07-15,ADDR_001455,70.0,3,1
BUYER_00151,2025-05-24,ADDR_004114,70.0,3,0
BUYER_00152,2025-02-11,ADDR_004059,70.0,4,0
BUYER_00153,2025-09-18,ADDR_001500,70.0,3,1
BUYER_00154,2025-06-03,ADDR_003997,70.0,7,2
BUYER_00155,2025-07-21,ADDR_002510,70.0,26,1
BUYER_00156,2025-01-25,ADDR_002458,70.0,6,0
BUYER_00157,2025-10-09,ADDR_002671,70.0,4,0
BUYER_00158,2025-09-12,ADDR_002521,70.0,12,2
BUYER_00159,2025-07-19,ADDR_000221,70.0,6,0
BUYER_00160,2025-07-08,ADDR_002675,70.0,8,2
BUYER_00161,2025-05-14,ADDR_003335,70.0,10,0
BUYER_00162,2025-05-15,ADDR_003447,70.0,10,1
BUYER_00163,2025-02-01,ADDR_002473,70.0,5,0
BUYER_00164,2025-09-10,ADDR_002481,70.0,6,0
BUYER_00165,2025-01-22,ADDR_002656,70.0,15,0
BUYER_00166,2025-01-01,ADDR_004599,70.0,6,0
BUYER_00167,2025-01-16,ADDR_002037,70.0,6,0
BUYER_00168,2025-03-26,ADDR_001110,70.0,9,2
BUYER_00169,2025-08-02,ADDR_000317,70.0,10,0
BUYER_00170,2025-09-08,ADDR_004310,70.0,6,0
BUYER_00171,2025-06-12,ADDR_000892,70.0,11,2
BUYER_00172,2025-06-08,ADDR_002064,70.0,8,0
BUYER_00173,2025-08-04,ADDR_003744,70.0,3,0
BUYER_00174,2025-08-11,ADDR_000883,70.0,12,1
BUYER_00175,2025-11-01,ADDR_001159,70.0,4,0
BUYER_00176,2025-10-23,ADDR_003144,70.0,65,2
BUYER_00177,2025-10-25,ADDR_003107,70.0,9,1
BUYER_00178,2025-10-31,ADDR_001204,70.0,6,1
BUYER_00179,2025-11-12,ADDR_002876,70.0,14,0
BUYER_00180,2025-07-28,ADDR_003485,70.0,21,2
BUYER_00181,2025-08-10,ADDR_004150,70.0,22,0
BUYER_00182,2025-09-23,ADDR_002194,70.0,9,0
BUYER_00183,2025-03-24,ADDR_001388,70.0,16,1
BUYER_00184,2025-05-22,ADDR_001535,70.0,13,0
BUYER_00185,2025-11-23,ADDR_002188,70.0,8,0
BUYER_00186,2025-07-17,ADDR_004208,70.0,3,0
BUYER_00187,2025-01-25,ADDR_004356,70.0,8,0
BUYER_00188,2025-06-07,ADDR_000830,70.0,1,0
BUYER_00189,2025-03-10,ADDR_004659,70.0,4,0
BUYER_00190,2025-05-20,ADDR_004041,70.0,20,2
BUYER_00191,2025-07-24,ADDR_001914,70.0,9,0
BUYER_00192,2025-07-11,ADDR_000786,70.0,7,0
BUYER_00193,2025-07-06,ADDR_000228,70.0,4,0
BUYER_00194,2025-01-10,ADDR_002732,70.0,4,1
BUYER_00195,2025-06-20,ADDR_002974,70.0,5,1
BUYER_00196,2025-01-15,ADDR_003696,70.0,3,0
BUYER_00197,2025-06-06,ADDR_002067,70.0,2,1
BUYER_00198,2025-08-28,ADDR_003894,70.0,16,1
BUYER_00199,2025-02-24,ADDR_002436,70.0,23,1
BUYER_00200,2025-11-24,ADDR_002383,70.0,5,0
BUYER_00201,2025-08-22,ADDR_002187,70.0,13,6
BUYER_00202,2025-03-31,ADDR_001025,70.0,3,0
BUYER_00203,2025-06-03,ADDR_003240,70.0,10,3
BUYER_00204,2025-02-13,ADDR_004103,70.0,3,0
BUYER_00205,2025-01-12,ADDR_001506,70.0,14,0
BUYER_00206,2025-11-24,ADDR_002294,70.0,8,2
BUYER_00207,2025-09-06,ADDR_004418,70.0,3,0
BUYER_00208,2025-10-10,ADDR_001022,70.0,11,6
BUYER_00209,2025-08-19,ADDR_002085,70.0,24,1
BUYER_00210,2025-11-21,ADDR_001334,70.0,8,0
BUYER_00211,2025-11-17,ADDR_001691,70.0,7,0
BUYER_00212,2025-01-28,ADDR_002273,70.0,8,1
BUYER_00213,2025-03-21,ADDR_004568,70.0,8,1
BUYER_00214,2025-06-03,ADDR_000061,70.0,18,2
BUYER_00215,2025-05-15,ADDR_001772,70.0,19,5
BUYER_00216,2025-07-18,ADDR_004286,70.0,2,0
BUYER_00217,2025-04-18,ADDR_000411,70.0,18,6
BUYER_00218,2025-10-16,ADDR_002507,70.0,7,0
BUYER_00219,2025-01-05,ADDR_000768,70.0,25,1
BUYER_00220,2025-10-14,ADDR_002768,70.0,11,3
BUYER_00221,2025-06-02,ADDR_003535,70.0,15,7
BUYER_00222,2025-01-04,ADDR_003144,70.0,5,1
BUYER_00223,2025-11-01,ADDR_002783,70.0,3,0
BUYER_00224,2025-06-21,ADDR_003676,70.0,9,3
BUYER_00225,2025-09-22,ADDR_004498,70.0,15,3
BUYER_00226,2025-11-12,ADDR_003033,70.0,13,0
BUYER_00227,2025-01-18,ADDR_000405,70.0,13,5
BUYER_00228,2025-04-17,ADDR_000105,70.0,9,0
BUYER_00229,2025-02-22,ADDR_000812,70.0,13,3
BUYER_00230,2025-02-13,ADDR_002672,70.0,4,0
BUYER_00231,2025-12-03,ADDR_001961,70.0,7,0
BUYER_00232,2025-10-19,ADDR_001812,70.0,3,0
BUYER_00233,2025-05-23,ADDR_002217,70.0,7,0
BUYER_00234,2025-09-10,ADDR_004897,70.0,6,0
BUYER_00235,2025-11-25,ADDR_001864,70.0,8,0
BUYER_00236,2025-04-01,ADDR_002198,70.0,16,1
BUYER_00237,2025-01-08,ADDR_002488,70.0,8,0
BUYER_00238,2025-10-25,ADDR_003832,70.0,1,0
BUYER_00239,2025-09-22,ADDR_003631,70.0,20,4
BUYER_00240,2025-03-10,ADDR_004847,70.0,8,4
BUYER_00241,2025-07-06,ADDR_003146,70.0,13,0
BUYER_00242,2025-03-10,ADDR_004721,70.0,4,0
BUYER_00243,2025-08-13,ADDR_003025,70.0,14,1
BUYER_00244,2025-08-28,ADDR_002664,70.0,22,1
BUYER_00245,2025-04-22,ADDR_002761,70.0,2,0
BUYER_00246,2025-10-11,ADDR_002376,70.0,18,1
BUYER_00247,2025-06-30,ADDR_000994,70.0,4,0
BUYER_00248,2025-09-16,ADDR_001813,70.0,4,0
BUYER_00249,2025-08-25,ADDR_002992,70.0,8,1
BUYER_00250,2025-06-22,ADDR_003000,70.0,33,7
BUYER_00251,2025-04-28,ADDR_000784,70.0,2,0
BUYER_00252,2025-03-26,ADDR_003977,70.0,5,0
BUYER_00253,2025-09-29,ADDR_003528,70.0,8,1
BUYER_00254,2025-08-26,ADDR_002599,70.0,12,2
BUYER_00255,2025-04-23,ADDR_002238,70.0,7,1
BUYER_00256,2025-12-10,ADDR_002760,70.0,10,0
BUYER_00257,2025-10-20,ADDR_002878,70.0,4,1
BUYER_00258,2025-02-25,ADDR_001292,70.0,13,1
BUYER_00259,2025-03-11,ADDR_004270,70.0,16,3
BUYER_00260,2025-07-24,ADDR_000783,70.0,4,1
BUYER_00261,2025-02-15,ADDR_001846,70.0,4,0
BUYER_00262,2025-12-09,ADDR_001968,70.0,10,0
BUYER_00263,2025-08-25,ADDR_000493,70.0,10,1
BUYER_00264,2025-01-31,ADDR_000440,70.0,11,3
BUYER_00265,2025-06-20,ADDR_004412,70.0,3,0
BUYER_00266,2025-04-02,ADDR_003833,70.0,6,0
BUYER_00267,2025-07-06,ADDR_003984,70.0,5,1
BUYER_00268,2025-04-11,ADDR_004840,70.0,20,3
BUYER_00269,2025-10-27,ADDR_002012,70.0,7,0
BUYER_00270,2025-09-21,ADDR_003489,70.0,5,0
BUYER_00271,2025-11-21,ADDR_001465,70.0,4,1
BUYER_00272,2025-03-24,ADDR_000328,70.0,8,1
BUYER_00273,2025-05-31,ADDR_002079,70.0,18,0
BUYER_00274,2025-10-19,ADDR_002963,70.0,3,0
BUYER_00275,2025-05-27,ADDR_000314,70.0,8,1
BUYER_00276,2025-05-28,ADDR_000853,70.0,11,0
BUYER_00277,2025-12-16,ADDR_004174,70.0,31,6
BUYER_00278,2025-10-08,ADDR_003126,70.0,12,6
BUYER_00279,2025-11-06,ADDR_003564,70.0,20,0
BUYER_00280,2025-06-07,ADDR_001118,70.0,8,0
BUYER_00281,2025-08-07,ADDR_002540,70.0,3,0
BUYER_00282,2025-06-22,ADDR_002865,70.0,3,0
BUYER_00283,2025-06-22,ADDR_003781,70.0,5,2
BUYER_00284,2025-02-25,ADDR_003831,70.0,8,6
BUYER_00285,2025-10-31,ADDR_004196,70.0,6,0
BUYER_00286,2025-06-01,ADDR_003486,70.0,5,0
BUYER_00287,2025-08-06,ADDR_000287,70.0,27,3
BUYER_00288,2025-11-05,ADDR_001734,70.0,1,0
BUYER_00289,2025-10-08,ADDR_002931,70.0,4,3
BUYER_00290,2025-03-24,ADDR_002202,70.0,41,3
BUYER_00291,2025-08-18,ADDR_000214,70.0,9,0
BUYER_00292,2025-07-08,ADDR_001324,70.0,5,1
BUYER_00293,2025-04-16,ADDR_001525,70.0,3,0
BUYER_00294,2025-01-20,ADDR_000178,70.0,13,0
BUYER_00295,2025-08-22,ADDR_003773,70.0,13,1
BUYER_00296,2025-10-11,ADDR_001870,70.0,14,0
BUYER_00297,2025-12-02,ADDR_000298,70.0,3,0
BUYER_00298,2025-05-20,ADDR_004308,70.0,8,0
BUYER_00299,2025-06-04,ADDR_004374,70.0,7,0
BUYER_00300,2025-03-11,ADDR_004495,70.0,10,1
BUYER_00301,2025-12-16,ADDR_002466,70.0,2,0
BUYER_00302,2025-11-02,ADDR_001200,70.0,12,0
BUYER_00303,2025-12-07,ADDR_000416,70.0,23,0
BUYER_00304,2025-07-08,ADDR_003804,70.0,2,0
BUYER_00305,2025-03-28,ADDR_000627,70.0,14,0
BUYER_00306,2025-08-03,ADDR_001194,70.0,25,0
BUYER_00307,2025-05-26,ADDR_001209,70.0,14,1
BUYER_00308,2025-05-17,ADDR_001353,70.0,7,0
BUYER_00309,2025-02-07,ADDR_001842,70.0,8,0
BUYER_00310,2025-02-03,ADDR_002437,70.0,5,0
BUYER_00311,2025-05-28,ADDR_002606,70.0,9,3
BUYER_00312,2025-11-27,ADDR_000350,70.0,4,0
BUYER_00313,2025-09-22,ADDR_004918,70.0,8,0
BUYER_00314,2025-10-04,ADDR_003346,70.0,4,0
BUYER_00315,2025-04-06,ADDR_000804,70.0,3,0
BUYER_00316,2025-09-26,ADDR_000565,70.0,22,2
BUYER_00317,2025-06-07,ADDR_000935,70.0,2,0
BUYER_00318,2025-01-28,ADDR_004199,70.0,27,0
BUYER_00319,2025-06-03,ADDR_000856,70.0,2,0
BUYER_00320,2025-02-26,ADDR_004870,70.0,15,0
BUYER_00321,2025-11-04,ADDR_003736,70.0,9,0
BUYER_00322,2025-10-30,ADDR_004103,70.0,2,0
BUYER_00323,2025-04-26,ADDR_001730,70.0,5,0
BUYER_00324,2025-08-16,ADDR_000773,70.0,4,0
BUYER_00325,2025-05-23,ADDR_000825,70.0,4,0
BUYER_00326,2025-03-07,ADDR_004245,70.0,14,1
BUYER_00327,2025-08-29,ADDR_000976,70.0,3,0
BUYER_00328,2025-10-04,ADDR_002025,70.0,2,0
BUYER_00329,2025-10-09,ADDR_003472,70.0,17,0
BUYER_00330,2025-03-05,ADDR_001763,70.0,10,0
BUYER_00331,2025-07-13,ADDR_001828,70.0,8,0
BUYER_00332,2025-01-13,ADDR_003709,70.0,6,0
BUYER_00333,2025-02-10,ADDR_004078,70.0,13,3
BUYER_00334,2025-02-06,ADDR_002312,70.0,10,0
BUYER_00335,2025-01-27,ADDR_004831,70.0,7,1
BUYER_00336,2025-05-12,ADDR_002235,70.0,5,0
BUYER_00337,2025-05-21,ADDR_000865,70.0,17,0
BUYER_00338,2025-09-14,ADDR_000061,70.0,22,1
BUYER_00339,2025-05-11,ADDR_001150,70.0,11,0
BUYER_00340,2025-03-02,ADDR_000121,70.0,65,4
BUYER_00341,2025-12-04,ADDR_000170,70.0,9,0
BUYER_00342,2025-11-11,ADDR_001180,70.0,9,1
BUYER_00343,2025-02-24,ADDR_001453,70.0,23,1
BUYER_00344,2025-05-23,ADDR_000916,70.0,10,1
BUYER_00345,2025-03-13,ADDR_003449,70.0,9,2
BUYER_00346,2025-12-07,ADDR_004532,70.0,6,1
BUYER_00347,2025-05-20,ADDR_002293,70.0,11,1
BUYER_00348,2025-02-13,ADDR_003004,70.0,2,1
BUYER_00349,2025-09-23,ADDR_002776,70.0,5,0
BUYER_00350,2025-09-18,ADDR_003958,70.0,4,0
BUYER_00351,2025-04-09,ADDR_001257,70.0,2,1
BUYER_00352,2025-05-08,ADDR_003676,70.0,17,1
BUYER_00353,2025-06-10,ADDR_001836,70.0,6,0
BUYER_00354,2025-04-19,ADDR_002204,70.0,4,1
BUYER_00355,2025-04-26,ADDR_001583,70.0,10,1
BUYER_00356,2025-10-18,ADDR_004934,70.0,3,0
BUYER_00357,2025-10-01,ADDR_004081,70.0,15,0
BUYER_00358,2025-09-12,ADDR_002291,70.0,21,1
BUYER_00359,2025-09-10,ADDR_003679,70.0,3,0
BUYER_00360,2025-07-17,ADDR_004532,70.0,18,0
BUYER_00361,2025-05-18,ADDR_001405,70.0,9,1
BUYER_00362,2025-09-21,ADDR_001614,70.0,17,2
BUYER_00363,2025-02-21,ADDR_003479,70.0,9,0
BUYER_00364,2025-03-02,ADDR_001404,70.0,4,0
BUYER_00365,2025-02-24,ADDR_000464,70.0,2,0
BUYER_00366,2025-09-25,ADDR_002946,70.0,4,0
BUYER_00367,2025-08-09,ADDR_001002,70.0,5,0
BUYER_00368,2025-06-22,ADDR_002904,70.0,16,2
BUYER_00369,2025-07-01,ADDR_000526,70.0,12,1
BUYER_00370,2025-10-26,ADDR_002368,70.0,10,2
BUYER_00371,2025-02-23,ADDR_001179,70.0,22,1
BUYER_00372,2025-05-30,ADDR_002616,70.0,2,1
BUYER_00373,2025-10-04,ADDR_001119,70.0,3,0
BUYER_00374,2025-08-31,ADDR_001243,70.0,3,0
BUYER_00375,2025-06-17,ADDR_004457,70.0,8,1
BUYER_00376,2025-04-03,ADDR_004860,70.0,2,0
BUYER_00377,2025-12-03,ADDR_001620,70.0,5,0
BUYER_00378,2025-06-07,ADDR_003195,70.0,20,0
BUYER_00379,2025-11-11,ADDR_001758,70.0,16,3
BUYER_00380,2025-10-10,ADDR_000842,70.0,23,1
BUYER_00381,2025-11-06,ADDR_000493,70.0,5,0
BUYER_00382,2025-01-10,ADDR_004408,70.0,4,2
BUYER_00383,2025-07-01,ADDR_000326,70.0,9,2
BUYER_00384,2025-04-16,ADDR_002435,70.0,4,1
BUYER_00385,2025-04-21,ADDR_001085,70.0,7,0
BUYER_00386,2025-04-19,ADDR_003763,70.0,7,0
BUYER_00387,2025-06-01,ADDR_000666,70.0,11,0
BUYER_00388,2025-06-08,ADDR_002855,70.0,22,1
BUYER_00389,2025-08-23,ADDR_001705,70.0,21,1
BUYER_00390,2025-04-30,ADDR_002578,70.0,15,1
BUYER_00391,2025-04-20,ADDR_000920,70.0,7,1
BUYER_00392,2025-05-22,ADDR_000578,70.0,12,0
BUYER_00393,2025-09-10,ADDR_000881,70.0,6,1
BUYER_00394,2025-01-01,ADDR_002853,70.0,4,0
BUYER_00395,2025-09-30,ADDR_003205,70.0,3,0
BUYER_00396,2025-05-14,ADDR_004477,70.0,5,1
BUYER_00397,2025-08-04,ADDR_004663,70.0,11,0
BUYER_00398,2025-10-05,ADDR_003725,70.0,13,1
BUYER_00399,2025-07-13,ADDR_000061,70.0,8,1
BUYER_00400,2025-08-28,ADDR_003482,70.0,12,4
BUYER_00401,2025-11-25,ADDR_003492,70.0,5,3
BUYER_00402,2025-01-16,ADDR_003495,70.0,26,6
BUYER_00403,2025-05-18,ADDR_003263,70.0,9,1
BUYER_00404,2025-11-27,ADDR_003403,70.0,6,0
BUYER_00405,2025-10-29,ADDR_002896,70.0,13,0
BUYER_00406,2025-08-18,ADDR_003066,70.0,7,0
BUYER_00407,2025-04-05,ADDR_003426,70.0,10,0
BUYER_00408,2025-05-11,ADDR_000215,70.0,23,11
BUYER_00409,2025-11-05,ADDR_002518,70.0,4,0
BUYER_00410,2025-09-14,ADDR_000632,70.0,6,0
BUYER_00411,2025-04-25,ADDR_004588,70.0,7,0
BUYER_00412,2025-02-27,ADDR_004899,70.0,8,0
BUYER_00413,2025-10-11,ADDR_000783,70.0,30,1
BUYER_00414,2025-08-04,ADDR_004413,70.0,15,3
BUYER_00415,2025-12-09,ADDR_002344,70.0,20,1
BUYER_00416,2025-06-07,ADDR_003328,70.0,1,0
BUYER_00417,2025-05-18,ADDR_003232,70.0,11,1
BUYER_00418,2025-04-27,ADDR_000582,70.0,10,1
BUYER_00419,2025-07-03,ADDR_004498,70.0,12,2
BUYER_00420,2025-05-08,ADDR_004445,70.0,8,0
BUYER_00421,2025-02-03,ADDR_002412,70.0,5,1
BUYER_00422,2025-05-05,ADDR_003043,70.0,13,0
BUYER_00423,2025-04-01,ADDR_004836,70.0,7,1
BUYER_00424,2025-10-22,ADDR_003204,70.0,8,1
BUYER_00425,2025-04-07,ADDR_003249,70.0,5,0
BUYER_00426,2025-06-25,ADDR_004339,70.0,7,0
BUYER_00427,2025-09-05,ADDR_003461,70.0,12,2
BUYER_00428,2025-03-05,ADDR_000707,70.0,14,1
BUYER_00429,2025-07-20,ADDR_004478,70.0,8,0
BUYER_00430,2025-11-01,ADDR_004453,70.0,9,0
BUYER_00431,2025-08-07,ADDR_003632,70.0,7,0
BUYER_00432,2025-07-03,ADDR_000754,70.0,15,0
BUYER_00433,2025-10-30,ADDR_002587,70.0,6,2
BUYER_00434,2025-12-04,ADDR_000267,70.0,7,0
BUYER_00435,2025-10-24,ADDR_003824,70.0,9,0
BUYER_00436,2025-06-08,ADDR_004738,70.0,6,1
BUYER_00437,2025-08-16,ADDR_000176,70.0,10,1
BUYER_00438,2025-07-18,ADDR_000539,70.0,26,0
BUYER_00439,2025-05-01,ADDR_004617,70.0,7,0
BUYER_00440,2025-06-17,ADDR_003958,70.0,23,1
BUYER_00441,2025-10-27,ADDR_004074,70.0,16,7
BUYER_00442,2025-04-30,ADDR_001032,70.0,9,1
BUYER_00443,2025-11-15,ADDR_003156,70.0,13,0
BUYER_00444,2025-12-18,ADDR_004102,70.0,23,0
BUYER_00445,2025-05-03,ADDR_000340,70.0,4,0
BUYER_00446,2025-02-23,ADDR_001404,70.0,13,0
BUYER_00447,2025-12-07,ADDR_001459,70.0,20,1
BUYER_00448,2025-03-14,ADDR_002680,70.0,5,2
BUYER_00449,2025-10-08,ADDR_001255,70.0,21,0
BUYER_00450,2025-01-20,ADDR_001692,70.0,13,0
BUYER_00451,2025-04-07,ADDR_001272,70.0,5,1
BUYER_00452,2025-04-16,ADDR_000314,70.0,11,1
BUYER_00453,2025-04-29,ADDR_003326,70.0,3,0
BUYER_00454,2025-11-25,ADDR_003161,70.0,3,0
BUYER_00455,2025-03-15,ADDR_004336,70.0,3,0
BUYER_00456,2025-03-15,ADDR_002851,70.0,10,0
BUYER_00457,2025-09-12,ADDR_004109,70.0,6,1
BUYER_00458,2025-12-05,ADDR_001778,70.0,5,0
BUYER_00459,2025-06-01,ADDR_001924,70.0,6,0
BUYER_00460,2025-10-08,ADDR_002041,70.0,8,1
BUYER_00461,2025-01-16,ADDR_002748,70.0,6,1
BUYER_00462,2025-10-25,ADDR_002338,70.0,6,0
BUYER_00463,2025-09-22,ADDR_004269,70.0,9,0
BUYER_00464,2025-11-17,ADDR_001587,70.0,4,0
BUYER_00465,2025-08-25,ADDR_003392,70.0,5,0
BUYER_00466,2025-12-02,ADDR_000153,70.0,18,4
BUYER_00467,2025-06-01,ADDR_001967,70.0,10,0
BUYER_00468,2025-09-25,ADDR_004251,70.0,2,0
BUYER_00469,2025-09-23,ADDR_003384,70.0,24,6
BUYER_00470,2025-04-19,ADDR_002407,70.0,4,1
BUYER_00471,2025-11-25,ADDR_002019,70.0,25,4
BUYER_00472,2025-10-10,ADDR_000133,70.0,8,4
BUYER_00473,2025-11-08,ADDR_000768,70.0,16,3
BUYER_00474,2025-05-23,ADDR_001265,70.0,2,1
BUYER_00475,2025-10-30,ADDR_003063,70.0,5,0
BUYER_00476,2025-05-06,ADDR_001628,70.0,5,0
BUYER_00477,2025-12-09,ADDR_003455,70.0,5,0
BUYER_00478,2025-01-13,ADDR_004905,70.0,5,0
BUYER_00479,2025-08-18,ADDR_001729,70.0,5,0
BUYER_00480,2025-02-19,ADDR_001946,70.0,7,0
BUYER_00481,2025-09-20,ADDR_000597,70.0,5,1
BUYER_00482,2025-05-23,ADDR_001704,70.0,7,0
BUYER_00483,2025-11-09,ADDR_004228,70.0,10,0
BUYER_00484,2025-11-10,ADDR_001759,70.0,2,1
BUYER_00485,2025-05-24,ADDR_002885,70.0,7,0
BUYER_00486,2025-10-20,ADDR_000406,70.0,4,0
BUYER_00487,2025-09-08,ADDR_000298,70.0,7,1
BUYER_00488,2025-06-14,ADDR_001390,70.0,12,0
BUYER_00489,2025-05-16,ADDR_000085,70.0,3,0
BUYER_00490,2025-03-29,ADDR_003775,70.0,6,1
BUYER_00491,2025-01-30,ADDR_003167,70.0,15,2
BUYER_00492,2025-07-15,ADDR_002250,70.0,16,1
BUYER_00493,2025-07-23,ADDR_004028,70.0,5,4
BUYER_00494,2025-06-20,ADDR_000660,70.0,14,3
BUYER_00495,2025-12-05,ADDR_002476,70.0,10,4
BUYER_00496,2025-01-08,ADDR_001675,70.0,8,0
BUYER_00497,2025-11-02,ADDR_000116,70.0,5,1
BUYER_00498,2025-10-17,ADDR_002368,70.0,9,1
BUYER_00499,2025-10-04,ADDR_000716,70.0,12,1
BUYER_00500,2025-07-18,ADDR_000226,70.0,5,1
BUYER_00501,2025-03-21,ADDR_001045,70.0,11,0
BUYER_00502,2025-11-06,ADDR_000963,70.0,3,0
BUYER_00503,2025-09-29,ADDR_003107,70.0,3,0
BUYER_00504,2025-10-28,ADDR_003925,70.0,11,0
BUYER_00505,2025-04-07,ADDR_002405,70.0,7,0
BUYER_00506,2025-07-28,ADDR_003173,70.0,4,0
BUYER_00507,2025-06-10,ADDR_000505,70.0,10,2
BUYER_00508,2025-08-25,ADDR_004268,70.0,13,3
BUYER_00509,2025-10-02,ADDR_002483,70.0,8,1
BUYER_00510,2025-03-15,ADDR_000909,70.0,22,1
BUYER_00511,2025-03-15,ADDR_004303,70.0,5,0
BUYER_00512,2025-01-22,ADDR_001553,70.0,5,1
BUYER_00513,2025-03-08,ADDR_002173,70.0,15,0
BUYER_00514,2025-04-09,ADDR_004583,70.0,4,0
BUYER_00515,2025-02-03,ADDR_000741,70.0,13,6
BUYER_00516,2025-05-20,ADDR_002583,70.0,3,0
BUYER_00517,2025-09-06,ADDR_003389,70.0,4,1
BUYER_00518,2025-10-15,ADDR_003465,70.0,7,1
BUYER_00519,2025-05-17,ADDR_004600,70.0,6,1
BUYER_00520,2025-02-08,ADDR_001702,70.0,22,3
BUYER_00521,2025-10-04,ADDR_000573,70.0,4,0
BUYER_00522,2025-06-02,ADDR_001975,70.0,8,0
BUYER_00523,2025-04-13,ADDR_000774,70.0,9,3
BUYER_00524,2025-06-29,ADDR_003603,70.0,7,2
BUYER_00525,2025-12-11,ADDR_002805,70.0,17,2
BUYER_00526,2025-05-26,ADDR_003749,70.0,5,0
BUYER_00527,2025-12-08,ADDR_001682,70.0,5,0
BUYER_00528,2025-04-13,ADDR_000087,70.0,4,0
BUYER_00529,2025-02-16,ADDR_004433,70.0,14,2
BUYER_00530,2025-03-08,ADDR_004533,70.0,9,4
BUYER_00531,2025-10-09,ADDR_003528,70.0,9,2
BUYER_00532,2025-07-22,ADDR_003728,70.0,9,1
BUYER_00533,2025-08-06,ADDR_000728,70.0,4,0
BUYER_00534,2025-12-10,ADDR_004737,70.0,11,0
BUYER_00535,2025-07-11,ADDR_001985,70.0,10,0
BUYER_00536,2025-02-21,ADDR_004359,70.0,21,1
BUYER_00537,2025-09-20,ADDR_003179,70.0,10,0
BUYER_00538,2025-03-28,ADDR_004240,70.0,5,0
BUYER_00539,2025-08-06,ADDR_002443,70.0,6,0
BUYER_00540,2025-11-04,ADDR_002464,70.0,27,1
BUYER_00541,2025-07-01,ADDR_001269,70.0,3,0
BUYER_00542,2025-05-05,ADDR_004215,70.0,3,0
BUYER_00543,2025-08-04,ADDR_001547,70.0,9,2
BUYER_00544,2025-02-25,ADDR_004937,70.0,21,6
BUYER_00545,2025-05-03,ADDR_004447,70.0,8,1
BUYER_00546,2025-07-11,ADDR_003758,70.0,3,0
BUYER_00547,2025-04-14,ADDR_001851,70.0,35,4
BUYER_00548,2025-01-20,ADDR_003830,70.0,5,0
BUYER_00549,2025-08-07,ADDR_001856,70.0,14,1
BUYER_00550,2025-06-05,ADDR_000176,70.0,21,2
BUYER_00551,2025-06-01,ADDR_004631,70.0,8,1
BUYER_00552,2025-12-19,ADDR_001128,70.0,12,3
BUYER_00553,2025-02-19,ADDR_001895,70.0,22,1
BUYER_00554,2025-03-07,ADDR_003338,70.0,3,0
BUYER_00555,2025-11-11,ADDR_000177,70.0,13,0
BUYER_00556,2025-02-26,ADDR_003394,70.0,18,1
BUYER_00557,2025-11-24,ADDR_000502,70.0,19,1
BUYER_00558,2025-09-05,ADDR_002096,70.0,6,0
BUYER_00559,2025-07-19,ADDR_003419,70.0,11,1
BUYER_00560,2025-04-22,ADDR_001675,70.0,5,0
BUYER_00561,2025-05-21,ADDR_003465,70.0,5,0
BUYER_00562,2025-10-26,ADDR_001554,70.0,4,0
BUYER_00563,2025-01-28,ADDR_000569,70.0,12,1
BUYER_00564,2025-10-07,ADDR_000047,70.0,9,0
BUYER_00565,2025-10-26,ADDR_001085,70.0,17,1
BUYER_00566,2025-09-16,ADDR_003503,70.0,2,0
BUYER_00567,2025-01-26,ADDR_002791,70.0,4,0
BUYER_00568,2025-09-28,ADDR_001351,70.0,10,0
BUYER_00569,2025-09-22,ADDR_003639,70.0,26,2
BUYER_00570,2025-01-08,ADDR_001922,70.0,5,0
BUYER_00571,2025-11-16,ADDR_000776,70.0,2,1
BUYER_00572,2025-02-27,ADDR_003361,70.0,5,0
BUYER_00573,2025-12-08,ADDR_000176,70.0,7,0
BUYER_00574,2025-02-02,ADDR_003288,70.0,14,0
BUYER_00575,2025-04-08,ADDR_002782,70.0,17,0
BUYER_00576,2025-09-11,ADDR_004693,70.0,13,2
BUYER_00577,2025-03-01,ADDR_000246,70.0,7,0
BUYER_00578,2025-03-19,ADDR_000498,70.0,34,1
BUYER_00579,2025-01-07,ADDR_001107,70.0,5,0
BUYER_00580,2025-10-26,ADDR_001109,70.0,8,2
BUYER_00581,2025-01-19,ADDR_004548,70.0,12,1
BUYER_00582,2025-08-23,ADDR_003876,70.0,6,1
BUYER_00583,2025-08-06,ADDR_004355,70.0,7,1
BUYER_00584,2025-07-13,ADDR_002347,70.0,12,0
BUYER_00585,2025-05-27,ADDR_001596,70.0,4,0
BUYER_00586,2025-04-30,ADDR_001994,70.0,7,0
BUYER_00587,2025-12-07,ADDR_004296,70.0,7,0
BUYER_00588,2025-10-12,ADDR_001759,70.0,38,1
BUYER_00589,2025-11-26,ADDR_003131,70.0,14,1
BUYER_00590,2025-09-25,ADDR_000715,70.0,5,0
BUYER_00591,2025-10-27,ADDR_004859,70.0,14,4
BUYER_00592,2025-12-09,ADDR_001311,70.0,4,1
BUYER_00593,2025-06-23,ADDR_004782,70.0,11,0
BUYER_00594,2025-11-21,ADDR_001458,70.0,3,0
BUYER_00595,2025-01-21,ADDR_001618,70.0,13,1
BUYER_00596,2025-02-17,ADDR_001356,70.0,7,0
BUYER_00597,2025-07-06,ADDR_002527,70.0,3,0
BUYER_00598,2025-06-23,ADDR_001598,70.0,11,0
BUYER_00599,2025-06-18,ADDR_000704,70.0,15,2
BUYER_00600,2025-07-22,ADDR_002188,70.0,11,0
BUYER_00601,2025-07-22,ADDR_002625,70.0,9,0
BUYER_00602,2025-11-09,ADDR_000777,70.0,3,0
BUYER_00603,2025-05-17,ADDR_001971,70.0,14,1
BUYER_00604,2025-05-06,ADDR_000463,70.0,2,0
BUYER_00605,2025-09-15,ADDR_003195,70.0,6,0
BUYER_00606,2025-08-28,ADDR_000918,70.0,32,3
BUYER_00607,2025-10-27,ADDR_000442,70.0,3,0
BUYER_00608,2025-05-04,ADDR_002540,70.0,2,0
BUYER_00609,2025-01-04,ADDR_004132,70.0,4,3
BUYER_00610,2025-12-03,ADDR_004906,70.0,11,0
BUYER_00611,2025-01-22,ADDR_004787,70.0,8,0
BUYER_00612,2025-09-08,ADDR_000859,70.0,16,4
BUYER_00613,2025-05-08,ADDR_001036,70.0,8,0
BUYER_00614,2025-06-13,ADDR_000461,70.0,4,0
BUYER_00615,2025-10-29,ADDR_003132,70.0,15,0
BUYER_00616,2025-06-12,ADDR_000734,70.0,5,0
BUYER_00617,2025-03-04,ADDR_003969,70.0,13,2
BUYER_00618,2025-10-02,ADDR_000320,70.0,21,0
BUYER_00619,2025-01-11,ADDR_002744,70.0,11,1
BUYER_00620,2025-04-21,ADDR_002833,70.0,20,0
BUYER_00621,2025-07-22,ADDR_004630,70.0,4,0
BUYER_00622,2025-06-18,ADDR_002313,70.0,6,0
BUYER_00623,2025-08-19,ADDR_000124,70.0,9,3
BUYER_00624,2025-05-29,ADDR_003963,70.0,4,0
BUYER_00625,2025-06-01,ADDR_001339,70.0,20,0
BUYER_00626,2025-05-18,ADDR_000346,70.0,19,0
BUYER_00627,2025-11-14,ADDR_002334,70.0,11,1
BUYER_00628,2025-01-10,ADDR_003022,70.0,12,1
BUYER_00629,2025-12-01,ADDR_002414,70.0,8,0
BUYER_00630,2025-05-21,ADDR_003496,70.0,4,1
BUYER_00631,2025-05-23,ADDR_001255,70.0,5,0
BUYER_00632,2025-09-23,ADDR_000070,70.0,7,0
BUYER_00633,2025-06-01,ADDR_003895,70.0,10,2
BUYER_00634,2025-08-18,ADDR_004211,70.0,8,1
BUYER_00635,2025-11-20,ADDR_003057,70.0,10,0
BUYER_00636,2025-11-01,ADDR_001553,70.0,3,0
BUYER_00637,2025-07-14,ADDR_001833,70.0,5,0
BUYER_00638,2025-09-20,ADDR_002374,70.0,9,2
BUYER_00639,2025-06-02,ADDR_002087,70.0,16,3
BUYER_00640,2025-10-09,ADDR_001107,70.0,3,0
BUYER_00641,2025-03-13,ADDR_001839,70.0,10,0
BUYER_00642,2025-01-22,ADDR_001475,70.0,14,2
BUYER_00643,2025-07-23,ADDR_002217,70.0,8,0
BUYER_00644,2025-03-30,ADDR_001858,70.0,9,0
BUYER_00645,2025-09-24,ADDR_002614,70.0,6,2
BUYER_00646,2025-02-15,ADDR_003993,70.0,8,3
BUYER_00647,2025-01-05,ADDR_001638,70.0,6,2
BUYER_00648,2025-09-06,ADDR_004133,70.0,3,0
BUYER_00649,2025-07-09,ADDR_004049,70.0,21,1
BUYER_00650,2025-12-05,ADDR_001090,70.0,10,3
BUYER_00651,2025-04-11,ADDR_004595,70.0,6,3
BUYER_00652,2025-02-23,ADDR_002616,70.0,20,5
BUYER_00653,2025-01-12,ADDR_000337,70.0,7,1
BUYER_00654,2025-06-20,ADDR_002023,70.0,13,0
BUYER_00655,2025-02-14,ADDR_003521,70.0,3,0
BUYER_00656,2025-10-09,ADDR_003232,70.0,6,2
BUYER_00657,2025-02-03,ADDR_004606,70.0,17,1
BUYER_00658,2025-11-25,ADDR_000081,70.0,23,1
BUYER_00659,2025-07-23,ADDR_000950,70.0,30,1
BUYER_00660,2025-09-13,ADDR_001374,70.0,22,1
BUYER_00661,2025-02-26,ADDR_000939,70.0,28,4
BUYER_00662,2025-02-10,ADDR_004694,70.0,5,0
BUYER_00663,2025-05-19,ADDR_000359,70.0,3,0
BUYER_00664,2025-07-16,ADDR_000600,70.0,2,1
BUYER_00665,2025-08-04,ADDR_002188,70.0,9,1
BUYER_00666,2025-05-11,ADDR_001307,70.0,7,0
BUYER_00667,2025-04-20,ADDR_001639,70.0,24,0
BUYER_00668,2025-12-15,ADDR_001418,70.0,7,0
BUYER_00669,2025-04-20,ADDR_001837,70.0,26,5
BUYER_00670,2025-03-01,ADDR_004278,70.0,3,1
BUYER_00671,2025-05-21,ADDR_002232,70.0,28,1
BUYER_00672,2025-05-02,ADDR_004639,70.0,8,1
BUYER_00673,2025-06-12,ADDR_000941,70.0,22,1
BUYER_00674,2025-08-20,ADDR_000962,70.0,17,1
BUYER_00675,2025-08-13,ADDR_001936,70.0,5,0
BUYER_00676,2025-09-14,ADDR_000578,70.0,15,1
BUYER_00677,2025-03-08,ADDR_000143,70.0,6,0
BUYER_00678,2025-01-23,ADDR_001837,70.0,16,0
BUYER_00679,2025-10-14,ADDR_002660,70.0,13,0
BUYER_00680,2025-03-31,ADDR_001374,70.0,11,1
BUYER_00681,2025-05-06,ADDR_001341,70.0,8,1
BUYER_00682,2025-06-24,ADDR_000481,70.0,7,0
BUYER_00683,2025-09-20,ADDR_000556,70.0,9,2
BUYER_00684,2025-03-11,ADDR_004372,70.0,2,0
BUYER_00685,2025-11-19,ADDR_000325,70.0,17,4
BUYER_00686,2025-05-08,ADDR_003477,70.0,8,0
BUYER_00687,2025-12-15,ADDR_003536,70.0,10,0
BUYER_00688,2025-04-25,ADDR_001006,70.0,4,0
BUYER_00689,2025-09-23,ADDR_001224,70.0,10,0
BUYER_00690,2025-05-28,ADDR_001819,70.0,6,1
BUYER_00691,2025-10-29,ADDR_003261,70.0,25,8
BUYER_00692,2025-06-26,ADDR_003804,70.0,3,0
BUYER_00693,2025-11-09,ADDR_001812,70.0,20,1
BUYER_00694,2025-10-02,ADDR_001687,70.0,5,0
BUYER_00695,2025-08-07,ADDR_002474,70.0,11,0
BUYER_00696,2025-04-12,ADDR_004503,70.0,7,1
BUYER_00697,2025-04-16,ADDR_000658,70.0,4,0
BUYER_00698,2025-12-18,ADDR_004690,70.0,2,0
BUYER_00699,2025-11-27,ADDR_003042,70.0,14,0
BUYER_00700,2025-03-01,ADDR_002112,70.0,3,0
BUYER_00701,2025-03-26,ADDR_000354,70.0,6,0
BUYER_00702,2025-02-17,ADDR_000334,70.0,21,1
BUYER_00703,2025-03-25,ADDR_004044,70.0,21,1
BUYER_00704,2025-04-27,ADDR_001989,70.0,10,0
BUYER_00705,2025-10-29,ADDR_003769,70.0,3,0
BUYER_00706,2025-02-12,ADDR_004124,70.0,8,4
BUYER_00707,2025-11-13,ADDR_001990,70.0,9,1
BUYER_00708,2025-12-12,ADDR_004253,70.0,5,1
BUYER_00709,2025-04-24,ADDR_001332,70.0,21,2
BUYER_00710,2025-06-24,ADDR_003138,70.0,10,3
BUYER_00711,2025-07-19,ADDR_003512,70.0,10,1
BUYER_00712,2025-03-27,ADDR_001730,70.0,8,1
BUYER_00713,2025-09-25,ADDR_002807,70.0,3,0
BUYER_00714,2025-08-05,ADDR_002672,70.0,4,0
BUYER_00715,2025-02-19,ADDR_000718,70.0,4,0
BUYER_00716,2025-11-17,ADDR_002602,70.0,19,1
BUYER_00717,2025-05-01,ADDR_003757,70.0,9,0
BUYER_00718,2025-03-08,ADDR_004762,70.0,11,3
BUYER_00719,2025-12-15,ADDR_001653,70.0,11,1
BUYER_00720,2025-02-15,ADDR_002907,70.0,11,1
BUYER_00721,2025-01-29,ADDR_004424,70.0,27,0
BUYER_00722,2025-04-08,ADDR_004551,70.0,15,0
BUYER_00723,2025-05-07,ADDR_004105,70.0,10,1
BUYER_00724,2025-06-16,ADDR_001660,70.0,9,0
BUYER_00725,2025-09-09,ADDR_001365,70.0,23,7
BUYER_00726,2025-05-24,ADDR_000600,70.0,2,0
BUYER_00727,2025-07-29,ADDR_001263,70.0,21,1
BUYER_00728,2025-01-04,ADDR_003808,70.0,6,0
BUYER_00729,2025-05-30,ADDR_001969,70.0,12,2
BUYER_00730,2025-12-03,ADDR_001619,70.0,7,0
BUYER_00731,2025-10-09,ADDR_003982,70.0,9,1
BUYER_00732,2025-09-28,ADDR_001757,70.0,7,0
BUYER_00733,2025-05-02,ADDR_000646,70.0,1,0
BUYER_00734,2025-07-05,ADDR_003934,70.0,4,0
BUYER_00735,2025-11-01,ADDR_001564,70.0,5,1
BUYER_00736,2025-11-12,ADDR_003243,70.0,3,1
BUYER_00737,2025-09-18,ADDR_003262,70.0,2,0
BUYER_00738,2025-06-24,ADDR_000411,70.0,12,1
BUYER_00739,2025-02-03,ADDR_000165,70.0,4,1
BUYER_00740,2025-02-22,ADDR_004060,70.0,9,1
BUYER_00741,2025-01-01,ADDR_000276,70.0,18,1
BUYER_00742,2025-05-21,ADDR_001642,70.0,4,1
BUYER_00743,2025-01-13,ADDR_003772,70.0,7,1
BUYER_00744,2025-06-17,ADDR_000879,70.0,18,3
BUYER_00745,2025-08-11,ADDR_002585,70.0,6,0
BUYER_00746,2025-08-11,ADDR_000572,70.0,6,1
BUYER_00747,2025-07-28,ADDR_002760,70.0,2,0
BUYER_00748,2025-04-03,ADDR_003532,70.0,20,1
BUYER_00749,2025-07-16,ADDR_001231,70.0,7,0
BUYER_00750,2025-12-14,ADDR_001394,70.0,3,0
BUYER_00751,2025-06-20,ADDR_002632,70.0,14,0
BUYER_00752,2025-11-10,ADDR_003916,70.0,6,0
BUYER_00753,2025-05-29,ADDR_002697,70.0,7,0
BUYER_00754,2025-08-20,ADDR_003472,70.0,5,1
BUYER_00755,2025-07-03,ADDR_002048,70.0,13,1
BUYER_00756,2025-09-11,ADDR_003419,70.0,12,3
BUYER_00757,2025-11-18,ADDR_004773,70.0,6,0
BUYER_00758,2025-06-19,ADDR_004103,70.0,8,0
BUYER_00759,2025-10-03,ADDR_000243,70.0,23,1
BUYER_00760,2025-11-13,ADDR_001366,70.0,9,2
BUYER_00761,2025-10-14,ADDR_002053,70.0,6,0
BUYER_00762,2025-01-13,ADDR_000403,70.0,21,0
BUYER_00763,2025-01-01,ADDR_004244,70.0,5,0
BUYER_00764,2025-11-13,ADDR_000854,70.0,8,0
BUYER_00765,2025-09-24,ADDR_002737,70.0,3,0
BUYER_00766,2025-12-07,ADDR_001567,70.0,4,0
BUYER_00767,2025-04-28,ADDR_004628,70.0,5,1
BUYER_00768,2025-10-13,ADDR_001118,70.0,11,1
BUYER_00769,2025-10-18,ADDR_001919,70.0,16,7
BUYER_00770,2025-11-05,ADDR_003377,70.0,6,0
BUYER_00771,2025-09-12,ADDR_000775,70.0,13,1
BUYER_00772,2025-03-01,ADDR_000440,70.0,7,0
BUYER_00773,2025-09-08,ADDR_000460,70.0,13,6
BUYER_00774,2025-08-14,ADDR_003239,70.0,4,1
BUYER_00775,2025-05-12,ADDR_001618,70.0,9,0
BUYER_00776,2025-03-28,ADDR_004656,70.0,7,0
BUYER_00777,2025-11-14,ADDR_004552,70.0,9,1
BUYER_00778,2025-03-03,ADDR_002817,70.0,44,11
BUYER_00779,2025-06-12,ADDR_004648,70.0,10,3
BUYER_00780,2025-08-20,ADDR_000143,70.0,21,2
BUYER_00781,2025-12-12,ADDR_002788,70.0,17,0
BUYER_00782,2025-09-05,ADDR_002334,70.0,3,0
BUYER_00783,2025-05-02,ADDR_000585,70.0,10,0
BUYER_00784,2025-01-29,ADDR_002737,70.0,17,2
BUYER_00785,2025-05-07,ADDR_002260,70.0,3,0
BUYER_00786,2025-04-28,ADDR_003779,70.0,4,1
BUYER_00787,2025-10-23,ADDR_002067,70.0,87,5
BUYER_00788,2025-05-27,ADDR_002124,70.0,8,1
BUYER_00789,2025-02-13,ADDR_001143,70.0,6,0
BUYER_00790,2025-11-09,ADDR_002338,70.0,8,1
BUYER_00791,2025-01-10,ADDR_000376,70.0,4,0
BUYER_00792,2025-01-02,ADDR_002803,70.0,9,0
BUYER_00793,2025-07-01,ADDR_001888,70.0,9,0
BUYER_00794,2025-02-02,ADDR_004672,70.0,6,1
BUYER_00795,2025-03-16,ADDR_001840,70.0,21,4
BUYER_00796,2025-12-16,ADDR_004414,70.0,26,2
BUYER_00797,2025-11-01,ADDR_003484,70.0,16,0
BUYER_00798,2025-10-05,ADDR_004219,70.0,5,0
BUYER_00799,2025-09-05,ADDR_001951,70.0,5,0
BUYER_00800,2025-01-23,ADDR_001948,70.0,3,0
BUYER_00801,2025-10-29,ADDR_000065,70.0,10,0
BUYER_00802,2025-06-29,ADDR_003376,70.0,6,0
BUYER_00803,2025-02-13,ADDR_000099,70.0,5,0
BUYER_00804,2025-05-01,ADDR_004813,70.0,5,0
BUYER_00805,2025-07-10,ADDR_000950,70.0,9,1
BUYER_00806,2025-01-08,ADDR_003216,70.0,9,1
BUYER_00807,2025-04-13,ADDR_003270,70.0,4,0
BUYER_00808,2025-05-13,ADDR_004918,70.0,23,2
BUYER_00809,2025-06-27,ADDR_000793,70.0,9,0
BUYER_00810,2025-01-02,ADDR_001914,70.0,3,0
BUYER_00811,2025-07-31,ADDR_000916,70.0,14,0
BUYER_00812,2025-03-24,ADDR_002902,70.0,4,0
BUYER_00813,2025-08-11,ADDR_003279,70.0,28,2
BUYER_00814,2025-04-08,ADDR_002504,70.0,20,1
BUYER_00815,2025-06-06,ADDR_000762,70.0,12,1
BUYER_00816,2025-08-20,ADDR_004855,70.0,41,1
BUYER_00817,2025-08-31,ADDR_001423,70.0,4,0
BUYER_00818,2025-01-16,ADDR_001908,70.0,10,1
BUYER_00819,2025-07-21,ADDR_004819,70.0,7,1
BUYER_00820,2025-10-23,ADDR_000280,70.0,4,0
BUYER_00821,2025-03-27,ADDR_002018,70.0,3,0
BUYER_00822,2025-07-20,ADDR_002751,70.0,17,1
BUYER_00823,2025-06-21,ADDR_001172,70.0,7,0
BUYER_00824,2025-11-02,ADDR_003316,70.0,4,0
BUYER_00825,2025-06-18,ADDR_002594,70.0,5,1
BUYER_00826,2025-12-03,ADDR_001297,70.0,70,16
BUYER_00827,2025-08-30,ADDR_001017,70.0,8,1
BUYER_00828,2025-07-30,ADDR_001418,70.0,5,0
BUYER_00829,2025-04-27,ADDR_003918,70.0,7,0
BUYER_00830,2025-08-11,ADDR_002578,70.0,18,0
BUYER_00831,2025-02-26,ADDR_003931,70.0,7,1
BUYER_00832,2025-06-10,ADDR_003555,70.0,7,1
BUYER_00833,2025-04-25,ADDR_003964,70.0,7,0
BUYER_00834,2025-09-04,ADDR_004232,70.0,5,0
BUYER_00835,2025-10-05,ADDR_003055,70.0,7,1
BUYER_00836,2025-11-28,ADDR_001783,70.0,21,0
BUYER_00837,2025-04-02,ADDR_003435,70.0,7,0
BUYER_00838,2025-11-14,ADDR_004675,70.0,7,0
BUYER_00839,2025-11-01,ADDR_002231,70.0,0,0
BUYER_00840,2025-11-06,ADDR_002413,70.0,13,0
BUYER_00841,2025-09-28,ADDR_004350,70.0,19,4
BUYER_00842,2025-04-19,ADDR_002956,70.0,5,0
BUYER_00843,2025-11-11,ADDR_000713,70.0,11,2
BUYER_00844,2025-08-12,ADDR_001735,70.0,4,0
BUYER_00845,2025-09-28,ADDR_001259,70.0,10,0
BUYER_00846,2025-03-27,ADDR_002363,70.0,10,0
BUYER_00847,2025-03-09,ADDR_004913,70.0,2,0
BUYER_00848,2025-04-22,ADDR_004154,70.0,17,2
BUYER_00849,2025-07-13,ADDR_004753,70.0,20,1
BUYER_00850,2025-06-10,ADDR_003670,70.0,7,1
BUYER_00851,2025-11-14,ADDR_002512,70.0,4,0
BUYER_00852,2025-01-08,ADDR_003266,70.0,8,1
BUYER_00853,2025-02-06,ADDR_002470,70.0,7,3
BUYER_00854,2025-05-09,ADDR_000202,70.0,15,1
BUYER_00855,2025-03-12,ADDR_002625,70.0,7,0
BUYER_00856,2025-06-07,ADDR_002746,70.0,7,0
BUYER_00857,2025-09-20,ADDR_003265,70.0,16,1
BUYER_00858,2025-12-18,ADDR_001255,70.0,12,0
BUYER_00859,2025-03-25,ADDR_000153,70.0,8,0
BUYER_00860,2025-04-18,ADDR_000394,70.0,5,1
BUYER_00861,2025-10-07,ADDR_001556,70.0,5,0
BUYER_00862,2025-04-20,ADDR_001094,70.0,5,0
BUYER_00863,2025-09-16,ADDR_002010,70.0,4,0
BUYER_00864,2025-08-06,ADDR_004818,70.0,6,0
BUYER_00865,2025-11-04,ADDR_004425,70.0,18,1
BUYER_00866,2025-01-17,ADDR_004248,70.0,6,0
BUYER_00867,2025-12-14,ADDR_004793,70.0,7,2
BUYER_00868,2025-12-09,ADDR_001198,70.0,2,0
BUYER_00869,2025-01-12,ADDR_004821,70.0,16,2
BUYER_00870,2025-07-09,ADDR_004573,70.0,6,0
BUYER_00871,2025-06-05,ADDR_002448,70.0,12,0
BUYER_00872,2025-04-14,ADDR_000953,70.0,11,1
BUYER_00873,2025-12-13,ADDR_001435,70.0,5,0
BUYER_00874,2025-03-15,ADDR_003229,70.0,11,0
BUYER_00875,2025-04-17,ADDR_000224,70.0,3,1
BUYER_00876,2025-01-05,ADDR_004067,70.0,5,0
BUYER_00877,2025-08-05,ADDR_002106,70.0,23,1
BUYER_00878,2025-11-06,ADDR_000107,70.0,3,0
BUYER_00879,2025-08-19,ADDR_001472,70.0,11,0
BUYER_00880,2025-08-29,ADDR_001955,70.0,8,0
BUYER_00881,2025-01-31,ADDR_003243,70.0,5,0
BUYER_00882,2025-09-19,ADDR_002981,70.0,23,0
BUYER_00883,2025-06-08,ADDR_001836,70.0,7,0
BUYER_00884,2025-06-30,ADDR_003066,70.0,14,0
BUYER_00885,2025-08-07,ADDR_001207,70.0,34,0
BUYER_00886,2025-12-13,ADDR_001733,70.0,3,1
BUYER_00887,2025-09-30,ADDR_001851,70.0,7,0
BUYER_00888,2025-09-09,ADDR_000503,70.0,15,4
BUYER_00889,2025-06-16,ADDR_001871,70.0,7,0
BUYER_00890,2025-01-18,ADDR_001405,70.0,18,3
BUYER_00891,2025-07-22,ADDR_003757,70.0,12,1
BUYER_00892,2025-09-01,ADDR_000559,70.0,9,0
BUYER_00893,2025-09-16,ADDR_002920,70.0,11,1
BUYER_00894,2025-08-15,ADDR_003822,70.0,4,0
BUYER_00895,2025-04-30,ADDR_001263,70.0,3,0
BUYER_00896,2025-04-01,ADDR_000335,70.0,2,0
BUYER_00897,2025-02-10,ADDR_003349,70.0,9,0
BUYER_00898,2025-09-15,ADDR_002912,70.0,4,0
BUYER_00899,2025-12-11,ADDR_002786,70.0,20,0
BUYER_00900,2025-07-18,ADDR_004354,70.0,3,0
BUYER_00901,2025-09-05,ADDR_000515,70.0,2,0
BUYER_00902,2025-09-12,ADDR_000978,70.0,2,2
BUYER_00903,2025-03-10,ADDR_002312,70.0,21,4
BUYER_00904,2025-03-22,ADDR_002782,70.0,8,0
BUYER_00905,2025-03-28,ADDR_004547,70.0,11,1
BUYER_00906,2025-11-29,ADDR_003062,70.0,3,1
BUYER_00907,2025-01-09,ADDR_001048,70.0,23,2
BUYER_00908,2025-07-23,ADDR_004216,70.0,3,0
BUYER_00909,2025-05-28,ADDR_002052,70.0,8,1
BUYER_00910,2025-09-01,ADDR_004297,70.0,6,1
BUYER_00911,2025-04-01,ADDR_001365,70.0,16,2
BUYER_00912,2025-12-08,ADDR_003917,70.0,3,1
BUYER_00913,2025-05-11,ADDR_002657,70.0,6,0
BUYER_00914,2025-11-27,ADDR_002750,70.0,6,0
BUYER_00915,2025-08-08,ADDR_004826,70.0,7,0
BUYER_00916,2025-06-10,ADDR_000763,70.0,8,1
BUYER_00917,2025-09-25,ADDR_001533,70.0,13,0
BUYER_00918,2025-07-27,ADDR_000905,70.0,15,1
BUYER_00919,2025-03-01,ADDR_002735,70.0,6,0
BUYER_00920,2025-09-16,ADDR_004209,70.0,7,0
BUYER_00921,2025-08-05,ADDR_004149,70.0,9,1
BUYER_00922,2025-07-31,ADDR_001178,70.0,10,2
BUYER_00923,2025-09-27,ADDR_001284,70.0,7,0
BUYER_00924,2025-08-30,ADDR_001990,70.0,11,1
BUYER_00925,2025-05-24,ADDR_003824,70.0,10,2
BUYER_00926,2025-05-07,ADDR_003719,70.0,14,3
BUYER_00927,2025-04-12,ADDR_004891,70.0,5,0
BUYER_00928,2025-08-04,ADDR_003882,70.0,9,0
BUYER_00929,2025-04-30,ADDR_004722,70.0,5,0
BUYER_00930,2025-02-22,ADDR_001317,70.0,2,0
BUYER_00931,2025-10-11,ADDR_002998,70.0,5,0
BUYER_00932,2025-03-28,ADDR_002638,70.0,9,1
BUYER_00933,2025-03-11,ADDR_000751,70.0,5,0
BUYER_00934,2025-11-02,ADDR_003173,70.0,4,0
BUYER_00935,2025-09-15,ADDR_000590,70.0,13,0
BUYER_00936,2025-10-06,ADDR_004231,70.0,19,7
BUYER_00937,2025-05-18,ADDR_001320,70.0,13,0
BUYER_00938,2025-08-18,ADDR_001096,70.0,13,0
BUYER_00939,2025-11-29,ADDR_002976,70.0,3,0
BUYER_00940,2025-04-24,ADDR_002313,70.0,10,0
BUYER_00941,2025-02-01,ADDR_001911,70.0,25,1
BUYER_00942,2025-03-14,ADDR_004471,70.0,20,4
BUYER_00943,2025-11-18,ADDR_003460,70.0,8,2
BUYER_00944,2025-04-24,ADDR_003172,70.0,18,9
BUYER_00945,2025-07-06,ADDR_003899,70.0,7,0
BUYER_00946,2025-07-21,ADDR_003975,70.0,6,0
BUYER_00947,2025-12-08,ADDR_000893,70.0,11,1
BUYER_00948,2025-05-01,ADDR_002184,70.0,11,0
BUYER_00949,2025-07-16,ADDR_004481,70.0,5,0
BUYER_00950,2025-12-07,ADDR_004031,70.0,7,1
BUYER_00951,2025-03-25,ADDR_000299,70.0,17,0
BUYER_00952,2025-08-11,ADDR_003760,70.0,6,1
BUYER_00953,2025-01-30,ADDR_001311,70.0,9,1
BUYER_00954,2025-04-17,ADDR_002541,70.0,10,0
BUYER_00955,2025-02-02,ADDR_004033,70.0,16,0
BUYER_00956,2025-05-11,ADDR_004782,70.0,8,1
BUYER_00957,2025-03-27,ADDR_000909,70.0,10,1
BUYER_00958,2025-10-17,ADDR_002758,70.0,18,1
BUYER_00959,2025-06-27,ADDR_001089,70.0,6,0
BUYER_00960,2025-06-06,ADDR_003356,70.0,5,0
BUYER_00961,2025-09-12,ADDR_004829,70.0,3,0
BUYER_00962,2025-12-04,ADDR_003130,70.0,13,0
BUYER_00963,2025-05-01,ADDR_004516,70.0,6,0
BUYER_00964,2025-01-31,ADDR_002694,70.0,5,1
BUYER_00965,2025-02-18,ADDR_004023,70.0,2,0
BUYER_00966,2025-11-05,ADDR_004653,70.0,6,0
BUYER_00967,2025-11-01,ADDR_000860,70.0,4,0
BUYER_00968,2025-07-01,ADDR_003294,70.0,6,1
BUYER_00969,2025-03-05,ADDR_001262,70.0,6,0
BUYER_00970,2025-07-18,ADDR_000419,70.0,8,0
BUYER_00971,2025-09-04,ADDR_003248,70.0,24,2
BUYER_00972,2025-05-12,ADDR_000705,70.0,4,0
BUYER_00973,2025-02-07,ADDR_000936,70.0,7,1
BUYER_00974,2025-05-08,ADDR_000033,70.0,5,0
BUYER_00975,2025-09-11,ADDR_004803,70.0,6,0
BUYER_00976,2025-12-14,ADDR_002179,70.0,9,0
BUYER_00977,2025-03-21,ADDR_000821,70.0,15,4
BUYER_00978,2025-11-23,ADDR_001699,70.0,9,0
BUYER_00979,2025-06-24,ADDR_000435,70.0,9,1
BUYER_00980,2025-09-02,ADDR_003128,70.0,13,0
BUYER_00981,2025-11-07,ADDR_000252,70.0,9,0
BUYER_00982,2025-07-29,ADDR_000731,70.0,6,1
BUYER_00983,2025-01-29,ADDR_002691,70.0,8,1
BUYER_00984,2025-04-18,ADDR_004800,70.0,9,1
BUYER_00985,2025-10-18,ADDR_000350,70.0,3,2
BUYER_00986,2025-07-27,ADDR_004268,70.0,14,0
BUYER_00987,2025-05-11,ADDR_000305,70.0,9,1
BUYER_00988,2025-08-06,ADDR_002452,70.0,13,1
BUYER_00989,2025-04-19,ADDR_001139,70.0,10,1
BUYER_00990,2025-04-09,ADDR_002096,70.0,4,0
BUYER_00991,2025-10-26,ADDR_004581,70.0,5,0
BUYER_00992,2025-06-05,ADDR_001068,70.0,8,1
BUYER_00993,2025-04-21,ADDR_003162,70.0,4,0
BUYER_00994,2025-06-08,ADDR_001649,70.0,19,7
BUYER_00995,2025-11-25,ADDR_004160,70.0,4,0
BUYER_00996,2025-03-17,ADDR_000271,70.0,26,0
BUYER_00997,2025-03-19,ADDR_002034,70.0,10,0
BUYER_00998,2025-05-19,ADDR_003195,70.0,12,0
BUYER_00999,2025-01-29,ADDR_003581,70.0,4,0
BUYER_01000,2025-02-04,ADDR_003767,70.0,7,0
BUYER_01001,2025-01-07,ADDR_003373,70.0,6,2
BUYER_01002,2025-03-04,ADDR_000917,70.0,22,1
BUYER_01003,2025-08-26,ADDR_002285,70.0,33,1
BUYER_01004,2025-03-23,ADDR_004345,70.0,29,1
BUYER_01005,2025-05-28,ADDR_003378,70.0,2,0
BUYER_01006,2025-09-16,ADDR_002575,70.0,9,0
BUYER_01007,2025-01-16,ADDR_004292,70.0,4,0
BUYER_01008,2025-03-28,ADDR_000562,70.0,8,0
BUYER_01009,2025-12-19,ADDR_004753,70.0,6,0
BUYER_01010,2025-08-11,ADDR_000623,70.0,3,0
BUYER_01011,2025-09-01,ADDR_004933,70.0,4,0
BUYER_01012,2025-07-15,ADDR_003982,70.0,13,4
BUYER_01013,2025-12-10,ADDR_002417,70.0,8,0
BUYER_01014,2025-03-03,ADDR_002357,70.0,6,0
BUYER_01015,2025-02-01,ADDR_000162,70.0,9,0
BUYER_01016,2025-10-22,ADDR_001568,70.0,4,0
BUYER_01017,2025-01-03,ADDR_001134,70.0,13,0
BUYER_01018,2025-07-30,ADDR_003498,70.0,7,0
BUYER_01019,2025-01-01,ADDR_000974,70.0,18,0
BUYER_01020,2025-05-17,ADDR_003989,70.0,2,0
BUYER_01021,2025-08-29,ADDR_001487,70.0,11,3
BUYER_01022,2025-07-25,ADDR_004208,70.0,6,0
BUYER_01023,2025-07-30,ADDR_001784,70.0,3,0
BUYER_01024,2025-03-09,ADDR_003725,70.0,4,1
BUYER_01025,2025-04-28,ADDR_003309,70.0,9,4
BUYER_01026,2025-09-18,ADDR_004898,70.0,13,1
BUYER_01027,2025-01-13,ADDR_002602,70.0,6,1
BUYER_01028,2025-08-10,ADDR_001746,70.0,8,2
BUYER_01029,2025-07-15,ADDR_003216,70.0,6,0
BUYER_01030,2025-05-16,ADDR_000907,70.0,6,0
BUYER_01031,2025-05-13,ADDR_004810,70.0,31,2
BUYER_01032,2025-10-17,ADDR_003356,70.0,14,1
BUYER_01033,2025-05-29,ADDR_000242,70.0,25,0
BUYER_01034,2025-02-06,ADDR_000853,70.0,7,1
BUYER_01035,2025-12-08,ADDR_000071,70.0,11,0
BUYER_01036,2025-02-26,ADDR_003302,70.0,8,0
BUYER_01037,2025-10-16,ADDR_003294,70.0,17,1
BUYER_01038,2025-01-08,ADDR_000806,70.0,10,1
BUYER_01039,2025-05-23,ADDR_002703,70.0,26,1
BUYER_01040,2025-07-14,ADDR_002423,70.0,10,0
BUYER_01041,2025-01-15,ADDR_002389,70.0,7,4
BUYER_01042,2025-09-26,ADDR_003059,70.0,4,0
BUYER_01043,2025-04-16,ADDR_004223,70.0,6,0
BUYER_01044,2025-07-23,ADDR_004526,70.0,14,2
BUYER_01045,2025-10-15,ADDR_000786,70.0,6,0
BUYER_01046,2025-08-09,ADDR_004672,70.0,8,1
BUYER_01047,2025-06-24,ADDR_002839,70.0,14,1
BUYER_01048,2025-05-13,ADDR_000896,70.0,20,2
BUYER_01049,2025-01-22,ADDR_004613,70.0,4,1
BUYER_01050,2025-11-23,ADDR_000055,70.0,7,0
BUYER_01051,2025-08-09,ADDR_001568,70.0,4,3
BUYER_01052,2025-08-23,ADDR_004787,70.0,9,0
BUYER_01053,2025-06-19,ADDR_002870,70.0,8,0
BUYER_01054,2025-05-26,ADDR_000707,70.0,9,1
BUYER_01055,2025-01-23,ADDR_000346,70.0,3,0
BUYER_01056,2025-03-13,ADDR_004061,70.0,6,1
BUYER_01057,2025-06-14,ADDR_001728,70.0,3,0
BUYER_01058,2025-04-09,ADDR_000493,70.0,12,0
BUYER_01059,2025-01-22,ADDR_000204,70.0,6,2
BUYER_01060,2025-07-25,ADDR_004680,70.0,5,0
BUYER_01061,2025-06-27,ADDR_002833,70.0,10,0
BUYER_01062,2025-06-12,ADDR_002594,70.0,13,1
BUYER_01063,2025-10-12,ADDR_001788,70.0,6,0
BUYER_01064,2025-08-12,ADDR_002072,70.0,8,4
BUYER_01065,2025-01-01,ADDR_004706,70.0,10,1
BUYER_01066,2025-10-05,ADDR_002980,70.0,6,1
BUYER_01067,2025-07-03,ADDR_003160,70.0,4,1
BUYER_01068,2025-07-15,ADDR_004422,70.0,5,0
BUYER_01069,2025-11-15,ADDR_000014,70.0,13,1
BUYER_01070,2025-02-18,ADDR_001579,70.0,9,0
BUYER_01071,2025-08-12,ADDR_004124,70.0,4,0
BUYER_01072,2025-04-24,ADDR_000476,70.0,6,2
BUYER_01073,2025-01-19,ADDR_001631,70.0,12,0
BUYER_01074,2025-06-18,ADDR_000809,70.0,8,0
BUYER_01075,2025-04-24,ADDR_003535,70.0,5,0
BUYER_01076,2025-01-02,ADDR_001999,70.0,3,0
BUYER_01077,2025-07-07,ADDR_001306,70.0,9,1
BUYER_01078,2025-05-04,ADDR_003403,70.0,23,9
BUYER_01079,2025-06-17,ADDR_004162,70.0,7,0
BUYER_01080,2025-01-07,ADDR_004482,70.0,4,1
BUYER_01081,2025-06-05,ADDR_002589,70.0,4,0
BUYER_01082,2025-06-29,ADDR_000995,70.0,15,1
BUYER_01083,2025-06-28,ADDR_000392,70.0,2,0
BUYER_01084,2025-09-20,ADDR_003684,70.0,5,0
BUYER_01085,2025-12-18,ADDR_002694,70.0,7,0
BUYER_01086,2025-01-15,ADDR_002273,70.0,5,2
BUYER_01087,2025-06-03,ADDR_002674,70.0,30,4
BUYER_01088,2025-11-05,ADDR_003187,70.0,9,0
BUYER_01089,2025-08-21,ADDR_000381,70.0,8,1
BUYER_01090,2025-12-15,ADDR_001624,70.0,15,0
BUYER_01091,2025-09-19,ADDR_001691,70.0,7,3
BUYER_01092,2025-09-22,ADDR_002441,70.0,2,0
BUYER_01093,2025-02-04,ADDR_003346,70.0,9,0
BUYER_01094,2025-04-21,ADDR_000208,70.0,5,1
BUYER_01095,2025-08-07,ADDR_003271,70.0,5,1
BUYER_01096,2025-07-17,ADDR_003604,70.0,17,2
BUYER_01097,2025-10-05,ADDR_002726,70.0,4,1
BUYER_01098,2025-12-18,ADDR_003937,70.0,8,2
BUYER_01099,2025-03-27,ADDR_003807,70.0,7,0
BUYER_01100,2025-06-15,ADDR_001579,70.0,9,2
BUYER_01101,2025-11-08,ADDR_003094,70.0,30,7
BUYER_01102,2025-10-29,ADDR_002426,70.0,4,0
BUYER_01103,2025-10-23,ADDR_001239,70.0,7,0
BUYER_01104,2025-08-19,ADDR_000739,70.0,16,1
BUYER_01105,2025-12-18,ADDR_004759,70.0,8,0
BUYER_01106,2025-05-21,ADDR_002370,70.0,5,0
BUYER_01107,2025-02-21,ADDR_000593,70.0,5,0
BUYER_01108,2025-02-27,ADDR_000696,70.0,16,6
BUYER_01109,2025-06-17,ADDR_004773,70.0,3,0
BUYER_01110,2025-10-19,ADDR_003098,70.0,24,2
BUYER_01111,2025-06-23,ADDR_002535,70.0,25,2
BUYER_01112,2025-08-16,ADDR_001692,70.0,8,0
BUYER_01113,2025-05-21,ADDR_001164,70.0,10,0
BUYER_01114,2025-09-19,ADDR_001610,70.0,10,1
BUYER_01115,2025-03-07,ADDR_000860,70.0,6,1
BUYER_01116,2025-07-16,ADDR_003910,70.0,10,0
BUYER_01117,2025-03-19,ADDR_000462,70.0,2,1
BUYER_01118,2025-06-28,ADDR_004787,70.0,2,1
BUYER_01119,2025-06-15,ADDR_004409,70.0,4,2
BUYER_01120,2025-08-14,ADDR_000654,70.0,5,1
BUYER_01121,2025-07-12,ADDR_003356,70.0,11,0
BUYER_01122,2025-12-13,ADDR_004246,70.0,9,1
BUYER_01123,2025-11-19,ADDR_002527,70.0,13,0
BUYER_01124,2025-04-28,ADDR_002762,70.0,8,1
BUYER_01125,2025-02-22,ADDR_001902,70.0,8,1
BUYER_01126,2025-01-31,ADDR_004071,70.0,10,1
BUYER_01127,2025-03-24,ADDR_003482,70.0,4,0
BUYER_01128,2025-04-02,ADDR_003114,70.0,4,0
BUYER_01129,2025-11-15,ADDR_000047,70.0,5,1
BUYER_01130,2025-11-26,ADDR_004754,70.0,3,0
BUYER_01131,2025-04-05,ADDR_002595,70.0,5,0
BUYER_01132,2025-10-04,ADDR_004732,70.0,5,1
BUYER_01133,2025-10-29,ADDR_003359,70.0,4,2
BUYER_01134,2025-05-28,ADDR_002577,70.0,4,0
BUYER_01135,2025-11-09,ADDR_003731,70.0,5,1
BUYER_01136,2025-12-17,ADDR_001220,70.0,16,0
BUYER_01137,2025-12-10,ADDR_002232,70.0,18,4
BUYER_01138,2025-09-28,ADDR_000124,70.0,4,0
BUYER_01139,2025-05-26,ADDR_003688,70.0,15,4
BUYER_01140,2025-04-04,ADDR_001603,70.0,7,0
BUYER_01141,2025-12-18,ADDR_000474,70.0,4,0
BUYER_01142,2025-04-22,ADDR_003941,70.0,6,0
BUYER_01143,2025-06-18,ADDR_001154,70.0,5,0
BUYER_01144,2025-04-17,ADDR_001107,70.0,4,0
BUYER_01145,2025-07-08,ADDR_000061,70.0,3,1
BUYER_01146,2025-02-18,ADDR_001735,70.0,8,1
BUYER_01147,2025-10-20,ADDR_001682,70.0,3,0
BUYER_01148,2025-07-11,ADDR_002824,70.0,5,0
BUYER_01149,2025-06-11,ADDR_001703,70.0,10,0
BUYER_01150,2025-05-23,ADDR_003728,70.0,23,1
BUYER_01151,2025-08-05,ADDR_001851,70.0,7,2
BUYER_01152,2025-10-11,ADDR_003924,70.0,8,0
BUYER_01153,2025-11-19,ADDR_002305,70.0,12,3
BUYER_01154,2025-10-31,ADDR_000020,70.0,6,0
BUYER_01155,2025-06-20,ADDR_003335,70.0,17,3
BUYER_01156,2025-10-28,ADDR_001213,70.0,2,1
BUYER_01157,2025-07-19,ADDR_002427,70.0,8,0
BUYER_01158,2025-08-25,ADDR_000617,70.0,4,0
BUYER_01159,2025-09-06,ADDR_003725,70.0,8,0
BUYER_01160,2025-06-05,ADDR_003091,70.0,16,7
BUYER_01161,2025-07-04,ADDR_000702,70.0,7,1
BUYER_01162,2025-09-12,ADDR_004842,70.0,5,0
BUYER_01163,2025-05-03,ADDR_003934,70.0,7,5
BUYER_01164,2025-09-30,ADDR_001038,70.0,5,0
BUYER_01165,2025-05-20,ADDR_000000,70.0,7,1
BUYER_01166,2025-08-07,ADDR_001221,70.0,5,0
BUYER_01167,2025-10-29,ADDR_000139,70.0,4,0
BUYER_01168,2025-01-12,ADDR_002390,70.0,3,0
BUYER_01169,2025-04-09,ADDR_003001,70.0,10,0
BUYER_01170,2025-07-30,ADDR_001831,70.0,5,0
BUYER_01171,2025-02-17,ADDR_004336,70.0,3,1
BUYER_01172,2025-03-27,ADDR_004782,70.0,3,0
BUYER_01173,2025-09-30,ADDR_001514,70.0,7,0
BUYER_01174,2025-01-14,ADDR_004716,70.0,4,0
BUYER_01175,2025-08-15,ADDR_001989,70.0,8,2
BUYER_01176,2025-01-17,ADDR_001355,70.0,14,1
BUYER_01177,2025-02-20,ADDR_001038,70.0,54,4
BUYER_01178,2025-06-01,ADDR_002581,70.0,8,0
BUYER_01179,2025-12-09,ADDR_000706,70.0,19,0
BUYER_01180,2025-07-25,ADDR_003328,70.0,2,0
BUYER_01181,2025-05-05,ADDR_004376,70.0,4,0
BUYER_01182,2025-06-09,ADDR_001822,70.0,8,1
BUYER_01183,2025-08-02,ADDR_002831,70.0,9,2
BUYER_01184,2025-08-19,ADDR_004831,70.0,2,0
BUYER_01185,2025-04-19,ADDR_003489,70.0,13,1
BUYER_01186,2025-03-24,ADDR_001999,70.0,10,2
BUYER_01187,2025-07-08,ADDR_004365,70.0,9,1
BUYER_01188,2025-08-27,ADDR_000210,70.0,9,1
BUYER_01189,2025-10-22,ADDR_002912,70.0,5,0
BUYER_01190,2025-08-10,ADDR_001249,70.0,13,0
BUYER_01191,2025-09-12,ADDR_000892,70.0,8,1
BUYER_01192,2025-07-04,ADDR_002558,70.0,5,0
BUYER_01193,2025-08-01,ADDR_003530,70.0,10,0
BUYER_01194,2025-08-24,ADDR_003607,70.0,3,0
BUYER_01195,2025-04-07,ADDR_003701,70.0,5,2
BUYER_01196,2025-11-29,ADDR_003403,70.0,5,0
BUYER_01197,2025-05-16,ADDR_002049,70.0,8,3
BUYER_01198,2025-08-14,ADDR_000560,70.0,5,0
BUYER_01199,2025-07-30,ADDR_003053,70.0,8,0
BUYER_01200,2025-11-03,ADDR_003979,70.0,3,0
BUYER_01201,2025-02-19,ADDR_002398,70.0,3,1
BUYER_01202,2025-11-13,ADDR_003226,70.0,9,0
BUYER_01203,2025-03-01,ADDR_001648,70.0,7,0
BUYER_01204,2025-03-04,ADDR_001042,70.0,4,0
BUYER_01205,2025-11-06,ADDR_003328,70.0,8,0
BUYER_01206,2025-04-15,ADDR_002357,70.0,9,0
BUYER_01207,2025-08-16,ADDR_001224,70.0,13,1
BUYER_01208,2025-06-27,ADDR_002032,70.0,9,1
BUYER_01209,2025-11-29,ADDR_001620,70.0,4,0
BUYER_01210,2025-10-11,ADDR_004008,70.0,7,0
BUYER_01211,2025-05-13,ADDR_002008,70.0,14,1
BUYER_01212,2025-10-21,ADDR_004202,70.0,10,5
BUYER_01213,2025-04-03,ADDR_003042,70.0,5,1
BUYER_01214,2025-08-17,ADDR_000660,70.0,15,0
BUYER_01215,2025-10-01,ADDR_004218,70.0,4,0
BUYER_01216,2025-09-15,ADDR_001056,70.0,6,1
BUYER_01217,2025-08-31,ADDR_003043,70.0,2,0
BUYER_01218,2025-10-27,ADDR_002809,70.0,7,0
BUYER_01219,2025-07-28,ADDR_003594,70.0,9,1
BUYER_01220,2025-11-28,ADDR_003793,70.0,6,0
BUYER_01221,2025-03-04,ADDR_001448,70.0,7,2
BUYER_01222,2025-05-20,ADDR_003849,70.0,4,0
BUYER_01223,2025-10-12,ADDR_002907,70.0,10,0
BUYER_01224,2025-05-03,ADDR_004349,70.0,5,0
BUYER_01225,2025-06-20,ADDR_000514,70.0,10,1
BUYER_01226,2025-10-08,ADDR_002813,70.0,8,2
BUYER_01227,2025-07-22,ADDR_002293,70.0,8,1
BUYER_01228,2025-03-20,ADDR_002329,70.0,9,0
BUYER_01229,2025-03-15,ADDR_003414,70.0,9,1
BUYER_01230,2025-05-01,ADDR_003508,70.0,7,0
BUYER_01231,2025-05-01,ADDR_000889,70.0,3,0
BUYER_01232,2025-03-01,ADDR_001882,70.0,21,7
BUYER_01233,2025-10-28,ADDR_004465,70.0,32,8
BUYER_01234,2025-04-24,ADDR_002940,70.0,9,0
BUYER_01235,2025-10-18,ADDR_002065,70.0,5,0
BUYER_01236,2025-12-12,ADDR_004814,70.0,9,1
BUYER_01237,2025-05-12,ADDR_003322,70.0,3,0
BUYER_01238,2025-12-11,ADDR_004205,70.0,11,4
BUYER_01239,2025-03-21,ADDR_002502,70.0,22,0
BUYER_01240,2025-08-28,ADDR_000808,70.0,11,0
BUYER_01241,2025-12-18,ADDR_003624,70.0,11,0
BUYER_01242,2025-10-20,ADDR_004041,70.0,2,0
BUYER_01243,2025-04-05,ADDR_002892,70.0,6,0
BUYER_01244,2025-04-15,ADDR_002142,70.0,3,0
BUYER_01245,2025-04-17,ADDR_000606,70.0,23,1
BUYER_01246,2025-12-02,ADDR_001216,70.0,7,0
BUYER_01247,2025-04-10,ADDR_004577,70.0,6,0
BUYER_01248,2025-07-12,ADDR_002813,70.0,11,1
BUYER_01249,2025-05-18,ADDR_003267,70.0,16,1
BUYER_01250,2025-05-22,ADDR_003283,70.0,12,1
BUYER_01251,2025-06-08,ADDR_002336,70.0,5,0
BUYER_01252,2025-05-16,ADDR_004933,70.0,10,3
BUYER_01253,2025-08-12,ADDR_003349,70.0,11,0
BUYER_01254,2025-06-14,ADDR_004785,70.0,7,0
BUYER_01255,2025-06-19,ADDR_001291,70.0,13,0
BUYER_01256,2025-07-11,ADDR_003666,70.0,5,1
BUYER_01257,2025-05-20,ADDR_003806,70.0,12,0
BUYER_01258,2025-10-02,ADDR_004548,70.0,17,0
BUYER_01259,2025-07-10,ADDR_002035,70.0,11,0
BUYER_01260,2025-07-12,ADDR_001644,70.0,5,0
BUYER_01261,2025-03-28,ADDR_003984,70.0,11,0
BUYER_01262,2025-01-16,ADDR_003558,70.0,15,1
BUYER_01263,2025-10-20,ADDR_002535,70.0,13,1
BUYER_01264,2025-11-04,ADDR_001507,70.0,5,1
BUYER_01265,2025-04-09,ADDR_003911,70.0,8,0
BUYER_01266,2025-05-22,ADDR_000984,70.0,9,0
BUYER_01267,2025-05-21,ADDR_004488,70.0,64,7
BUYER_01268,2025-09-09,ADDR_001858,70.0,13,2
BUYER_01269,2025-03-20,ADDR_004855,70.0,7,2
BUYER_01270,2025-12-14,ADDR_001620,70.0,19,0
BUYER_01271,2025-01-29,ADDR_003844,70.0,7,0
BUYER_01272,2025-12-12,ADDR_000941,70.0,9,1
BUYER_01273,2025-02-01,ADDR_003484,70.0,25,0
BUYER_01274,2025-05-07,ADDR_002066,70.0,20,8
BUYER_01275,2025-04-12,ADDR_002573,70.0,11,1
BUYER_01276,2025-04-16,ADDR_002587,70.0,5,0
BUYER_01277,2025-12-19,ADDR_000523,70.0,1,0
BUYER_01278,2025-06-25,ADDR_001107,70.0,9,0
BUYER_01279,2025-02-22,ADDR_002771,70.0,5,0
BUYER_01280,2025-12-15,ADDR_002050,70.0,18,0
BUYER_01281,2025-04-09,ADDR_002788,70.0,18,0
BUYER_01282,2025-02-03,ADDR_002131,70.0,4,0
BUYER_01283,2025-01-13,ADDR_000320,70.0,4,1
BUYER_01284,2025-06-27,ADDR_004635,70.0,6,0
BUYER_01285,2025-11-24,ADDR_003418,70.0,9,1
BUYER_01286,2025-01-10,ADDR_003019,70.0,16,2
BUYER_01287,2025-09-23,ADDR_000737,70.0,4,1
BUYER_01288,2025-04-16,ADDR_003339,70.0,2,1
BUYER_01289,2025-04-01,ADDR_002515,70.0,7,0
BUYER_01290,2025-09-16,ADDR_000260,70.0,6,0
BUYER_01291,2025-09-30,ADDR_002339,70.0,7,0
BUYER_01292,2025-07-29,ADDR_004401,70.0,21,1
BUYER_01293,2025-03-26,ADDR_004331,70.0,6,0
BUYER_01294,2025-01-04,ADDR_002548,70.0,16,3
BUYER_01295,2025-09-27,ADDR_001149,70.0,7,0
BUYER_01296,2025-08-12,ADDR_000366,70.0,11,0
BUYER_01297,2025-06-13,ADDR_000847,70.0,14,0
BUYER_01298,2025-03-30,ADDR_001389,70.0,7,0
BUYER_01299,2025-10-05,ADDR_002728,70.0,3,0
BUYER_01300,2025-02-02,ADDR_003591,70.0,4,0
BUYER_01301,2025-08-26,ADDR_002278,70.0,7,0
BUYER_01302,2025-09-10,ADDR_004091,70.0,3,0
BUYER_01303,2025-04-02,ADDR_000798,70.0,3,0
BUYER_01304,2025-07-04,ADDR_002096,70.0,5,0
BUYER_01305,2025-07-16,ADDR_004583,70.0,4,0
BUYER_01306,2025-08-09,ADDR_000266,70.0,12,2
BUYER_01307,2025-11-19,ADDR_004483,70.0,12,0
BUYER_01308,2025-07-25,ADDR_002084,70.0,1,0
BUYER_01309,2025-02-01,ADDR_000430,70.0,11,0
BUYER_01310,2025-05-16,ADDR_003928,70.0,5,0
BUYER_01311,2025-08-22,ADDR_001037,70.0,7,0
BUYER_01312,2025-05-12,ADDR_000905,70.0,19,1
BUYER_01313,2025-10-07,ADDR_001180,70.0,8,0
BUYER_01314,2025-03-21,ADDR_000668,70.0,6,1
BUYER_01315,2025-03-03,ADDR_002759,70.0,4,0
BUYER_01316,2025-04-05,ADDR_004738,70.0,8,0
BUYER_01317,2025-11-11,ADDR_003353,70.0,11,1
BUYER_01318,2025-09-08,ADDR_004362,70.0,14,0
BUYER_01319,2025-07-16,ADDR_004846,70.0,6,1
BUYER_01320,2025-04-30,ADDR_003277,70.0,30,3
BUYER_01321,2025-11-24,ADDR_000518,70.0,6,1
BUYER_01322,2025-11-15,ADDR_004605,70.0,27,5
BUYER_01323,2025-06-04,ADDR_002704,70.0,9,0
BUYER_01324,2025-10-02,ADDR_002709,70.0,25,1
BUYER_01325,2025-11-23,ADDR_001769,70.0,24,2
BUYER_01326,2025-05-05,ADDR_003385,70.0,5,0
BUYER_01327,2025-05-11,ADDR_000548,70.0,7,0
BUYER_01328,2025-07-25,ADDR_003786,70.0,7,0
BUYER_01329,2025-06-08,ADDR_004814,70.0,13,1
BUYER_01330,2025-10-05,ADDR_001175,70.0,4,1
BUYER_01331,2025-07-22,ADDR_002287,70.0,4,0
BUYER_01332,2025-03-29,ADDR_003912,70.0,64,5
BUYER_01333,2025-05-20,ADDR_003551,70.0,14,0
BUYER_01334,2025-09-05,ADDR_004148,70.0,18,2
BUYER_01335,2025-01-26,ADDR_002105,70.0,10,0
BUYER_01336,2025-05-15,ADDR_003221,70.0,11,4
BUYER_01337,2025-01-09,ADDR_004163,70.0,14,3
BUYER_01338,2025-10-24,ADDR_001581,70.0,10,1
BUYER_01339,2025-02-21,ADDR_004497,70.0,7,0
BUYER_01340,2025-02-05,ADDR_000119,70.0,7,0
BUYER_01341,2025-10-13,ADDR_000824,70.0,22,1
BUYER_01342,2025-02-10,ADDR_000588,70.0,5,0
BUYER_01343,2025-09-09,ADDR_003698,70.0,13,0
BUYER_01344,2025-05-29,ADDR_001790,70.0,9,2
BUYER_01345,2025-10-24,ADDR_000102,70.0,7,0
BUYER_01346,2025-03-18,ADDR_003901,70.0,15,3
BUYER_01347,2025-02-08,ADDR_001370,70.0,6,0
BUYER_01348,2025-04-04,ADDR_003376,70.0,2,0
BUYER_01349,2025-11-29,ADDR_002734,70.0,15,1
BUYER_01350,2025-10-27,ADDR_000551,70.0,9,1
BUYER_01351,2025-04-25,ADDR_002985,70.0,11,1
BUYER_01352,2025-03-27,ADDR_004262,70.0,18,0
BUYER_01353,2025-03-08,ADDR_001808,70.0,8,1
BUYER_01354,2025-04-02,ADDR_004125,70.0,20,0
BUYER_01355,2025-03-27,ADDR_003876,70.0,7,1
BUYER_01356,2025-11-15,ADDR_001400,70.0,37,0
BUYER_01357,2025-01-11,ADDR_000849,70.0,3,0
BUYER_01358,2025-11-12,ADDR_003319,70.0,8,2
BUYER_01359,2025-01-21,ADDR_000134,70.0,6,1
BUYER_01360,2025-10-26,ADDR_003215,70.0,3,0
BUYER_01361,2025-06-14,ADDR_000644,70.0,4,0
BUYER_01362,2025-02-05,ADDR_002695,70.0,8,0
BUYER_01363,2025-10-17,ADDR_003709,70.0,2,0
BUYER_01364,2025-04-15,ADDR_000726,70.0,7,1
BUYER_01365,2025-11-11,ADDR_004065,70.0,12,0
BUYER_01366,2025-10-01,ADDR_002672,70.0,3,0
BUYER_01367,2025-12-15,ADDR_001423,70.0,4,0
BUYER_01368,2025-10-27,ADDR_003161,70.0,3,0
BUYER_01369,2025-04-09,ADDR_004493,70.0,5,0
BUYER_01370,2025-06-08,ADDR_001399,70.0,6,0
BUYER_01371,2025-09-13,ADDR_001213,70.0,4,0
BUYER_01372,2025-05-06,ADDR_003379,70.0,4,0
BUYER_01373,2025-07-25,ADDR_002435,70.0,8,0
BUYER_01374,2025-04-08,ADDR_004309,70.0,9,0
BUYER_01375,2025-09-02,ADDR_000829,70.0,3,0
BUYER_01376,2025-05-15,ADDR_004618,70.0,5,0
BUYER_01377,2025-01-27,ADDR_000084,70.0,4,0
BUYER_01378,2025-12-10,ADDR_001354,70.0,2,0
BUYER_01379,2025-10-31,ADDR_003096,70.0,7,2
BUYER_01380,2025-05-02,ADDR_002575,70.0,9,0
BUYER_01381,2025-02-26,ADDR_001671,70.0,8,0
BUYER_01382,2025-09-26,ADDR_004835,70.0,4,0
BUYER_01383,2025-04-01,ADDR_004433,70.0,15,1
BUYER_01384,2025-08-14,ADDR_003358,70.0,13,0
BUYER_01385,2025-10-10,ADDR_002018,70.0,4,0
BUYER_01386,2025-04-20,ADDR_002180,70.0,6,1
BUYER_01387,2025-04-25,ADDR_003849,70.0,13,0
BUYER_01388,2025-01-29,ADDR_001753,70.0,5,0
BUYER_01389,2025-05-07,ADDR_001978,70.0,16,1
BUYER_01390,2025-08-11,ADDR_000452,70.0,21,2
BUYER_01391,2025-03-08,ADDR_000427,70.0,7,0
BUYER_01392,2025-12-06,ADDR_000199,70.0,8,3
BUYER_01393,2025-09-22,ADDR_001379,70.0,7,0
BUYER_01394,2025-03-26,ADDR_002387,70.0,18,1
BUYER_01395,2025-07-20,ADDR_002851,70.0,13,1
BUYER_01396,2025-06-02,ADDR_002123,70.0,4,1
BUYER_01397,2025-05-30,ADDR_004917,70.0,3,0
BUYER_01398,2025-07-30,ADDR_004518,70.0,5,1
BUYER_01399,2025-02-17,ADDR_000708,70.0,6,0
BUYER_01400,2025-03-30,ADDR_003184,70.0,4,0
BUYER_01401,2025-03-06,ADDR_001601,70.0,13,0
BUYER_01402,2025-03-15,ADDR_003539,70.0,8,2
BUYER_01403,2025-08-30,ADDR_002403,70.0,14,1
BUYER_01404,2025-12-19,ADDR_004720,70.0,15,0
BUYER_01405,2025-08-29,ADDR_004675,70.0,4,0
BUYER_01406,2025-12-16,ADDR_000280,70.0,30,1
BUYER_01407,2025-08-04,ADDR_000536,70.0,22,0
BUYER_01408,2025-04-24,ADDR_000112,70.0,6,0
BUYER_01409,2025-11-10,ADDR_003929,70.0,4,1
BUYER_01410,2025-02-01,ADDR_001131,70.0,4,0
BUYER_01411,2025-02-15,ADDR_001278,70.0,11,0
BUYER_01412,2025-12-04,ADDR_001644,70.0,5,0
BUYER_01413,2025-08-29,ADDR_001516,70.0,9,0
BUYER_01414,2025-11-28,ADDR_002990,70.0,25,0
BUYER_01415,2025-02-27,ADDR_003830,70.0,7,1
BUYER_01416,2025-10-07,ADDR_002804,70.0,6,0
BUYER_01417,2025-04-07,ADDR_002845,70.0,10,0
BUYER_01418,2025-05-16,ADDR_003646,70.0,9,0
BUYER_01419,2025-11-18,ADDR_000848,70.0,4,1
BUYER_01420,2025-06-09,ADDR_002930,70.0,2,0
BUYER_01421,2025-09-05,ADDR_002715,70.0,6,0
BUYER_01422,2025-11-14,ADDR_000766,70.0,5,1
BUYER_01423,2025-11-09,ADDR_001625,70.0,5,0
BUYER_01424,2025-01-06,ADDR_000952,70.0,7,0
BUYER_01425,2025-03-09,ADDR_001598,70.0,10,0
BUYER_01426,2025-11-24,ADDR_000116,70.0,4,0
BUYER_01427,2025-07-30,ADDR_003694,70.0,12,0
BUYER_01428,2025-07-02,ADDR_001724,70.0,4,2
BUYER_01429,2025-01-31,ADDR_003268,70.0,6,1
BUYER_01430,2025-01-13,ADDR_003709,70.0,8,0
BUYER_01431,2025-12-06,ADDR_004058,70.0,12,0
BUYER_01432,2025-06-30,ADDR_002170,70.0,17,1
BUYER_01433,2025-10-13,ADDR_002528,70.0,10,0
BUYER_01434,2025-04-01,ADDR_002062,70.0,7,3
BUYER_01435,2025-04-07,ADDR_001735,70.0,10,0
BUYER_01436,2025-07-30,ADDR_003992,70.0,10,2
BUYER_01437,2025-11-11,ADDR_000335,70.0,5,0
BUYER_01438,2025-04-26,ADDR_001535,70.0,7,2
BUYER_01439,2025-05-11,ADDR_003932,70.0,6,0
BUYER_01440,2025-07-26,ADDR_001953,70.0,9,3
BUYER_01441,2025-01-20,ADDR_000552,70.0,2,1
BUYER_01442,2025-05-28,ADDR_000858,70.0,3,1
BUYER_01443,2025-07-28,ADDR_001492,70.0,2,0
BUYER_01444,2025-01-03,ADDR_001228,70.0,13,4
BUYER_01445,2025-08-25,ADDR_003310,70.0,6,1
BUYER_01446,2025-01-25,ADDR_000848,70.0,7,1
BUYER_01447,2025-09-21,ADDR_003782,70.0,2,0
BUYER_01448,2025-10-18,ADDR_001542,70.0,11,1
BUYER_01449,2025-10-30,ADDR_000339,70.0,9,1
BUYER_01450,2025-09-05,ADDR_000055,70.0,19,1
BUYER_01451,2025-07-30,ADDR_003007,70.0,21,0
BUYER_01452,2025-05-03,ADDR_003513,70.0,10,0
BUYER_01453,2025-06-13,ADDR_000678,70.0,8,0
BUYER_01454,2025-02-09,ADDR_001529,70.0,9,0
BUYER_01455,2025-09-17,ADDR_003748,70.0,7,1
BUYER_01456,2025-01-13,ADDR_004295,70.0,6,1
BUYER_01457,2025-06-09,ADDR_003612,70.0,7,0
BUYER_01458,2025-07-11,ADDR_003580,70.0,9,0
BUYER_01459,2025-08-29,ADDR_003702,70.0,4,0
BUYER_01460,2025-05-16,ADDR_001470,70.0,6,0
BUYER_01461,2025-06-20,ADDR_000315,70.0,27,8
BUYER_01462,2025-08-08,ADDR_002792,70.0,5,0
BUYER_01463,2025-11-26,ADDR_002769,70.0,6,0
BUYER_01464,2025-09-05,ADDR_003976,70.0,10,0
BUYER_01465,2025-04-14,ADDR_001192,70.0,4,0
BUYER_01466,2025-11-01,ADDR_004400,70.0,6,0
BUYER_01467,2025-01-27,ADDR_002454,70.0,3,0
BUYER_01468,2025-04-20,ADDR_002188,70.0,7,0
BUYER_01469,2025-02-17,ADDR_004897,70.0,4,1
BUYER_01470,2025-06-21,ADDR_002690,70.0,2,0
BUYER_01471,2025-08-24,ADDR_000447,70.0,10,3
BUYER_01472,2025-07-20,ADDR_001255,70.0,12,0
BUYER_01473,2025-10-21,ADDR_002940,70.0,6,1
BUYER_01474,2025-08-01,ADDR_001139,70.0,27,2
BUYER_01475,2025-04-06,ADDR_000816,70.0,2,0
BUYER_01476,2025-07-22,ADDR_001468,70.0,2,0
BUYER_01477,2025-09-26,ADDR_002524,70.0,8,0
BUYER_01478,2025-07-10,ADDR_000459,70.0,14,0
BUYER_01479,2025-06-19,ADDR_002578,70.0,7,0
BUYER_01480,2025-07-19,ADDR_003599,70.0,5,0
BUYER_01481,2025-07-26,ADDR_002258,70.0,3,0
BUYER_01482,2025-05-04,ADDR_003435,70.0,26,1
BUYER_01483,2025-11-04,ADDR_003166,70.0,5,0
BUYER_01484,2025-03-28,ADDR_002456,70.0,11,1
BUYER_01485,2025-01-17,ADDR_004822,70.0,9,0
BUYER_01486,2025-09-28,ADDR_003027,70.0,3,1
BUYER_01487,2025-10-31,ADDR_003985,70.0,13,1
BUYER_01488,2025-08-26,ADDR_003172,70.0,5,0
BUYER_01489,2025-06-29,ADDR_003131,70.0,10,3
BUYER_01490,2025-12-13,ADDR_002134,70.0,11,2
BUYER_01491,2025-05-25,ADDR_000937,70.0,6,2
BUYER_01492,2025-06-07,ADDR_000898,70.0,25,0
BUYER_01493,2025-08-09,ADDR_004916,70.0,20,1
BUYER_01494,2025-06-15,ADDR_003952,70.0,7,0
BUYER_01495,2025-07-28,ADDR_001510,70.0,13,0
BUYER_01496,2025-12-10,ADDR_002215,70.0,18,0
BUYER_01497,2025-04-08,ADDR_004025,70.0,26,0
BUYER_01498,2025-03-05,ADDR_004717,70.0,6,0
BUYER_01499,2025-06-13,ADDR_002159,70.0,32,2
BUYER_01500,2025-07-11,ADDR_001903,70.0,4,0
BUYER_01501,2025-09-19,ADDR_001218,70.0,3,0
BUYER_01502,2025-12-06,ADDR_000407,70.0,12,0
BUYER_01503,2025-09-11,ADDR_003772,70.0,4,0
BUYER_01504,2025-12-16,ADDR_001103,70.0,25,0
BUYER_01505,2025-04-11,ADDR_000430,70.0,2,1
BUYER_01506,2025-03-28,ADDR_004843,70.0,7,0
BUYER_01507,2025-05-03,ADDR_002712,70.0,12,1
BUYER_01508,2025-10-13,ADDR_000381,70.0,2,0
BUYER_01509,2025-03-20,ADDR_001432,70.0,16,1
BUYER_01510,2025-03-23,ADDR_002740,70.0,3,0
BUYER_01511,2025-06-09,ADDR_001023,70.0,9,0
BUYER_01512,2025-05-07,ADDR_004900,70.0,9,0
BUYER_01513,2025-08-28,ADDR_004334,70.0,9,1
BUYER_01514,2025-11-15,ADDR_004384,70.0,13,4
BUYER_01515,2025-03-01,ADDR_002250,70.0,13,4
BUYER_01516,2025-07-25,ADDR_004892,70.0,4,0
BUYER_01517,2025-02-09,ADDR_002306,70.0,4,1
BUYER_01518,2025-04-02,ADDR_002749,70.0,8,0
BUYER_01519,2025-05-04,ADDR_003693,70.0,2,1
BUYER_01520,2025-08-05,ADDR_002500,70.0,19,2
BUYER_01521,2025-07-28,ADDR_004292,70.0,7,2
BUYER_01522,2025-08-26,ADDR_000514,70.0,39,1
BUYER_01523,2025-10-23,ADDR_002188,70.0,11,0
BUYER_01524,2025-03-20,ADDR_004108,70.0,5,0
BUYER_01525,2025-09-29,ADDR_000901,70.0,4,0
BUYER_01526,2025-09-03,ADDR_001905,70.0,18,1
BUYER_01527,2025-02-06,ADDR_004921,70.0,1,0
BUYER_01528,2025-05-16,ADDR_003036,70.0,5,0
BUYER_01529,2025-01-15,ADDR_001776,70.0,33,3
BUYER_01530,2025-02-10,ADDR_001797,70.0,7,2
BUYER_01531,2025-04-24,ADDR_001017,70.0,12,0
BUYER_01532,2025-04-10,ADDR_003637,70.0,7,0
BUYER_01533,2025-11-19,ADDR_000511,70.0,11,0
BUYER_01534,2025-11-16,ADDR_001029,70.0,4,0
BUYER_01535,2025-08-05,ADDR_000613,70.0,8,1
BUYER_01536,2025-09-26,ADDR_003731,70.0,18,0
BUYER_01537,2025-12-20,ADDR_004668,70.0,7,0
BUYER_01538,2025-06-08,ADDR_000431,70.0,8,0
BUYER_01539,2025-07-17,ADDR_004685,70.0,18,6
BUYER_01540,2025-08-29,ADDR_004535,70.0,16,5
BUYER_01541,2025-11-25,ADDR_002514,70.0,9,1
BUYER_01542,2025-10-16,ADDR_001598,70.0,4,0
BUYER_01543,2025-01-31,ADDR_003426,70.0,3,0
BUYER_01544,2025-09-19,ADDR_002596,70.0,9,1
BUYER_01545,2025-04-13,ADDR_001579,70.0,8,0
BUYER_01546,2025-04-14,ADDR_001460,70.0,26,0
BUYER_01547,2025-07-25,ADDR_002759,70.0,70,2
BUYER_01548,2025-09-13,ADDR_004414,70.0,24,3
BUYER_01549,2025-03-09,ADDR_003301,70.0,5,1
BUYER_01550,2025-05-05,ADDR_003199,70.0,6,1
BUYER_01551,2025-09-20,ADDR_004786,70.0,2,1
BUYER_01552,2025-03-06,ADDR_000305,70.0,9,0
BUYER_01553,2025-11-02,ADDR_000854,70.0,9,0
BUYER_01554,2025-06-24,ADDR_004832,70.0,15,1
BUYER_01555,2025-08-07,ADDR_000686,70.0,4,0
BUYER_01556,2025-02-06,ADDR_002728,70.0,9,0
BUYER_01557,2025-12-06,ADDR_003727,70.0,8,0
BUYER_01558,2025-11-21,ADDR_003896,70.0,15,0
BUYER_01559,2025-03-21,ADDR_003481,70.0,3,0
BUYER_01560,2025-09-02,ADDR_001805,70.0,19,3
BUYER_01561,2025-10-15,ADDR_000920,70.0,8,0
BUYER_01562,2025-02-23,ADDR_000189,70.0,7,1
BUYER_01563,2025-08-04,ADDR_000886,70.0,3,1
BUYER_01564,2025-11-02,ADDR_004811,70.0,6,1
BUYER_01565,2025-07-11,ADDR_003392,70.0,9,1
BUYER_01566,2025-11-26,ADDR_002014,70.0,6,0
BUYER_01567,2025-01-23,ADDR_002447,70.0,8,1
BUYER_01568,2025-11-25,ADDR_001654,70.0,3,0
BUYER_01569,2025-12-13,ADDR_004422,70.0,7,0
BUYER_01570,2025-03-08,ADDR_002244,70.0,4,0
BUYER_01571,2025-06-15,ADDR_004143,70.0,2,0
BUYER_01572,2025-08-19,ADDR_000252,70.0,3,0
BUYER_01573,2025-11-16,ADDR_002411,70.0,6,0
BUYER_01574,2025-03-09,ADDR_002012,70.0,9,0
BUYER_01575,2025-05-12,ADDR_003300,70.0,8,2
BUYER_01576,2025-10-16,ADDR_000117,70.0,19,1
BUYER_01577,2025-06-08,ADDR_003185,70.0,9,1
BUYER_01578,2025-08-14,ADDR_004154,70.0,8,1
BUYER_01579,2025-07-30,ADDR_000455,70.0,5,2
BUYER_01580,2025-12-12,ADDR_001637,70.0,11,2
BUYER_01581,2025-03-02,ADDR_002106,70.0,7,1
BUYER_01582,2025-12-04,ADDR_001259,70.0,2,0
BUYER_01583,2025-07-31,ADDR_002177,70.0,7,0
BUYER_01584,2025-11-20,ADDR_004420,70.0,7,0
BUYER_01585,2025-02-21,ADDR_004441,70.0,7,0
BUYER_01586,2025-08-26,ADDR_002976,70.0,52,3
BUYER_01587,2025-10-30,ADDR_004382,70.0,12,1
BUYER_01588,2025-10-13,ADDR_004035,70.0,14,1
BUYER_01589,2025-01-06,ADDR_000285,70.0,12,4
BUYER_01590,2025-06-23,ADDR_001915,70.0,5,1
BUYER_01591,2025-02-20,ADDR_003786,70.0,8,0
BUYER_01592,2025-03-07,ADDR_000256,70.0,9,0
BUYER_01593,2025-09-16,ADDR_003027,70.0,9,2
BUYER_01594,2025-12-07,ADDR_002039,70.0,5,1
BUYER_01595,2025-08-23,ADDR_000080,70.0,10,0
BUYER_01596,2025-02-15,ADDR_002796,70.0,6,1
BUYER_01597,2025-04-10,ADDR_001889,70.0,3,1
BUYER_01598,2025-05-28,ADDR_003831,70.0,4,1
BUYER_01599,2025-02-24,ADDR_004396,70.0,6,0
BUYER_01600,2025-11-02,ADDR_000366,70.0,7,0
BUYER_01601,2025-03-23,ADDR_001773,70.0,3,0
BUYER_01602,2025-02-26,ADDR_001943,70.0,2,1
BUYER_01603,2025-09-23,ADDR_003348,70.0,4,0
BUYER_01604,2025-02-25,ADDR_002481,70.0,5,0
BUYER_01605,2025-06-08,ADDR_004668,70.0,22,1
BUYER_01606,2025-07-14,ADDR_004496,70.0,10,4
BUYER_01607,2025-02-06,ADDR_002919,70.0,1,0
BUYER_01608,2025-07-28,ADDR_000487,70.0,5,0
BUYER_01609,2025-07-02,ADDR_002379,70.0,8,0
BUYER_01610,2025-09-04,ADDR_004388,70.0,15,1
BUYER_01611,2025-04-01,ADDR_002387,70.0,7,0
BUYER_01612,2025-05-20,ADDR_004865,70.0,26,0
BUYER_01613,2025-09-01,ADDR_004468,70.0,4,0
BUYER_01614,2025-01-18,ADDR_001306,70.0,32,3
BUYER_01615,2025-02-20,ADDR_002048,70.0,6,0
BUYER_01616,2025-04-24,ADDR_000916,70.0,7,0
BUYER_01617,2025-02-17,ADDR_000947,70.0,10,0
BUYER_01618,2025-01-20,ADDR_001820,70.0,5,0
BUYER_01619,2025-12-16,ADDR_002077,70.0,3,0
BUYER_01620,2025-06-24,ADDR_001734,70.0,10,1
BUYER_01621,2025-07-21,ADDR_003627,70.0,9,1
BUYER_01622,2025-04-14,ADDR_000090,70.0,23,1
BUYER_01623,2025-01-05,ADDR_002352,70.0,14,0
BUYER_01624,2025-10-01,ADDR_004399,70.0,5,0
BUYER_01625,2025-09-22,ADDR_003623,70.0,11,2
BUYER_01626,2025-12-12,ADDR_001011,70.0,4,0
BUYER_01627,2025-01-11,ADDR_004520,70.0,2,0
BUYER_01628,2025-03-01,ADDR_004583,70.0,6,1
BUYER_01629,2025-09-18,ADDR_002884,70.0,5,1
BUYER_01630,2025-05-11,ADDR_004354,70.0,4,2
BUYER_01631,2025-01-30,ADDR_004278,70.0,14,1
BUYER_01632,2025-05-01,ADDR_002185,70.0,7,0
BUYER_01633,2025-02-09,ADDR_002620,70.0,4,0
BUYER_01634,2025-10-29,ADDR_001823,70.0,5,0
BUYER_01635,2025-11-11,ADDR_003152,70.0,8,0
BUYER_01636,2025-08-24,ADDR_003216,70.0,2,0
BUYER_01637,2025-05-31,ADDR_003360,70.0,10,2
BUYER_01638,2025-10-07,ADDR_000445,70.0,8,0
BUYER_01639,2025-08-23,ADDR_003661,70.0,10,0
BUYER_01640,2025-10-14,ADDR_004205,70.0,18,0
BUYER_01641,2025-07-13,ADDR_001733,70.0,17,0
BUYER_01642,2025-12-07,ADDR_002821,70.0,5,0
BUYER_01643,2025-04-27,ADDR_003102,70.0,16,2
BUYER_01644,2025-08-13,ADDR_004278,70.0,8,0
BUYER_01645,2025-10-20,ADDR_002060,70.0,3,0
BUYER_01646,2025-11-17,ADDR_004067,70.0,7,0
BUYER_01647,2025-12-03,ADDR_001935,70.0,6,0
BUYER_01648,2025-06-03,ADDR_000723,70.0,10,1
BUYER_01649,2025-09-14,ADDR_000440,70.0,4,0
BUYER_01650,2025-04-27,ADDR_003925,70.0,4,1
BUYER_01651,2025-08-29,ADDR_002018,70.0,9,0
BUYER_01652,2025-03-19,ADDR_001199,70.0,4,0
BUYER_01653,2025-06-12,ADDR_000128,70.0,5,0
BUYER_01654,2025-11-25,ADDR_003284,70.0,4,0
BUYER_01655,2025-10-21,ADDR_003672,70.0,9,3
BUYER_01656,2025-07-08,ADDR_000652,70.0,8,1
BUYER_01657,2025-03-04,ADDR_002892,70.0,5,0
BUYER_01658,2025-06-04,ADDR_002485,70.0,1,0
BUYER_01659,2025-03-01,ADDR_000681,70.0,11,1
BUYER_01660,2025-02-01,ADDR_000117,70.0,4,0
BUYER_01661,2025-11-21,ADDR_001293,70.0,8,0
BUYER_01662,2025-07-06,ADDR_004068,70.0,5,1
BUYER_01663,2025-02-10,ADDR_003024,70.0,2,0
BUYER_01664,2025-09-20,ADDR_000552,70.0,10,0
BUYER_01665,2025-02-04,ADDR_002564,70.0,5,0
BUYER_01666,2025-06-03,ADDR_000577,70.0,7,0
BUYER_01667,2025-04-05,ADDR_003580,70.0,8,0
BUYER_01668,2025-03-11,ADDR_001472,70.0,36,2
BUYER_01669,2025-07-21,ADDR_002421,70.0,5,1
BUYER_01670,2025-09-21,ADDR_003445,70.0,6,0
BUYER_01671,2025-07-05,ADDR_004180,70.0,4,0
BUYER_01672,2025-10-24,ADDR_002535,70.0,6,1
BUYER_01673,2025-11-24,ADDR_000383,70.0,9,0
BUYER_01674,2025-10-19,ADDR_001280,70.0,6,2
BUYER_01675,2025-12-07,ADDR_003035,70.0,8,0
BUYER_01676,2025-11-28,ADDR_004005,70.0,7,0
BUYER_01677,2025-10-28,ADDR_001839,70.0,6,0
BUYER_01678,2025-04-28,ADDR_001600,70.0,6,2
BUYER_01679,2025-03-15,ADDR_003779,70.0,40,9
BUYER_01680,2025-09-23,ADDR_004721,70.0,4,0
BUYER_01681,2025-11-01,ADDR_004671,70.0,7,0
BUYER_01682,2025-10-25,ADDR_004441,70.0,4,1
BUYER_01683,2025-08-27,ADDR_004275,70.0,11,0
BUYER_01684,2025-10-27,ADDR_004422,70.0,11,1
BUYER_01685,2025-09-17,ADDR_000909,70.0,7,1
BUYER_01686,2025-09-03,ADDR_001947,70.0,4,0
BUYER_01687,2025-01-23,ADDR_000284,70.0,12,3
BUYER_01688,2025-06-26,ADDR_003946,70.0,17,2
BUYER_01689,2025-01-17,ADDR_004292,70.0,2,1
BUYER_01690,2025-02-11,ADDR_000143,70.0,4,0
BUYER_01691,2025-07-23,ADDR_000838,70.0,7,2
BUYER_01692,2025-01-23,ADDR_000835,70.0,7,1
BUYER_01693,2025-11-23,ADDR_004594,70.0,7,0
BUYER_01694,2025-06-22,ADDR_003912,70.0,12,1
BUYER_01695,2025-09-14,ADDR_001372,70.0,6,2
BUYER_01696,2025-03-05,ADDR_000226,70.0,7,2
BUYER_01697,2025-11-02,ADDR_002037,70.0,12,0
BUYER_01698,2025-07-02,ADDR_002892,70.0,6,0
BUYER_01699,2025-07-29,ADDR_000222,70.0,21,2
BUYER_01700,2025-08-28,ADDR_002268,70.0,9,1
BUYER_01701,2025-07-23,ADDR_002660,70.0,16,7
BUYER_01702,2025-07-31,ADDR_004856,70.0,10,1
BUYER_01703,2025-09-29,ADDR_000934,70.0,14,2
BUYER_01704,2025-10-19,ADDR_000907,70.0,9,1
BUYER_01705,2025-05-03,ADDR_004524,70.0,9,1
BUYER_01706,2025-11-26,ADDR_001581,70.0,12,1
BUYER_01707,2025-05-19,ADDR_004551,70.0,6,0
BUYER_01708,2025-04-20,ADDR_003895,70.0,26,0
BUYER_01709,2025-05-04,ADDR_001250,70.0,5,0
BUYER_01710,2025-05-21,ADDR_001657,70.0,20,0
BUYER_01711,2025-05-06,ADDR_003142,70.0,7,2
BUYER_01712,2025-10-31,ADDR_004314,70.0,16,1
BUYER_01713,2025-07-30,ADDR_000999,70.0,12,0
BUYER_01714,2025-12-10,ADDR_001465,70.0,21,2
BUYER_01715,2025-02-08,ADDR_003018,70.0,69,2
BUYER_01716,2025-08-17,ADDR_004256,70.0,51,4
BUYER_01717,2025-02-12,ADDR_001431,70.0,7,0
BUYER_01718,2025-06-25,ADDR_002314,70.0,10,1
BUYER_01719,2025-05-30,ADDR_003373,70.0,5,0
BUYER_01720,2025-09-08,ADDR_002105,70.0,10,0
BUYER_01721,2025-09-29,ADDR_003814,70.0,4,0
BUYER_01722,2025-04-08,ADDR_002549,70.0,12,0
BUYER_01723,2025-03-22,ADDR_004660,70.0,3,1
BUYER_01724,2025-06-11,ADDR_003555,70.0,25,1
BUYER_01725,2025-04-09,ADDR_004547,70.0,7,0
BUYER_01726,2025-09-07,ADDR_004255,70.0,4,0
BUYER_01727,2025-07-15,ADDR_002296,70.0,6,1
BUYER_01728,2025-10-26,ADDR_004441,70.0,9,1
BUYER_01729,2025-12-15,ADDR_000638,70.0,4,0
BUYER_01730,2025-05-28,ADDR_001399,70.0,26,1
BUYER_01731,2025-11-22,ADDR_000240,70.0,11,2
BUYER_01732,2025-10-10,ADDR_001975,70.0,6,1
BUYER_01733,2025-03-05,ADDR_003565,70.0,3,0
BUYER_01734,2025-10-29,ADDR_000549,70.0,10,1
BUYER_01735,2025-07-03,ADDR_000925,70.0,11,0
BUYER_01736,2025-09-17,ADDR_002021,70.0,14,2
BUYER_01737,2025-09-15,ADDR_000202,70.0,8,3
BUYER_01738,2025-11-14,ADDR_004013,70.0,4,2
BUYER_01739,2025-10-04,ADDR_004775,70.0,14,2
BUYER_01740,2025-10-25,ADDR_000272,70.0,7,0
BUYER_01741,2025-05-08,ADDR_000732,70.0,4,1
BUYER_01742,2025-12-12,ADDR_001974,70.0,8,0
BUYER_01743,2025-09-02,ADDR_001402,70.0,7,5
BUYER_01744,2025-10-09,ADDR_000481,70.0,6,0
BUYER_01745,2025-11-05,ADDR_002594,70.0,13,0
BUYER_01746,2025-02-24,ADDR_001819,70.0,1,0
BUYER_01747,2025-05-13,ADDR_004751,70.0,13,0
BUYER_01748,2025-10-29,ADDR_000111,70.0,6,1
BUYER_01749,2025-11-26,ADDR_002108,70.0,5,0
BUYER_01750,2025-10-03,ADDR_002267,70.0,6,0
BUYER_01751,2025-07-03,ADDR_001074,70.0,9,0
BUYER_01752,2025-04-13,ADDR_002924,70.0,3,0
BUYER_01753,2025-07-18,ADDR_004401,70.0,7,0
BUYER_01754,2025-06-04,ADDR_004598,70.0,15,2
BUYER_01755,2025-11-14,ADDR_003284,70.0,13,1
BUYER_01756,2025-08-01,ADDR_003346,70.0,4,2
BUYER_01757,2025-06-02,ADDR_000761,70.0,4,0
BUYER_01758,2025-07-09,ADDR_001950,70.0,3,0
BUYER_01759,2025-11-29,ADDR_000021,70.0,3,0
BUYER_01760,2025-08-16,ADDR_002768,70.0,14,1
BUYER_01761,2025-04-04,ADDR_003775,70.0,15,1
BUYER_01762,2025-07-09,ADDR_003311,70.0,3,0
BUYER_01763,2025-06-27,ADDR_000078,70.0,29,9
BUYER_01764,2025-05-04,ADDR_002754,70.0,20,2
BUYER_01765,2025-09-26,ADDR_004358,70.0,12,0
BUYER_01766,2025-04-19,ADDR_000696,70.0,6,0
BUYER_01767,2025-07-07,ADDR_002620,70.0,5,0
BUYER_01768,2025-06-19,ADDR_001238,70.0,14,1
BUYER_01769,2025-06-28,ADDR_004603,70.0,11,2
BUYER_01770,2025-08-01,ADDR_002725,70.0,3,1
BUYER_01771,2025-09-09,ADDR_003820,70.0,9,0
BUYER_01772,2025-03-03,ADDR_002596,70.0,9,1
BUYER_01773,2025-04-26,ADDR_004427,70.0,20,1
BUYER_01774,2025-10-08,ADDR_001422,70.0,4,0
BUYER_01775,2025-11-21,ADDR_003681,70.0,6,0
BUYER_01776,2025-01-22,ADDR_002125,70.0,7,0
BUYER_01777,2025-02-03,ADDR_002854,70.0,7,0
BUYER_01778,2025-11-29,ADDR_003395,70.0,5,1
BUYER_01779,2025-03-05,ADDR_000856,70.0,20,0
BUYER_01780,2025-12-14,ADDR_004591,70.0,4,1
BUYER_01781,2025-10-26,ADDR_004231,70.0,5,1
BUYER_01782,2025-02-22,ADDR_002025,70.0,4,0
BUYER_01783,2025-02-15,ADDR_002931,70.0,6,0
BUYER_01784,2025-12-13,ADDR_003284,70.0,16,0
BUYER_01785,2025-04-14,ADDR_002250,70.0,9,0
BUYER_01786,2025-07-22,ADDR_003143,70.0,13,1
BUYER_01787,2025-04-07,ADDR_002765,70.0,12,1
BUYER_01788,2025-08-12,ADDR_003858,70.0,7,0
BUYER_01789,2025-10-30,ADDR_001149,70.0,2,0
BUYER_01790,2025-08-31,ADDR_000020,70.0,9,0
BUYER_01791,2025-01-23,ADDR_002001,70.0,7,0
BUYER_01792,2025-08-10,ADDR_004081,70.0,6,3
BUYER_01793,2025-09-01,ADDR_000882,70.0,6,0
BUYER_01794,2025-03-25,ADDR_004262,70.0,7,0
BUYER_01795,2025-10-05,ADDR_002028,70.0,5,1
BUYER_01796,2025-08-21,ADDR_001032,70.0,4,0
BUYER_01797,2025-01-06,ADDR_002311,70.0,5,1
BUYER_01798,2025-12-05,ADDR_004017,70.0,9,0
BUYER_01799,2025-06-21,ADDR_004245,70.0,25,0
BUYER_01800,2025-04-06,ADDR_000858,70.0,12,1
BUYER_01801,2025-02-08,ADDR_001306,70.0,2,1
BUYER_01802,2025-05-27,ADDR_003992,70.0,9,2
BUYER_01803,2025-05-03,ADDR_004357,70.0,11,0
BUYER_01804,2025-04-30,ADDR_003937,70.0,14,1
BUYER_01805,2025-10-15,ADDR_003000,70.0,5,0
BUYER_01806,2025-08-27,ADDR_003849,70.0,3,0
BUYER_01807,2025-02-27,ADDR_000242,70.0,14,0
BUYER_01808,2025-09-17,ADDR_000097,70.0,6,0
BUYER_01809,2025-09-22,ADDR_002955,70.0,29,1
BUYER_01810,2025-07-14,ADDR_004737,70.0,3,0
BUYER_01811,2025-12-19,ADDR_001481,70.0,31,2
BUYER_01812,2025-04-24,ADDR_004782,70.0,3,0
BUYER_01813,2025-01-28,ADDR_004214,70.0,30,7
BUYER_01814,2025-01-15,ADDR_000696,70.0,9,0
BUYER_01815,2025-05-08,ADDR_002445,70.0,16,0
BUYER_01816,2025-07-08,ADDR_001094,70.0,12,0
BUYER_01817,2025-02-05,ADDR_000386,70.0,17,0
BUYER_01818,2025-08-01,ADDR_003419,70.0,10,1
BUYER_01819,2025-11-19,ADDR_000078,70.0,15,0
BUYER_01820,2025-10-16,ADDR_002770,70.0,4,0
BUYER_01821,2025-09-05,ADDR_003335,70.0,8,3
BUYER_01822,2025-09-02,ADDR_002138,70.0,3,0
BUYER_01823,2025-09-24,ADDR_000394,70.0,8,1
BUYER_01824,2025-07-07,ADDR_000342,70.0,10,2
BUYER_01825,2025-06-05,ADDR_000424,70.0,8,0
BUYER_01826,2025-05-03,ADDR_000211,70.0,18,1
BUYER_01827,2025-02-14,ADDR_004314,70.0,15,0
BUYER_01828,2025-07-30,ADDR_000822,70.0,13,3
BUYER_01829,2025-06-30,ADDR_000144,70.0,16,1
BUYER_01830,2025-02-22,ADDR_000693,70.0,24,1
BUYER_01831,2025-04-19,ADDR_003446,70.0,5,0
BUYER_01832,2025-10-13,ADDR_002914,70.0,6,1
BUYER_01833,2025-04-14,ADDR_003343,70.0,9,0
BUYER_01834,2025-06-14,ADDR_001717,70.0,4,2
BUYER_01835,2025-03-10,ADDR_001587,70.0,6,0
BUYER_01836,2025-03-13,ADDR_003324,70.0,3,0
BUYER_01837,2025-10-03,ADDR_000557,70.0,4,0
BUYER_01838,2025-01-31,ADDR_001951,70.0,21,1
BUYER_01839,2025-04-25,ADDR_000506,70.0,7,0
BUYER_01840,2025-12-14,ADDR_002098,70.0,2,0
BUYER_01841,2025-07-01,ADDR_000904,70.0,10,1
BUYER_01842,2025-08-14,ADDR_004208,70.0,6,1
BUYER_01843,2025-08-26,ADDR_003350,70.0,2,0
BUYER_01844,2025-03-23,ADDR_003253,70.0,5,1
BUYER_01845,2025-05-25,ADDR_001861,70.0,6,0
BUYER_01846,2025-06-05,ADDR_003491,70.0,9,1
BUYER_01847,2025-04-05,ADDR_004126,70.0,5,1
BUYER_01848,2025-04-06,ADDR_002768,70.0,17,2
BUYER_01849,2025-08-15,ADDR_000511,70.0,7,0
BUYER_01850,2025-02-17,ADDR_003436,70.0,41,3
BUYER_01851,2025-02-26,ADDR_000533,70.0,16,2
BUYER_01852,2025-08-03,ADDR_002244,70.0,23,3
BUYER_01853,2025-06-22,ADDR_000977,70.0,20,6
BUYER_01854,2025-08-16,ADDR_000248,70.0,3,0
BUYER_01855,2025-01-14,ADDR_003779,70.0,20,0
BUYER_01856,2025-09-16,ADDR_003193,70.0,51,3
BUYER_01857,2025-11-02,ADDR_002024,70.0,27,5
BUYER_01858,2025-07-17,ADDR_001888,70.0,10,0
BUYER_01859,2025-10-30,ADDR_003180,70.0,4,0
BUYER_01860,2025-06-05,ADDR_002630,70.0,18,2
BUYER_01861,2025-02-06,ADDR_001150,70.0,6,0
BUYER_01862,2025-05-28,ADDR_004744,70.0,10,0
BUYER_01863,2025-06-21,ADDR_000065,70.0,15,0
BUYER_01864,2025-11-07,ADDR_002733,70.0,18,1
BUYER_01865,2025-05-13,ADDR_003968,70.0,5,0
BUYER_01866,2025-05-06,ADDR_002515,70.0,16,0
BUYER_01867,2025-11-15,ADDR_002045,70.0,12,1
BUYER_01868,2025-04-13,ADDR_003674,70.0,7,0
BUYER_01869,2025-08-26,ADDR_001035,70.0,6,2
BUYER_01870,2025-05-10,ADDR_000040,70.0,11,1
BUYER_01871,2025-12-05,ADDR_003118,70.0,27,1
BUYER_01872,2025-03-21,ADDR_001371,70.0,6,0
BUYER_01873,2025-09-22,ADDR_001267,70.0,15,0
BUYER_01874,2025-07-26,ADDR_000959,70.0,5,1
BUYER_01875,2025-12-14,ADDR_000734,70.0,6,0
BUYER_01876,2025-12-19,ADDR_000472,70.0,8,0
BUYER_01877,2025-10-15,ADDR_003048,70.0,7,0
BUYER_01878,2025-02-15,ADDR_000602,70.0,7,2
BUYER_01879,2025-06-29,ADDR_002538,70.0,5,1
BUYER_01880,2025-11-04,ADDR_000551,70.0,5,0
BUYER_01881,2025-08-25,ADDR_003878,70.0,6,0
BUYER_01882,2025-11-12,ADDR_003354,70.0,13,4
BUYER_01883,2025-10-17,ADDR_001446,70.0,10,0
BUYER_01884,2025-05-05,ADDR_003639,70.0,14,1
BUYER_01885,2025-03-23,ADDR_001115,70.0,18,1
BUYER_01886,2025-05-08,ADDR_003166,70.0,8,1
BUYER_01887,2025-09-13,ADDR_003170,70.0,5,0
BUYER_01888,2025-07-03,ADDR_002160,70.0,5,0
BUYER_01889,2025-01-22,ADDR_003470,70.0,24,7
BUYER_01890,2025-09-28,ADDR_004692,70.0,15,1
BUYER_01891,2025-01-22,ADDR_002046,70.0,23,2
BUYER_01892,2025-06-08,ADDR_001402,70.0,18,4
BUYER_01893,2025-06-26,ADDR_002189,70.0,7,0
BUYER_01894,2025-07-10,ADDR_002811,70.0,11,0
BUYER_01895,2025-03-01,ADDR_000611,70.0,9,0
BUYER_01896,2025-09-30,ADDR_004751,70.0,37,2
BUYER_01897,2025-11-02,ADDR_002323,70.0,12,0
BUYER_01898,2025-09-14,ADDR_004771,70.0,24,0
BUYER_01899,2025-12-05,ADDR_004758,70.0,9,0
BUYER_01900,2025-04-15,ADDR_000315,70.0,20,1
BUYER_01901,2025-03-10,ADDR_000562,70.0,10,0
BUYER_01902,2025-02-01,ADDR_000898,70.0,5,1
BUYER_01903,2025-09-21,ADDR_001481,70.0,20,7
BUYER_01904,2025-03-10,ADDR_001750,70.0,5,1
BUYER_01905,2025-12-01,ADDR_000091,70.0,7,0
BUYER_01906,2025-08-11,ADDR_002793,70.0,14,0
BUYER_01907,2025-10-18,ADDR_001610,70.0,11,2
BUYER_01908,2025-06-17,ADDR_004174,70.0,6,0
BUYER_01909,2025-09-26,ADDR_003767,70.0,8,0
BUYER_01910,2025-06-20,ADDR_004181,70.0,20,0
BUYER_01911,2025-07-22,ADDR_002807,70.0,5,1
BUYER_01912,2025-10-08,ADDR_003444,70.0,1,0
BUYER_01913,2025-04-08,ADDR_000401,70.0,17,0
BUYER_01914,2025-11-13,ADDR_003760,70.0,6,0
BUYER_01915,2025-09-20,ADDR_002236,70.0,6,0
BUYER_01916,2025-09-30,ADDR_000021,70.0,14,3
BUYER_01917,2025-04-08,ADDR_000656,70.0,6,1
BUYER_01918,2025-02-10,ADDR_001525,70.0,7,0
BUYER_01919,2025-02-03,ADDR_001848,70.0,18,0
BUYER_01920,2025-08-28,ADDR_001032,70.0,13,2
BUYER_01921,2025-03-06,ADDR_003806,70.0,8,0
BUYER_01922,2025-12-20,ADDR_002212,70.0,4,0
BUYER_01923,2025-12-08,ADDR_001278,70.0,4,0
BUYER_01924,2025-01-15,ADDR_003334,70.0,15,1
BUYER_01925,2025-09-23,ADDR_004771,70.0,12,1
BUYER_01926,2025-04-16,ADDR_003855,70.0,4,0
BUYER_01927,2025-05-15,ADDR_002476,70.0,9,2
BUYER_01928,2025-04-09,ADDR_003709,70.0,2,0
BUYER_01929,2025-10-27,ADDR_004223,70.0,13,1
BUYER_01930,2025-11-16,ADDR_000392,70.0,10,2
BUYER_01931,2025-01-20,ADDR_000601,70.0,5,0
BUYER_01932,2025-04-19,ADDR_003616,70.0,17,1
BUYER_01933,2025-06-22,ADDR_002724,70.0,10,0
BUYER_01934,2025-07-17,ADDR_001191,70.0,6,0
BUYER_01935,2025-02-09,ADDR_000152,70.0,6,0
BUYER_01936,2025-10-27,ADDR_004729,70.0,6,1
BUYER_01937,2025-11-29,ADDR_000462,70.0,14,0
BUYER_01938,2025-06-06,ADDR_001232,70.0,12,4
BUYER_01939,2025-11-05,ADDR_001092,70.0,6,0
BUYER_01940,2025-09-06,ADDR_001958,70.0,3,0
BUYER_01941,2025-08-09,ADDR_003562,70.0,7,0
BUYER_01942,2025-10-23,ADDR_002089,70.0,10,0
BUYER_01943,2025-06-30,ADDR_000203,70.0,4,0
BUYER_01944,2025-07-25,ADDR_000008,70.0,4,0
BUYER_01945,2025-04-21,ADDR_004678,70.0,7,0
BUYER_01946,2025-09-18,ADDR_001246,70.0,9,1
BUYER_01947,2025-03-09,ADDR_002116,70.0,12,2
BUYER_01948,2025-04-10,ADDR_000909,70.0,16,1
BUYER_01949,2025-07-02,ADDR_004151,70.0,2,0
BUYER_01950,2025-05-31,ADDR_001406,70.0,16,5
BUYER_01951,2025-04-08,ADDR_001098,70.0,9,0
BUYER_01952,2025-03-22,ADDR_002165,70.0,5,0
BUYER_01953,2025-11-06,ADDR_001672,70.0,14,2
BUYER_01954,2025-08-09,ADDR_003470,70.0,2,0
BUYER_01955,2025-05-28,ADDR_003598,70.0,2,0
BUYER_01956,2025-11-01,ADDR_001287,70.0,30,0
BUYER_01957,2025-10-25,ADDR_001877,70.0,3,0
BUYER_01958,2025-02-18,ADDR_003616,70.0,9,0
BUYER_01959,2025-08-01,ADDR_002512,70.0,3,0
BUYER_01960,2025-05-02,ADDR_002727,70.0,5,0
BUYER_01961,2025-07-23,ADDR_004005,70.0,4,2
BUYER_01962,2025-09-20,ADDR_003226,70.0,15,1
BUYER_01963,2025-01-05,ADDR_003222,70.0,2,0
BUYER_01964,2025-07-14,ADDR_002383,70.0,7,0
BUYER_01965,2025-04-27,ADDR_004137,70.0,4,1
BUYER_01966,2025-07-21,ADDR_000113,70.0,4,0
BUYER_01967,2025-02-18,ADDR_000428,70.0,13,0
BUYER_01968,2025-10-23,ADDR_003917,70.0,4,1
BUYER_01969,2025-07-24,ADDR_003009,70.0,7,0
BUYER_01970,2025-03-29,ADDR_001384,70.0,10,1
BUYER_01971,2025-10-07,ADDR_002975,70.0,8,0
BUYER_01972,2025-01-19,ADDR_000529,70.0,12,0
BUYER_01973,2025-08-10,ADDR_003005,70.0,16,0
BUYER_01974,2025-07-10,ADDR_001788,70.0,9,1
BUYER_01975,2025-01-20,ADDR_002914,70.0,6,0
BUYER_01976,2025-04-12,ADDR_001687,70.0,7,0
BUYER_01977,2025-02-05,ADDR_003582,70.0,6,0
BUYER_01978,2025-09-25,ADDR_000552,70.0,15,2
BUYER_01979,2025-09-16,ADDR_004177,70.0,5,1
BUYER_01980,2025-02-10,ADDR_002448,70.0,9,0
BUYER_01981,2025-02-18,ADDR_001136,70.0,12,0
BUYER_01982,2025-11-12,ADDR_004762,70.0,5,0
BUYER_01983,2025-03-25,ADDR_000517,70.0,3,0
BUYER_01984,2025-05-02,ADDR_002658,70.0,13,3
BUYER_01985,2025-09-09,ADDR_000366,70.0,8,0
BUYER_01986,2025-01-29,ADDR_004452,70.0,7,0
BUYER_01987,2025-12-04,ADDR_000784,70.0,7,0
BUYER_01988,2025-01-12,ADDR_001246,70.0,8,1
BUYER_01989,2025-11-02,ADDR_003246,70.0,10,0
BUYER_01990,2025-05-22,ADDR_004379,70.0,7,1
BUYER_01991,2025-03-06,ADDR_002061,70.0,5,0
BUYER_01992,2025-05-28,ADDR_001288,70.0,11,1
BUYER_01993,2025-12-12,ADDR_001729,70.0,12,0
BUYER_01994,2025-07-19,ADDR_004541,70.0,5,1
BUYER_01995,2025-01-28,ADDR_004504,70.0,2,0
BUYER_01996,2025-12-02,ADDR_000606,70.0,16,3
BUYER_01997,2025-03-03,ADDR_004455,70.0,14,3
BUYER_01998,2025-01-26,ADDR_001356,70.0,13,0
BUYER_01999,2025-01-22,ADDR_002667,70.0,6,0
BUYER_02000,2025-10-26,ADDR_001264,70.0,17,2
BUYER_02001,2025-03-07,ADDR_000089,70.0,10,0
BUYER_02002,2025-03-17,ADDR_003837,70.0,6,0
BUYER_02003,2025-12-03,ADDR_001338,70.0,5,0
BUYER_02004,2025-08-16,ADDR_001702,70.0,24,1
BUYER_02005,2025-04-25,ADDR_002276,70.0,9,1
BUYER_02006,2025-08-07,ADDR_000333,70.0,8,0
BUYER_02007,2025-04-10,ADDR_002034,70.0,4,0
BUYER_02008,2025-07-07,ADDR_000662,70.0,13,0
BUYER_02009,2025-05-13,ADDR_000034,70.0,7,3
BUYER_02010,2025-08-20,ADDR_001916,70.0,26,1
BUYER_02011,2025-10-04,ADDR_003754,70.0,9,0
BUYER_02012,2025-05-18,ADDR_003005,70.0,11,2
BUYER_02013,2025-03-03,ADDR_002170,70.0,4,0
BUYER_02014,2025-05-20,ADDR_003731,70.0,3,0
BUYER_02015,2025-10-03,ADDR_001103,70.0,4,1
BUYER_02016,2025-10-13,ADDR_003150,70.0,5,0
BUYER_02017,2025-10-12,ADDR_000121,70.0,3,0
BUYER_02018,2025-12-12,ADDR_001644,70.0,4,0
BUYER_02019,2025-10-25,ADDR_002215,70.0,3,0
BUYER_02020,2025-12-10,ADDR_003316,70.0,10,0
BUYER_02021,2025-08-21,ADDR_001552,70.0,13,1
BUYER_02022,2025-04-05,ADDR_002988,70.0,4,0
BUYER_02023,2025-08-15,ADDR_001142,70.0,21,3
BUYER_02024,2025-03-24,ADDR_002651,70.0,10,0
BUYER_02025,2025-02-08,ADDR_000562,70.0,8,1
BUYER_02026,2025-05-01,ADDR_002209,70.0,9,0
BUYER_02027,2025-05-23,ADDR_002489,70.0,26,3
BUYER_02028,2025-09-17,ADDR_004094,70.0,12,0
BUYER_02029,2025-05-23,ADDR_001858,70.0,17,1
BUYER_02030,2025-01-02,ADDR_001473,70.0,63,5
BUYER_02031,2025-11-24,ADDR_000199,70.0,6,0
BUYER_02032,2025-08-08,ADDR_002749,70.0,7,0
BUYER_02033,2025-03-29,ADDR_004021,70.0,11,1
BUYER_02034,2025-04-13,ADDR_004407,70.0,4,0
BUYER_02035,2025-02-24,ADDR_004001,70.0,5,1
BUYER_02036,2025-11-21,ADDR_002258,70.0,4,0
BUYER_02037,2025-04-05,ADDR_002425,70.0,27,8
BUYER_02038,2025-12-02,ADDR_004396,70.0,11,0
BUYER_02039,2025-04-17,ADDR_004152,70.0,6,0
BUYER_02040,2025-10-17,ADDR_003110,70.0,4,0
BUYER_02041,2025-01-06,ADDR_002380,70.0,12,0
BUYER_02042,2025-07-03,ADDR_000343,70.0,15,1
BUYER_02043,2025-05-25,ADDR_000836,70.0,6,2
BUYER_02044,2025-05-13,ADDR_002619,70.0,15,0
BUYER_02045,2025-12-18,ADDR_002562,70.0,5,1
BUYER_02046,2025-09-21,ADDR_002846,70.0,18,1
BUYER_02047,2025-04-14,ADDR_001547,70.0,11,0
BUYER_02048,2025-10-02,ADDR_001123,70.0,6,2
BUYER_02049,2025-02-26,ADDR_002239,70.0,3,0
BUYER_02050,2025-11-27,ADDR_004349,70.0,8,1
BUYER_02051,2025-06-14,ADDR_004804,70.0,11,0
BUYER_02052,2025-03-21,ADDR_000259,70.0,28,1
BUYER_02053,2025-04-20,ADDR_001759,70.0,6,0
BUYER_02054,2025-03-08,ADDR_002580,70.0,7,2
BUYER_02055,2025-11-28,ADDR_001068,70.0,4,0
BUYER_02056,2025-05-02,ADDR_001748,70.0,11,2
BUYER_02057,2025-03-03,ADDR_000636,70.0,6,0
BUYER_02058,2025-10-21,ADDR_002296,70.0,4,0
BUYER_02059,2025-03-30,ADDR_004375,70.0,6,0
BUYER_02060,2025-02-12,ADDR_004596,70.0,6,0
BUYER_02061,2025-09-04,ADDR_002892,70.0,4,0
BUYER_02062,2025-01-05,ADDR_003151,70.0,9,1
BUYER_02063,2025-10-28,ADDR_004491,70.0,5,0
BUYER_02064,2025-07-30,ADDR_000042,70.0,5,0
BUYER_02065,2025-04-11,ADDR_000305,70.0,7,1
BUYER_02066,2025-06-30,ADDR_001929,70.0,2,0
BUYER_02067,2025-04-17,ADDR_003725,70.0,7,0
BUYER_02068,2025-07-20,ADDR_001702,70.0,6,0
BUYER_02069,2025-08-03,ADDR_001453,70.0,4,0
BUYER_02070,2025-10-08,ADDR_001401,70.0,27,4
BUYER_02071,2025-06-28,ADDR_001237,70.0,10,0
BUYER_02072,2025-10-13,ADDR_004430,70.0,4,1
BUYER_02073,2025-02-02,ADDR_001096,70.0,3,0
BUYER_02074,2025-11-25,ADDR_001811,70.0,4,0
BUYER_02075,2025-03-19,ADDR_000665,70.0,19,1
BUYER_02076,2025-10-29,ADDR_004651,70.0,2,0
BUYER_02077,2025-07-07,ADDR_000327,70.0,10,0
BUYER_02078,2025-02-16,ADDR_002510,70.0,3,0
BUYER_02079,2025-05-22,ADDR_000767,70.0,9,0
BUYER_02080,2025-11-24,ADDR_002015,70.0,36,9
BUYER_02081,2025-10-28,ADDR_002912,70.0,17,3
BUYER_02082,2025-09-22,ADDR_003456,70.0,10,0
BUYER_02083,2025-05-29,ADDR_002819,70.0,6,1
BUYER_02084,2025-08-08,ADDR_002115,70.0,13,1
BUYER_02085,2025-04-06,ADDR_001808,70.0,4,1
BUYER_02086,2025-08-28,ADDR_003973,70.0,4,0
BUYER_02087,2025-04-16,ADDR_003365,70.0,8,0
BUYER_02088,2025-10-27,ADDR_003326,70.0,26,2
BUYER_02089,2025-09-16,ADDR_003809,70.0,9,1
BUYER_02090,2025-05-31,ADDR_001090,70.0,17,1
BUYER_02091,2025-09-01,ADDR_004851,70.0,5,1
BUYER_02092,2025-05-09,ADDR_004551,70.0,8,0
BUYER_02093,2025-03-08,ADDR_002176,70.0,3,0
BUYER_02094,2025-04-07,ADDR_001009,70.0,8,0
BUYER_02095,2025-04-20,ADDR_001854,70.0,5,0
BUYER_02096,2025-04-04,ADDR_001924,70.0,18,0
BUYER_02097,2025-09-07,ADDR_004817,70.0,12,1
BUYER_02098,2025-09-27,ADDR_001429,70.0,12,0
BUYER_02099,2025-06-25,ADDR_004663,70.0,18,6
BUYER_02100,2025-12-17,ADDR_001143,70.0,6,0
BUYER_02101,2025-11-16,ADDR_004588,70.0,1,0
BUYER_02102,2025-02-09,ADDR_004604,70.0,2,0
BUYER_02103,2025-06-26,ADDR_003013,70.0,6,0
BUYER_02104,2025-11-21,ADDR_001769,70.0,3,0
BUYER_02105,2025-04-01,ADDR_003057,70.0,4,1
BUYER_02106,2025-05-28,ADDR_004511,70.0,5,1
BUYER_02107,2025-12-04,ADDR_004593,70.0,8,2
BUYER_02108,2025-10-09,ADDR_002264,70.0,1,0
BUYER_02109,2025-10-28,ADDR_002375,70.0,11,0
BUYER_02110,2025-11-12,ADDR_001654,70.0,11,1
BUYER_02111,2025-03-14,ADDR_001056,70.0,7,0
BUYER_02112,2025-09-14,ADDR_003235,70.0,6,1
BUYER_02113,2025-10-18,ADDR_003240,70.0,25,1
BUYER_02114,2025-04-04,ADDR_001322,70.0,7,1
BUYER_02115,2025-01-22,ADDR_004168,70.0,1,0
BUYER_02116,2025-03-17,ADDR_000474,70.0,17,2
BUYER_02117,2025-09-28,ADDR_000277,70.0,3,1
BUYER_02118,2025-09-12,ADDR_004458,70.0,7,0
BUYER_02119,2025-11-16,ADDR_000556,70.0,22,5
BUYER_02120,2025-05-06,ADDR_002048,70.0,4,0
BUYER_02121,2025-08-19,ADDR_004366,70.0,6,1
BUYER_02122,2025-01-14,ADDR_002179,70.0,11,0
BUYER_02123,2025-11-30,ADDR_001490,70.0,6,1
BUYER_02124,2025-07-28,ADDR_000201,70.0,12,1
BUYER_02125,2025-09-30,ADDR_003447,70.0,5,0
BUYER_02126,2025-04-24,ADDR_001584,70.0,5,0
BUYER_02127,2025-02-07,ADDR_000583,70.0,7,0
BUYER_02128,2025-01-30,ADDR_002349,70.0,6,0
BUYER_02129,2025-10-22,ADDR_000844,70.0,10,1
BUYER_02130,2025-03-06,ADDR_004231,70.0,14,1
BUYER_02131,2025-10-25,ADDR_003699,70.0,18,1
BUYER_02132,2025-04-18,ADDR_004849,70.0,3,0
BUYER_02133,2025-07-23,ADDR_004847,70.0,6,1
BUYER_02134,2025-04-17,ADDR_004144,70.0,7,0
BUYER_02135,2025-01-24,ADDR_002485,70.0,15,0
BUYER_02136,2025-07-24,ADDR_000842,70.0,13,0
BUYER_02137,2025-05-24,ADDR_000212,70.0,4,1
BUYER_02138,2025-06-17,ADDR_000453,70.0,30,0
BUYER_02139,2025-08-13,ADDR_001159,70.0,7,4
BUYER_02140,2025-05-05,ADDR_004370,70.0,39,2
BUYER_02141,2025-07-31,ADDR_001052,70.0,4,0
BUYER_02142,2025-08-31,ADDR_000459,70.0,5,0
BUYER_02143,2025-02-10,ADDR_004629,70.0,22,0
BUYER_02144,2025-05-18,ADDR_002156,70.0,6,0
BUYER_02145,2025-02-10,ADDR_002074,70.0,8,0
BUYER_02146,2025-01-05,ADDR_001492,70.0,17,1
BUYER_02147,2025-01-25,ADDR_004690,70.0,11,0
BUYER_02148,2025-08-09,ADDR_001723,70.0,32,2
BUYER_02149,2025-02-08,ADDR_004254,70.0,5,1
BUYER_02150,2025-11-08,ADDR_004911,70.0,9,1
BUYER_02151,2025-10-04,ADDR_002231,70.0,5,0
BUYER_02152,2025-01-06,ADDR_003468,70.0,13,2
BUYER_02153,2025-08-03,ADDR_000123,70.0,15,1
BUYER_02154,2025-01-06,ADDR_003869,70.0,11,0
BUYER_02155,2025-02-18,ADDR_004816,70.0,4,0
BUYER_02156,2025-12-17,ADDR_000966,70.0,11,1
BUYER_02157,2025-06-24,ADDR_003332,70.0,4,0
BUYER_02158,2025-01-14,ADDR_000217,70.0,5,2
BUYER_02159,2025-11-02,ADDR_004237,70.0,6,0
BUYER_02160,2025-11-24,ADDR_001207,70.0,8,0
BUYER_02161,2025-07-26,ADDR_002045,70.0,11,1
BUYER_02162,2025-09-16,ADDR_001663,70.0,5,0
BUYER_02163,2025-10-11,ADDR_001491,70.0,6,2
BUYER_02164,2025-09-26,ADDR_000818,70.0,29,1
BUYER_02165,2025-07-07,ADDR_002021,70.0,7,2
BUYER_02166,2025-10-28,ADDR_004575,70.0,10,0
BUYER_02167,2025-07-19,ADDR_001766,70.0,5,0
BUYER_02168,2025-04-16,ADDR_003967,70.0,36,4
BUYER_02169,2025-01-03,ADDR_003411,70.0,5,0
BUYER_02170,2025-05-21,ADDR_003946,70.0,6,0
BUYER_02171,2025-02-07,ADDR_002834,70.0,6,0
BUYER_02172,2025-01-30,ADDR_001838,70.0,6,0
BUYER_02173,2025-06-29,ADDR_001271,70.0,13,0
BUYER_02174,2025-12-03,ADDR_001386,70.0,6,2
BUYER_02175,2025-02-16,ADDR_002611,70.0,11,0
BUYER_02176,2025-04-21,ADDR_002000,70.0,28,2
BUYER_02177,2025-10-27,ADDR_004047,70.0,3,0
BUYER_02178,2025-06-05,ADDR_001826,70.0,5,0
BUYER_02179,2025-10-04,ADDR_004738,70.0,4,0
BUYER_02180,2025-07-24,ADDR_003184,70.0,7,0
BUYER_02181,2025-08-13,ADDR_004417,70.0,5,0
BUYER_02182,2025-03-10,ADDR_004594,70.0,10,1
BUYER_02183,2025-05-19,ADDR_003055,70.0,1,1
BUYER_02184,2025-08-19,ADDR_000453,70.0,14,1
BUYER_02185,2025-01-14,ADDR_004778,70.0,4,0
BUYER_02186,2025-03-20,ADDR_002367,70.0,8,0
BUYER_02187,2025-05-31,ADDR_001856,70.0,2,0
BUYER_02188,2025-09-06,ADDR_002047,70.0,16,3
BUYER_02189,2025-07-12,ADDR_000435,70.0,2,0
BUYER_02190,2025-09-20,ADDR_003287,70.0,3,0
BUYER_02191,2025-09-23,ADDR_000235,70.0,8,0
BUYER_02192,2025-01-16,ADDR_003567,70.0,3,0
BUYER_02193,2025-11-19,ADDR_004125,70.0,4,0
BUYER_02194,2025-10-25,ADDR_004740,70.0,27,0
BUYER_02195,2025-04-20,ADDR_001898,70.0,9,0
BUYER_02196,2025-07-04,ADDR_003332,70.0,5,0
BUYER_02197,2025-05-03,ADDR_001882,70.0,4,0
BUYER_02198,2025-11-21,ADDR_000473,70.0,11,0
BUYER_02199,2025-05-30,ADDR_002270,70.0,11,1
BUYER_02200,2025-06-03,ADDR_001598,70.0,5,0
BUYER_02201,2025-11-22,ADDR_000055,70.0,2,0
BUYER_02202,2025-08-12,ADDR_000041,70.0,4,1
BUYER_02203,2025-03-01,ADDR_002616,70.0,1,0
BUYER_02204,2025-08-21,ADDR_003780,70.0,3,0
BUYER_02205,2025-10-15,ADDR_002943,70.0,9,0
BUYER_02206,2025-05-14,ADDR_001231,70.0,17,2
BUYER_02207,2025-07-18,ADDR_002234,70.0,15,0
BUYER_02208,2025-08-21,ADDR_004780,70.0,9,0
BUYER_02209,2025-07-13,ADDR_004148,70.0,12,1
BUYER_02210,2025-12-20,ADDR_000593,70.0,2,0
BUYER_02211,2025-07-12,ADDR_003187,70.0,10,1
BUYER_02212,2025-08-27,ADDR_003092,70.0,2,0
BUYER_02213,2025-10-15,ADDR_001805,70.0,3,0
BUYER_02214,2025-03-01,ADDR_001804,70.0,7,0
BUYER_02215,2025-01-22,ADDR_003559,70.0,29,3
BUYER_02216,2025-12-12,ADDR_001184,70.0,4,0
BUYER_02217,2025-09-25,ADDR_001582,70.0,3,0
BUYER_02218,2025-06-02,ADDR_004589,70.0,10,0
BUYER_02219,2025-01-10,ADDR_004150,70.0,11,0
BUYER_02220,2025-03-12,ADDR_000260,70.0,3,0
BUYER_02221,2025-01-06,ADDR_001386,70.0,8,4
BUYER_02222,2025-06-03,ADDR_002182,70.0,4,3
BUYER_02223,2025-07-28,ADDR_003299,70.0,11,2
BUYER_02224,2025-03-10,ADDR_004573,70.0,9,1
BUYER_02225,2025-08-25,ADDR_002054,70.0,8,0
BUYER_02226,2025-12-06,ADDR_000458,70.0,6,0
BUYER_02227,2025-12-17,ADDR_000500,70.0,9,0
BUYER_02228,2025-10-28,ADDR_003918,70.0,4,0
BUYER_02229,2025-06-20,ADDR_003117,70.0,23,1
BUYER_02230,2025-07-25,ADDR_002239,70.0,30,1
BUYER_02231,2025-07-10,ADDR_001896,70.0,13,3
BUYER_02232,2025-03-08,ADDR_002464,70.0,3,0
BUYER_02233,2025-11-04,ADDR_003056,70.0,25,0
BUYER_02234,2025-09-06,ADDR_003534,70.0,3,0
BUYER_02235,2025-08-25,ADDR_002405,70.0,12,1
BUYER_02236,2025-04-01,ADDR_000454,70.0,13,1
BUYER_02237,2025-03-07,ADDR_000205,70.0,9,1
BUYER_02238,2025-11-10,ADDR_001697,70.0,15,1
BUYER_02239,2025-03-17,ADDR_001014,70.0,22,0
BUYER_02240,2025-02-03,ADDR_002657,70.0,3,1
BUYER_02241,2025-08-21,ADDR_003467,70.0,17,1
BUYER_02242,2025-09-16,ADDR_001247,70.0,5,1
BUYER_02243,2025-02-22,ADDR_002314,70.0,8,0
BUYER_02244,2025-03-27,ADDR_001243,70.0,4,0
BUYER_02245,2025-10-13,ADDR_002959,70.0,6,1
BUYER_02246,2025-11-28,ADDR_001871,70.0,8,0
BUYER_02247,2025-07-01,ADDR_000011,70.0,6,0
BUYER_02248,2025-10-14,ADDR_003292,70.0,9,1
BUYER_02249,2025-05-07,ADDR_001498,70.0,6,0
BUYER_02250,2025-09-15,ADDR_003701,70.0,6,2
BUYER_02251,2025-07-29,ADDR_003313,70.0,7,0
BUYER_02252,2025-10-31,ADDR_000965,70.0,5,0
BUYER_02253,2025-10-09,ADDR_004390,70.0,21,5
BUYER_02254,2025-04-25,ADDR_000110,70.0,3,0
BUYER_02255,2025-03-05,ADDR_002596,70.0,24,5
BUYER_02256,2025-10-20,ADDR_003972,70.0,6,2
BUYER_02257,2025-01-17,ADDR_002676,70.0,3,1
BUYER_02258,2025-09-07,ADDR_002759,70.0,3,0
BUYER_02259,2025-07-01,ADDR_002328,70.0,5,0
BUYER_02260,2025-02-04,ADDR_000297,70.0,7,0
BUYER_02261,2025-09-11,ADDR_003358,70.0,10,1
BUYER_02262,2025-07-03,ADDR_004716,70.0,26,3
BUYER_02263,2025-11-06,ADDR_003610,70.0,3,0
BUYER_02264,2025-03-28,ADDR_000290,70.0,12,0
BUYER_02265,2025-01-02,ADDR_001092,70.0,13,2
BUYER_02266,2025-02-26,ADDR_004121,70.0,4,0
BUYER_02267,2025-04-19,ADDR_003534,70.0,11,0
BUYER_02268,2025-08-29,ADDR_001814,70.0,23,1
BUYER_02269,2025-05-23,ADDR_001207,70.0,18,3
BUYER_02270,2025-02-21,ADDR_002288,70.0,5,0
BUYER_02271,2025-12-15,ADDR_000157,70.0,21,0
BUYER_02272,2025-02-17,ADDR_000443,70.0,9,1
BUYER_02273,2025-05-20,ADDR_000369,70.0,7,1
BUYER_02274,2025-11-11,ADDR_004083,70.0,6,0
BUYER_02275,2025-08-30,ADDR_000230,70.0,13,1
BUYER_02276,2025-05-07,ADDR_002735,70.0,8,1
BUYER_02277,2025-12-11,ADDR_001386,70.0,11,0
BUYER_02278,2025-07-10,ADDR_003744,70.0,6,1
BUYER_02279,2025-01-05,ADDR_000629,70.0,7,2
BUYER_02280,2025-01-04,ADDR_004506,70.0,10,0
BUYER_02281,2025-12-02,ADDR_000421,70.0,10,0
BUYER_02282,2025-04-24,ADDR_001877,70.0,6,0
BUYER_02283,2025-10-21,ADDR_000730,70.0,8,0
BUYER_02284,2025-01-22,ADDR_000146,70.0,6,1
BUYER_02285,2025-03-05,ADDR_000189,70.0,8,3
BUYER_02286,2025-11-05,ADDR_003865,70.0,3,0
BUYER_02287,2025-12-19,ADDR_001700,70.0,5,0
BUYER_02288,2025-01-25,ADDR_002062,70.0,16,2
BUYER_02289,2025-03-12,ADDR_004072,70.0,9,1
BUYER_02290,2025-09-22,ADDR_001295,70.0,8,0
BUYER_02291,2025-07-19,ADDR_002741,70.0,3,1
BUYER_02292,2025-06-07,ADDR_001477,70.0,8,0
BUYER_02293,2025-03-23,ADDR_000321,70.0,6,0
BUYER_02294,2025-12-03,ADDR_000342,70.0,5,0
BUYER_02295,2025-03-14,ADDR_000304,70.0,21,1
BUYER_02296,2025-04-18,ADDR_004194,70.0,2,0
BUYER_02297,2025-05-09,ADDR_002127,70.0,8,0
BUYER_02298,2025-03-01,ADDR_004292,70.0,16,1
BUYER_02299,2025-07-22,ADDR_000853,70.0,16,0
BUYER_02300,2025-05-15,ADDR_002673,70.0,11,0
BUYER_02301,2025-08-15,ADDR_001846,70.0,9,0
BUYER_02302,2025-05-24,ADDR_004912,70.0,7,0
BUYER_02303,2025-02-21,ADDR_001666,70.0,10,1
BUYER_02304,2025-11-10,ADDR_003819,70.0,8,1
BUYER_02305,2025-07-12,ADDR_002444,70.0,7,2
BUYER_02306,2025-05-08,ADDR_001983,70.0,8,0
BUYER_02307,2025-01-09,ADDR_004242,70.0,17,2
BUYER_02308,2025-08-11,ADDR_003191,70.0,8,2
BUYER_02309,2025-10-11,ADDR_002370,70.0,5,1
BUYER_02310,2025-08-29,ADDR_000273,70.0,4,0
BUYER_02311,2025-10-13,ADDR_000366,70.0,9,1
BUYER_02312,2025-03-08,ADDR_002963,70.0,2,0
BUYER_02313,2025-12-11,ADDR_004113,70.0,16,1
BUYER_02314,2025-03-29,ADDR_002998,70.0,4,1
BUYER_02315,2025-04-18,ADDR_004395,70.0,10,0
BUYER_02316,2025-07-13,ADDR_003906,70.0,20,1
BUYER_02317,2025-01-04,ADDR_003439,70.0,12,0
BUYER_02318,2025-06-19,ADDR_001354,70.0,22,1
BUYER_02319,2025-03-23,ADDR_003253,70.0,43,2
BUYER_02320,2025-09-30,ADDR_000907,70.0,14,0
BUYER_02321,2025-10-03,ADDR_004520,70.0,3,0
BUYER_02322,2025-08-17,ADDR_000445,70.0,22,1
BUYER_02323,2025-06-12,ADDR_000005,70.0,11,0
BUYER_02324,2025-05-04,ADDR_002407,70.0,18,1
BUYER_02325,2025-10-26,ADDR_000364,70.0,17,0
BUYER_02326,2025-07-12,ADDR_000923,70.0,4,0
BUYER_02327,2025-07-08,ADDR_003806,70.0,19,8
BUYER_02328,2025-02-19,ADDR_002949,70.0,4,1
BUYER_02329,2025-04-01,ADDR_000803,70.0,6,0
BUYER_02330,2025-05-22,ADDR_000695,70.0,2,0
BUYER_02331,2025-09-14,ADDR_002189,70.0,21,6
BUYER_02332,2025-11-01,ADDR_003270,70.0,6,0
BUYER_02333,2025-12-18,ADDR_001983,70.0,10,0
BUYER_02334,2025-06-14,ADDR_000100,70.0,2,0
BUYER_02335,2025-06-23,ADDR_000139,70.0,4,1
BUYER_02336,2025-10-06,ADDR_000747,70.0,12,1
BUYER_02337,2025-05-08,ADDR_000274,70.0,18,3
BUYER_02338,2025-07-23,ADDR_002755,70.0,7,0
BUYER_02339,2025-09-07,ADDR_001943,70.0,4,0
BUYER_02340,2025-04-07,ADDR_001075,70.0,6,0
BUYER_02341,2025-04-23,ADDR_002942,70.0,8,2
BUYER_02342,2025-05-20,ADDR_003487,70.0,9,0
BUYER_02343,2025-08-05,ADDR_000845,70.0,7,4
BUYER_02344,2025-04-20,ADDR_003094,70.0,18,1
BUYER_02345,2025-03-28,ADDR_000528,70.0,4,0
BUYER_02346,2025-03-06,ADDR_002969,70.0,11,1
BUYER_02347,2025-10-20,ADDR_001862,70.0,9,0
BUYER_02348,2025-11-14,ADDR_004436,70.0,14,2
BUYER_02349,2025-11-20,ADDR_003980,70.0,3,0
BUYER_02350,2025-10-24,ADDR_000904,70.0,6,0
BUYER_02351,2025-03-01,ADDR_003880,70.0,9,2
BUYER_02352,2025-02-13,ADDR_001808,70.0,14,1
BUYER_02353,2025-07-09,ADDR_003386,70.0,8,1
BUYER_02354,2025-07-17,ADDR_003500,70.0,14,1
BUYER_02355,2025-09-25,ADDR_002105,70.0,7,0
BUYER_02356,2025-04-02,ADDR_003300,70.0,6,0
BUYER_02357,2025-11-28,ADDR_002187,70.0,3,0
BUYER_02358,2025-05-04,ADDR_003000,70.0,15,0
BUYER_02359,2025-08-05,ADDR_001118,70.0,74,1
BUYER_02360,2025-11-07,ADDR_002105,70.0,2,0
BUYER_02361,2025-07-17,ADDR_000678,70.0,6,0
BUYER_02362,2025-10-02,ADDR_002057,70.0,4,0
BUYER_02363,2025-09-30,ADDR_000078,70.0,9,1
BUYER_02364,2025-10-14,ADDR_002027,70.0,30,3
BUYER_02365,2025-10-21,ADDR_000723,70.0,6,1
BUYER_02366,2025-06-02,ADDR_001788,70.0,18,1
BUYER_02367,2025-05-23,ADDR_002456,70.0,8,0
BUYER_02368,2025-10-18,ADDR_004237,70.0,4,1
BUYER_02369,2025-08-05,ADDR_000015,70.0,4,0
BUYER_02370,2025-08-15,ADDR_003319,70.0,16,0
BUYER_02371,2025-06-09,ADDR_002619,70.0,6,1
BUYER_02372,2025-03-25,ADDR_001698,70.0,21,1
BUYER_02373,2025-06-24,ADDR_001278,70.0,10,0
BUYER_02374,2025-12-11,ADDR_002934,70.0,10,1
BUYER_02375,2025-04-27,ADDR_002774,70.0,3,0
BUYER_02376,2025-04-20,ADDR_001956,70.0,6,0
BUYER_02377,2025-02-26,ADDR_003328,70.0,2,0
BUYER_02378,2025-07-03,ADDR_001977,70.0,11,1
BUYER_02379,2025-04-26,ADDR_004008,70.0,7,0
BUYER_02380,2025-09-10,ADDR_001410,70.0,21,0
BUYER_02381,2025-02-28,ADDR_003467,70.0,5,1
BUYER_02382,2025-04-11,ADDR_002788,70.0,9,2
BUYER_02383,2025-01-29,ADDR_004436,70.0,5,0
BUYER_02384,2025-01-21,ADDR_001981,70.0,15,0
BUYER_02385,2025-10-22,ADDR_001161,70.0,3,0
BUYER_02386,2025-11-20,ADDR_001972,70.0,8,0
BUYER_02387,2025-10-05,ADDR_003273,70.0,6,2
BUYER_02388,2025-11-07,ADDR_002127,70.0,2,0
BUYER_02389,2025-02-09,ADDR_004404,70.0,4,1
BUYER_02390,2025-11-18,ADDR_000771,70.0,19,1
BUYER_02391,2025-06-28,ADDR_001527,70.0,16,1
BUYER_02392,2025-10-07,ADDR_004596,70.0,7,1
BUYER_02393,2025-08-17,ADDR_001816,70.0,22,1
BUYER_02394,2025-05-18,ADDR_000380,70.0,10,0
BUYER_02395,2025-04-18,ADDR_004654,70.0,13,2
BUYER_02396,2025-02-21,ADDR_002108,70.0,8,2
BUYER_02397,2025-06-09,ADDR_003187,70.0,4,0
BUYER_02398,2025-07-07,ADDR_002803,70.0,7,0
BUYER_02399,2025-12-15,ADDR_000813,70.0,20,1
BUYER_02400,2025-01-19,ADDR_003457,70.0,6,0
BUYER_02401,2025-08-09,ADDR_001291,70.0,1,0
BUYER_02402,2025-07-18,ADDR_000582,70.0,10,0
BUYER_02403,2025-01-12,ADDR_003365,70.0,5,0
BUYER_02404,2025-05-11,ADDR_001075,70.0,1,0
BUYER_02405,2025-06-13,ADDR_004287,70.0,6,1
BUYER_02406,2025-07-07,ADDR_000654,70.0,6,1
BUYER_02407,2025-04-06,ADDR_000117,70.0,7,0
BUYER_02408,2025-01-17,ADDR_001933,70.0,11,0
BUYER_02409,2025-04-28,ADDR_001615,70.0,6,0
BUYER_02410,2025-10-29,ADDR_003160,70.0,8,0
BUYER_02411,2025-10-20,ADDR_001156,70.0,4,1
BUYER_02412,2025-03-17,ADDR_004854,70.0,3,0
BUYER_02413,2025-08-27,ADDR_002089,70.0,8,0
BUYER_02414,2025-11-26,ADDR_003509,70.0,5,0
BUYER_02415,2025-03-14,ADDR_003803,70.0,5,1
BUYER_02416,2025-02-25,ADDR_004375,70.0,4,0
BUYER_02417,2025-01-12,ADDR_002488,70.0,7,0
BUYER_02418,2025-03-14,ADDR_001125,70.0,3,0
BUYER_02419,2025-10-22,ADDR_002565,70.0,4,0
BUYER_02420,2025-10-22,ADDR_002107,70.0,4,0
BUYER_02421,2025-07-23,ADDR_003014,70.0,21,2
BUYER_02422,2025-05-12,ADDR_001169,70.0,10,0
BUYER_02423,2025-10-19,ADDR_002552,70.0,8,2
BUYER_02424,2025-03-23,ADDR_004740,70.0,25,1
BUYER_02425,2025-03-02,ADDR_003406,70.0,3,0
BUYER_02426,2025-02-10,ADDR_004739,70.0,10,0
BUYER_02427,2025-11-03,ADDR_004596,70.0,17,5
BUYER_02428,2025-09-19,ADDR_003236,70.0,7,0
BUYER_02429,2025-08-20,ADDR_000112,70.0,6,0
BUYER_02430,2025-09-23,ADDR_001004,70.0,6,0
BUYER_02431,2025-03-03,ADDR_001429,70.0,9,0
BUYER_02432,2025-05-30,ADDR_000500,70.0,9,1
BUYER_02433,2025-10-22,ADDR_004262,70.0,6,1
BUYER_02434,2025-11-24,ADDR_000345,70.0,17,3
BUYER_02435,2025-07-14,ADDR_001477,70.0,17,3
BUYER_02436,2025-02-23,ADDR_000611,70.0,12,2
BUYER_02437,2025-12-14,ADDR_002248,70.0,2,0
BUYER_02438,2025-06-03,ADDR_003182,70.0,8,0
BUYER_02439,2025-05-07,ADDR_003217,70.0,7,3
BUYER_02440,2025-02-22,ADDR_003876,70.0,3,0
BUYER_02441,2025-01-07,ADDR_000602,70.0,10,1
BUYER_02442,2025-08-13,ADDR_001982,70.0,3,1
BUYER_02443,2025-08-16,ADDR_002591,70.0,13,0
BUYER_02444,2025-04-06,ADDR_002054,70.0,15,5
BUYER_02445,2025-03-10,ADDR_002035,70.0,7,0
BUYER_02446,2025-07-19,ADDR_001536,70.0,23,1
BUYER_02447,2025-06-17,ADDR_004254,70.0,3,1
BUYER_02448,2025-05-02,ADDR_002901,70.0,24,3
BUYER_02449,2025-03-31,ADDR_002783,70.0,9,0
BUYER_02450,2025-11-05,ADDR_002727,70.0,7,3
BUYER_02451,2025-12-15,ADDR_004013,70.0,7,0
BUYER_02452,2025-05-20,ADDR_002697,70.0,23,0
BUYER_02453,2025-09-14,ADDR_003568,70.0,8,0
BUYER_02454,2025-11-07,ADDR_001531,70.0,6,0
BUYER_02455,2025-01-14,ADDR_004035,70.0,38,15
BUYER_02456,2025-11-21,ADDR_000160,70.0,9,0
BUYER_02457,2025-07-09,ADDR_001691,70.0,38,3
BUYER_02458,2025-07-28,ADDR_001238,70.0,7,2
BUYER_02459,2025-07-23,ADDR_000690,70.0,11,0
BUYER_02460,2025-04-10,ADDR_002657,70.0,4,0
BUYER_02461,2025-10-11,ADDR_004413,70.0,4,0
BUYER_02462,2025-09-25,ADDR_000804,70.0,7,0
BUYER_02463,2025-02-12,ADDR_004378,70.0,3,2
BUYER_02464,2025-07-31,ADDR_004242,70.0,5,0
BUYER_02465,2025-12-07,ADDR_004372,70.0,4,1
BUYER_02466,2025-11-09,ADDR_000030,70.0,5,1
BUYER_02467,2025-08-21,ADDR_004896,70.0,16,3
BUYER_02468,2025-03-24,ADDR_002116,70.0,6,0
BUYER_02469,2025-05-17,ADDR_002951,70.0,6,2
BUYER_02470,2025-03-06,ADDR_004653,70.0,4,1
BUYER_02471,2025-10-24,ADDR_002536,70.0,10,1
BUYER_02472,2025-10-10,ADDR_002722,70.0,9,0
BUYER_02473,2025-11-22,ADDR_003946,70.0,21,1
BUYER_02474,2025-01-30,ADDR_001690,70.0,10,0
BUYER_02475,2025-12-09,ADDR_000545,70.0,14,0
BUYER_02476,2025-12-10,ADDR_002903,70.0,9,1
BUYER_02477,2025-09-06,ADDR_003876,70.0,22,1
BUYER_02478,2025-11-13,ADDR_000077,70.0,3,1
BUYER_02479,2025-06-18,ADDR_004020,70.0,10,2
BUYER_02480,2025-05-05,ADDR_003977,70.0,4,0
BUYER_02481,2025-03-07,ADDR_002857,70.0,3,0
BUYER_02482,2025-01-16,ADDR_004693,70.0,7,0
BUYER_02483,2025-01-21,ADDR_001920,70.0,4,0
BUYER_02484,2025-09-12,ADDR_000660,70.0,13,0
BUYER_02485,2025-05-13,ADDR_003248,70.0,9,1
BUYER_02486,2025-01-26,ADDR_003018,70.0,4,0
BUYER_02487,2025-02-19,ADDR_004529,70.0,4,0
BUYER_02488,2025-09-03,ADDR_001110,70.0,13,7
BUYER_02489,2025-12-01,ADDR_000781,70.0,8,0
BUYER_02490,2025-06-07,ADDR_003361,70.0,18,0
BUYER_02491,2025-10-10,ADDR_001539,70.0,5,0
BUYER_02492,2025-12-12,ADDR_000915,70.0,38,1
BUYER_02493,2025-09-17,ADDR_003323,70.0,5,0
BUYER_02494,2025-09-22,ADDR_000917,70.0,2,0
BUYER_02495,2025-08-17,ADDR_004124,70.0,8,1
BUYER_02496,2025-12-13,ADDR_001540,70.0,25,1
BUYER_02497,2025-04-30,ADDR_003227,70.0,5,1
BUYER_02498,2025-10-12,ADDR_001653,70.0,3,1
BUYER_02499,2025-06-10,ADDR_002924,70.0,2,1
BUYER_02500,2025-03-08,ADDR_001142,70.0,3,0
BUYER_02501,2025-09-27,ADDR_000424,70.0,6,2
BUYER_02502,2025-10-27,ADDR_003165,70.0,8,0
BUYER_02503,2025-11-07,ADDR_002146,70.0,9,0
BUYER_02504,2025-11-26,ADDR_004836,70.0,20,0
BUYER_02505,2025-09-29,ADDR_004406,70.0,4,0
BUYER_02506,2025-07-19,ADDR_000368,70.0,13,1
BUYER_02507,2025-12-01,ADDR_001790,70.0,7,0
BUYER_02508,2025-03-28,ADDR_002057,70.0,22,2
BUYER_02509,2025-02-05,ADDR_001885,70.0,9,1
BUYER_02510,2025-06-16,ADDR_001753,70.0,10,1
BUYER_02511,2025-08-06,ADDR_001769,70.0,10,2
BUYER_02512,2025-09-08,ADDR_000756,70.0,5,2
BUYER_02513,2025-10-22,ADDR_001795,70.0,4,0
BUYER_02514,2025-01-14,ADDR_003895,70.0,7,0
BUYER_02515,2025-10-18,ADDR_002003,70.0,4,0
BUYER_02516,2025-08-12,ADDR_001413,70.0,22,4
BUYER_02517,2025-12-05,ADDR_003828,70.0,3,0
BUYER_02518,2025-05-17,ADDR_000326,70.0,9,0
BUYER_02519,2025-08-18,ADDR_002252,70.0,9,0
BUYER_02520,2025-10-06,ADDR_000510,70.0,5,0
BUYER_02521,2025-07-15,ADDR_000573,70.0,6,2
BUYER_02522,2025-03-08,ADDR_003971,70.0,9,0
BUYER_02523,2025-01-24,ADDR_002189,70.0,14,6
BUYER_02524,2025-02-19,ADDR_002410,70.0,8,1
BUYER_02525,2025-07-07,ADDR_004325,70.0,10,0
BUYER_02526,2025-08-25,ADDR_003602,70.0,8,0
BUYER_02527,2025-08-02,ADDR_000884,70.0,50,1
BUYER_02528,2025-09-19,ADDR_000162,70.0,3,0
BUYER_02529,2025-01-20,ADDR_000608,70.0,1,0
BUYER_02530,2025-02-28,ADDR_001723,70.0,20,1
BUYER_02531,2025-10-04,ADDR_002018,70.0,18,1
BUYER_02532,2025-10-11,ADDR_001039,70.0,10,1
BUYER_02533,2025-09-15,ADDR_004822,70.0,3,2
BUYER_02534,2025-09-29,ADDR_003677,70.0,20,0
BUYER_02535,2025-12-09,ADDR_003463,70.0,14,1
BUYER_02536,2025-12-03,ADDR_003223,70.0,13,1
BUYER_02537,2025-08-27,ADDR_004316,70.0,19,2
BUYER_02538,2025-05-07,ADDR_004365,70.0,5,0
BUYER_02539,2025-01-08,ADDR_003029,70.0,4,0
BUYER_02540,2025-08-23,ADDR_000695,70.0,9,1
BUYER_02541,2025-06-16,ADDR_001461,70.0,7,1
BUYER_02542,2025-03-05,ADDR_001132,70.0,5,0
BUYER_02543,2025-03-30,ADDR_004735,70.0,8,1
BUYER_02544,2025-11-30,ADDR_002806,70.0,3,0
BUYER_02545,2025-01-31,ADDR_000747,70.0,7,0
BUYER_02546,2025-10-13,ADDR_000127,70.0,15,1
BUYER_02547,2025-11-19,ADDR_003519,70.0,3,1
BUYER_02548,2025-09-10,ADDR_003200,70.0,4,3
BUYER_02549,2025-01-29,ADDR_004011,70.0,4,0
BUYER_02550,2025-11-01,ADDR_000648,70.0,2,0
BUYER_02551,2025-08-30,ADDR_003254,70.0,9,4
BUYER_02552,2025-04-22,ADDR_001791,70.0,7,0
BUYER_02553,2025-08-22,ADDR_002045,70.0,4,1
BUYER_02554,2025-02-28,ADDR_001108,70.0,11,3
BUYER_02555,2025-09-17,ADDR_001425,70.0,5,0
BUYER_02556,2025-11-19,ADDR_003628,70.0,8,0
BUYER_02557,2025-07-17,ADDR_000113,70.0,5,0
BUYER_02558,2025-12-05,ADDR_004689,70.0,9,0
BUYER_02559,2025-06-18,ADDR_004798,70.0,15,2
BUYER_02560,2025-11-05,ADDR_000248,70.0,3,0
BUYER_02561,2025-10-08,ADDR_004131,70.0,8,0
BUYER_02562,2025-02-09,ADDR_001602,70.0,6,0
BUYER_02563,2025-11-23,ADDR_001999,70.0,5,0
BUYER_02564,2025-11-22,ADDR_000627,70.0,6,0
BUYER_02565,2025-05-19,ADDR_004417,70.0,5,0
BUYER_02566,2025-10-15,ADDR_003813,70.0,16,0
BUYER_02567,2025-04-03,ADDR_002200,70.0,6,0
BUYER_02568,2025-01-16,ADDR_001413,70.0,6,0
BUYER_02569,2025-03-28,ADDR_000208,70.0,22,3
BUYER_02570,2025-07-04,ADDR_003798,70.0,11,0
BUYER_02571,2025-01-28,ADDR_000669,70.0,5,1
BUYER_02572,2025-03-10,ADDR_003711,70.0,6,0
BUYER_02573,2025-12-05,ADDR_002087,70.0,8,1
BUYER_02574,2025-07-07,ADDR_004704,70.0,6,1
BUYER_02575,2025-10-25,ADDR_000794,70.0,5,0
BUYER_02576,2025-03-27,ADDR_000814,70.0,7,0
BUYER_02577,2025-02-09,ADDR_000337,70.0,4,0
BUYER_02578,2025-10-11,ADDR_004606,70.0,21,2
BUYER_02579,2025-05-18,ADDR_000918,70.0,17,0
BUYER_02580,2025-06-25,ADDR_001933,70.0,4,1
BUYER_02581,2025-12-18,ADDR_002054,70.0,13,0
BUYER_02582,2025-05-06,ADDR_001736,70.0,6,0
BUYER_02583,2025-06-30,ADDR_002457,70.0,3,0
BUYER_02584,2025-08-24,ADDR_000094,70.0,7,0
BUYER_02585,2025-02-10,ADDR_001167,70.0,12,0
BUYER_02586,2025-09-20,ADDR_001919,70.0,18,0
BUYER_02587,2025-06-23,ADDR_003988,70.0,7,0
BUYER_02588,2025-03-15,ADDR_000583,70.0,7,1
BUYER_02589,2025-06-15,ADDR_004751,70.0,13,1
BUYER_02590,2025-06-26,ADDR_001077,70.0,15,1
BUYER_02591,2025-08-26,ADDR_001439,70.0,2,0
BUYER_02592,2025-11-30,ADDR_002201,70.0,17,0
BUYER_02593,2025-10-06,ADDR_004608,70.0,3,1
BUYER_02594,2025-05-30,ADDR_004005,70.0,16,0
BUYER_02595,2025-12-11,ADDR_004048,70.0,21,1
BUYER_02596,2025-10-14,ADDR_001090,70.0,8,0
BUYER_02597,2025-01-15,ADDR_004385,70.0,5,0
BUYER_02598,2025-02-21,ADDR_003495,70.0,6,3
BUYER_02599,2025-03-31,ADDR_000295,70.0,17,0
BUYER_02600,2025-02-07,ADDR_002114,70.0,4,0
BUYER_02601,2025-07-04,ADDR_004128,70.0,2,1
BUYER_02602,2025-05-15,ADDR_002635,70.0,10,0
BUYER_02603,2025-12-12,ADDR_002900,70.0,7,0
BUYER_02604,2025-06-30,ADDR_001854,70.0,5,0
BUYER_02605,2025-03-29,ADDR_000189,70.0,14,1
BUYER_02606,2025-12-11,ADDR_004383,70.0,12,1
BUYER_02607,2025-07-14,ADDR_003730,70.0,8,1
BUYER_02608,2025-02-03,ADDR_001344,70.0,7,1
BUYER_02609,2025-02-06,ADDR_001196,70.0,4,0
BUYER_02610,2025-09-06,ADDR_002703,70.0,7,1
BUYER_02611,2025-07-07,ADDR_003945,70.0,2,0
BUYER_02612,2025-08-20,ADDR_000429,70.0,3,1
BUYER_02613,2025-11-02,ADDR_003098,70.0,4,0
BUYER_02614,2025-09-08,ADDR_004192,70.0,10,1
BUYER_02615,2025-11-06,ADDR_002437,70.0,2,0
BUYER_02616,2025-09-28,ADDR_000261,70.0,6,0
BUYER_02617,2025-09-06,ADDR_000115,70.0,13,0
BUYER_02618,2025-02-28,ADDR_000802,70.0,7,0
BUYER_02619,2025-07-03,ADDR_004403,70.0,4,0
BUYER_02620,2025-06-16,ADDR_002266,70.0,17,2
BUYER_02621,2025-07-23,ADDR_000317,70.0,15,0
BUYER_02622,2025-06-02,ADDR_004479,70.0,16,5
BUYER_02623,2025-08-19,ADDR_004106,70.0,7,2
BUYER_02624,2025-06-02,ADDR_000727,70.0,5,0
BUYER_02625,2025-07-29,ADDR_003601,70.0,3,0
BUYER_02626,2025-06-03,ADDR_001636,70.0,5,0
BUYER_02627,2025-11-19,ADDR_003534,70.0,6,0
BUYER_02628,2025-05-26,ADDR_000306,70.0,7,0
BUYER_02629,2025-09-24,ADDR_002683,70.0,16,0
BUYER_02630,2025-08-17,ADDR_004175,70.0,9,2
BUYER_02631,2025-05-31,ADDR_004760,70.0,8,0
BUYER_02632,2025-10-20,ADDR_003491,70.0,4,0
BUYER_02633,2025-11-27,ADDR_000015,70.0,4,0
BUYER_02634,2025-10-04,ADDR_003866,70.0,7,0
BUYER_02635,2025-12-04,ADDR_000724,70.0,10,2
BUYER_02636,2025-06-17,ADDR_000547,70.0,10,1
BUYER_02637,2025-11-23,ADDR_000857,70.0,6,1
BUYER_02638,2025-11-11,ADDR_003731,70.0,6,0
BUYER_02639,2025-10-05,ADDR_000760,70.0,2,0
BUYER_02640,2025-10-29,ADDR_002140,70.0,32,0
BUYER_02641,2025-09-24,ADDR_003743,70.0,7,0
BUYER_02642,2025-07-13,ADDR_004588,70.0,3,0
BUYER_02643,2025-07-27,ADDR_004640,70.0,3,0
BUYER_02644,2025-06-11,ADDR_000923,70.0,7,2
BUYER_02645,2025-09-02,ADDR_000319,70.0,5,0
BUYER_02646,2025-05-09,ADDR_000555,70.0,8,1
BUYER_02647,2025-09-27,ADDR_002237,70.0,3,1
BUYER_02648,2025-07-11,ADDR_001556,70.0,7,0
BUYER_02649,2025-05-19,ADDR_004786,70.0,18,0
BUYER_02650,2025-03-05,ADDR_002199,70.0,5,0
BUYER_02651,2025-04-14,ADDR_001249,70.0,4,2
BUYER_02652,2025-08-25,ADDR_002322,70.0,4,1
BUYER_02653,2025-05-25,ADDR_003584,70.0,4,0
BUYER_02654,2025-01-17,ADDR_001671,70.0,6,0
BUYER_02655,2025-05-11,ADDR_000712,70.0,17,0
BUYER_02656,2025-05-24,ADDR_002082,70.0,15,1
BUYER_02657,2025-04-06,ADDR_003074,70.0,2,0
BUYER_02658,2025-04-25,ADDR_001565,70.0,6,2
BUYER_02659,2025-09-16,ADDR_001495,70.0,3,0
BUYER_02660,2025-09-30,ADDR_001605,70.0,6,0
BUYER_02661,2025-12-07,ADDR_004475,70.0,4,0
BUYER_02662,2025-02-21,ADDR_004394,70.0,11,1
BUYER_02663,2025-05-04,ADDR_001836,70.0,7,0
BUYER_02664,2025-02-05,ADDR_004145,70.0,18,2
BUYER_02665,2025-08-16,ADDR_000597,70.0,9,0
BUYER_02666,2025-01-09,ADDR_003233,70.0,23,2
BUYER_02667,2025-03-27,ADDR_002003,70.0,8,0
BUYER_02668,2025-08-08,ADDR_003848,70.0,4,3
BUYER_02669,2025-05-21,ADDR_000002,70.0,22,0
BUYER_02670,2025-07-24,ADDR_000929,70.0,7,0
BUYER_02671,2025-08-25,ADDR_001192,70.0,2,0
BUYER_02672,2025-10-30,ADDR_002757,70.0,10,0
BUYER_02673,2025-06-02,ADDR_004808,70.0,17,1
BUYER_02674,2025-04-23,ADDR_004436,70.0,4,1
BUYER_02675,2025-07-22,ADDR_002255,70.0,6,0
BUYER_02676,2025-02-02,ADDR_000005,70.0,12,0
BUYER_02677,2025-01-21,ADDR_004294,70.0,8,1
BUYER_02678,2025-06-23,ADDR_002833,70.0,8,1
BUYER_02679,2025-03-31,ADDR_000117,70.0,2,0
BUYER_02680,2025-01-05,ADDR_003193,70.0,3,0
BUYER_02681,2025-09-07,ADDR_004356,70.0,3,0
BUYER_02682,2025-10-22,ADDR_001774,70.0,14,1
BUYER_02683,2025-03-05,ADDR_004402,70.0,9,1
BUYER_02684,2025-07-31,ADDR_004829,70.0,7,4
BUYER_02685,2025-12-15,ADDR_003234,70.0,15,0
BUYER_02686,2025-04-19,ADDR_003031,70.0,24,0
BUYER_02687,2025-09-24,ADDR_000575,70.0,9,1
BUYER_02688,2025-03-10,ADDR_003130,70.0,3,0
BUYER_02689,2025-11-29,ADDR_004336,70.0,7,0
BUYER_02690,2025-01-01,ADDR_004024,70.0,2,0
BUYER_02691,2025-04-28,ADDR_000569,70.0,5,0
BUYER_02692,2025-12-13,ADDR_000841,70.0,7,2
BUYER_02693,2025-09-05,ADDR_000995,70.0,2,0
BUYER_02694,2025-03-29,ADDR_004248,70.0,9,1
BUYER_02695,2025-10-14,ADDR_004653,70.0,12,0
BUYER_02696,2025-11-18,ADDR_002604,70.0,5,1
BUYER_02697,2025-07-05,ADDR_004361,70.0,5,0
BUYER_02698,2025-03-08,ADDR_001399,70.0,13,1
BUYER_02699,2025-04-15,ADDR_001014,70.0,11,3
BUYER_02700,2025-12-02,ADDR_002508,70.0,19,0
BUYER_02701,2025-03-10,ADDR_001949,70.0,17,0
BUYER_02702,2025-05-05,ADDR_003910,70.0,3,0
BUYER_02703,2025-03-04,ADDR_001666,70.0,5,0
BUYER_02704,2025-02-16,ADDR_002843,70.0,4,0
BUYER_02705,2025-07-17,ADDR_002466,70.0,6,0
BUYER_02706,2025-06-04,ADDR_002448,70.0,2,0
BUYER_02707,2025-01-23,ADDR_004400,70.0,7,0
BUYER_02708,2025-03-04,ADDR_000040,70.0,6,0
BUYER_02709,2025-01-19,ADDR_004328,70.0,12,0
BUYER_02710,2025-01-13,ADDR_001045,70.0,22,0
BUYER_02711,2025-03-17,ADDR_000869,70.0,24,1
BUYER_02712,2025-09-29,ADDR_002070,70.0,2,0
BUYER_02713,2025-01-08,ADDR_002728,70.0,9,0
BUYER_02714,2025-05-02,ADDR_004601,70.0,8,0
BUYER_02715,2025-07-31,ADDR_002643,70.0,3,0
BUYER_02716,2025-09-29,ADDR_000719,70.0,22,1
BUYER_02717,2025-09-07,ADDR_002229,70.0,6,0
BUYER_02718,2025-12-17,ADDR_004556,70.0,12,1
BUYER_02719,2025-04-21,ADDR_003537,70.0,16,1
BUYER_02720,2025-01-01,ADDR_001077,70.0,6,0
BUYER_02721,2025-01-19,ADDR_003197,70.0,24,7
BUYER_02722,2025-02-13,ADDR_003631,70.0,2,0
BUYER_02723,2025-12-13,ADDR_001361,70.0,18,3
BUYER_02724,2025-08-02,ADDR_002613,70.0,3,0
BUYER_02725,2025-10-17,ADDR_001723,70.0,14,1
BUYER_02726,2025-12-16,ADDR_000896,70.0,4,0
BUYER_02727,2025-10-31,ADDR_004397,70.0,6,0
BUYER_02728,2025-06-07,ADDR_003546,70.0,14,1
BUYER_02729,2025-11-11,ADDR_000856,70.0,14,0
BUYER_02730,2025-06-16,ADDR_000502,70.0,28,2
BUYER_02731,2025-02-20,ADDR_003161,70.0,24,0
BUYER_02732,2025-07-26,ADDR_003186,70.0,4,0
BUYER_02733,2025-11-24,ADDR_002824,70.0,6,0
BUYER_02734,2025-10-12,ADDR_003839,70.0,14,3
BUYER_02735,2025-06-05,ADDR_004243,70.0,9,1
BUYER_02736,2025-11-04,ADDR_004886,70.0,5,0
BUYER_02737,2025-06-27,ADDR_003459,70.0,9,1
BUYER_02738,2025-09-09,ADDR_004243,70.0,13,1
BUYER_02739,2025-05-12,ADDR_001504,70.0,15,1
BUYER_02740,2025-03-23,ADDR_003539,70.0,23,8
BUYER_02741,2025-05-05,ADDR_003112,70.0,4,0
BUYER_02742,2025-11-10,ADDR_002234,70.0,8,0
BUYER_02743,2025-12-17,ADDR_003178,70.0,11,0
BUYER_02744,2025-04-17,ADDR_003568,70.0,3,0
BUYER_02745,2025-03-12,ADDR_002037,70.0,5,2
BUYER_02746,2025-02-02,ADDR_004170,70.0,6,0
BUYER_02747,2025-10-02,ADDR_000178,70.0,3,0
BUYER_02748,2025-07-19,ADDR_001604,70.0,3,0
BUYER_02749,2025-07-28,ADDR_001814,70.0,19,1
BUYER_02750,2025-01-22,ADDR_004110,70.0,3,0
BUYER_02751,2025-02-06,ADDR_002515,70.0,16,3
BUYER_02752,2025-11-23,ADDR_004617,70.0,12,2
BUYER_02753,2025-08-04,ADDR_004703,70.0,4,0
BUYER_02754,2025-04-01,ADDR_001726,70.0,13,3
BUYER_02755,2025-03-27,ADDR_003601,70.0,5,1
BUYER_02756,2025-04-09,ADDR_001218,70.0,6,0
BUYER_02757,2025-01-30,ADDR_000534,70.0,5,3
BUYER_02758,2025-01-24,ADDR_002430,70.0,5,0
BUYER_02759,2025-09-21,ADDR_001492,70.0,16,1
BUYER_02760,2025-04-17,ADDR_003617,70.0,9,3
BUYER_02761,2025-05-30,ADDR_004354,70.0,12,0
BUYER_02762,2025-07-22,ADDR_000671,70.0,10,0
BUYER_02763,2025-05-07,ADDR_002233,70.0,69,18
BUYER_02764,2025-07-02,ADDR_001988,70.0,4,0
BUYER_02765,2025-11-07,ADDR_000025,70.0,12,1
BUYER_02766,2025-04-10,ADDR_002697,70.0,24,2
BUYER_02767,2025-10-14,ADDR_004628,70.0,5,0
BUYER_02768,2025-04-17,ADDR_004438,70.0,8,1
BUYER_02769,2025-03-20,ADDR_004474,70.0,25,7
BUYER_02770,2025-02-03,ADDR_004424,70.0,35,0
BUYER_02771,2025-09-09,ADDR_004572,70.0,23,1
BUYER_02772,2025-06-09,ADDR_000482,70.0,41,0
BUYER_02773,2025-10-07,ADDR_002121,70.0,11,1
BUYER_02774,2025-02-27,ADDR_002698,70.0,9,0
BUYER_02775,2025-08-13,ADDR_004436,70.0,19,0
BUYER_02776,2025-01-08,ADDR_001847,70.0,28,1
BUYER_02777,2025-04-06,ADDR_003507,70.0,5,0
BUYER_02778,2025-08-15,ADDR_003866,70.0,37,1
BUYER_02779,2025-01-27,ADDR_002533,70.0,10,0
BUYER_02780,2025-05-28,ADDR_003106,70.0,4,0
BUYER_02781,2025-07-30,ADDR_000269,70.0,26,11
BUYER_02782,2025-09-23,ADDR_002201,70.0,7,0
BUYER_02783,2025-09-16,ADDR_004169,70.0,5,1
BUYER_02784,2025-03-05,ADDR_003188,70.0,15,2
BUYER_02785,2025-02-04,ADDR_004005,70.0,6,0
BUYER_02786,2025-05-27,ADDR_004340,70.0,4,1
BUYER_02787,2025-04-09,ADDR_004434,70.0,22,1
BUYER_02788,2025-05-02,ADDR_004139,70.0,3,1
BUYER_02789,2025-05-15,ADDR_003293,70.0,8,0
BUYER_02790,2025-06-04,ADDR_000572,70.0,19,2
BUYER_02791,2025-07-16,ADDR_004866,70.0,11,0
BUYER_02792,2025-01-06,ADDR_000326,70.0,4,0
BUYER_02793,2025-04-30,ADDR_002803,70.0,6,0
BUYER_02794,2025-04-17,ADDR_003980,70.0,5,1
BUYER_02795,2025-04-07,ADDR_000419,70.0,15,2
BUYER_02796,2025-10-13,ADDR_002459,70.0,3,0
BUYER_02797,2025-04-13,ADDR_002364,70.0,41,1
BUYER_02798,2025-03-06,ADDR_000975,70.0,6,1
BUYER_02799,2025-11-03,ADDR_000553,70.0,7,0
BUYER_02800,2025-05-30,ADDR_002781,70.0,3,1
BUYER_02801,2025-03-19,ADDR_004461,70.0,10,1
BUYER_02802,2025-10-01,ADDR_000464,70.0,6,2
BUYER_02803,2025-08-31,ADDR_001378,70.0,5,0
BUYER_02804,2025-12-03,ADDR_001941,70.0,2,0
BUYER_02805,2025-11-11,ADDR_000976,70.0,22,0
BUYER_02806,2025-09-12,ADDR_000329,70.0,8,1
BUYER_02807,2025-03-10,ADDR_002532,70.0,3,1
BUYER_02808,2025-07-03,ADDR_004410,70.0,5,0
BUYER_02809,2025-02-22,ADDR_003995,70.0,14,1
BUYER_02810,2025-07-26,ADDR_001467,70.0,7,1
BUYER_02811,2025-11-24,ADDR_002526,70.0,11,0
BUYER_02812,2025-01-03,ADDR_001554,70.0,4,0
BUYER_02813,2025-11-11,ADDR_000189,70.0,16,0
BUYER_02814,2025-07-23,ADDR_003601,70.0,3,0
BUYER_02815,2025-03-06,ADDR_003677,70.0,7,0
BUYER_02816,2025-11-04,ADDR_003286,70.0,2,0
BUYER_02817,2025-07-22,ADDR_000168,70.0,10,0
BUYER_02818,2025-06-21,ADDR_003447,70.0,11,1
BUYER_02819,2025-07-09,ADDR_002991,70.0,8,0
BUYER_02820,2025-03-05,ADDR_002182,70.0,11,2
BUYER_02821,2025-02-19,ADDR_003053,70.0,14,1
BUYER_02822,2025-09-02,ADDR_000548,70.0,4,0
BUYER_02823,2025-11-12,ADDR_003810,70.0,6,0
BUYER_02824,2025-09-12,ADDR_000638,70.0,4,0
BUYER_02825,2025-10-30,ADDR_002210,70.0,17,0
BUYER_02826,2025-11-01,ADDR_004431,70.0,2,1
BUYER_02827,2025-01-17,ADDR_000030,70.0,3,1
BUYER_02828,2025-10-08,ADDR_002208,70.0,4,0
BUYER_02829,2025-10-08,ADDR_001404,70.0,6,0
BUYER_02830,2025-05-18,ADDR_000085,70.0,21,1
BUYER_02831,2025-06-08,ADDR_003311,70.0,4,0
BUYER_02832,2025-09-29,ADDR_001098,70.0,6,1
BUYER_02833,2025-12-16,ADDR_001246,70.0,8,0
BUYER_02834,2025-12-17,ADDR_002874,70.0,12,0
BUYER_02835,2025-06-30,ADDR_000235,70.0,7,0
BUYER_02836,2025-10-14,ADDR_000332,70.0,9,0
BUYER_02837,2025-06-28,ADDR_003337,70.0,8,2
BUYER_02838,2025-11-07,ADDR_003971,70.0,9,0
BUYER_02839,2025-08-29,ADDR_003674,70.0,9,0
BUYER_02840,2025-11-30,ADDR_000850,70.0,2,0
BUYER_02841,2025-12-20,ADDR_001302,70.0,9,0
BUYER_02842,2025-05-11,ADDR_001112,70.0,7,0
BUYER_02843,2025-12-14,ADDR_004333,70.0,6,0
BUYER_02844,2025-09-12,ADDR_001464,70.0,11,3
BUYER_02845,2025-04-08,ADDR_002456,70.0,15,1
BUYER_02846,2025-01-02,ADDR_004738,70.0,20,0
BUYER_02847,2025-09-09,ADDR_002016,70.0,9,1
BUYER_02848,2025-04-02,ADDR_003305,70.0,7,1
BUYER_02849,2025-04-05,ADDR_002900,70.0,9,0
BUYER_02850,2025-07-27,ADDR_000370,70.0,3,1
BUYER_02851,2025-01-16,ADDR_003923,70.0,6,1
BUYER_02852,2025-06-10,ADDR_001774,70.0,3,1
BUYER_02853,2025-10-17,ADDR_002352,70.0,33,1
BUYER_02854,2025-01-14,ADDR_001507,70.0,15,0
BUYER_02855,2025-08-20,ADDR_004926,70.0,10,1
BUYER_02856,2025-03-09,ADDR_002725,70.0,20,1
BUYER_02857,2025-11-06,ADDR_003155,70.0,19,1
BUYER_02858,2025-06-01,ADDR_002588,70.0,10,1
BUYER_02859,2025-10-21,ADDR_001525,70.0,16,1
BUYER_02860,2025-09-22,ADDR_002901,70.0,10,4
BUYER_02861,2025-11-11,ADDR_003928,70.0,19,1
BUYER_02862,2025-07-15,ADDR_000470,70.0,6,0
BUYER_02863,2025-07-04,ADDR_000746,70.0,9,0
BUYER_02864,2025-01-19,ADDR_000814,70.0,10,0
BUYER_02865,2025-07-21,ADDR_004632,70.0,14,2
BUYER_02866,2025-07-17,ADDR_002854,70.0,5,0
BUYER_02867,2025-08-14,ADDR_001684,70.0,10,4
BUYER_02868,2025-02-26,ADDR_000984,70.0,5,0
BUYER_02869,2025-07-23,ADDR_003390,70.0,8,0
BUYER_02870,2025-06-23,ADDR_002597,70.0,2,1
BUYER_02871,2025-08-11,ADDR_003095,70.0,2,1
BUYER_02872,2025-09-01,ADDR_003541,70.0,6,0
BUYER_02873,2025-05-22,ADDR_000474,70.0,8,0
BUYER_02874,2025-07-11,ADDR_003363,70.0,4,0
BUYER_02875,2025-06-03,ADDR_003572,70.0,36,3
BUYER_02876,2025-10-06,ADDR_001371,70.0,4,0
BUYER_02877,2025-10-16,ADDR_001543,70.0,4,0
BUYER_02878,2025-04-28,ADDR_002930,70.0,7,1
BUYER_02879,2025-04-16,ADDR_001886,70.0,5,0
BUYER_02880,2025-09-07,ADDR_004607,70.0,9,1
BUYER_02881,2025-10-09,ADDR_000477,70.0,4,1
BUYER_02882,2025-01-07,ADDR_000836,70.0,13,0
BUYER_02883,2025-06-14,ADDR_004009,70.0,3,1
BUYER_02884,2025-05-03,ADDR_003371,70.0,4,0
BUYER_02885,2025-10-06,ADDR_002156,70.0,6,0
BUYER_02886,2025-03-03,ADDR_000117,70.0,4,1
BUYER_02887,2025-10-10,ADDR_000664,70.0,10,1
BUYER_02888,2025-09-02,ADDR_004142,70.0,7,0
BUYER_02889,2025-10-31,ADDR_004022,70.0,12,0
BUYER_02890,2025-12-17,ADDR_004087,70.0,3,0
BUYER_02891,2025-07-01,ADDR_004445,70.0,6,1
BUYER_02892,2025-09-14,ADDR_001141,70.0,7,0
BUYER_02893,2025-09-18,ADDR_004251,70.0,13,1
BUYER_02894,2025-11-01,ADDR_001466,70.0,8,1
BUYER_02895,2025-07-15,ADDR_004937,70.0,11,1
BUYER_02896,2025-02-17,ADDR_002557,70.0,11,3
BUYER_02897,2025-12-14,ADDR_004278,70.0,18,1
BUYER_02898,2025-01-27,ADDR_003680,70.0,9,0
BUYER_02899,2025-12-08,ADDR_004169,70.0,2,0
BUYER_02900,2025-04-14,ADDR_000605,70.0,5,1
BUYER_02901,2025-07-07,ADDR_002763,70.0,25,1
BUYER_02902,2025-12-05,ADDR_003687,70.0,6,0
BUYER_02903,2025-09-07,ADDR_004738,70.0,12,1
BUYER_02904,2025-08-07,ADDR_003005,70.0,29,7
BUYER_02905,2025-05-10,ADDR_001673,70.0,6,1
BUYER_02906,2025-04-28,ADDR_004505,70.0,7,0
BUYER_02907,2025-01-17,ADDR_001786,70.0,5,1
BUYER_02908,2025-08-07,ADDR_003134,70.0,18,0
BUYER_02909,2025-06-15,ADDR_004159,70.0,8,1
BUYER_02910,2025-04-03,ADDR_002625,70.0,4,0
BUYER_02911,2025-05-30,ADDR_003517,70.0,6,0
BUYER_02912,2025-12-02,ADDR_004166,70.0,5,2
BUYER_02913,2025-11-02,ADDR_002972,70.0,3,0
BUYER_02914,2025-06-15,ADDR_002079,70.0,13,0
BUYER_02915,2025-12-14,ADDR_003189,70.0,17,3
BUYER_02916,2025-06-26,ADDR_000814,70.0,27,2
BUYER_02917,2025-05-18,ADDR_003379,70.0,6,2
BUYER_02918,2025-05-31,ADDR_000403,70.0,16,2
BUYER_02919,2025-11-10,ADDR_000236,70.0,44,0
BUYER_02920,2025-04-19,ADDR_002201,70.0,2,1
BUYER_02921,2025-04-02,ADDR_000583,70.0,3,0
BUYER_02922,2025-12-08,ADDR_003617,70.0,4,0
BUYER_02923,2025-09-26,ADDR_000897,70.0,32,9
BUYER_02924,2025-10-05,ADDR_002472,70.0,11,0
BUYER_02925,2025-09-28,ADDR_000875,70.0,8,2
BUYER_02926,2025-09-09,ADDR_004563,70.0,7,1
BUYER_02927,2025-02-11,ADDR_004172,70.0,5,1
BUYER_02928,2025-10-02,ADDR_000008,70.0,4,1
BUYER_02929,2025-04-12,ADDR_001952,70.0,6,2
BUYER_02930,2025-02-27,ADDR_002949,70.0,3,0
BUYER_02931,2025-12-15,ADDR_002422,70.0,12,0
BUYER_02932,2025-01-15,ADDR_004178,70.0,9,0
BUYER_02933,2025-01-16,ADDR_000442,70.0,10,1
BUYER_02934,2025-05-04,ADDR_002124,70.0,30,3
BUYER_02935,2025-10-31,ADDR_004309,70.0,18,0
BUYER_02936,2025-12-13,ADDR_000497,70.0,13,2
BUYER_02937,2025-02-21,ADDR_000050,70.0,13,3
BUYER_02938,2025-06-03,ADDR_003635,70.0,7,0
BUYER_02939,2025-09-26,ADDR_000412,70.0,19,1
BUYER_02940,2025-08-27,ADDR_001488,70.0,10,0
BUYER_02941,2025-04-06,ADDR_004019,70.0,6,0
BUYER_02942,2025-05-11,ADDR_004414,70.0,8,1
BUYER_02943,2025-08-10,ADDR_000646,70.0,10,1
BUYER_02944,2025-01-18,ADDR_002459,70.0,5,1
BUYER_02945,2025-10-03,ADDR_003927,70.0,15,0
BUYER_02946,2025-04-21,ADDR_001937,70.0,54,4
BUYER_02947,2025-10-26,ADDR_001516,70.0,4,0
BUYER_02948,2025-09-09,ADDR_002688,70.0,5,0
BUYER_02949,2025-08-27,ADDR_003841,70.0,7,0
BUYER_02950,2025-10-06,ADDR_000199,70.0,9,1
BUYER_02951,2025-02-04,ADDR_000249,70.0,5,0
BUYER_02952,2025-04-16,ADDR_000527,70.0,18,6
BUYER_02953,2025-07-17,ADDR_001604,70.0,7,0
BUYER_02954,2025-10-10,ADDR_001376,70.0,17,0
BUYER_02955,2025-11-02,ADDR_002382,70.0,14,0
BUYER_02956,2025-05-29,ADDR_001489,70.0,6,2
BUYER_02957,2025-10-15,ADDR_001436,70.0,12,1
BUYER_02958,2025-04-01,ADDR_001592,70.0,42,2
BUYER_02959,2025-02-07,ADDR_001236,70.0,6,0
BUYER_02960,2025-04-11,ADDR_001532,70.0,5,1
BUYER_02961,2025-11-19,ADDR_001210,70.0,37,1
BUYER_02962,2025-07-24,ADDR_004258,70.0,7,0
BUYER_02963,2025-07-03,ADDR_000410,70.0,4,2
BUYER_02964,2025-09-29,ADDR_000237,70.0,2,0
BUYER_02965,2025-01-06,ADDR_000751,70.0,12,2
BUYER_02966,2025-02-21,ADDR_000240,70.0,9,1
BUYER_02967,2025-02-14,ADDR_003936,70.0,2,0
BUYER_02968,2025-02-23,ADDR_003106,70.0,9,0
BUYER_02969,2025-06-23,ADDR_004619,70.0,2,0
BUYER_02970,2025-04-23,ADDR_001624,70.0,12,0
BUYER_02971,2025-10-12,ADDR_000234,70.0,19,0
BUYER_02972,2025-10-30,ADDR_002271,70.0,9,5
BUYER_02973,2025-11-26,ADDR_000395,70.0,22,1
BUYER_02974,2025-03-23,ADDR_000715,70.0,2,0
BUYER_02975,2025-07-10,ADDR_003898,70.0,2,0
BUYER_02976,2025-01-24,ADDR_003446,70.0,15,2
BUYER_02977,2025-04-08,ADDR_004357,70.0,3,0
BUYER_02978,2025-08-17,ADDR_002543,70.0,7,1
BUYER_02979,2025-06-12,ADDR_003208,70.0,27,4
BUYER_02980,2025-09-11,ADDR_004128,70.0,12,1
BUYER_02981,2025-10-30,ADDR_000748,70.0,6,0
BUYER_02982,2025-01-28,ADDR_001583,70.0,7,0
BUYER_02983,2025-12-01,ADDR_002255,70.0,17,0
BUYER_02984,2025-01-21,ADDR_004111,70.0,4,0
BUYER_02985,2025-12-15,ADDR_000392,70.0,10,1
BUYER_02986,2025-08-25,ADDR_004074,70.0,8,2
BUYER_02987,2025-01-21,ADDR_004909,70.0,9,1
BUYER_02988,2025-06-02,ADDR_000959,70.0,7,2
BUYER_02989,2025-04-15,ADDR_004197,70.0,4,1
BUYER_02990,2025-10-17,ADDR_000430,70.0,3,0
BUYER_02991,2025-04-03,ADDR_004391,70.0,16,2
BUYER_02992,2025-10-26,ADDR_004410,70.0,6,0
BUYER_02993,2025-05-05,ADDR_004231,70.0,16,0
BUYER_02994,2025-12-17,ADDR_001726,70.0,12,0
BUYER_02995,2025-04-20,ADDR_003591,70.0,2,0
BUYER_02996,2025-09-09,ADDR_002741,70.0,11,0
BUYER_02997,2025-10-17,ADDR_000319,70.0,6,0
BUYER_02998,2025-03-31,ADDR_004204,70.0,13,4
BUYER_02999,2025-02-04,ADDR_004497,70.0,4,1
BUYER_03000,2025-07-27,ADDR_001500,70.0,14,0
BUYER_03001,2025-09-07,ADDR_001230,70.0,28,0
BUYER_03002,2025-10-23,ADDR_002817,70.0,2,0
BUYER_03003,2025-04-20,ADDR_001777,70.0,7,0
BUYER_03004,2025-11-10,ADDR_003163,70.0,9,0
BUYER_03005,2025-11-24,ADDR_004388,70.0,14,0
BUYER_03006,2025-10-10,ADDR_000447,70.0,14,0
BUYER_03007,2025-01-05,ADDR_001150,70.0,5,0
BUYER_03008,2025-02-09,ADDR_003255,70.0,9,0
BUYER_03009,2025-12-20,ADDR_002170,70.0,14,0
BUYER_03010,2025-09-25,ADDR_000075,70.0,4,0
BUYER_03011,2025-08-21,ADDR_002502,70.0,8,0
BUYER_03012,2025-11-19,ADDR_003899,70.0,6,0
BUYER_03013,2025-01-20,ADDR_000735,70.0,8,0
BUYER_03014,2025-10-03,ADDR_001208,70.0,2,0
BUYER_03015,2025-08-30,ADDR_001779,70.0,12,0
BUYER_03016,2025-11-02,ADDR_004589,70.0,7,0
BUYER_03017,2025-10-10,ADDR_001723,70.0,13,0
BUYER_03018,2025-07-04,ADDR_004146,70.0,15,1
BUYER_03019,2025-02-02,ADDR_003339,70.0,14,0
BUYER_03020,2025-11-22,ADDR_004910,70.0,14,0
BUYER_03021,2025-10-05,ADDR_002874,70.0,14,0
BUYER_03022,2025-05-20,ADDR_001568,70.0,23,3
BUYER_03023,2025-12-15,ADDR_003544,70.0,6,0
BUYER_03024,2025-05-04,ADDR_000447,70.0,2,1
BUYER_03025,2025-05-25,ADDR_003880,70.0,8,0
BUYER_03026,2025-12-12,ADDR_001158,70.0,8,0
BUYER_03027,2025-09-04,ADDR_003301,70.0,14,2
BUYER_03028,2025-11-12,ADDR_002871,70.0,10,0
BUYER_03029,2025-11-15,ADDR_001194,70.0,6,0
BUYER_03030,2025-07-22,ADDR_002382,70.0,16,0
BUYER_03031,2025-04-18,ADDR_002485,70.0,7,1
BUYER_03032,2025-11-02,ADDR_003796,70.0,3,0
BUYER_03033,2025-07-10,ADDR_002309,70.0,2,1
BUYER_03034,2025-07-31,ADDR_000287,70.0,5,1
BUYER_03035,2025-07-23,ADDR_004898,70.0,36,2
BUYER_03036,2025-01-06,ADDR_003289,70.0,8,0
BUYER_03037,2025-01-23,ADDR_004678,70.0,5,1
BUYER_03038,2025-08-18,ADDR_002154,70.0,8,3
BUYER_03039,2025-10-15,ADDR_004517,70.0,2,0
BUYER_03040,2025-06-24,ADDR_000846,70.0,24,0
BUYER_03041,2025-03-21,ADDR_004833,70.0,3,0
BUYER_03042,2025-06-07,ADDR_003481,70.0,4,0
BUYER_03043,2025-10-07,ADDR_000157,70.0,6,0
BUYER_03044,2025-02-18,ADDR_001284,70.0,20,5
BUYER_03045,2025-07-30,ADDR_003611,70.0,17,0
BUYER_03046,2025-09-15,ADDR_003126,70.0,12,0
BUYER_03047,2025-06-10,ADDR_001423,70.0,11,0
BUYER_03048,2025-08-12,ADDR_003445,70.0,2,0
BUYER_03049,2025-11-13,ADDR_004223,70.0,22,0
BUYER_03050,2025-03-29,ADDR_004455,70.0,11,0
BUYER_03051,2025-02-28,ADDR_004078,70.0,5,2
BUYER_03052,2025-01-29,ADDR_001753,70.0,4,0
BUYER_03053,2025-09-23,ADDR_000123,70.0,11,1
BUYER_03054,2025-11-19,ADDR_001934,70.0,3,0
BUYER_03055,2025-09-11,ADDR_000108,70.0,6,0
BUYER_03056,2025-12-13,ADDR_002822,70.0,30,0
BUYER_03057,2025-09-17,ADDR_002985,70.0,5,0
BUYER_03058,2025-04-26,ADDR_001691,70.0,9,0
BUYER_03059,2025-04-14,ADDR_000740,70.0,7,1
BUYER_03060,2025-09-03,ADDR_002597,70.0,20,6
BUYER_03061,2025-09-06,ADDR_000070,70.0,5,0
BUYER_03062,2025-07-17,ADDR_001068,70.0,16,0
BUYER_03063,2025-07-18,ADDR_004790,70.0,17,1
BUYER_03064,2025-06-10,ADDR_001194,70.0,12,0
BUYER_03065,2025-05-18,ADDR_000099,70.0,7,0
BUYER_03066,2025-08-23,ADDR_001851,70.0,15,2
BUYER_03067,2025-09-30,ADDR_000053,70.0,5,2
BUYER_03068,2025-10-21,ADDR_003217,70.0,2,0
BUYER_03069,2025-05-03,ADDR_002428,70.0,12,2
BUYER_03070,2025-11-05,ADDR_003531,70.0,4,0
BUYER_03071,2025-05-01,ADDR_000779,70.0,8,0
BUYER_03072,2025-05-02,ADDR_004110,70.0,10,0
BUYER_03073,2025-10-19,ADDR_003985,70.0,22,2
BUYER_03074,2025-12-11,ADDR_000206,70.0,3,0
BUYER_03075,2025-11-29,ADDR_000141,70.0,19,3
BUYER_03076,2025-02-18,ADDR_002308,70.0,10,0
BUYER_03077,2025-04-26,ADDR_001836,70.0,6,2
BUYER_03078,2025-10-04,ADDR_003766,70.0,6,0
BUYER_03079,2025-10-19,ADDR_001178,70.0,8,4
BUYER_03080,2025-07-11,ADDR_000089,70.0,16,0
BUYER_03081,2025-01-09,ADDR_004855,70.0,11,1
BUYER_03082,2025-07-10,ADDR_001194,70.0,4,1
BUYER_03083,2025-01-16,ADDR_000386,70.0,3,0
BUYER_03084,2025-04-24,ADDR_004242,70.0,8,0
BUYER_03085,2025-08-31,ADDR_003563,70.0,3,0
BUYER_03086,2025-02-28,ADDR_001330,70.0,33,2
BUYER_03087,2025-09-18,ADDR_002366,70.0,27,0
BUYER_03088,2025-08-19,ADDR_003407,70.0,7,0
BUYER_03089,2025-06-15,ADDR_004041,70.0,13,4
BUYER_03090,2025-05-26,ADDR_001845,70.0,2,0
BUYER_03091,2025-11-23,ADDR_001060,70.0,55,3
BUYER_03092,2025-07-27,ADDR_000072,70.0,4,0
BUYER_03093,2025-11-15,ADDR_004233,70.0,3,0
BUYER_03094,2025-06-09,ADDR_004030,70.0,61,2
BUYER_03095,2025-08-10,ADDR_003775,70.0,7,0
BUYER_03096,2025-12-06,ADDR_002208,70.0,15,0
BUYER_03097,2025-02-24,ADDR_001054,70.0,4,2
BUYER_03098,2025-04-17,ADDR_001189,70.0,9,1
BUYER_03099,2025-11-24,ADDR_001201,70.0,14,0
BUYER_03100,2025-06-12,ADDR_002728,70.0,12,0
BUYER_03101,2025-04-20,ADDR_004770,70.0,9,0
BUYER_03102,2025-12-20,ADDR_002003,70.0,9,0
BUYER_03103,2025-02-15,ADDR_002077,70.0,11,1
BUYER_03104,2025-08-16,ADDR_003650,70.0,13,0
BUYER_03105,2025-10-13,ADDR_004134,70.0,26,1
BUYER_03106,2025-10-13,ADDR_001997,70.0,6,0
BUYER_03107,2025-06-19,ADDR_004170,70.0,7,0
BUYER_03108,2025-01-22,ADDR_000090,70.0,5,0
BUYER_03109,2025-10-30,ADDR_001538,70.0,7,1
BUYER_03110,2025-10-18,ADDR_000840,70.0,7,0
BUYER_03111,2025-04-08,ADDR_000884,70.0,11,2
BUYER_03112,2025-05-15,ADDR_001003,70.0,7,0
BUYER_03113,2025-07-13,ADDR_003559,70.0,37,8
BUYER_03114,2025-02-20,ADDR_003587,70.0,14,1
BUYER_03115,2025-10-24,ADDR_002929,70.0,11,0
BUYER_03116,2025-11-26,ADDR_002183,70.0,15,1
BUYER_03117,2025-05-03,ADDR_002460,70.0,8,0
BUYER_03118,2025-11-26,ADDR_000907,70.0,25,1
BUYER_03119,2025-10-17,ADDR_003647,70.0,4,1
BUYER_03120,2025-09-23,ADDR_003737,70.0,4,0
BUYER_03121,2025-12-11,ADDR_002716,70.0,12,0
BUYER_03122,2025-05-09,ADDR_004030,70.0,10,0
BUYER_03123,2025-11-24,ADDR_003987,70.0,7,0
BUYER_03124,2025-02-13,ADDR_003981,70.0,4,1
BUYER_03125,2025-07-02,ADDR_001179,70.0,5,0
BUYER_03126,2025-07-27,ADDR_000426,70.0,36,10
BUYER_03127,2025-02-23,ADDR_002173,70.0,14,0
BUYER_03128,2025-09-27,ADDR_000281,70.0,1,0
BUYER_03129,2025-07-01,ADDR_000079,70.0,13,2
BUYER_03130,2025-06-24,ADDR_000647,70.0,16,1
BUYER_03131,2025-08-06,ADDR_000597,70.0,16,2
BUYER_03132,2025-02-28,ADDR_001612,70.0,6,1
BUYER_03133,2025-03-25,ADDR_001640,70.0,11,3
BUYER_03134,2025-03-17,ADDR_004056,70.0,20,6
BUYER_03135,2025-12-05,ADDR_004462,70.0,10,0
BUYER_03136,2025-10-08,ADDR_000842,70.0,6,1
BUYER_03137,2025-07-19,ADDR_002078,70.0,8,0
BUYER_03138,2025-09-01,ADDR_002515,70.0,14,3
BUYER_03139,2025-08-29,ADDR_001353,70.0,4,0
BUYER_03140,2025-04-17,ADDR_001637,70.0,14,1
BUYER_03141,2025-02-09,ADDR_000344,70.0,4,0
BUYER_03142,2025-07-28,ADDR_002105,70.0,8,0
BUYER_03143,2025-04-17,ADDR_003482,70.0,5,0
BUYER_03144,2025-11-10,ADDR_000370,70.0,9,0
BUYER_03145,2025-04-07,ADDR_002382,70.0,4,1
BUYER_03146,2025-08-03,ADDR_001537,70.0,6,0
BUYER_03147,2025-06-12,ADDR_001428,70.0,8,0
BUYER_03148,2025-09-28,ADDR_002318,70.0,4,0
BUYER_03149,2025-12-05,ADDR_001493,70.0,4,0
BUYER_03150,2025-06-09,ADDR_002119,70.0,21,0
BUYER_03151,2025-01-22,ADDR_000918,70.0,12,0
BUYER_03152,2025-09-02,ADDR_004420,70.0,8,0
BUYER_03153,2025-02-26,ADDR_001794,70.0,9,0
BUYER_03154,2025-02-16,ADDR_002608,70.0,6,0
BUYER_03155,2025-09-02,ADDR_000832,70.0,12,0
BUYER_03156,2025-02-15,ADDR_004550,70.0,10,0
BUYER_03157,2025-02-25,ADDR_003182,70.0,5,1
BUYER_03158,2025-06-18,ADDR_003810,70.0,7,2
BUYER_03159,2025-06-23,ADDR_004428,70.0,8,0
BUYER_03160,2025-11-23,ADDR_004928,70.0,9,0
BUYER_03161,2025-04-22,ADDR_001258,70.0,2,0
BUYER_03162,2025-06-05,ADDR_001628,70.0,13,4
BUYER_03163,2025-09-17,ADDR_001198,70.0,7,1
BUYER_03164,2025-10-26,ADDR_002482,70.0,12,0
BUYER_03165,2025-05-18,ADDR_004445,70.0,6,0
BUYER_03166,2025-08-22,ADDR_003654,70.0,3,0
BUYER_03167,2025-08-20,ADDR_002811,70.0,3,0
BUYER_03168,2025-05-01,ADDR_000623,70.0,2,0
BUYER_03169,2025-02-21,ADDR_003612,70.0,4,0
BUYER_03170,2025-09-09,ADDR_002313,70.0,10,1
BUYER_03171,2025-04-19,ADDR_004401,70.0,24,2
BUYER_03172,2025-05-07,ADDR_002768,70.0,7,0
BUYER_03173,2025-08-03,ADDR_003291,70.0,3,1
BUYER_03174,2025-03-10,ADDR_003362,70.0,9,0
BUYER_03175,2025-04-09,ADDR_003675,70.0,7,2
BUYER_03176,2025-06-21,ADDR_002366,70.0,11,1
BUYER_03177,2025-11-12,ADDR_001915,70.0,3,0
BUYER_03178,2025-10-08,ADDR_002053,70.0,9,1
BUYER_03179,2025-05-07,ADDR_004643,70.0,5,0
BUYER_03180,2025-05-01,ADDR_000543,70.0,15,0
BUYER_03181,2025-12-16,ADDR_003484,70.0,5,0
BUYER_03182,2025-08-30,ADDR_004754,70.0,9,1
BUYER_03183,2025-09-10,ADDR_000354,70.0,10,1
BUYER_03184,2025-01-27,ADDR_003058,70.0,20,0
BUYER_03185,2025-02-16,ADDR_002946,70.0,6,0
BUYER_03186,2025-04-28,ADDR_001654,70.0,6,0
BUYER_03187,2025-10-31,ADDR_000468,70.0,4,1
BUYER_03188,2025-11-22,ADDR_003354,70.0,2,2
BUYER_03189,2025-03-21,ADDR_002584,70.0,9,1
BUYER_03190,2025-09-19,ADDR_003720,70.0,12,1
BUYER_03191,2025-11-10,ADDR_000438,70.0,16,0
BUYER_03192,2025-11-12,ADDR_004626,70.0,11,1
BUYER_03193,2025-06-25,ADDR_003104,70.0,52,4
BUYER_03194,2025-04-15,ADDR_002190,70.0,24,1
BUYER_03195,2025-12-07,ADDR_002259,70.0,13,1
BUYER_03196,2025-04-22,ADDR_004712,70.0,12,2
BUYER_03197,2025-04-13,ADDR_002737,70.0,14,3
BUYER_03198,2025-03-27,ADDR_002872,70.0,4,1
BUYER_03199,2025-07-20,ADDR_003212,70.0,10,0
BUYER_03200,2025-02-17,ADDR_001546,70.0,6,0
BUYER_03201,2025-08-02,ADDR_001239,70.0,7,0
BUYER_03202,2025-12-03,ADDR_003718,70.0,8,0
BUYER_03203,2025-07-11,ADDR_001581,70.0,10,0
BUYER_03204,2025-12-09,ADDR_000169,70.0,5,2
BUYER_03205,2025-11-20,ADDR_002386,70.0,4,0
BUYER_03206,2025-10-15,ADDR_000050,70.0,4,0
BUYER_03207,2025-08-15,ADDR_002803,70.0,16,2
BUYER_03208,2025-11-12,ADDR_003189,70.0,6,0
BUYER_03209,2025-07-28,ADDR_004572,70.0,4,0
BUYER_03210,2025-03-27,ADDR_002312,70.0,17,2
BUYER_03211,2025-11-27,ADDR_001741,70.0,10,0
BUYER_03212,2025-07-10,ADDR_001156,70.0,9,0
BUYER_03213,2025-11-21,ADDR_002929,70.0,9,0
BUYER_03214,2025-06-02,ADDR_003668,70.0,2,0
BUYER_03215,2025-05-13,ADDR_000523,70.0,4,0
BUYER_03216,2025-10-06,ADDR_000583,70.0,3,0
BUYER_03217,2025-08-24,ADDR_003553,70.0,4,0
BUYER_03218,2025-06-18,ADDR_003984,70.0,9,0
BUYER_03219,2025-11-12,ADDR_001158,70.0,48,1
BUYER_03220,2025-07-15,ADDR_001997,70.0,19,0
BUYER_03221,2025-01-08,ADDR_002052,70.0,22,3
BUYER_03222,2025-09-12,ADDR_004125,70.0,3,0
BUYER_03223,2025-01-30,ADDR_004349,70.0,16,1
BUYER_03224,2025-07-03,ADDR_003567,70.0,8,0
BUYER_03225,2025-03-22,ADDR_003495,70.0,4,0
BUYER_03226,2025-04-09,ADDR_002894,70.0,5,0
BUYER_03227,2025-12-14,ADDR_001247,70.0,13,1
BUYER_03228,2025-02-19,ADDR_003454,70.0,72,4
BUYER_03229,2025-10-03,ADDR_001473,70.0,8,1
BUYER_03230,2025-08-25,ADDR_000842,70.0,7,0
BUYER_03231,2025-03-23,ADDR_000920,70.0,17,0
BUYER_03232,2025-11-30,ADDR_000134,70.0,5,0
BUYER_03233,2025-03-25,ADDR_002881,70.0,16,2
BUYER_03234,2025-07-15,ADDR_003963,70.0,17,1
BUYER_03235,2025-10-14,ADDR_000569,70.0,23,2
BUYER_03236,2025-10-05,ADDR_003266,70.0,9,3
BUYER_03237,2025-05-07,ADDR_004797,70.0,6,0
BUYER_03238,2025-10-30,ADDR_004891,70.0,3,0
BUYER_03239,2025-12-08,ADDR_003038,70.0,30,2
BUYER_03240,2025-06-30,ADDR_001856,70.0,1,0
BUYER_03241,2025-08-29,ADDR_004387,70.0,10,6
BUYER_03242,2025-05-23,ADDR_003131,70.0,10,0
BUYER_03243,2025-05-20,ADDR_004035,70.0,7,1
BUYER_03244,2025-06-29,ADDR_001635,70.0,19,1
BUYER_03245,2025-03-24,ADDR_004705,70.0,41,9
BUYER_03246,2025-09-11,ADDR_002124,70.0,9,1
BUYER_03247,2025-03-12,ADDR_004321,70.0,15,1
BUYER_03248,2025-01-04,ADDR_001857,70.0,15,2
BUYER_03249,2025-06-18,ADDR_004454,70.0,8,1
BUYER_03250,2025-02-04,ADDR_004471,70.0,9,0
BUYER_03251,2025-07-30,ADDR_001136,70.0,10,0
BUYER_03252,2025-07-16,ADDR_000734,70.0,5,0
BUYER_03253,2025-03-01,ADDR_000782,70.0,14,1
BUYER_03254,2025-04-11,ADDR_001854,70.0,15,3
BUYER_03255,2025-01-13,ADDR_000217,70.0,7,0
BUYER_03256,2025-08-10,ADDR_002715,70.0,20,1
BUYER_03257,2025-04-28,ADDR_003263,70.0,3,0
BUYER_03258,2025-09-19,ADDR_003685,70.0,3,0
BUYER_03259,2025-08-22,ADDR_004620,70.0,25,1
BUYER_03260,2025-05-26,ADDR_003961,70.0,4,0
BUYER_03261,2025-01-12,ADDR_004919,70.0,17,0
BUYER_03262,2025-05-08,ADDR_002988,70.0,4,0
BUYER_03263,2025-05-09,ADDR_004219,70.0,12,0
BUYER_03264,2025-05-12,ADDR_003834,70.0,10,6
BUYER_03265,2025-12-06,ADDR_004113,70.0,7,1
BUYER_03266,2025-03-11,ADDR_002032,70.0,8,3
BUYER_03267,2025-04-19,ADDR_002568,70.0,7,0
BUYER_03268,2025-10-28,ADDR_004524,70.0,2,0
BUYER_03269,2025-11-27,ADDR_002237,70.0,13,0
BUYER_03270,2025-06-28,ADDR_003001,70.0,4,0
BUYER_03271,2025-07-23,ADDR_003169,70.0,21,1
BUYER_03272,2025-01-26,ADDR_000915,70.0,15,3
BUYER_03273,2025-10-20,ADDR_000112,70.0,4,0
BUYER_03274,2025-08-10,ADDR_003441,70.0,17,1
BUYER_03275,2025-07-02,ADDR_004059,70.0,7,0
BUYER_03276,2025-05-01,ADDR_002883,70.0,2,0
BUYER_03277,2025-06-20,ADDR_003254,70.0,13,0
BUYER_03278,2025-09-26,ADDR_000330,70.0,6,1
BUYER_03279,2025-02-06,ADDR_000841,70.0,5,0
BUYER_03280,2025-07-12,ADDR_003651,70.0,10,0
BUYER_03281,2025-01-18,ADDR_003146,70.0,15,0
BUYER_03282,2025-10-08,ADDR_000979,70.0,7,0
BUYER_03283,2025-03-29,ADDR_001881,70.0,9,0
BUYER_03284,2025-11-20,ADDR_000173,70.0,2,0
BUYER_03285,2025-07-01,ADDR_003900,70.0,7,0
BUYER_03286,2025-06-25,ADDR_004201,70.0,6,1
BUYER_03287,2025-05-22,ADDR_004145,70.0,7,0
BUYER_03288,2025-07-15,ADDR_001107,70.0,15,0
BUYER_03289,2025-05-14,ADDR_001254,70.0,12,2
BUYER_03290,2025-05-22,ADDR_000901,70.0,17,1
BUYER_03291,2025-03-23,ADDR_004031,70.0,4,0
BUYER_03292,2025-05-16,ADDR_001665,70.0,4,0
BUYER_03293,2025-10-21,ADDR_000901,70.0,13,1
BUYER_03294,2025-04-11,ADDR_000542,70.0,5,1
BUYER_03295,2025-10-24,ADDR_001951,70.0,18,0
BUYER_03296,2025-11-06,ADDR_002875,70.0,3,0
BUYER_03297,2025-09-03,ADDR_002438,70.0,9,4
BUYER_03298,2025-01-16,ADDR_004438,70.0,9,1
BUYER_03299,2025-07-30,ADDR_003984,70.0,1,0
BUYER_03300,2025-10-28,ADDR_001288,70.0,8,2
BUYER_03301,2025-05-24,ADDR_004460,70.0,18,2
BUYER_03302,2025-04-24,ADDR_002286,70.0,9,1
BUYER_03303,2025-05-08,ADDR_000085,70.0,10,3
BUYER_03304,2025-06-13,ADDR_004214,70.0,10,1
BUYER_03305,2025-02-02,ADDR_003649,70.0,7,1
BUYER_03306,2025-04-08,ADDR_001758,70.0,9,2
BUYER_03307,2025-08-28,ADDR_001297,70.0,4,1
BUYER_03308,2025-06-30,ADDR_004483,70.0,12,0
BUYER_03309,2025-04-11,ADDR_004460,70.0,8,2
BUYER_03310,2025-11-28,ADDR_004517,70.0,5,0
BUYER_03311,2025-04-29,ADDR_001326,70.0,5,0
BUYER_03312,2025-02-26,ADDR_002760,70.0,7,0
BUYER_03313,2025-03-24,ADDR_000856,70.0,8,1
BUYER_03314,2025-04-29,ADDR_003374,70.0,3,1
BUYER_03315,2025-07-17,ADDR_002469,70.0,5,0
BUYER_03316,2025-01-31,ADDR_004352,70.0,51,4
BUYER_03317,2025-11-04,ADDR_004459,70.0,12,2
BUYER_03318,2025-11-11,ADDR_001573,70.0,5,0
BUYER_03319,2025-05-07,ADDR_001562,70.0,5,2
BUYER_03320,2025-10-09,ADDR_000158,70.0,4,0
BUYER_03321,2025-08-12,ADDR_002500,70.0,6,0
BUYER_03322,2025-11-01,ADDR_001904,70.0,8,1
BUYER_03323,2025-04-22,ADDR_004927,70.0,11,2
BUYER_03324,2025-08-15,ADDR_004047,70.0,24,1
BUYER_03325,2025-02-03,ADDR_002257,70.0,13,1
BUYER_03326,2025-01-06,ADDR_002810,70.0,2,0
BUYER_03327,2025-11-10,ADDR_003109,70.0,3,0
BUYER_03328,2025-04-28,ADDR_004469,70.0,2,0
BUYER_03329,2025-06-20,ADDR_004928,70.0,5,1
BUYER_03330,2025-04-05,ADDR_000139,70.0,9,1
BUYER_03331,2025-11-11,ADDR_001817,70.0,8,0
BUYER_03332,2025-05-30,ADDR_003529,70.0,2,0
BUYER_03333,2025-03-17,ADDR_001351,70.0,9,1
BUYER_03334,2025-08-15,ADDR_000695,70.0,2,0
BUYER_03335,2025-03-27,ADDR_001399,70.0,8,1
BUYER_03336,2025-04-16,ADDR_004030,70.0,12,0
BUYER_03337,2025-09-05,ADDR_003054,70.0,9,1
BUYER_03338,2025-12-07,ADDR_003641,70.0,15,0
BUYER_03339,2025-10-02,ADDR_000805,70.0,4,1
BUYER_03340,2025-02-24,ADDR_000222,70.0,5,2
BUYER_03341,2025-05-05,ADDR_000814,70.0,5,0
BUYER_03342,2025-10-16,ADDR_004511,70.0,7,0
BUYER_03343,2025-04-21,ADDR_001287,70.0,2,0
BUYER_03344,2025-09-27,ADDR_002614,70.0,11,1
BUYER_03345,2025-06-30,ADDR_002677,70.0,22,0
BUYER_03346,2025-11-13,ADDR_001376,70.0,8,0
BUYER_03347,2025-05-21,ADDR_004178,70.0,4,2
BUYER_03348,2025-11-30,ADDR_000322,70.0,6,0
BUYER_03349,2025-06-07,ADDR_002377,70.0,3,0
BUYER_03350,2025-09-23,ADDR_002047,70.0,7,0
BUYER_03351,2025-03-23,ADDR_003874,70.0,3,0
BUYER_03352,2025-07-20,ADDR_000976,70.0,6,0
BUYER_03353,2025-05-04,ADDR_004739,70.0,6,3
BUYER_03354,2025-01-07,ADDR_003922,70.0,1,0
BUYER_03355,2025-06-18,ADDR_003663,70.0,24,4
BUYER_03356,2025-03-14,ADDR_002448,70.0,26,2
BUYER_03357,2025-12-07,ADDR_003181,70.0,6,2
BUYER_03358,2025-10-20,ADDR_001028,70.0,20,0
BUYER_03359,2025-09-27,ADDR_000040,70.0,10,1
BUYER_03360,2025-06-23,ADDR_003691,70.0,12,0
BUYER_03361,2025-04-15,ADDR_002219,70.0,12,0
BUYER_03362,2025-05-09,ADDR_000022,70.0,2,0
BUYER_03363,2025-03-26,ADDR_001326,70.0,11,1
BUYER_03364,2025-07-27,ADDR_003070,70.0,8,0
BUYER_03365,2025-10-21,ADDR_002536,70.0,16,1
BUYER_03366,2025-03-20,ADDR_003341,70.0,22,6
BUYER_03367,2025-01-03,ADDR_004707,70.0,5,0
BUYER_03368,2025-02-24,ADDR_004135,70.0,2,1
BUYER_03369,2025-06-26,ADDR_001586,70.0,6,0
BUYER_03370,2025-01-10,ADDR_001196,70.0,2,0
BUYER_03371,2025-06-06,ADDR_004356,70.0,13,3
BUYER_03372,2025-02-19,ADDR_002816,70.0,6,0
BUYER_03373,2025-02-17,ADDR_002411,70.0,19,7
BUYER_03374,2025-09-18,ADDR_001253,70.0,6,0
BUYER_03375,2025-12-20,ADDR_002770,70.0,28,3
BUYER_03376,2025-03-23,ADDR_002124,70.0,2,1
BUYER_03377,2025-04-05,ADDR_003861,70.0,10,0
BUYER_03378,2025-04-29,ADDR_001476,70.0,5,0
BUYER_03379,2025-10-12,ADDR_000685,70.0,6,0
BUYER_03380,2025-07-11,ADDR_001605,70.0,27,2
BUYER_03381,2025-08-02,ADDR_002725,70.0,5,1
BUYER_03382,2025-07-25,ADDR_002367,70.0,8,0
BUYER_03383,2025-11-30,ADDR_002005,70.0,8,0
BUYER_03384,2025-01-18,ADDR_003217,70.0,16,0
BUYER_03385,2025-03-09,ADDR_003135,70.0,5,0
BUYER_03386,2025-05-29,ADDR_000749,70.0,5,0
BUYER_03387,2025-07-05,ADDR_003309,70.0,3,1
BUYER_03388,2025-02-20,ADDR_001646,70.0,11,0
BUYER_03389,2025-11-16,ADDR_003995,70.0,12,1
BUYER_03390,2025-09-07,ADDR_002463,70.0,1,0
BUYER_03391,2025-11-29,ADDR_001188,70.0,5,1
BUYER_03392,2025-12-02,ADDR_000891,70.0,10,1
BUYER_03393,2025-07-13,ADDR_004775,70.0,6,0
BUYER_03394,2025-11-03,ADDR_003557,70.0,7,0
BUYER_03395,2025-09-26,ADDR_001062,70.0,4,2
BUYER_03396,2025-05-22,ADDR_000477,70.0,15,1
BUYER_03397,2025-08-31,ADDR_000614,70.0,65,4
BUYER_03398,2025-12-05,ADDR_004129,70.0,5,0
BUYER_03399,2025-10-05,ADDR_004102,70.0,5,0
BUYER_03400,2025-09-17,ADDR_003975,70.0,6,0
BUYER_03401,2025-04-02,ADDR_002293,70.0,16,1
BUYER_03402,2025-10-27,ADDR_003132,70.0,21,1
BUYER_03403,2025-06-01,ADDR_002426,70.0,10,0
BUYER_03404,2025-08-20,ADDR_002526,70.0,9,6
BUYER_03405,2025-09-07,ADDR_001577,70.0,17,2
BUYER_03406,2025-07-14,ADDR_001870,70.0,5,0
BUYER_03407,2025-03-12,ADDR_000229,70.0,13,1
BUYER_03408,2025-09-13,ADDR_001734,70.0,4,0
BUYER_03409,2025-04-11,ADDR_000958,70.0,7,0
BUYER_03410,2025-04-18,ADDR_004162,70.0,18,1
BUYER_03411,2025-02-25,ADDR_000480,70.0,5,0
BUYER_03412,2025-08-19,ADDR_002988,70.0,6,1
BUYER_03413,2025-02-21,ADDR_001110,70.0,3,1
BUYER_03414,2025-05-16,ADDR_003306,70.0,2,0
BUYER_03415,2025-11-15,ADDR_004913,70.0,13,0
BUYER_03416,2025-06-23,ADDR_003121,70.0,5,0
BUYER_03417,2025-11-17,ADDR_003891,70.0,11,2
BUYER_03418,2025-07-07,ADDR_004457,70.0,6,0
BUYER_03419,2025-03-17,ADDR_004200,70.0,5,0
BUYER_03420,2025-10-04,ADDR_000802,70.0,18,0
BUYER_03421,2025-05-19,ADDR_004322,70.0,4,0
BUYER_03422,2025-12-10,ADDR_001225,70.0,11,0
BUYER_03423,2025-04-17,ADDR_003558,70.0,3,0
BUYER_03424,2025-10-24,ADDR_001128,70.0,7,1
BUYER_03425,2025-07-07,ADDR_002307,70.0,8,2
BUYER_03426,2025-10-31,ADDR_003785,70.0,17,1
BUYER_03427,2025-03-18,ADDR_004539,70.0,7,1
BUYER_03428,2025-08-23,ADDR_000571,70.0,8,2
BUYER_03429,2025-02-19,ADDR_002111,70.0,20,0
BUYER_03430,2025-10-19,ADDR_003000,70.0,6,0
BUYER_03431,2025-04-07,ADDR_000474,70.0,17,0
BUYER_03432,2025-06-14,ADDR_001217,70.0,22,4
BUYER_03433,2025-08-31,ADDR_002952,70.0,12,2
BUYER_03434,2025-07-02,ADDR_003247,70.0,10,1
BUYER_03435,2025-10-10,ADDR_000522,70.0,9,1
BUYER_03436,2025-09-10,ADDR_002096,70.0,14,4
BUYER_03437,2025-02-26,ADDR_003244,70.0,5,0
BUYER_03438,2025-10-08,ADDR_000169,70.0,4,0
BUYER_03439,2025-06-13,ADDR_004937,70.0,3,0
BUYER_03440,2025-08-11,ADDR_001537,70.0,5,0
BUYER_03441,2025-03-31,ADDR_004433,70.0,6,0
BUYER_03442,2025-06-13,ADDR_002638,70.0,26,2
BUYER_03443,2025-10-23,ADDR_001042,70.0,11,2
BUYER_03444,2025-11-27,ADDR_002512,70.0,11,0
BUYER_03445,2025-12-01,ADDR_000682,70.0,5,0
BUYER_03446,2025-09-14,ADDR_000594,70.0,16,0
BUYER_03447,2025-02-06,ADDR_001764,70.0,11,0
BUYER_03448,2025-06-19,ADDR_001293,70.0,9,1
BUYER_03449,2025-03-22,ADDR_000721,70.0,6,0
BUYER_03450,2025-09-14,ADDR_002616,70.0,4,0
BUYER_03451,2025-03-10,ADDR_000844,70.0,9,0
BUYER_03452,2025-12-13,ADDR_000028,70.0,7,0
BUYER_03453,2025-03-23,ADDR_003876,70.0,4,0
BUYER_03454,2025-01-26,ADDR_000360,70.0,8,1
BUYER_03455,2025-10-31,ADDR_003257,70.0,7,2
BUYER_03456,2025-03-26,ADDR_000735,70.0,15,1
BUYER_03457,2025-01-13,ADDR_003055,70.0,4,1
BUYER_03458,2025-07-26,ADDR_000705,70.0,5,0
BUYER_03459,2025-12-11,ADDR_002156,70.0,5,0
BUYER_03460,2025-04-19,ADDR_000888,70.0,11,2
BUYER_03461,2025-06-08,ADDR_000855,70.0,11,4
BUYER_03462,2025-04-07,ADDR_000656,70.0,3,1
BUYER_03463,2025-07-29,ADDR_003157,70.0,7,0
BUYER_03464,2025-05-08,ADDR_003172,70.0,6,0
BUYER_03465,2025-08-09,ADDR_002075,70.0,10,2
BUYER_03466,2025-07-02,ADDR_000606,70.0,4,0
BUYER_03467,2025-11-28,ADDR_001512,70.0,10,1
BUYER_03468,2025-09-04,ADDR_000880,70.0,10,0
BUYER_03469,2025-09-09,ADDR_003263,70.0,4,1
BUYER_03470,2025-07-05,ADDR_001487,70.0,26,0
BUYER_03471,2025-05-01,ADDR_001873,70.0,4,0
BUYER_03472,2025-05-05,ADDR_001293,70.0,7,1
BUYER_03473,2025-07-11,ADDR_000833,70.0,13,2
BUYER_03474,2025-03-22,ADDR_004017,70.0,11,1
BUYER_03475,2025-02-27,ADDR_001581,70.0,3,0
BUYER_03476,2025-05-26,ADDR_002827,70.0,8,0
BUYER_03477,2025-02-26,ADDR_001431,70.0,3,0
BUYER_03478,2025-04-05,ADDR_000432,70.0,7,0
BUYER_03479,2025-07-21,ADDR_003630,70.0,3,1
BUYER_03480,2025-10-14,ADDR_003574,70.0,29,1
BUYER_03481,2025-04-03,ADDR_000232,70.0,25,2
BUYER_03482,2025-10-14,ADDR_004387,70.0,10,0
BUYER_03483,2025-01-09,ADDR_004221,70.0,4,0
BUYER_03484,2025-12-20,ADDR_004201,70.0,5,0
BUYER_03485,2025-07-15,ADDR_002283,70.0,53,10
BUYER_03486,2025-07-01,ADDR_003434,70.0,6,0
BUYER_03487,2025-08-29,ADDR_003268,70.0,5,1
BUYER_03488,2025-07-01,ADDR_002962,70.0,19,2
BUYER_03489,2025-06-07,ADDR_000660,70.0,2,0
BUYER_03490,2025-05-26,ADDR_004501,70.0,2,2
BUYER_03491,2025-12-13,ADDR_004679,70.0,12,1
BUYER_03492,2025-11-06,ADDR_000744,70.0,3,1
BUYER_03493,2025-07-10,ADDR_002658,70.0,10,0
BUYER_03494,2025-10-29,ADDR_002931,70.0,16,1
BUYER_03495,2025-03-05,ADDR_003804,70.0,6,0
BUYER_03496,2025-07-19,ADDR_002419,70.0,24,2
BUYER_03497,2025-06-22,ADDR_004369,70.0,4,0
BUYER_03498,2025-05-09,ADDR_001710,70.0,3,0
BUYER_03499,2025-11-24,ADDR_001585,70.0,7,0
BUYER_03500,2025-10-28,ADDR_003609,70.0,8,0
BUYER_03501,2025-11-21,ADDR_002707,70.0,4,0
BUYER_03502,2025-08-24,ADDR_000405,70.0,17,1
BUYER_03503,2025-05-27,ADDR_003219,70.0,3,1
BUYER_03504,2025-10-03,ADDR_001382,70.0,9,1
BUYER_03505,2025-02-17,ADDR_004165,70.0,27,2
BUYER_03506,2025-11-03,ADDR_004140,70.0,17,4
BUYER_03507,2025-01-15,ADDR_002079,70.0,20,2
BUYER_03508,2025-10-23,ADDR_004223,70.0,20,1
BUYER_03509,2025-09-16,ADDR_004711,70.0,11,4
BUYER_03510,2025-02-09,ADDR_003610,70.0,15,0
BUYER_03511,2025-03-05,ADDR_003005,70.0,8,0
BUYER_03512,2025-06-23,ADDR_004618,70.0,1,0
BUYER_03513,2025-04-30,ADDR_004325,70.0,9,2
BUYER_03514,2025-11-08,ADDR_002998,70.0,1,0
BUYER_03515,2025-03-22,ADDR_000412,70.0,2,0
BUYER_03516,2025-06-11,ADDR_002973,70.0,7,0
BUYER_03517,2025-04-16,ADDR_002293,70.0,16,2
BUYER_03518,2025-02-25,ADDR_001810,70.0,3,0
BUYER_03519,2025-04-16,ADDR_000886,70.0,1,0
BUYER_03520,2025-11-06,ADDR_003547,70.0,3,0
BUYER_03521,2025-09-19,ADDR_004513,70.0,2,0
BUYER_03522,2025-11-23,ADDR_002958,70.0,8,0
BUYER_03523,2025-06-07,ADDR_001163,70.0,2,0
BUYER_03524,2025-04-09,ADDR_000006,70.0,9,1
BUYER_03525,2025-01-14,ADDR_001885,70.0,18,1
BUYER_03526,2025-07-08,ADDR_000780,70.0,10,3
BUYER_03527,2025-01-20,ADDR_000311,70.0,8,0
BUYER_03528,2025-01-03,ADDR_000976,70.0,20,2
BUYER_03529,2025-08-14,ADDR_000994,70.0,10,0
BUYER_03530,2025-03-11,ADDR_001680,70.0,12,2
BUYER_03531,2025-07-29,ADDR_001583,70.0,11,0
BUYER_03532,2025-08-03,ADDR_004078,70.0,1,0
BUYER_03533,2025-09-22,ADDR_003870,70.0,5,1
BUYER_03534,2025-05-30,ADDR_004089,70.0,23,7
BUYER_03535,2025-09-16,ADDR_001243,70.0,4,0
BUYER_03536,2025-05-24,ADDR_001823,70.0,13,1
BUYER_03537,2025-02-13,ADDR_003189,70.0,5,0
BUYER_03538,2025-05-04,ADDR_004716,70.0,8,1
BUYER_03539,2025-01-05,ADDR_003903,70.0,2,0
BUYER_03540,2025-06-26,ADDR_002738,70.0,4,0
BUYER_03541,2025-09-28,ADDR_004911,70.0,8,0
BUYER_03542,2025-10-12,ADDR_003599,70.0,9,1
BUYER_03543,2025-04-06,ADDR_003351,70.0,3,0
BUYER_03544,2025-02-16,ADDR_000147,70.0,2,1
BUYER_03545,2025-03-19,ADDR_003155,70.0,12,0
BUYER_03546,2025-12-15,ADDR_001425,70.0,12,0
BUYER_03547,2025-05-05,ADDR_002977,70.0,13,1
BUYER_03548,2025-06-15,ADDR_002836,70.0,23,3
BUYER_03549,2025-02-04,ADDR_000542,70.0,17,0
BUYER_03550,2025-10-14,ADDR_002283,70.0,13,0
BUYER_03551,2025-06-22,ADDR_002540,70.0,14,1
BUYER_03552,2025-02-09,ADDR_000235,70.0,8,1
BUYER_03553,2025-06-30,ADDR_004214,70.0,8,2
BUYER_03554,2025-09-19,ADDR_004640,70.0,12,0
BUYER_03555,2025-06-30,ADDR_000103,70.0,15,0
BUYER_03556,2025-12-10,ADDR_000595,70.0,30,0
BUYER_03557,2025-11-09,ADDR_000626,70.0,10,4
BUYER_03558,2025-07-14,ADDR_002184,70.0,12,1
BUYER_03559,2025-12-01,ADDR_002972,70.0,19,4
BUYER_03560,2025-10-21,ADDR_001195,70.0,10,0
BUYER_03561,2025-05-25,ADDR_004192,70.0,5,0
BUYER_03562,2025-10-08,ADDR_001537,70.0,7,0
BUYER_03563,2025-07-11,ADDR_001521,70.0,8,0
BUYER_03564,2025-07-23,ADDR_002910,70.0,6,0
BUYER_03565,2025-07-16,ADDR_004313,70.0,4,0
BUYER_03566,2025-10-18,ADDR_001232,70.0,16,3
BUYER_03567,2025-11-24,ADDR_001670,70.0,23,1
BUYER_03568,2025-05-07,ADDR_001676,70.0,4,0
BUYER_03569,2025-08-26,ADDR_002304,70.0,33,2
BUYER_03570,2025-08-22,ADDR_002123,70.0,3,0
BUYER_03571,2025-11-14,ADDR_004717,70.0,11,0
BUYER_03572,2025-06-21,ADDR_000725,70.0,11,0
BUYER_03573,2025-03-21,ADDR_002067,70.0,4,1
BUYER_03574,2025-03-26,ADDR_002942,70.0,18,0
BUYER_03575,2025-01-25,ADDR_002967,70.0,8,0
BUYER_03576,2025-02-14,ADDR_003866,70.0,8,0
BUYER_03577,2025-05-01,ADDR_004630,70.0,4,1
BUYER_03578,2025-02-15,ADDR_003832,70.0,2,0
BUYER_03579,2025-11-09,ADDR_001308,70.0,4,0
BUYER_03580,2025-05-22,ADDR_000240,70.0,17,0
BUYER_03581,2025-05-25,ADDR_000455,70.0,2,1
BUYER_03582,2025-10-03,ADDR_000650,70.0,5,0
BUYER_03583,2025-05-01,ADDR_004742,70.0,5,0
BUYER_03584,2025-09-19,ADDR_004387,70.0,3,0
BUYER_03585,2025-10-24,ADDR_002771,70.0,7,1
BUYER_03586,2025-05-22,ADDR_001626,70.0,8,2
BUYER_03587,2025-07-02,ADDR_004780,70.0,8,1
BUYER_03588,2025-05-08,ADDR_002595,70.0,15,0
BUYER_03589,2025-06-13,ADDR_004290,70.0,11,0
BUYER_03590,2025-08-06,ADDR_003820,70.0,33,2
BUYER_03591,2025-05-18,ADDR_002943,70.0,24,1
BUYER_03592,2025-06-27,ADDR_001840,70.0,10,1
BUYER_03593,2025-07-08,ADDR_002333,70.0,10,1
BUYER_03594,2025-01-13,ADDR_002685,70.0,7,2
BUYER_03595,2025-03-11,ADDR_002377,70.0,12,0
BUYER_03596,2025-07-23,ADDR_004263,70.0,6,0
BUYER_03597,2025-01-02,ADDR_000821,70.0,9,1
BUYER_03598,2025-09-16,ADDR_000410,70.0,16,1
BUYER_03599,2025-11-20,ADDR_002245,70.0,19,2
BUYER_03600,2025-10-02,ADDR_001024,70.0,16,0
BUYER_03601,2025-05-05,ADDR_001602,70.0,6,1
BUYER_03602,2025-06-22,ADDR_004199,70.0,9,0
BUYER_03603,2025-08-29,ADDR_004656,70.0,3,0
BUYER_03604,2025-09-08,ADDR_001911,70.0,2,0
BUYER_03605,2025-12-13,ADDR_004753,70.0,9,0
BUYER_03606,2025-07-07,ADDR_000501,70.0,24,2
BUYER_03607,2025-04-12,ADDR_004762,70.0,1,0
BUYER_03608,2025-05-22,ADDR_001218,70.0,4,1
BUYER_03609,2025-11-26,ADDR_000094,70.0,17,0
BUYER_03610,2025-08-23,ADDR_004086,70.0,12,0
BUYER_03611,2025-11-07,ADDR_002553,70.0,11,1
BUYER_03612,2025-09-22,ADDR_002043,70.0,9,0
BUYER_03613,2025-12-09,ADDR_000990,70.0,22,3
BUYER_03614,2025-07-10,ADDR_002057,70.0,6,0
BUYER_03615,2025-12-04,ADDR_003045,70.0,8,0
BUYER_03616,2025-11-14,ADDR_000711,70.0,5,1
BUYER_03617,2025-10-31,ADDR_004681,70.0,3,1
BUYER_03618,2025-12-01,ADDR_003582,70.0,34,3
BUYER_03619,2025-07-18,ADDR_004339,70.0,5,0
BUYER_03620,2025-09-28,ADDR_000220,70.0,3,0
BUYER_03621,2025-07-28,ADDR_004289,70.0,11,0
BUYER_03622,2025-10-09,ADDR_004285,70.0,2,1
BUYER_03623,2025-10-05,ADDR_001810,70.0,9,0
BUYER_03624,2025-10-04,ADDR_002819,70.0,2,1
BUYER_03625,2025-06-15,ADDR_002480,70.0,7,0
BUYER_03626,2025-10-16,ADDR_004089,70.0,9,0
BUYER_03627,2025-11-11,ADDR_001395,70.0,3,0
BUYER_03628,2025-08-24,ADDR_004551,70.0,12,0
BUYER_03629,2025-06-24,ADDR_002741,70.0,14,6
BUYER_03630,2025-11-03,ADDR_000103,70.0,11,0
BUYER_03631,2025-10-10,ADDR_001501,70.0,3,0
BUYER_03632,2025-06-29,ADDR_000705,70.0,23,0
BUYER_03633,2025-08-05,ADDR_004003,70.0,7,0
BUYER_03634,2025-09-10,ADDR_002025,70.0,23,9
BUYER_03635,2025-09-10,ADDR_002298,70.0,10,0
BUYER_03636,2025-05-04,ADDR_001733,70.0,22,0
BUYER_03637,2025-04-28,ADDR_003466,70.0,13,1
BUYER_03638,2025-11-14,ADDR_004917,70.0,4,1
BUYER_03639,2025-11-30,ADDR_004319,70.0,19,0
BUYER_03640,2025-06-05,ADDR_004898,70.0,5,0
BUYER_03641,2025-11-23,ADDR_001483,70.0,5,0
BUYER_03642,2025-06-29,ADDR_002634,70.0,4,1
BUYER_03643,2025-03-12,ADDR_003079,70.0,11,0
BUYER_03644,2025-09-25,ADDR_001497,70.0,10,0
BUYER_03645,2025-01-23,ADDR_004186,70.0,10,1
BUYER_03646,2025-02-20,ADDR_004552,70.0,2,0
BUYER_03647,2025-12-02,ADDR_004706,70.0,32,8
BUYER_03648,2025-07-15,ADDR_004890,70.0,12,1
BUYER_03649,2025-04-18,ADDR_000807,70.0,10,0
BUYER_03650,2025-07-03,ADDR_000728,70.0,8,1
BUYER_03651,2025-08-05,ADDR_003373,70.0,6,1
BUYER_03652,2025-08-25,ADDR_003592,70.0,11,0
BUYER_03653,2025-05-17,ADDR_002154,70.0,21,1
BUYER_03654,2025-05-31,ADDR_000808,70.0,3,0
BUYER_03655,2025-07-26,ADDR_001413,70.0,10,0
BUYER_03656,2025-08-21,ADDR_000635,70.0,7,0
BUYER_03657,2025-11-25,ADDR_000780,70.0,11,2
BUYER_03658,2025-06-02,ADDR_003341,70.0,3,0
BUYER_03659,2025-11-10,ADDR_002897,70.0,7,1
BUYER_03660,2025-12-18,ADDR_004903,70.0,13,1
BUYER_03661,2025-05-14,ADDR_001653,70.0,22,1
BUYER_03662,2025-01-14,ADDR_002687,70.0,10,1
BUYER_03663,2025-08-13,ADDR_003306,70.0,27,1
BUYER_03664,2025-11-20,ADDR_000482,70.0,7,0
BUYER_03665,2025-01-26,ADDR_001390,70.0,11,2
BUYER_03666,2025-03-24,ADDR_000995,70.0,3,0
BUYER_03667,2025-09-06,ADDR_000002,70.0,11,2
BUYER_03668,2025-10-20,ADDR_000574,70.0,5,0
BUYER_03669,2025-02-09,ADDR_003797,70.0,18,0
BUYER_03670,2025-05-23,ADDR_004334,70.0,3,0
BUYER_03671,2025-04-08,ADDR_000798,70.0,2,0
BUYER_03672,2025-12-09,ADDR_003797,70.0,2,0
BUYER_03673,2025-09-09,ADDR_001249,70.0,16,2
BUYER_03674,2025-07-01,ADDR_000692,70.0,6,0
BUYER_03675,2025-11-06,ADDR_001165,70.0,9,1
BUYER_03676,2025-07-22,ADDR_002135,70.0,7,0
BUYER_03677,2025-11-22,ADDR_001694,70.0,17,0
BUYER_03678,2025-04-08,ADDR_003666,70.0,3,0
BUYER_03679,2025-01-14,ADDR_002402,70.0,5,0
BUYER_03680,2025-06-15,ADDR_002157,70.0,7,3
BUYER_03681,2025-03-26,ADDR_004021,70.0,14,0
BUYER_03682,2025-10-29,ADDR_004907,70.0,6,0
BUYER_03683,2025-07-20,ADDR_003218,70.0,10,0
BUYER_03684,2025-04-26,ADDR_004205,70.0,15,0
BUYER_03685,2025-10-08,ADDR_000722,70.0,9,1
BUYER_03686,2025-07-18,ADDR_004458,70.0,6,0
BUYER_03687,2025-07-10,ADDR_000909,70.0,11,1
BUYER_03688,2025-03-17,ADDR_000943,70.0,7,0
BUYER_03689,2025-12-19,ADDR_004192,70.0,3,0
BUYER_03690,2025-09-01,ADDR_000958,70.0,6,0
BUYER_03691,2025-11-04,ADDR_000299,70.0,3,1
BUYER_03692,2025-10-04,ADDR_000134,70.0,18,0
BUYER_03693,2025-07-10,ADDR_001082,70.0,6,0
BUYER_03694,2025-01-06,ADDR_004080,70.0,2,0
BUYER_03695,2025-09-03,ADDR_000017,70.0,11,1
BUYER_03696,2025-02-14,ADDR_004555,70.0,27,1
BUYER_03697,2025-12-08,ADDR_003831,70.0,4,0
BUYER_03698,2025-04-12,ADDR_001013,70.0,13,1
BUYER_03699,2025-05-24,ADDR_003655,70.0,2,1
BUYER_03700,2025-07-27,ADDR_002566,70.0,6,0
BUYER_03701,2025-07-10,ADDR_001720,70.0,7,0
BUYER_03702,2025-08-30,ADDR_002501,70.0,7,0
BUYER_03703,2025-10-12,ADDR_000036,70.0,13,0
BUYER_03704,2025-10-03,ADDR_004358,70.0,11,0
BUYER_03705,2025-11-21,ADDR_003888,70.0,15,0
BUYER_03706,2025-06-29,ADDR_003499,70.0,13,0
BUYER_03707,2025-07-21,ADDR_000491,70.0,12,1
BUYER_03708,2025-11-10,ADDR_002096,70.0,5,0
BUYER_03709,2025-04-24,ADDR_002279,70.0,6,2
BUYER_03710,2025-04-11,ADDR_003823,70.0,4,0
BUYER_03711,2025-01-06,ADDR_004158,70.0,12,1
BUYER_03712,2025-09-27,ADDR_000315,70.0,13,0
BUYER_03713,2025-09-10,ADDR_001209,70.0,10,1
BUYER_03714,2025-04-22,ADDR_002902,70.0,10,1
BUYER_03715,2025-02-26,ADDR_001879,70.0,2,1
BUYER_03716,2025-01-21,ADDR_004903,70.0,12,0
BUYER_03717,2025-07-05,ADDR_003271,70.0,5,0
BUYER_03718,2025-03-22,ADDR_001596,70.0,13,1
BUYER_03719,2025-10-15,ADDR_003332,70.0,8,1
BUYER_03720,2025-12-05,ADDR_002131,70.0,13,0
BUYER_03721,2025-10-10,ADDR_002290,70.0,7,1
BUYER_03722,2025-11-03,ADDR_003538,70.0,11,4
BUYER_03723,2025-12-18,ADDR_002147,70.0,6,0
BUYER_03724,2025-09-28,ADDR_003447,70.0,20,0
BUYER_03725,2025-08-01,ADDR_002076,70.0,4,0
BUYER_03726,2025-10-20,ADDR_002941,70.0,4,0
BUYER_03727,2025-07-31,ADDR_002405,70.0,4,0
BUYER_03728,2025-06-16,ADDR_002840,70.0,11,0
BUYER_03729,2025-01-17,ADDR_001715,70.0,7,2
BUYER_03730,2025-08-26,ADDR_000593,70.0,7,0
BUYER_03731,2025-11-18,ADDR_001269,70.0,14,0
BUYER_03732,2025-09-12,ADDR_001762,70.0,9,0
BUYER_03733,2025-06-06,ADDR_001564,70.0,15,0
BUYER_03734,2025-08-18,ADDR_002086,70.0,6,0
BUYER_03735,2025-10-21,ADDR_002364,70.0,19,0
BUYER_03736,2025-10-05,ADDR_001246,70.0,7,1
BUYER_03737,2025-07-06,ADDR_001891,70.0,7,0
BUYER_03738,2025-05-22,ADDR_001397,70.0,31,6
BUYER_03739,2025-06-04,ADDR_002898,70.0,4,0
BUYER_03740,2025-11-21,ADDR_002379,70.0,10,4
BUYER_03741,2025-03-13,ADDR_003124,70.0,3,0
BUYER_03742,2025-11-07,ADDR_002137,70.0,8,0
BUYER_03743,2025-03-23,ADDR_004930,70.0,4,1
BUYER_03744,2025-12-14,ADDR_002399,70.0,18,1
BUYER_03745,2025-06-21,ADDR_003045,70.0,9,0
BUYER_03746,2025-09-25,ADDR_002188,70.0,4,1
BUYER_03747,2025-09-24,ADDR_003636,70.0,7,0
BUYER_03748,2025-10-08,ADDR_002765,70.0,5,1
BUYER_03749,2025-10-14,ADDR_000485,70.0,14,0
BUYER_03750,2025-01-20,ADDR_003610,70.0,6,1
BUYER_03751,2025-04-21,ADDR_000601,70.0,10,1
BUYER_03752,2025-04-05,ADDR_001992,70.0,9,1
BUYER_03753,2025-09-14,ADDR_002519,70.0,10,2
BUYER_03754,2025-09-09,ADDR_000054,70.0,29,0
BUYER_03755,2025-04-29,ADDR_004289,70.0,5,0
BUYER_03756,2025-10-15,ADDR_003854,70.0,9,1
BUYER_03757,2025-05-04,ADDR_004805,70.0,3,1
BUYER_03758,2025-05-16,ADDR_002967,70.0,9,0
BUYER_03759,2025-06-04,ADDR_001140,70.0,6,0
BUYER_03760,2025-09-29,ADDR_001435,70.0,20,8
BUYER_03761,2025-01-07,ADDR_004596,70.0,11,4
BUYER_03762,2025-11-21,ADDR_000213,70.0,4,0
BUYER_03763,2025-09-12,ADDR_003324,70.0,4,0
BUYER_03764,2025-08-08,ADDR_000336,70.0,16,5
BUYER_03765,2025-04-08,ADDR_003658,70.0,5,1
BUYER_03766,2025-10-12,ADDR_002876,70.0,5,0
BUYER_03767,2025-11-10,ADDR_002338,70.0,7,0
BUYER_03768,2025-07-10,ADDR_003467,70.0,11,1
BUYER_03769,2025-04-28,ADDR_001756,70.0,6,0
BUYER_03770,2025-05-29,ADDR_002838,70.0,8,1
BUYER_03771,2025-06-10,ADDR_003960,70.0,6,2
BUYER_03772,2025-05-02,ADDR_003328,70.0,3,0
BUYER_03773,2025-09-18,ADDR_000108,70.0,3,0
BUYER_03774,2025-05-15,ADDR_004920,70.0,3,1
BUYER_03775,2025-10-24,ADDR_002675,70.0,4,0
BUYER_03776,2025-06-27,ADDR_002127,70.0,9,0
BUYER_03777,2025-08-22,ADDR_000365,70.0,10,0
BUYER_03778,2025-12-04,ADDR_000447,70.0,7,1
BUYER_03779,2025-06-21,ADDR_000934,70.0,31,2
BUYER_03780,2025-03-13,ADDR_004570,70.0,5,0
BUYER_03781,2025-07-26,ADDR_003589,70.0,13,0
BUYER_03782,2025-07-08,ADDR_002045,70.0,4,0
BUYER_03783,2025-10-11,ADDR_003735,70.0,5,3
BUYER_03784,2025-11-06,ADDR_001939,70.0,10,0
BUYER_03785,2025-09-18,ADDR_004400,70.0,5,0
BUYER_03786,2025-12-11,ADDR_001619,70.0,3,0
BUYER_03787,2025-04-19,ADDR_003541,70.0,2,0
BUYER_03788,2025-04-08,ADDR_002160,70.0,3,0
BUYER_03789,2025-04-27,ADDR_003339,70.0,14,1
BUYER_03790,2025-09-05,ADDR_000923,70.0,8,1
BUYER_03791,2025-04-06,ADDR_004678,70.0,5,0
BUYER_03792,2025-02-09,ADDR_001417,70.0,5,1
BUYER_03793,2025-12-13,ADDR_002660,70.0,3,0
BUYER_03794,2025-05-06,ADDR_002299,70.0,5,1
BUYER_03795,2025-04-02,ADDR_004106,70.0,6,0
BUYER_03796,2025-05-21,ADDR_002745,70.0,12,2
BUYER_03797,2025-03-09,ADDR_004296,70.0,70,5
BUYER_03798,2025-01-18,ADDR_004799,70.0,9,0
BUYER_03799,2025-05-02,ADDR_003780,70.0,5,0
BUYER_03800,2025-05-14,ADDR_000913,70.0,11,5
BUYER_03801,2025-10-21,ADDR_003811,70.0,10,0
BUYER_03802,2025-06-17,ADDR_004460,70.0,4,0
BUYER_03803,2025-09-26,ADDR_002656,70.0,6,0
BUYER_03804,2025-09-26,ADDR_004660,70.0,7,1
BUYER_03805,2025-10-14,ADDR_002612,70.0,5,0
BUYER_03806,2025-11-24,ADDR_004211,70.0,7,0
BUYER_03807,2025-07-09,ADDR_003211,70.0,18,7
BUYER_03808,2025-02-16,ADDR_000432,70.0,17,2
BUYER_03809,2025-01-19,ADDR_003467,70.0,5,0
BUYER_03810,2025-03-20,ADDR_002449,70.0,7,2
BUYER_03811,2025-10-27,ADDR_002703,70.0,8,0
BUYER_03812,2025-08-03,ADDR_001498,70.0,7,0
BUYER_03813,2025-03-02,ADDR_000918,70.0,9,3
BUYER_03814,2025-02-27,ADDR_003682,70.0,3,0
BUYER_03815,2025-11-16,ADDR_001229,70.0,8,1
BUYER_03816,2025-07-16,ADDR_000461,70.0,4,0
BUYER_03817,2025-03-14,ADDR_000285,70.0,11,0
BUYER_03818,2025-11-17,ADDR_003522,70.0,5,1
BUYER_03819,2025-09-21,ADDR_001010,70.0,2,0
BUYER_03820,2025-07-02,ADDR_001791,70.0,10,2
BUYER_03821,2025-06-27,ADDR_002096,70.0,4,0
BUYER_03822,2025-09-05,ADDR_004571,70.0,13,3
BUYER_03823,2025-05-14,ADDR_000582,70.0,3,0
BUYER_03824,2025-12-20,ADDR_004800,70.0,14,0
BUYER_03825,2025-10-12,ADDR_000723,70.0,4,1
BUYER_03826,2025-08-26,ADDR_000961,70.0,48,13
BUYER_03827,2025-09-10,ADDR_004173,70.0,11,0
BUYER_03828,2025-12-19,ADDR_004497,70.0,24,1
BUYER_03829,2025-01-07,ADDR_002684,70.0,14,1
BUYER_03830,2025-01-12,ADDR_002440,70.0,10,0
BUYER_03831,2025-10-12,ADDR_003863,70.0,3,0
BUYER_03832,2025-03-28,ADDR_004502,70.0,19,0
BUYER_03833,2025-09-09,ADDR_000057,70.0,11,1
BUYER_03834,2025-07-10,ADDR_001297,70.0,8,1
BUYER_03835,2025-05-07,ADDR_001413,70.0,11,0
BUYER_03836,2025-04-05,ADDR_004125,70.0,10,3
BUYER_03837,2025-10-10,ADDR_000087,70.0,13,1
BUYER_03838,2025-03-14,ADDR_000621,70.0,4,1
BUYER_03839,2025-03-09,ADDR_000016,70.0,12,3
BUYER_03840,2025-06-19,ADDR_004717,70.0,5,1
BUYER_03841,2025-02-22,ADDR_004821,70.0,4,1
BUYER_03842,2025-08-26,ADDR_001314,70.0,8,0
BUYER_03843,2025-12-18,ADDR_002581,70.0,3,0
BUYER_03844,2025-09-30,ADDR_001726,70.0,6,0
BUYER_03845,2025-08-13,ADDR_000449,70.0,4,0
BUYER_03846,2025-06-03,ADDR_002217,70.0,6,0
BUYER_03847,2025-12-17,ADDR_003951,70.0,15,1
BUYER_03848,2025-11-12,ADDR_001429,70.0,9,2
BUYER_03849,2025-10-24,ADDR_002555,70.0,8,0
BUYER_03850,2025-04-05,ADDR_002325,70.0,11,0
BUYER_03851,2025-02-23,ADDR_001214,70.0,5,0
BUYER_03852,2025-03-16,ADDR_000012,70.0,14,1
BUYER_03853,2025-04-15,ADDR_004151,70.0,12,2
BUYER_03854,2025-02-07,ADDR_004919,70.0,13,1
BUYER_03855,2025-11-15,ADDR_003184,70.0,5,0
BUYER_03856,2025-03-19,ADDR_001767,70.0,8,0
BUYER_03857,2025-04-04,ADDR_001736,70.0,17,3
BUYER_03858,2025-11-15,ADDR_004668,70.0,9,1
BUYER_03859,2025-12-07,ADDR_002811,70.0,11,1
BUYER_03860,2025-04-02,ADDR_003960,70.0,5,0
BUYER_03861,2025-04-28,ADDR_003329,70.0,5,0
BUYER_03862,2025-10-17,ADDR_004572,70.0,5,0
BUYER_03863,2025-12-11,ADDR_002766,70.0,3,0
BUYER_03864,2025-08-29,ADDR_004193,70.0,10,1
BUYER_03865,2025-06-19,ADDR_004617,70.0,9,1
BUYER_03866,2025-09-06,ADDR_003762,70.0,6,0
BUYER_03867,2025-10-11,ADDR_001752,70.0,20,2
BUYER_03868,2025-02-19,ADDR_000450,70.0,3,0
BUYER_03869,2025-06-17,ADDR_002029,70.0,23,2
BUYER_03870,2025-11-05,ADDR_003427,70.0,12,0
BUYER_03871,2025-09-16,ADDR_000375,70.0,7,1
BUYER_03872,2025-03-07,ADDR_003806,70.0,12,0
BUYER_03873,2025-10-02,ADDR_003155,70.0,28,6
BUYER_03874,2025-09-04,ADDR_002655,70.0,7,0
BUYER_03875,2025-04-18,ADDR_004783,70.0,35,2
BUYER_03876,2025-05-16,ADDR_001207,70.0,5,0
BUYER_03877,2025-05-05,ADDR_003921,70.0,1,0
BUYER_03878,2025-12-18,ADDR_002729,70.0,5,1
BUYER_03879,2025-03-19,ADDR_002538,70.0,30,2
BUYER_03880,2025-10-27,ADDR_001976,70.0,19,2
BUYER_03881,2025-07-20,ADDR_003141,70.0,6,0
BUYER_03882,2025-11-12,ADDR_004949,70.0,3,0
BUYER_03883,2025-12-15,ADDR_002010,70.0,8,0
BUYER_03884,2025-12-08,ADDR_000711,70.0,8,1
BUYER_03885,2025-11-04,ADDR_000631,70.0,7,0
BUYER_03886,2025-06-09,ADDR_000875,70.0,2,1
BUYER_03887,2025-04-20,ADDR_002015,70.0,5,0
BUYER_03888,2025-05-07,ADDR_000020,70.0,10,5
BUYER_03889,2025-08-30,ADDR_001393,70.0,12,1
BUYER_03890,2025-05-15,ADDR_003440,70.0,3,0
BUYER_03891,2025-06-17,ADDR_003356,70.0,4,0
BUYER_03892,2025-02-06,ADDR_003311,70.0,7,0
BUYER_03893,2025-10-08,ADDR_003312,70.0,15,0
BUYER_03894,2025-02-19,ADDR_000920,70.0,19,1
BUYER_03895,2025-05-14,ADDR_004639,70.0,5,0
BUYER_03896,2025-08-09,ADDR_001473,70.0,6,0
BUYER_03897,2025-07-20,ADDR_000393,70.0,11,0
BUYER_03898,2025-11-16,ADDR_004017,70.0,10,3
BUYER_03899,2025-09-01,ADDR_004725,70.0,5,0
BUYER_03900,2025-10-14,ADDR_001714,70.0,3,0
BUYER_03901,2025-05-02,ADDR_001973,70.0,5,0
BUYER_03902,2025-02-27,ADDR_002886,70.0,5,2
BUYER_03903,2025-09-29,ADDR_004539,70.0,17,1
BUYER_03904,2025-03-07,ADDR_000068,70.0,5,0
BUYER_03905,2025-10-28,ADDR_000591,70.0,3,0
BUYER_03906,2025-12-02,ADDR_004689,70.0,13,0
BUYER_03907,2025-04-24,ADDR_002432,70.0,14,1
BUYER_03908,2025-10-04,ADDR_004892,70.0,22,1
BUYER_03909,2025-06-18,ADDR_003252,70.0,8,0
BUYER_03910,2025-04-30,ADDR_003650,70.0,5,0
BUYER_03911,2025-06-16,ADDR_001553,70.0,6,0
BUYER_03912,2025-08-28,ADDR_000935,70.0,2,0
BUYER_03913,2025-12-17,ADDR_003219,70.0,8,0
BUYER_03914,2025-04-30,ADDR_003721,70.0,3,0
BUYER_03915,2025-09-16,ADDR_001315,70.0,6,0
BUYER_03916,2025-05-13,ADDR_002903,70.0,6,1
BUYER_03917,2025-04-13,ADDR_001828,70.0,2,0
BUYER_03918,2025-08-23,ADDR_004499,70.0,12,0
BUYER_03919,2025-10-04,ADDR_004491,70.0,4,0
BUYER_03920,2025-09-20,ADDR_001747,70.0,9,2
BUYER_03921,2025-12-02,ADDR_000124,70.0,6,0
BUYER_03922,2025-02-17,ADDR_001234,70.0,12,0
BUYER_03923,2025-07-23,ADDR_001350,70.0,4,0
BUYER_03924,2025-04-27,ADDR_000095,70.0,20,2
BUYER_03925,2025-10-23,ADDR_004631,70.0,6,0
BUYER_03926,2025-01-29,ADDR_001139,70.0,15,0
BUYER_03927,2025-03-16,ADDR_000727,70.0,20,0
BUYER_03928,2025-10-08,ADDR_003017,70.0,4,1
BUYER_03929,2025-05-20,ADDR_001967,70.0,13,0
BUYER_03930,2025-09-08,ADDR_000864,70.0,4,0
BUYER_03931,2025-12-20,ADDR_002247,70.0,6,1
BUYER_03932,2025-06-25,ADDR_002963,70.0,10,0
BUYER_03933,2025-07-20,ADDR_003230,70.0,9,0
BUYER_03934,2025-12-13,ADDR_001114,70.0,6,0
BUYER_03935,2025-09-30,ADDR_003028,70.0,3,1
BUYER_03936,2025-03-23,ADDR_003923,70.0,8,0
BUYER_03937,2025-10-18,ADDR_003102,70.0,4,1
BUYER_03938,2025-07-15,ADDR_004710,70.0,18,1
BUYER_03939,2025-10-13,ADDR_004655,70.0,4,0
BUYER_03940,2025-08-12,ADDR_002451,70.0,6,0
BUYER_03941,2025-04-04,ADDR_001045,70.0,8,0
BUYER_03942,2025-10-22,ADDR_002264,70.0,2,1
BUYER_03943,2025-01-02,ADDR_002424,70.0,5,0
BUYER_03944,2025-11-15,ADDR_000858,70.0,13,4
BUYER_03945,2025-10-23,ADDR_004771,70.0,17,0
BUYER_03946,2025-12-11,ADDR_002812,70.0,10,1
BUYER_03947,2025-01-18,ADDR_000634,70.0,9,0
BUYER_03948,2025-06-18,ADDR_003574,70.0,7,1
BUYER_03949,2025-03-13,ADDR_004693,70.0,5,0
BUYER_03950,2025-05-27,ADDR_002777,70.0,20,7
BUYER_03951,2025-05-22,ADDR_000110,70.0,18,0
BUYER_03952,2025-08-11,ADDR_004805,70.0,3,0
BUYER_03953,2025-06-18,ADDR_004719,70.0,7,0
BUYER_03954,2025-12-10,ADDR_004771,70.0,14,1
BUYER_03955,2025-04-22,ADDR_000331,70.0,9,1
BUYER_03956,2025-06-11,ADDR_000153,70.0,9,0
BUYER_03957,2025-09-15,ADDR_002858,70.0,13,0
BUYER_03958,2025-04-22,ADDR_003703,70.0,10,3
BUYER_03959,2025-09-22,ADDR_004148,70.0,4,0
BUYER_03960,2025-09-17,ADDR_003176,70.0,11,3
BUYER_03961,2025-09-18,ADDR_001552,70.0,12,3
BUYER_03962,2025-09-06,ADDR_004617,70.0,9,0
BUYER_03963,2025-10-23,ADDR_002923,70.0,7,0
BUYER_03964,2025-12-19,ADDR_003373,70.0,7,0
BUYER_03965,2025-01-27,ADDR_001269,70.0,3,0
BUYER_03966,2025-07-08,ADDR_003756,70.0,4,2
BUYER_03967,2025-10-21,ADDR_000641,70.0,5,0
BUYER_03968,2025-01-01,ADDR_004309,70.0,31,1
BUYER_03969,2025-07-25,ADDR_004218,70.0,12,0
BUYER_03970,2025-09-01,ADDR_003379,70.0,6,0
BUYER_03971,2025-03-22,ADDR_004857,70.0,14,0
BUYER_03972,2025-06-05,ADDR_004505,70.0,14,1
BUYER_03973,2025-10-14,ADDR_000345,70.0,7,0
BUYER_03974,2025-01-31,ADDR_001093,70.0,14,0
BUYER_03975,2025-02-28,ADDR_000600,70.0,6,1
BUYER_03976,2025-10-23,ADDR_001587,70.0,2,0
BUYER_03977,2025-10-20,ADDR_002913,70.0,7,0
BUYER_03978,2025-08-09,ADDR_000711,70.0,12,1
BUYER_03979,2025-06-10,ADDR_000427,70.0,27,2
BUYER_03980,2025-02-16,ADDR_003189,70.0,2,0
BUYER_03981,2025-10-21,ADDR_003124,70.0,2,0
BUYER_03982,2025-04-09,ADDR_001812,70.0,3,0
BUYER_03983,2025-11-23,ADDR_000629,70.0,5,0
BUYER_03984,2025-10-09,ADDR_000571,70.0,14,0
BUYER_03985,2025-02-06,ADDR_002052,70.0,31,3
BUYER_03986,2025-08-24,ADDR_004219,70.0,20,0
BUYER_03987,2025-11-25,ADDR_003743,70.0,2,0
BUYER_03988,2025-11-12,ADDR_003091,70.0,4,0
BUYER_03989,2025-08-17,ADDR_000562,70.0,14,1
BUYER_03990,2025-03-14,ADDR_000930,70.0,7,0
BUYER_03991,2025-09-08,ADDR_001491,70.0,10,0
BUYER_03992,2025-09-03,ADDR_003984,70.0,5,0
BUYER_03993,2025-08-08,ADDR_003997,70.0,19,2
BUYER_03994,2025-04-18,ADDR_004621,70.0,4,0
BUYER_03995,2025-11-19,ADDR_000437,70.0,7,0
BUYER_03996,2025-07-10,ADDR_001184,70.0,4,0
BUYER_03997,2025-04-29,ADDR_001411,70.0,18,1
BUYER_03998,2025-04-14,ADDR_004909,70.0,5,1
BUYER_03999,2025-04-23,ADDR_003074,70.0,11,2
BUYER_04000,2025-06-26,ADDR_004722,70.0,18,2
BUYER_04001,2025-04-05,ADDR_001224,70.0,9,2
BUYER_04002,2025-07-15,ADDR_000334,70.0,2,0
BUYER_04003,2025-03-22,ADDR_002380,70.0,20,0
BUYER_04004,2025-04-20,ADDR_004044,70.0,11,1
BUYER_04005,2025-02-22,ADDR_004144,70.0,18,0
BUYER_04006,2025-05-21,ADDR_002338,70.0,5,1
BUYER_04007,2025-06-07,ADDR_001334,70.0,10,0
BUYER_04008,2025-06-06,ADDR_000233,70.0,41,1
BUYER_04009,2025-09-23,ADDR_002157,70.0,1,0
BUYER_04010,2025-07-04,ADDR_002653,70.0,13,0
BUYER_04011,2025-09-12,ADDR_000090,70.0,7,0
BUYER_04012,2025-01-17,ADDR_002105,70.0,39,4
BUYER_04013,2025-06-17,ADDR_003506,70.0,23,1
BUYER_04014,2025-02-10,ADDR_001618,70.0,4,0
BUYER_04015,2025-06-26,ADDR_001757,70.0,7,0
BUYER_04016,2025-08-17,ADDR_001767,70.0,5,1
BUYER_04017,2025-10-16,ADDR_004257,70.0,4,0
BUYER_04018,2025-07-26,ADDR_003582,70.0,3,0
BUYER_04019,2025-05-29,ADDR_000438,70.0,5,0
BUYER_04020,2025-04-17,ADDR_001516,70.0,14,0
BUYER_04021,2025-12-07,ADDR_003872,70.0,3,0
BUYER_04022,2025-03-24,ADDR_001764,70.0,17,1
BUYER_04023,2025-01-21,ADDR_004028,70.0,1,0
BUYER_04024,2025-02-24,ADDR_002511,70.0,3,0
BUYER_04025,2025-12-20,ADDR_003841,70.0,19,0
BUYER_04026,2025-11-20,ADDR_002612,70.0,14,0
BUYER_04027,2025-05-08,ADDR_003635,70.0,11,0
BUYER_04028,2025-01-03,ADDR_002135,70.0,6,0
BUYER_04029,2025-10-06,ADDR_001177,70.0,8,0
BUYER_04030,2025-04-30,ADDR_004366,70.0,54,5
BUYER_04031,2025-01-12,ADDR_002062,70.0,42,2
BUYER_04032,2025-06-24,ADDR_000045,70.0,15,0
BUYER_04033,2025-06-13,ADDR_001910,70.0,13,1
BUYER_04034,2025-05-22,ADDR_003169,70.0,5,0
BUYER_04035,2025-08-30,ADDR_001193,70.0,4,0
BUYER_04036,2025-09-23,ADDR_004344,70.0,5,0
BUYER_04037,2025-07-29,ADDR_002433,70.0,2,0
BUYER_04038,2025-01-08,ADDR_001833,70.0,10,0
BUYER_04039,2025-01-12,ADDR_003452,70.0,2,1
BUYER_04040,2025-11-13,ADDR_003167,70.0,5,0
BUYER_04041,2025-03-20,ADDR_002369,70.0,2,0
BUYER_04042,2025-06-04,ADDR_001164,70.0,8,1
BUYER_04043,2025-02-15,ADDR_004823,70.0,11,2
BUYER_04044,2025-04-05,ADDR_001382,70.0,4,1
BUYER_04045,2025-07-04,ADDR_003508,70.0,5,1
BUYER_04046,2025-04-07,ADDR_000257,70.0,10,0
BUYER_04047,2025-09-01,ADDR_003182,70.0,4,3
BUYER_04048,2025-05-24,ADDR_002186,70.0,4,0
BUYER_04049,2025-10-13,ADDR_001999,70.0,9,0
BUYER_04050,2025-08-13,ADDR_004162,70.0,9,0
BUYER_04051,2025-04-14,ADDR_002888,70.0,7,0
BUYER_04052,2025-10-20,ADDR_002332,70.0,11,0
BUYER_04053,2025-11-29,ADDR_002137,70.0,6,0
BUYER_04054,2025-02-22,ADDR_003062,70.0,11,1
BUYER_04055,2025-09-04,ADDR_001098,70.0,21,1
BUYER_04056,2025-08-22,ADDR_001217,70.0,6,0
BUYER_04057,2025-09-04,ADDR_002579,70.0,17,1
BUYER_04058,2025-01-16,ADDR_001579,70.0,20,2
BUYER_04059,2025-01-15,ADDR_003329,70.0,3,0
BUYER_04060,2025-04-28,ADDR_004462,70.0,15,4
BUYER_04061,2025-02-06,ADDR_001774,70.0,5,0
BUYER_04062,2025-05-24,ADDR_002859,70.0,20,1
BUYER_04063,2025-11-10,ADDR_001402,70.0,15,7
BUYER_04064,2025-05-20,ADDR_003927,70.0,5,2
BUYER_04065,2025-06-02,ADDR_001076,70.0,4,0
BUYER_04066,2025-04-19,ADDR_002584,70.0,6,0
BUYER_04067,2025-06-12,ADDR_001795,70.0,16,0
BUYER_04068,2025-10-16,ADDR_003785,70.0,11,0
BUYER_04069,2025-10-27,ADDR_001209,70.0,16,0
BUYER_04070,2025-06-12,ADDR_000995,70.0,9,0
BUYER_04071,2025-06-04,ADDR_000481,70.0,5,1
BUYER_04072,2025-03-23,ADDR_002756,70.0,7,0
BUYER_04073,2025-12-13,ADDR_003161,70.0,10,0
BUYER_04074,2025-05-04,ADDR_003313,70.0,18,1
BUYER_04075,2025-05-16,ADDR_001420,70.0,16,0
BUYER_04076,2025-06-15,ADDR_001194,70.0,3,0
BUYER_04077,2025-02-06,ADDR_004909,70.0,10,0
BUYER_04078,2025-05-10,ADDR_002675,70.0,1,0
BUYER_04079,2025-11-28,ADDR_003196,70.0,7,0
BUYER_04080,2025-02-04,ADDR_001706,70.0,7,1
BUYER_04081,2025-04-09,ADDR_000705,70.0,5,0
BUYER_04082,2025-03-31,ADDR_004718,70.0,12,0
BUYER_04083,2025-04-07,ADDR_004105,70.0,3,0
BUYER_04084,2025-12-06,ADDR_001099,70.0,6,3
BUYER_04085,2025-09-17,ADDR_003730,70.0,8,1
BUYER_04086,2025-11-25,ADDR_003800,70.0,15,5
BUYER_04087,2025-11-05,ADDR_002475,70.0,8,0
BUYER_04088,2025-08-20,ADDR_004733,70.0,26,3
BUYER_04089,2025-07-30,ADDR_001155,70.0,2,0
BUYER_04090,2025-07-12,ADDR_000359,70.0,8,3
BUYER_04091,2025-09-11,ADDR_004013,70.0,18,3
BUYER_04092,2025-09-15,ADDR_001769,70.0,17,0
BUYER_04093,2025-08-12,ADDR_000616,70.0,9,1
BUYER_04094,2025-06-22,ADDR_003941,70.0,10,1
BUYER_04095,2025-09-06,ADDR_002069,70.0,8,0
BUYER_04096,2025-03-08,ADDR_004284,70.0,8,0
BUYER_04097,2025-07-27,ADDR_004045,70.0,12,0
BUYER_04098,2025-07-16,ADDR_001502,70.0,17,6
BUYER_04099,2025-07-21,ADDR_003967,70.0,4,0
BUYER_04100,2025-07-13,ADDR_002324,70.0,16,0
BUYER_04101,2025-10-01,ADDR_003117,70.0,4,0
BUYER_04102,2025-10-03,ADDR_001418,70.0,36,0
BUYER_04103,2025-05-11,ADDR_000275,70.0,10,1
BUYER_04104,2025-05-18,ADDR_000942,70.0,20,1
BUYER_04105,2025-01-09,ADDR_001648,70.0,5,0
BUYER_04106,2025-02-19,ADDR_001496,70.0,5,0
BUYER_04107,2025-04-17,ADDR_004223,70.0,7,1
BUYER_04108,2025-10-06,ADDR_000875,70.0,13,3
BUYER_04109,2025-10-16,ADDR_003570,70.0,11,1
BUYER_04110,2025-04-11,ADDR_003709,70.0,36,1
BUYER_04111,2025-11-09,ADDR_004012,70.0,10,1
BUYER_04112,2025-05-27,ADDR_004032,70.0,7,0
BUYER_04113,2025-10-16,ADDR_000311,70.0,4,0
BUYER_04114,2025-06-28,ADDR_001077,70.0,5,0
BUYER_04115,2025-09-18,ADDR_004656,70.0,9,1
BUYER_04116,2025-05-20,ADDR_003130,70.0,9,0
BUYER_04117,2025-02-02,ADDR_001133,70.0,11,0
BUYER_04118,2025-04-14,ADDR_004689,70.0,13,0
BUYER_04119,2025-09-13,ADDR_001644,70.0,4,0
BUYER_04120,2025-11-24,ADDR_001428,70.0,9,2
BUYER_04121,2025-08-21,ADDR_004160,70.0,6,1
BUYER_04122,2025-10-07,ADDR_004754,70.0,11,3
BUYER_04123,2025-01-08,ADDR_002010,70.0,38,6
BUYER_04124,2025-10-04,ADDR_003195,70.0,5,1
BUYER_04125,2025-10-29,ADDR_003183,70.0,27,3
BUYER_04126,2025-06-09,ADDR_001118,70.0,7,3
BUYER_04127,2025-07-07,ADDR_002734,70.0,7,0
BUYER_04128,2025-01-25,ADDR_000275,70.0,24,1
BUYER_04129,2025-03-15,ADDR_000848,70.0,2,1
BUYER_04130,2025-01-27,ADDR_004099,70.0,42,0
BUYER_04131,2025-09-25,ADDR_000772,70.0,10,2
BUYER_04132,2025-10-17,ADDR_003012,70.0,2,0
BUYER_04133,2025-02-18,ADDR_000484,70.0,9,1
BUYER_04134,2025-11-25,ADDR_000433,70.0,5,0
BUYER_04135,2025-10-30,ADDR_004886,70.0,2,1
BUYER_04136,2025-08-04,ADDR_003945,70.0,12,1
BUYER_04137,2025-12-14,ADDR_004180,70.0,5,1
BUYER_04138,2025-11-13,ADDR_001641,70.0,3,1
BUYER_04139,2025-04-02,ADDR_004569,70.0,32,2
BUYER_04140,2025-12-06,ADDR_002671,70.0,6,1
BUYER_04141,2025-06-20,ADDR_001979,70.0,9,1
BUYER_04142,2025-03-08,ADDR_001706,70.0,20,2
BUYER_04143,2025-03-25,ADDR_003637,70.0,7,2
BUYER_04144,2025-09-09,ADDR_001834,70.0,6,0
BUYER_04145,2025-12-17,ADDR_001934,70.0,5,0
BUYER_04146,2025-06-20,ADDR_001919,70.0,21,0
BUYER_04147,2025-08-03,ADDR_001578,70.0,10,1
BUYER_04148,2025-04-30,ADDR_001967,70.0,14,1
BUYER_04149,2025-11-01,ADDR_000119,70.0,3,0
BUYER_04150,2025-02-20,ADDR_004328,70.0,6,0
BUYER_04151,2025-08-06,ADDR_001238,70.0,19,0
BUYER_04152,2025-08-07,ADDR_002214,70.0,12,1
BUYER_04153,2025-01-01,ADDR_000842,70.0,8,0
BUYER_04154,2025-12-02,ADDR_002655,70.0,7,1
BUYER_04155,2025-12-12,ADDR_001329,70.0,6,0
BUYER_04156,2025-06-28,ADDR_000840,70.0,16,1
BUYER_04157,2025-09-23,ADDR_001429,70.0,3,0
BUYER_04158,2025-11-02,ADDR_004478,70.0,6,0
BUYER_04159,2025-02-21,ADDR_001112,70.0,8,0
BUYER_04160,2025-02-08,ADDR_003910,70.0,12,0
BUYER_04161,2025-09-11,ADDR_001006,70.0,17,1
BUYER_04162,2025-07-29,ADDR_003216,70.0,14,6
BUYER_04163,2025-09-07,ADDR_004055,70.0,24,1
BUYER_04164,2025-08-03,ADDR_001467,70.0,8,1
BUYER_04165,2025-09-23,ADDR_004253,70.0,3,0
BUYER_04166,2025-03-08,ADDR_000995,70.0,21,1
BUYER_04167,2025-03-30,ADDR_002295,70.0,5,1
BUYER_04168,2025-04-07,ADDR_001635,70.0,8,0
BUYER_04169,2025-06-10,ADDR_003586,70.0,6,1
BUYER_04170,2025-10-04,ADDR_000632,70.0,19,6
BUYER_04171,2025-10-27,ADDR_003376,70.0,8,3
BUYER_04172,2025-06-05,ADDR_003477,70.0,6,0
BUYER_04173,2025-08-13,ADDR_000087,70.0,9,3
BUYER_04174,2025-04-29,ADDR_001265,70.0,21,0
BUYER_04175,2025-07-01,ADDR_003512,70.0,4,1
BUYER_04176,2025-12-02,ADDR_001185,70.0,46,7
BUYER_04177,2025-04-19,ADDR_003001,70.0,12,1
BUYER_04178,2025-10-13,ADDR_001982,70.0,3,0
BUYER_04179,2025-01-21,ADDR_002283,70.0,3,1
BUYER_04180,2025-05-16,ADDR_000217,70.0,14,0
BUYER_04181,2025-09-01,ADDR_004448,70.0,4,0
BUYER_04182,2025-10-09,ADDR_003568,70.0,13,0
BUYER_04183,2025-08-09,ADDR_003599,70.0,5,0
BUYER_04184,2025-11-09,ADDR_001590,70.0,7,1
BUYER_04185,2025-10-24,ADDR_002106,70.0,5,0
BUYER_04186,2025-08-18,ADDR_000511,70.0,10,0
BUYER_04187,2025-05-17,ADDR_000264,70.0,24,3
BUYER_04188,2025-05-23,ADDR_002386,70.0,20,0
BUYER_04189,2025-08-17,ADDR_004336,70.0,26,0
BUYER_04190,2025-08-31,ADDR_002390,70.0,7,0
BUYER_04191,2025-06-03,ADDR_004873,70.0,3,0
BUYER_04192,2025-06-04,ADDR_002591,70.0,4,1
BUYER_04193,2025-03-16,ADDR_003140,70.0,10,0
BUYER_04194,2025-01-01,ADDR_000384,70.0,4,0
BUYER_04195,2025-06-26,ADDR_003802,70.0,14,0
BUYER_04196,2025-10-27,ADDR_004400,70.0,17,1
BUYER_04197,2025-10-06,ADDR_002504,70.0,25,3
BUYER_04198,2025-12-19,ADDR_004477,70.0,10,0
BUYER_04199,2025-09-04,ADDR_001171,70.0,11,0
BUYER_04200,2025-04-06,ADDR_002421,70.0,4,0
BUYER_04201,2025-09-07,ADDR_004514,70.0,4,0
BUYER_04202,2025-10-26,ADDR_002988,70.0,12,0
BUYER_04203,2025-08-26,ADDR_003407,70.0,6,1
BUYER_04204,2025-07-03,ADDR_001996,70.0,5,0
BUYER_04205,2025-08-18,ADDR_002715,70.0,10,0
BUYER_04206,2025-01-14,ADDR_000807,70.0,2,0
BUYER_04207,2025-04-18,ADDR_003376,70.0,8,0
BUYER_04208,2025-03-09,ADDR_000276,70.0,16,4
BUYER_04209,2025-06-09,ADDR_002533,70.0,5,0
BUYER_04210,2025-11-16,ADDR_004602,70.0,4,0
BUYER_04211,2025-03-20,ADDR_000289,70.0,16,1
BUYER_04212,2025-02-02,ADDR_004626,70.0,9,1
BUYER_04213,2025-10-10,ADDR_003269,70.0,15,1
BUYER_04214,2025-11-08,ADDR_000418,70.0,5,0
BUYER_04215,2025-07-20,ADDR_004248,70.0,15,0
BUYER_04216,2025-05-27,ADDR_000817,70.0,4,1
BUYER_04217,2025-06-15,ADDR_001090,70.0,9,0
BUYER_04218,2025-09-01,ADDR_004349,70.0,12,0
BUYER_04219,2025-10-27,ADDR_000772,70.0,10,1
BUYER_04220,2025-03-21,ADDR_003170,70.0,91,3
BUYER_04221,2025-11-19,ADDR_001683,70.0,9,1
BUYER_04222,2025-08-31,ADDR_002651,70.0,11,0
BUYER_04223,2025-09-27,ADDR_004496,70.0,18,0
BUYER_04224,2025-02-09,ADDR_004248,70.0,3,0
BUYER_04225,2025-11-24,ADDR_000394,70.0,15,0
BUYER_04226,2025-07-19,ADDR_000440,70.0,6,0
BUYER_04227,2025-05-22,ADDR_001769,70.0,8,0
BUYER_04228,2025-06-04,ADDR_004003,70.0,10,0
BUYER_04229,2025-04-28,ADDR_003759,70.0,3,0
BUYER_04230,2025-03-11,ADDR_003061,70.0,12,1
BUYER_04231,2025-01-18,ADDR_004272,70.0,8,0
BUYER_04232,2025-04-17,ADDR_000902,70.0,9,0
BUYER_04233,2025-07-08,ADDR_003643,70.0,19,2
BUYER_04234,2025-09-03,ADDR_004798,70.0,6,0
BUYER_04235,2025-09-25,ADDR_004777,70.0,11,1
BUYER_04236,2025-08-11,ADDR_003520,70.0,18,1
BUYER_04237,2025-02-20,ADDR_003444,70.0,7,0
BUYER_04238,2025-06-16,ADDR_001107,70.0,19,1
BUYER_04239,2025-09-04,ADDR_003686,70.0,4,0
BUYER_04240,2025-09-29,ADDR_001224,70.0,18,0
BUYER_04241,2025-05-09,ADDR_002089,70.0,7,1
BUYER_04242,2025-11-28,ADDR_000578,70.0,11,0
BUYER_04243,2025-10-16,ADDR_000658,70.0,4,0
BUYER_04244,2025-11-03,ADDR_000375,70.0,9,1
BUYER_04245,2025-09-03,ADDR_002286,70.0,12,0
BUYER_04246,2025-06-09,ADDR_000357,70.0,4,0
BUYER_04247,2025-11-29,ADDR_003565,70.0,1,0
BUYER_04248,2025-11-19,ADDR_003245,70.0,4,1
BUYER_04249,2025-10-26,ADDR_003218,70.0,3,0
BUYER_04250,2025-11-16,ADDR_003480,70.0,3,0
BUYER_04251,2025-11-24,ADDR_001141,70.0,3,0
BUYER_04252,2025-09-30,ADDR_003344,70.0,4,0
BUYER_04253,2025-03-25,ADDR_003106,70.0,2,0
BUYER_04254,2025-07-22,ADDR_001989,70.0,25,0
BUYER_04255,2025-08-17,ADDR_003628,70.0,5,0
BUYER_04256,2025-10-08,ADDR_002410,70.0,7,0
BUYER_04257,2025-07-08,ADDR_000770,70.0,3,1
BUYER_04258,2025-07-14,ADDR_002379,70.0,6,2
BUYER_04259,2025-12-19,ADDR_001602,70.0,17,0
BUYER_04260,2025-06-23,ADDR_000984,70.0,10,2
BUYER_04261,2025-02-26,ADDR_002777,70.0,16,3
BUYER_04262,2025-09-17,ADDR_004428,70.0,8,0
BUYER_04263,2025-05-23,ADDR_000081,70.0,9,3
BUYER_04264,2025-04-12,ADDR_000667,70.0,4,0
BUYER_04265,2025-08-22,ADDR_004515,70.0,7,0
BUYER_04266,2025-12-06,ADDR_003419,70.0,6,1
BUYER_04267,2025-05-05,ADDR_001185,70.0,13,1
BUYER_04268,2025-05-26,ADDR_001827,70.0,6,0
BUYER_04269,2025-06-27,ADDR_004366,70.0,5,1
BUYER_04270,2025-09-10,ADDR_004175,70.0,8,0
BUYER_04271,2025-06-03,ADDR_004478,70.0,10,0
BUYER_04272,2025-06-13,ADDR_001149,70.0,4,0
BUYER_04273,2025-09-15,ADDR_000959,70.0,5,0
BUYER_04274,2025-12-16,ADDR_003421,70.0,37,0
BUYER_04275,2025-05-06,ADDR_002781,70.0,15,1
BUYER_04276,2025-08-07,ADDR_003707,70.0,3,0
BUYER_04277,2025-10-15,ADDR_001232,70.0,9,1
BUYER_04278,2025-03-29,ADDR_004922,70.0,6,0
BUYER_04279,2025-10-23,ADDR_000821,70.0,3,0
BUYER_04280,2025-05-20,ADDR_000882,70.0,6,0
BUYER_04281,2025-02-18,ADDR_003638,70.0,3,0
BUYER_04282,2025-01-13,ADDR_002795,70.0,16,2
BUYER_04283,2025-01-17,ADDR_001922,70.0,13,0
BUYER_04284,2025-10-16,ADDR_003644,70.0,14,0
BUYER_04285,2025-09-06,ADDR_002843,70.0,6,0
BUYER_04286,2025-10-15,ADDR_001994,70.0,3,0
BUYER_04287,2025-10-02,ADDR_001069,70.0,4,0
BUYER_04288,2025-05-29,ADDR_002619,70.0,13,0
BUYER_04289,2025-11-29,ADDR_002734,70.0,9,0
BUYER_04290,2025-11-11,ADDR_004426,70.0,6,0
BUYER_04291,2025-05-18,ADDR_002085,70.0,5,0
BUYER_04292,2025-10-08,ADDR_001313,70.0,8,0
BUYER_04293,2025-10-23,ADDR_001687,70.0,4,0
BUYER_04294,2025-07-05,ADDR_001341,70.0,6,0
BUYER_04295,2025-02-22,ADDR_001762,70.0,25,1
BUYER_04296,2025-05-12,ADDR_001420,70.0,37,9
BUYER_04297,2025-12-17,ADDR_002734,70.0,11,0
BUYER_04298,2025-09-20,ADDR_001063,70.0,2,0
BUYER_04299,2025-10-09,ADDR_004590,70.0,29,3
BUYER_04300,2025-11-22,ADDR_004464,70.0,6,1
BUYER_04301,2025-03-26,ADDR_002688,70.0,2,0
BUYER_04302,2025-12-10,ADDR_003629,70.0,5,0
BUYER_04303,2025-07-15,ADDR_002827,70.0,14,1
BUYER_04304,2025-09-29,ADDR_000040,70.0,4,0
BUYER_04305,2025-05-07,ADDR_000213,70.0,7,0
BUYER_04306,2025-05-11,ADDR_002195,70.0,8,2
BUYER_04307,2025-05-22,ADDR_003721,70.0,2,0
BUYER_04308,2025-05-17,ADDR_000643,70.0,21,0
BUYER_04309,2025-01-30,ADDR_002717,70.0,7,0
BUYER_04310,2025-05-04,ADDR_004724,70.0,6,3
BUYER_04311,2025-08-28,ADDR_004133,70.0,16,1
BUYER_04312,2025-11-19,ADDR_002731,70.0,2,0
BUYER_04313,2025-01-21,ADDR_002448,70.0,11,0
BUYER_04314,2025-01-09,ADDR_000309,70.0,8,0
BUYER_04315,2025-08-09,ADDR_000010,70.0,7,0
BUYER_04316,2025-09-14,ADDR_001563,70.0,6,1
BUYER_04317,2025-08-15,ADDR_004033,70.0,14,6
BUYER_04318,2025-12-12,ADDR_000029,70.0,2,0
BUYER_04319,2025-04-04,ADDR_003956,70.0,8,0
BUYER_04320,2025-07-03,ADDR_001274,70.0,11,2
BUYER_04321,2025-11-24,ADDR_000652,70.0,17,1
BUYER_04322,2025-08-18,ADDR_000474,70.0,35,3
BUYER_04323,2025-08-04,ADDR_003384,70.0,3,1
BUYER_04324,2025-11-29,ADDR_000221,70.0,3,0
BUYER_04325,2025-05-14,ADDR_002604,70.0,11,2
BUYER_04326,2025-03-08,ADDR_004627,70.0,15,2
BUYER_04327,2025-02-26,ADDR_002920,70.0,10,0
BUYER_04328,2025-10-24,ADDR_001655,70.0,14,3
BUYER_04329,2025-11-05,ADDR_004402,70.0,5,0
BUYER_04330,2025-04-06,ADDR_000361,70.0,14,1
BUYER_04331,2025-06-24,ADDR_001235,70.0,5,0
BUYER_04332,2025-08-07,ADDR_004909,70.0,5,1
BUYER_04333,2025-03-01,ADDR_000065,70.0,9,0
BUYER_04334,2025-11-02,ADDR_004725,70.0,2,0
BUYER_04335,2025-06-11,ADDR_001032,70.0,20,1
BUYER_04336,2025-11-07,ADDR_000362,70.0,15,0
BUYER_04337,2025-10-04,ADDR_004529,70.0,17,0
BUYER_04338,2025-04-28,ADDR_002821,70.0,2,0
BUYER_04339,2025-09-20,ADDR_001537,70.0,6,0
BUYER_04340,2025-09-28,ADDR_000429,70.0,15,0
BUYER_04341,2025-05-04,ADDR_003338,70.0,4,0
BUYER_04342,2025-04-14,ADDR_002115,70.0,18,1
BUYER_04343,2025-10-25,ADDR_003908,70.0,16,1
BUYER_04344,2025-09-07,ADDR_001230,70.0,42,3
BUYER_04345,2025-09-27,ADDR_004025,70.0,4,0
BUYER_04346,2025-05-05,ADDR_001365,70.0,8,0
BUYER_04347,2025-09-22,ADDR_000051,70.0,4,0
BUYER_04348,2025-09-19,ADDR_003934,70.0,6,0
BUYER_04349,2025-05-12,ADDR_001476,70.0,6,0
BUYER_04350,2025-04-20,ADDR_004188,70.0,1,0
BUYER_04351,2025-06-16,ADDR_004895,70.0,37,2
BUYER_04352,2025-09-27,ADDR_000763,70.0,3,0
BUYER_04353,2025-03-22,ADDR_002610,70.0,6,0
BUYER_04354,2025-11-10,ADDR_001666,70.0,13,0
BUYER_04355,2025-04-14,ADDR_000315,70.0,5,1
BUYER_04356,2025-10-30,ADDR_003354,70.0,11,0
BUYER_04357,2025-03-08,ADDR_000132,70.0,5,0
BUYER_04358,2025-09-27,ADDR_000119,70.0,7,1
BUYER_04359,2025-07-30,ADDR_004013,70.0,10,4
BUYER_04360,2025-09-02,ADDR_001396,70.0,29,1
BUYER_04361,2025-12-12,ADDR_004479,70.0,7,0
BUYER_04362,2025-01-25,ADDR_002941,70.0,5,1
BUYER_04363,2025-03-05,ADDR_002596,70.0,8,2
BUYER_04364,2025-02-06,ADDR_002025,70.0,17,0
BUYER_04365,2025-07-16,ADDR_001839,70.0,8,1
BUYER_04366,2025-10-18,ADDR_001113,70.0,27,6
BUYER_04367,2025-01-26,ADDR_000976,70.0,4,0
BUYER_04368,2025-10-10,ADDR_003000,70.0,7,3
BUYER_04369,2025-06-16,ADDR_000110,70.0,3,1
BUYER_04370,2025-12-02,ADDR_001601,70.0,4,0
BUYER_04371,2025-05-30,ADDR_001943,70.0,10,1
BUYER_04372,2025-12-16,ADDR_002438,70.0,11,0
BUYER_04373,2025-07-28,ADDR_002811,70.0,16,1
BUYER_04374,2025-12-17,ADDR_002210,70.0,16,3
BUYER_04375,2025-08-23,ADDR_000944,70.0,7,2
BUYER_04376,2025-05-17,ADDR_004262,70.0,21,0
BUYER_04377,2025-10-18,ADDR_001538,70.0,15,3
BUYER_04378,2025-07-05,ADDR_001473,70.0,9,1
BUYER_04379,2025-05-03,ADDR_000315,70.0,3,0
BUYER_04380,2025-07-02,ADDR_001397,70.0,8,0
BUYER_04381,2025-11-09,ADDR_001928,70.0,9,1
BUYER_04382,2025-09-25,ADDR_003489,70.0,5,0
BUYER_04383,2025-03-15,ADDR_003538,70.0,13,0
BUYER_04384,2025-10-30,ADDR_001733,70.0,6,0
BUYER_04385,2025-06-16,ADDR_002466,70.0,8,1
BUYER_04386,2025-02-07,ADDR_000501,70.0,12,3
BUYER_04387,2025-03-05,ADDR_003306,70.0,9,0
BUYER_04388,2025-01-31,ADDR_003335,70.0,4,1
BUYER_04389,2025-09-07,ADDR_001058,70.0,6,0
BUYER_04390,2025-04-15,ADDR_000967,70.0,6,0
BUYER_04391,2025-02-13,ADDR_001969,70.0,4,0
BUYER_04392,2025-05-24,ADDR_003426,70.0,8,0
BUYER_04393,2025-11-08,ADDR_002571,70.0,7,0
BUYER_04394,2025-08-22,ADDR_000305,70.0,4,0
BUYER_04395,2025-07-04,ADDR_002834,70.0,25,1
BUYER_04396,2025-09-25,ADDR_003499,70.0,8,0
BUYER_04397,2025-02-04,ADDR_000922,70.0,8,0
BUYER_04398,2025-11-13,ADDR_002200,70.0,5,0
BUYER_04399,2025-03-16,ADDR_003997,70.0,13,0
BUYER_04400,2025-01-12,ADDR_001607,70.0,6,2
BUYER_04401,2025-05-22,ADDR_003918,70.0,7,1
BUYER_04402,2025-01-28,ADDR_004580,70.0,6,1
BUYER_04403,2025-03-12,ADDR_000486,70.0,23,7
BUYER_04404,2025-09-27,ADDR_000304,70.0,7,0
BUYER_04405,2025-06-06,ADDR_001236,70.0,8,1
BUYER_04406,2025-01-05,ADDR_003719,70.0,6,0
BUYER_04407,2025-08-27,ADDR_003238,70.0,13,3
BUYER_04408,2025-09-17,ADDR_000884,70.0,10,1
BUYER_04409,2025-11-19,ADDR_004719,70.0,5,0
BUYER_04410,2025-03-07,ADDR_004723,70.0,5,1
BUYER_04411,2025-11-05,ADDR_000038,70.0,12,1
BUYER_04412,2025-09-17,ADDR_004576,70.0,4,0
BUYER_04413,2025-07-31,ADDR_003536,70.0,4,0
BUYER_04414,2025-04-16,ADDR_000961,70.0,3,2
BUYER_04415,2025-06-25,ADDR_001715,70.0,6,0
BUYER_04416,2025-03-24,ADDR_001536,70.0,5,1
BUYER_04417,2025-09-20,ADDR_000775,70.0,38,0
BUYER_04418,2025-09-15,ADDR_000863,70.0,3,0
BUYER_04419,2025-03-21,ADDR_004349,70.0,4,0
BUYER_04420,2025-04-13,ADDR_002339,70.0,5,0
BUYER_04421,2025-11-19,ADDR_003175,70.0,11,1
BUYER_04422,2025-06-30,ADDR_004802,70.0,29,0
BUYER_04423,2025-07-27,ADDR_000603,70.0,14,0
BUYER_04424,2025-12-07,ADDR_003657,70.0,13,0
BUYER_04425,2025-03-27,ADDR_001137,70.0,32,9
BUYER_04426,2025-08-21,ADDR_000094,70.0,12,1
BUYER_04427,2025-10-09,ADDR_001806,70.0,15,3
BUYER_04428,2025-05-07,ADDR_001947,70.0,11,0
BUYER_04429,2025-05-03,ADDR_004900,70.0,4,1
BUYER_04430,2025-11-17,ADDR_001704,70.0,2,0
BUYER_04431,2025-02-14,ADDR_003804,70.0,8,1
BUYER_04432,2025-03-09,ADDR_004628,70.0,4,0
BUYER_04433,2025-06-09,ADDR_001668,70.0,3,0
BUYER_04434,2025-10-17,ADDR_000886,70.0,19,0
BUYER_04435,2025-06-24,ADDR_004778,70.0,7,0
BUYER_04436,2025-04-20,ADDR_002267,70.0,6,0
BUYER_04437,2025-06-12,ADDR_002251,70.0,24,1
BUYER_04438,2025-06-20,ADDR_003606,70.0,11,1
BUYER_04439,2025-09-23,ADDR_001882,70.0,6,1
BUYER_04440,2025-11-08,ADDR_002680,70.0,4,1
BUYER_04441,2025-05-08,ADDR_004674,70.0,6,1
BUYER_04442,2025-09-17,ADDR_004909,70.0,4,1
BUYER_04443,2025-09-15,ADDR_003644,70.0,11,2
BUYER_04444,2025-10-06,ADDR_001964,70.0,10,0
BUYER_04445,2025-08-04,ADDR_002711,70.0,9,1
BUYER_04446,2025-01-08,ADDR_004814,70.0,16,2
BUYER_04447,2025-08-31,ADDR_002973,70.0,9,0
BUYER_04448,2025-08-16,ADDR_004815,70.0,12,0
BUYER_04449,2025-08-16,ADDR_004815,70.0,6,0
BUYER_04450,2025-04-24,ADDR_002996,70.0,25,0
BUYER_04451,2025-02-13,ADDR_003679,70.0,9,0
BUYER_04452,2025-03-21,ADDR_000440,70.0,8,0
BUYER_04453,2025-03-31,ADDR_000046,70.0,41,8
BUYER_04454,2025-03-15,ADDR_003554,70.0,6,0
BUYER_04455,2025-04-10,ADDR_002084,70.0,27,2
BUYER_04456,2025-02-01,ADDR_000834,70.0,9,0
BUYER_04457,2025-04-19,ADDR_004874,70.0,30,1
BUYER_04458,2025-12-20,ADDR_000980,70.0,11,1
BUYER_04459,2025-07-13,ADDR_000416,70.0,3,0
BUYER_04460,2025-05-16,ADDR_001887,70.0,8,2
BUYER_04461,2025-09-21,ADDR_000552,70.0,3,1
BUYER_04462,2025-06-29,ADDR_002931,70.0,12,1
BUYER_04463,2025-01-15,ADDR_002155,70.0,14,1
BUYER_04464,2025-07-25,ADDR_004586,70.0,8,0
BUYER_04465,2025-05-02,ADDR_003947,70.0,6,1
BUYER_04466,2025-08-02,ADDR_001330,70.0,6,0
BUYER_04467,2025-03-15,ADDR_003389,70.0,5,0
BUYER_04468,2025-07-03,ADDR_003454,70.0,5,0
BUYER_04469,2025-03-22,ADDR_001785,70.0,5,0
BUYER_04470,2025-04-30,ADDR_004562,70.0,3,0
BUYER_04471,2025-09-10,ADDR_004188,70.0,20,1
BUYER_04472,2025-04-04,ADDR_003028,70.0,8,1
BUYER_04473,2025-06-11,ADDR_003705,70.0,16,0
BUYER_04474,2025-02-03,ADDR_002652,70.0,17,7
BUYER_04475,2025-09-10,ADDR_002330,70.0,13,1
BUYER_04476,2025-07-22,ADDR_002700,70.0,4,0
BUYER_04477,2025-10-22,ADDR_004182,70.0,5,0
BUYER_04478,2025-07-21,ADDR_000080,70.0,11,1
BUYER_04479,2025-12-19,ADDR_000499,70.0,12,0
BUYER_04480,2025-04-09,ADDR_002349,70.0,5,0
BUYER_04481,2025-09-28,ADDR_002876,70.0,4,1
BUYER_04482,2025-06-16,ADDR_000889,70.0,17,0
BUYER_04483,2025-05-27,ADDR_002995,70.0,24,1
BUYER_04484,2025-09-25,ADDR_000121,70.0,9,0
BUYER_04485,2025-12-06,ADDR_001217,70.0,3,0
BUYER_04486,2025-10-03,ADDR_002276,70.0,4,0
BUYER_04487,2025-05-11,ADDR_003452,70.0,36,0
BUYER_04488,2025-07-13,ADDR_003136,70.0,7,0
BUYER_04489,2025-03-31,ADDR_002649,70.0,12,0
BUYER_04490,2025-08-19,ADDR_002798,70.0,19,0
BUYER_04491,2025-06-06,ADDR_002542,70.0,6,1
BUYER_04492,2025-04-04,ADDR_003422,70.0,4,1
BUYER_04493,2025-01-11,ADDR_001257,70.0,11,3
BUYER_04494,2025-11-27,ADDR_003267,70.0,2,0
BUYER_04495,2025-02-05,ADDR_001053,70.0,4,0
BUYER_04496,2025-05-11,ADDR_003401,70.0,17,2
BUYER_04497,2025-03-21,ADDR_000889,70.0,14,1
BUYER_04498,2025-07-07,ADDR_000106,70.0,4,0
BUYER_04499,2025-03-23,ADDR_004840,70.0,10,0
BUYER_04500,2025-09-26,ADDR_000884,70.0,4,0
BUYER_04501,2025-04-03,ADDR_000562,70.0,2,0
BUYER_04502,2025-03-19,ADDR_001500,70.0,5,0
BUYER_04503,2025-03-31,ADDR_004947,70.0,5,2
BUYER_04504,2025-04-29,ADDR_002476,70.0,4,1
BUYER_04505,2025-08-26,ADDR_001218,70.0,6,0
BUYER_04506,2025-03-28,ADDR_000931,70.0,21,5
BUYER_04507,2025-09-13,ADDR_003115,70.0,10,1
BUYER_04508,2025-06-15,ADDR_004122,70.0,10,0
BUYER_04509,2025-03-24,ADDR_001681,70.0,5,0
BUYER_04510,2025-04-09,ADDR_001283,70.0,5,0
BUYER_04511,2025-07-19,ADDR_004295,70.0,3,1
BUYER_04512,2025-05-28,ADDR_000650,70.0,4,0
BUYER_04513,2025-07-14,ADDR_004504,70.0,6,1
BUYER_04514,2025-10-21,ADDR_002371,70.0,2,0
BUYER_04515,2025-01-23,ADDR_003573,70.0,15,2
BUYER_04516,2025-06-02,ADDR_001841,70.0,6,1
BUYER_04517,2025-06-10,ADDR_003513,70.0,14,1
BUYER_04518,2025-04-12,ADDR_004578,70.0,10,1
BUYER_04519,2025-06-19,ADDR_002441,70.0,4,0
BUYER_04520,2025-08-01,ADDR_001050,70.0,5,0
BUYER_04521,2025-08-07,ADDR_000385,70.0,23,0
BUYER_04522,2025-09-04,ADDR_004582,70.0,5,1
BUYER_04523,2025-02-05,ADDR_004945,70.0,10,0
BUYER_04524,2025-06-25,ADDR_003223,70.0,19,1
BUYER_04525,2025-10-03,ADDR_000076,70.0,5,0
BUYER_04526,2025-06-24,ADDR_004380,70.0,15,0
BUYER_04527,2025-08-31,ADDR_002452,70.0,4,0
BUYER_04528,2025-08-09,ADDR_001157,70.0,10,0
BUYER_04529,2025-06-27,ADDR_001817,70.0,11,1
BUYER_04530,2025-02-06,ADDR_002933,70.0,7,2
BUYER_04531,2025-08-23,ADDR_003841,70.0,25,2
BUYER_04532,2025-07-21,ADDR_002955,70.0,7,0
BUYER_04533,2025-01-04,ADDR_003642,70.0,19,0
BUYER_04534,2025-03-27,ADDR_004196,70.0,8,0
BUYER_04535,2025-01-29,ADDR_003108,70.0,8,1
BUYER_04536,2025-08-02,ADDR_001553,70.0,10,0
BUYER_04537,2025-01-09,ADDR_000369,70.0,8,0
BUYER_04538,2025-10-31,ADDR_000609,70.0,3,1
BUYER_04539,2025-12-04,ADDR_001172,70.0,9,1
BUYER_04540,2025-12-13,ADDR_003804,70.0,27,0
BUYER_04541,2025-04-04,ADDR_000466,70.0,5,0
BUYER_04542,2025-07-08,ADDR_000629,70.0,6,1
BUYER_04543,2025-11-16,ADDR_004845,70.0,3,0
BUYER_04544,2025-09-10,ADDR_001981,70.0,5,0
BUYER_04545,2025-04-30,ADDR_000632,70.0,8,0
BUYER_04546,2025-10-28,ADDR_004318,70.0,21,1
BUYER_04547,2025-08-03,ADDR_004453,70.0,6,0
BUYER_04548,2025-09-24,ADDR_002495,70.0,9,2
BUYER_04549,2025-12-11,ADDR_001947,70.0,6,2
BUYER_04550,2025-12-20,ADDR_003106,70.0,4,1
BUYER_04551,2025-07-11,ADDR_004268,70.0,9,0
BUYER_04552,2025-03-08,ADDR_004779,70.0,20,1
BUYER_04553,2025-08-19,ADDR_002844,70.0,8,3
BUYER_04554,2025-08-27,ADDR_004673,70.0,6,1
BUYER_04555,2025-08-03,ADDR_004117,70.0,4,0
BUYER_04556,2025-06-12,ADDR_000798,70.0,5,0
BUYER_04557,2025-08-06,ADDR_003138,70.0,9,0
BUYER_04558,2025-07-21,ADDR_003295,70.0,4,1
BUYER_04559,2025-12-03,ADDR_003805,70.0,5,0
BUYER_04560,2025-10-29,ADDR_002630,70.0,16,3
BUYER_04561,2025-06-02,ADDR_003617,70.0,24,1
BUYER_04562,2025-08-02,ADDR_002892,70.0,15,0
BUYER_04563,2025-08-01,ADDR_001287,70.0,25,6
BUYER_04564,2025-07-13,ADDR_003385,70.0,6,0
BUYER_04565,2025-01-28,ADDR_004628,70.0,31,5
BUYER_04566,2025-09-18,ADDR_004171,70.0,18,6
BUYER_04567,2025-09-25,ADDR_003186,70.0,4,0
BUYER_04568,2025-07-04,ADDR_001593,70.0,4,1
BUYER_04569,2025-11-19,ADDR_001000,70.0,4,1
BUYER_04570,2025-12-15,ADDR_001413,70.0,4,0
BUYER_04571,2025-10-21,ADDR_001514,70.0,4,0
BUYER_04572,2025-11-27,ADDR_004760,70.0,25,1
BUYER_04573,2025-07-05,ADDR_002638,70.0,1,0
BUYER_04574,2025-11-23,ADDR_001694,70.0,15,0
BUYER_04575,2025-11-30,ADDR_004365,70.0,8,0
BUYER_04576,2025-08-20,ADDR_001826,70.0,23,5
BUYER_04577,2025-03-06,ADDR_003943,70.0,3,0
BUYER_04578,2025-03-07,ADDR_003175,70.0,3,1
BUYER_04579,2025-06-30,ADDR_001495,70.0,10,0
BUYER_04580,2025-09-26,ADDR_002903,70.0,3,0
BUYER_04581,2025-07-10,ADDR_003408,70.0,4,0
BUYER_04582,2025-10-17,ADDR_004898,70.0,14,0
BUYER_04583,2025-10-07,ADDR_003777,70.0,16,4
BUYER_04584,2025-03-26,ADDR_001390,70.0,12,1
BUYER_04585,2025-02-27,ADDR_001646,70.0,9,0
BUYER_04586,2025-09-16,ADDR_003337,70.0,2,0
BUYER_04587,2025-05-08,ADDR_001367,70.0,4,0
BUYER_04588,2025-11-29,ADDR_000601,70.0,21,2
BUYER_04589,2025-11-08,ADDR_000748,70.0,7,0
BUYER_04590,2025-06-22,ADDR_003340,70.0,10,4
BUYER_04591,2025-08-05,ADDR_001749,70.0,5,0
BUYER_04592,2025-11-01,ADDR_003458,70.0,7,2
BUYER_04593,2025-11-09,ADDR_000005,70.0,6,0
BUYER_04594,2025-07-29,ADDR_002590,70.0,14,0
BUYER_04595,2025-12-12,ADDR_001418,70.0,6,0
BUYER_04596,2025-07-16,ADDR_004709,70.0,6,1
BUYER_04597,2025-01-21,ADDR_000722,70.0,42,4
BUYER_04598,2025-07-30,ADDR_000621,70.0,18,3
BUYER_04599,2025-10-10,ADDR_001579,70.0,26,2
BUYER_04600,2025-12-16,ADDR_001091,70.0,21,1
BUYER_04601,2025-02-16,ADDR_002424,70.0,8,0
BUYER_04602,2025-06-19,ADDR_003056,70.0,2,0
BUYER_04603,2025-08-08,ADDR_004455,70.0,4,0
BUYER_04604,2025-11-13,ADDR_004345,70.0,11,1
BUYER_04605,2025-09-20,ADDR_000418,70.0,3,0
BUYER_04606,2025-04-05,ADDR_002117,70.0,4,0
BUYER_04607,2025-11-05,ADDR_004305,70.0,20,0
BUYER_04608,2025-09-02,ADDR_000819,70.0,18,3
BUYER_04609,2025-11-17,ADDR_003307,70.0,8,1
BUYER_04610,2025-10-28,ADDR_002112,70.0,34,2
BUYER_04611,2025-02-26,ADDR_000836,70.0,9,1
BUYER_04612,2025-12-08,ADDR_000305,70.0,4,0
BUYER_04613,2025-06-24,ADDR_001434,70.0,3,0
BUYER_04614,2025-12-15,ADDR_002605,70.0,3,0
BUYER_04615,2025-03-20,ADDR_002707,70.0,20,0
BUYER_04616,2025-10-15,ADDR_002715,70.0,7,0
BUYER_04617,2025-05-02,ADDR_003907,70.0,4,1
BUYER_04618,2025-01-22,ADDR_002501,70.0,5,0
BUYER_04619,2025-12-19,ADDR_000501,70.0,9,0
BUYER_04620,2025-05-02,ADDR_000366,70.0,4,0
BUYER_04621,2025-02-06,ADDR_001506,70.0,1,0
BUYER_04622,2025-11-06,ADDR_003260,70.0,15,0
BUYER_04623,2025-06-16,ADDR_000268,70.0,3,0
BUYER_04624,2025-08-04,ADDR_002890,70.0,12,1
BUYER_04625,2025-12-16,ADDR_000835,70.0,8,0
BUYER_04626,2025-07-03,ADDR_002076,70.0,9,1
BUYER_04627,2025-02-01,ADDR_003117,70.0,9,1
BUYER_04628,2025-09-11,ADDR_004882,70.0,8,0
BUYER_04629,2025-09-18,ADDR_004754,70.0,11,1
BUYER_04630,2025-03-22,ADDR_002724,70.0,6,0
BUYER_04631,2025-07-25,ADDR_002655,70.0,2,0
BUYER_04632,2025-05-25,ADDR_000314,70.0,3,0
BUYER_04633,2025-01-24,ADDR_003033,70.0,2,0
BUYER_04634,2025-05-04,ADDR_000373,70.0,6,1
BUYER_04635,2025-11-22,ADDR_003404,70.0,8,0
BUYER_04636,2025-04-30,ADDR_001027,70.0,4,0
BUYER_04637,2025-04-02,ADDR_000620,70.0,2,0
BUYER_04638,2025-12-02,ADDR_000354,70.0,6,1
BUYER_04639,2025-05-30,ADDR_002275,70.0,11,0
BUYER_04640,2025-12-02,ADDR_001168,70.0,10,0
BUYER_04641,2025-11-12,ADDR_002293,70.0,4,0
BUYER_04642,2025-06-29,ADDR_004433,70.0,6,0
BUYER_04643,2025-05-30,ADDR_004134,70.0,18,0
BUYER_04644,2025-03-01,ADDR_003714,70.0,21,2
BUYER_04645,2025-03-21,ADDR_002320,70.0,7,0
BUYER_04646,2025-04-06,ADDR_000555,70.0,16,0
BUYER_04647,2025-06-29,ADDR_002013,70.0,16,0
BUYER_04648,2025-05-26,ADDR_000108,70.0,5,1
BUYER_04649,2025-10-17,ADDR_002822,70.0,11,0
BUYER_04650,2025-04-29,ADDR_001493,70.0,12,0
BUYER_04651,2025-06-13,ADDR_003437,70.0,10,1
BUYER_04652,2025-02-23,ADDR_002800,70.0,21,0
BUYER_04653,2025-04-20,ADDR_003067,70.0,5,1
BUYER_04654,2025-10-12,ADDR_001276,70.0,14,1
BUYER_04655,2025-09-17,ADDR_003548,70.0,8,0
BUYER_04656,2025-06-05,ADDR_004932,70.0,18,2
BUYER_04657,2025-08-04,ADDR_001525,70.0,14,0
BUYER_04658,2025-06-25,ADDR_003770,70.0,11,0
BUYER_04659,2025-11-17,ADDR_004332,70.0,6,2
BUYER_04660,2025-06-03,ADDR_003637,70.0,16,6
BUYER_04661,2025-09-22,ADDR_004342,70.0,21,0
BUYER_04662,2025-04-01,ADDR_001465,70.0,6,0
BUYER_04663,2025-06-17,ADDR_000517,70.0,10,0
BUYER_04664,2025-07-19,ADDR_000863,70.0,7,0
BUYER_04665,2025-02-16,ADDR_000902,70.0,9,1
BUYER_04666,2025-08-08,ADDR_002736,70.0,31,0
BUYER_04667,2025-08-04,ADDR_004586,70.0,11,1
BUYER_04668,2025-03-09,ADDR_001097,70.0,29,4
BUYER_04669,2025-12-20,ADDR_003529,70.0,4,0
BUYER_04670,2025-02-11,ADDR_000384,70.0,19,1
BUYER_04671,2025-11-17,ADDR_002329,70.0,10,0
BUYER_04672,2025-07-06,ADDR_002603,70.0,20,4
BUYER_04673,2025-04-02,ADDR_002459,70.0,16,2
BUYER_04674,2025-02-19,ADDR_001781,70.0,5,0
BUYER_04675,2025-09-14,ADDR_004763,70.0,1,0
BUYER_04676,2025-10-02,ADDR_002077,70.0,14,0
BUYER_04677,2025-09-06,ADDR_000607,70.0,14,0
BUYER_04678,2025-06-12,ADDR_002791,70.0,8,0
BUYER_04679,2025-03-14,ADDR_002922,70.0,9,0
BUYER_04680,2025-10-14,ADDR_003692,70.0,5,1
BUYER_04681,2025-11-09,ADDR_002458,70.0,10,0
BUYER_04682,2025-06-02,ADDR_001385,70.0,7,0
BUYER_04683,2025-10-30,ADDR_000013,70.0,5,0
BUYER_04684,2025-08-24,ADDR_004883,70.0,7,1
BUYER_04685,2025-07-18,ADDR_000954,70.0,3,1
BUYER_04686,2025-08-16,ADDR_001737,70.0,2,0
BUYER_04687,2025-02-17,ADDR_001840,70.0,8,1
BUYER_04688,2025-02-24,ADDR_001165,70.0,7,0
BUYER_04689,2025-09-23,ADDR_000301,70.0,32,1
BUYER_04690,2025-12-11,ADDR_001684,70.0,18,1
BUYER_04691,2025-07-12,ADDR_004693,70.0,3,2
BUYER_04692,2025-01-26,ADDR_001107,70.0,2,0
BUYER_04693,2025-02-01,ADDR_004778,70.0,2,1
BUYER_04694,2025-06-28,ADDR_003138,70.0,6,0
BUYER_04695,2025-08-31,ADDR_004414,70.0,4,0
BUYER_04696,2025-03-08,ADDR_003071,70.0,7,0
BUYER_04697,2025-01-17,ADDR_002604,70.0,4,0
BUYER_04698,2025-09-24,ADDR_002730,70.0,5,0
BUYER_04699,2025-03-04,ADDR_004111,70.0,15,0
BUYER_04700,2025-06-18,ADDR_000183,70.0,8,0
BUYER_04701,2025-09-26,ADDR_001509,70.0,27,1
BUYER_04702,2025-02-24,ADDR_000090,70.0,11,3
BUYER_04703,2025-06-20,ADDR_000978,70.0,11,2
BUYER_04704,2025-02-19,ADDR_003655,70.0,2,0
BUYER_04705,2025-05-17,ADDR_001271,70.0,3,0
BUYER_04706,2025-11-22,ADDR_000207,70.0,8,0
BUYER_04707,2025-09-10,ADDR_004267,70.0,13,1
BUYER_04708,2025-01-12,ADDR_002537,70.0,20,2
BUYER_04709,2025-02-28,ADDR_002373,70.0,13,1
BUYER_04710,2025-04-28,ADDR_001564,70.0,12,0
BUYER_04711,2025-11-17,ADDR_003549,70.0,5,0
BUYER_04712,2025-09-30,ADDR_001556,70.0,3,0
BUYER_04713,2025-08-18,ADDR_002781,70.0,5,1
BUYER_04714,2025-03-07,ADDR_000645,70.0,10,1
BUYER_04715,2025-11-28,ADDR_001512,70.0,9,0
BUYER_04716,2025-10-20,ADDR_000138,70.0,12,0
BUYER_04717,2025-04-08,ADDR_001409,70.0,13,3
BUYER_04718,2025-06-06,ADDR_001885,70.0,75,3
BUYER_04719,2025-06-15,ADDR_003703,70.0,4,0
BUYER_04720,2025-08-08,ADDR_004070,70.0,8,0
BUYER_04721,2025-05-27,ADDR_002633,70.0,9,0
BUYER_04722,2025-03-28,ADDR_004581,70.0,8,0
BUYER_04723,2025-09-03,ADDR_001778,70.0,15,1
BUYER_04724,2025-09-07,ADDR_002445,70.0,6,3
BUYER_04725,2025-06-19,ADDR_003054,70.0,15,1
BUYER_04726,2025-07-05,ADDR_000875,70.0,8,0
BUYER_04727,2025-01-25,ADDR_002078,70.0,14,1
BUYER_04728,2025-06-24,ADDR_004717,70.0,16,0
BUYER_04729,2025-10-17,ADDR_002351,70.0,5,1
BUYER_04730,2025-08-09,ADDR_004609,70.0,14,0
BUYER_04731,2025-11-25,ADDR_000686,70.0,8,1
BUYER_04732,2025-09-20,ADDR_000841,70.0,13,3
BUYER_04733,2025-10-10,ADDR_002266,70.0,20,0
BUYER_04734,2025-06-25,ADDR_001812,70.0,10,0
BUYER_04735,2025-03-15,ADDR_004702,70.0,6,0
BUYER_04736,2025-11-22,ADDR_001994,70.0,9,1
BUYER_04737,2025-09-01,ADDR_002401,70.0,11,0
BUYER_04738,2025-11-22,ADDR_003417,70.0,8,2
BUYER_04739,2025-08-18,ADDR_000961,70.0,11,0
BUYER_04740,2025-06-24,ADDR_002703,70.0,7,0
BUYER_04741,2025-02-28,ADDR_004196,70.0,7,1
BUYER_04742,2025-06-04,ADDR_000579,70.0,8,0
BUYER_04743,2025-08-11,ADDR_004410,70.0,4,0
BUYER_04744,2025-11-28,ADDR_001027,70.0,8,0
BUYER_04745,2025-10-27,ADDR_003778,70.0,8,1
BUYER_04746,2025-07-14,ADDR_002643,70.0,53,1
BUYER_04747,2025-06-21,ADDR_002992,70.0,12,1
BUYER_04748,2025-01-17,ADDR_000458,70.0,7,0
BUYER_04749,2025-05-19,ADDR_002636,70.0,12,0
BUYER_04750,2025-12-15,ADDR_000427,70.0,16,2
BUYER_04751,2025-09-28,ADDR_002730,70.0,12,1
BUYER_04752,2025-07-18,ADDR_001163,70.0,9,0
BUYER_04753,2025-11-06,ADDR_000997,70.0,5,0
BUYER_04754,2025-01-12,ADDR_002430,70.0,6,1
BUYER_04755,2025-12-07,ADDR_001061,70.0,4,0
BUYER_04756,2025-09-14,ADDR_000409,70.0,9,0
BUYER_04757,2025-01-08,ADDR_000169,70.0,5,0
BUYER_04758,2025-09-16,ADDR_001689,70.0,8,0
BUYER_04759,2025-02-07,ADDR_003690,70.0,3,0
BUYER_04760,2025-08-25,ADDR_002853,70.0,7,3
BUYER_04761,2025-05-01,ADDR_000119,70.0,6,0
BUYER_04762,2025-03-29,ADDR_002196,70.0,9,1
BUYER_04763,2025-08-21,ADDR_000793,70.0,8,1
BUYER_04764,2025-06-17,ADDR_001157,70.0,2,0
BUYER_04765,2025-01-31,ADDR_004624,70.0,11,0
BUYER_04766,2025-10-24,ADDR_001231,70.0,2,0
BUYER_04767,2025-04-18,ADDR_000329,70.0,8,0
BUYER_04768,2025-08-18,ADDR_001199,70.0,11,0
BUYER_04769,2025-08-15,ADDR_002641,70.0,10,0
BUYER_04770,2025-01-27,ADDR_003967,70.0,6,0
BUYER_04771,2025-12-20,ADDR_003870,70.0,11,0
BUYER_04772,2025-06-21,ADDR_003331,70.0,2,0
BUYER_04773,2025-03-27,ADDR_001762,70.0,3,0
BUYER_04774,2025-06-17,ADDR_004622,70.0,3,1
BUYER_04775,2025-08-13,ADDR_004550,70.0,14,1
BUYER_04776,2025-01-02,ADDR_001771,70.0,10,1
BUYER_04777,2025-04-30,ADDR_000051,70.0,9,1
BUYER_04778,2025-07-22,ADDR_002147,70.0,9,3
BUYER_04779,2025-09-12,ADDR_002305,70.0,7,1
BUYER_04780,2025-05-05,ADDR_003350,70.0,14,6
BUYER_04781,2025-06-06,ADDR_000726,70.0,7,0
BUYER_04782,2025-04-02,ADDR_002696,70.0,3,0
BUYER_04783,2025-04-28,ADDR_001563,70.0,23,1
BUYER_04784,2025-09-10,ADDR_002609,70.0,3,0
BUYER_04785,2025-05-14,ADDR_000117,70.0,13,1
BUYER_04786,2025-04-23,ADDR_002615,70.0,3,2
BUYER_04787,2025-04-30,ADDR_000174,70.0,6,0
BUYER_04788,2025-08-16,ADDR_004626,70.0,17,1
BUYER_04789,2025-07-30,ADDR_003528,70.0,4,1
BUYER_04790,2025-06-07,ADDR_004557,70.0,11,0
BUYER_04791,2025-08-23,ADDR_003239,70.0,7,1
BUYER_04792,2025-08-26,ADDR_004845,70.0,6,1
BUYER_04793,2025-01-08,ADDR_001031,70.0,6,1
BUYER_04794,2025-05-14,ADDR_002715,70.0,22,2
BUYER_04795,2025-04-10,ADDR_004460,70.0,5,0
BUYER_04796,2025-10-27,ADDR_003265,70.0,8,1
BUYER_04797,2025-04-21,ADDR_003405,70.0,10,5
BUYER_04798,2025-05-06,ADDR_001436,70.0,8,1
BUYER_04799,2025-07-22,ADDR_002076,70.0,5,0
BUYER_04800,2025-07-25,ADDR_003360,70.0,26,10
BUYER_04801,2025-10-21,ADDR_002017,70.0,3,0
BUYER_04802,2025-05-31,ADDR_000376,70.0,10,1
BUYER_04803,2025-04-23,ADDR_001448,70.0,14,0
BUYER_04804,2025-08-15,ADDR_000267,70.0,2,1
BUYER_04805,2025-09-24,ADDR_004111,70.0,5,2
BUYER_04806,2025-12-18,ADDR_001702,70.0,6,0
BUYER_04807,2025-08-18,ADDR_002445,70.0,6,0
BUYER_04808,2025-07-06,ADDR_002959,70.0,13,3
BUYER_04809,2025-02-27,ADDR_000669,70.0,2,0
BUYER_04810,2025-12-16,ADDR_002881,70.0,2,0
BUYER_04811,2025-09-09,ADDR_000998,70.0,19,2
BUYER_04812,2025-03-11,ADDR_004346,70.0,8,0
BUYER_04813,2025-06-25,ADDR_001468,70.0,8,1
BUYER_04814,2025-07-30,ADDR_001507,70.0,4,0
BUYER_04815,2025-03-31,ADDR_001995,70.0,5,0
BUYER_04816,2025-09-25,ADDR_001784,70.0,5,1
BUYER_04817,2025-08-29,ADDR_002933,70.0,11,0
BUYER_04818,2025-04-06,ADDR_003578,70.0,17,0
BUYER_04819,2025-12-17,ADDR_004772,70.0,7,0
BUYER_04820,2025-12-04,ADDR_004396,70.0,12,4
BUYER_04821,2025-04-18,ADDR_001296,70.0,9,1
BUYER_04822,2025-06-19,ADDR_002988,70.0,18,1
BUYER_04823,2025-11-17,ADDR_001625,70.0,4,0
BUYER_04824,2025-06-07,ADDR_003987,70.0,7,0
BUYER_04825,2025-12-06,ADDR_000118,70.0,6,0
BUYER_04826,2025-03-25,ADDR_004924,70.0,10,0
BUYER_04827,2025-09-22,ADDR_000416,70.0,26,0
BUYER_04828,2025-08-12,ADDR_002888,70.0,6,0
BUYER_04829,2025-05-17,ADDR_003341,70.0,6,0
BUYER_04830,2025-09-20,ADDR_001816,70.0,14,1
BUYER_04831,2025-01-13,ADDR_004767,70.0,17,0
BUYER_04832,2025-04-05,ADDR_001322,70.0,6,1
BUYER_04833,2025-04-16,ADDR_003663,70.0,22,1
BUYER_04834,2025-02-21,ADDR_004597,70.0,34,1
BUYER_04835,2025-01-17,ADDR_000584,70.0,6,0
BUYER_04836,2025-05-19,ADDR_003096,70.0,4,0
BUYER_04837,2025-03-31,ADDR_004405,70.0,10,1
BUYER_04838,2025-02-27,ADDR_001708,70.0,7,2
BUYER_04839,2025-03-09,ADDR_000636,70.0,30,2
BUYER_04840,2025-10-26,ADDR_000031,70.0,6,0
BUYER_04841,2025-02-12,ADDR_000935,70.0,11,0
BUYER_04842,2025-09-22,ADDR_003266,70.0,11,0
BUYER_04843,2025-01-26,ADDR_004624,70.0,4,0
BUYER_04844,2025-01-20,ADDR_000623,70.0,9,0
BUYER_04845,2025-06-19,ADDR_003534,70.0,2,0
BUYER_04846,2025-05-29,ADDR_000509,70.0,4,0
BUYER_04847,2025-07-25,ADDR_003874,70.0,18,1
BUYER_04848,2025-09-15,ADDR_002079,70.0,4,0
BUYER_04849,2025-05-04,ADDR_002272,70.0,9,0
BUYER_04850,2025-03-23,ADDR_000498,70.0,13,2
BUYER_04851,2025-10-24,ADDR_000993,70.0,17,2
BUYER_04852,2025-03-12,ADDR_003636,70.0,20,2
BUYER_04853,2025-10-17,ADDR_003955,70.0,6,0
BUYER_04854,2025-08-08,ADDR_002571,70.0,4,2
BUYER_04855,2025-04-26,ADDR_001417,70.0,7,1
BUYER_04856,2025-05-05,ADDR_002971,70.0,13,0
BUYER_04857,2025-05-25,ADDR_004788,70.0,8,0
BUYER_04858,2025-08-09,ADDR_003907,70.0,6,0
BUYER_04859,2025-12-14,ADDR_000759,70.0,6,0
BUYER_04860,2025-05-07,ADDR_000972,70.0,4,1
BUYER_04861,2025-12-02,ADDR_001759,70.0,28,0
BUYER_04862,2025-03-27,ADDR_001341,70.0,2,0
BUYER_04863,2025-02-19,ADDR_003640,70.0,11,0
BUYER_04864,2025-07-20,ADDR_004911,70.0,7,0
BUYER_04865,2025-12-13,ADDR_002832,70.0,6,0
BUYER_04866,2025-07-04,ADDR_004406,70.0,13,0
BUYER_04867,2025-10-17,ADDR_002144,70.0,3,1
BUYER_04868,2025-06-30,ADDR_003405,70.0,4,1
BUYER_04869,2025-11-02,ADDR_003472,70.0,3,1
BUYER_04870,2025-10-21,ADDR_001453,70.0,3,0
BUYER_04871,2025-09-10,ADDR_003630,70.0,3,0
BUYER_04872,2025-08-17,ADDR_002649,70.0,14,2
BUYER_04873,2025-07-15,ADDR_002857,70.0,7,0
BUYER_04874,2025-12-07,ADDR_001255,70.0,6,0
BUYER_04875,2025-07-29,ADDR_001579,70.0,14,2
BUYER_04876,2025-05-14,ADDR_003650,70.0,10,0
BUYER_04877,2025-11-13,ADDR_003062,70.0,5,1
BUYER_04878,2025-09-01,ADDR_000645,70.0,7,1
BUYER_04879,2025-07-29,ADDR_002698,70.0,6,3
BUYER_04880,2025-09-08,ADDR_003061,70.0,8,2
BUYER_04881,2025-05-18,ADDR_003948,70.0,24,0
BUYER_04882,2025-06-12,ADDR_004222,70.0,9,0
BUYER_04883,2025-03-23,ADDR_003234,70.0,6,0
BUYER_04884,2025-11-04,ADDR_000061,70.0,9,1
BUYER_04885,2025-09-03,ADDR_002459,70.0,5,2
BUYER_04886,2025-10-25,ADDR_001022,70.0,8,1
BUYER_04887,2025-05-07,ADDR_000092,70.0,26,1
BUYER_04888,2025-12-19,ADDR_004571,70.0,5,0
BUYER_04889,2025-05-21,ADDR_000826,70.0,3,0
BUYER_04890,2025-05-19,ADDR_003417,70.0,21,2
BUYER_04891,2025-12-08,ADDR_001666,70.0,2,0
BUYER_04892,2025-08-30,ADDR_002304,70.0,23,1
BUYER_04893,2025-11-29,ADDR_000972,70.0,9,0
BUYER_04894,2025-08-20,ADDR_001536,70.0,2,0
BUYER_04895,2025-04-11,ADDR_003922,70.0,14,0
BUYER_04896,2025-06-01,ADDR_000780,70.0,4,0
BUYER_04897,2025-11-05,ADDR_001791,70.0,9,0
BUYER_04898,2025-07-06,ADDR_004236,70.0,5,0
BUYER_04899,2025-09-17,ADDR_001231,70.0,3,0
BUYER_04900,2025-03-12,ADDR_003371,70.0,4,0
BUYER_04901,2025-06-05,ADDR_003607,70.0,21,7
BUYER_04902,2025-10-30,ADDR_003486,70.0,6,0
BUYER_04903,2025-12-02,ADDR_003076,70.0,7,1
BUYER_04904,2025-05-09,ADDR_001870,70.0,5,0
BUYER_04905,2025-03-14,ADDR_002129,70.0,9,0
BUYER_04906,2025-01-13,ADDR_002055,70.0,7,0
BUYER_04907,2025-02-25,ADDR_003017,70.0,20,1
BUYER_04908,2025-10-29,ADDR_001638,70.0,5,0
BUYER_04909,2025-06-24,ADDR_004567,70.0,7,0
BUYER_04910,2025-04-27,ADDR_004494,70.0,6,0
BUYER_04911,2025-10-09,ADDR_002245,70.0,4,0
BUYER_04912,2025-10-15,ADDR_002942,70.0,11,0
BUYER_04913,2025-05-22,ADDR_002946,70.0,3,1
BUYER_04914,2025-11-19,ADDR_004677,70.0,13,1
BUYER_04915,2025-06-27,ADDR_002791,70.0,4,0
BUYER_04916,2025-04-16,ADDR_001312,70.0,24,2
BUYER_04917,2025-11-18,ADDR_000497,70.0,7,1
BUYER_04918,2025-03-07,ADDR_004256,70.0,17,0
BUYER_04919,2025-12-19,ADDR_002592,70.0,22,2
BUYER_04920,2025-08-16,ADDR_002803,70.0,3,0
BUYER_04921,2025-11-23,ADDR_004718,70.0,7,0
BUYER_04922,2025-03-17,ADDR_001837,70.0,6,0
BUYER_04923,2025-06-01,ADDR_000495,70.0,7,2
BUYER_04924,2025-11-10,ADDR_003155,70.0,18,1
BUYER_04925,2025-10-29,ADDR_004807,70.0,6,0
BUYER_04926,2025-11-09,ADDR_000841,70.0,21,1
BUYER_04927,2025-04-23,ADDR_004888,70.0,7,0
BUYER_04928,2025-08-18,ADDR_002678,70.0,6,0
BUYER_04929,2025-06-01,ADDR_002775,70.0,27,2
BUYER_04930,2025-05-08,ADDR_004750,70.0,3,0
BUYER_04931,2025-07-16,ADDR_001645,70.0,4,0
BUYER_04932,2025-09-19,ADDR_003689,70.0,18,1
BUYER_04933,2025-07-16,ADDR_000042,70.0,12,0
BUYER_04934,2025-04-05,ADDR_003323,70.0,5,0
BUYER_04935,2025-10-20,ADDR_000076,70.0,5,0
BUYER_04936,2025-12-13,ADDR_000020,70.0,4,1
BUYER_04937,2025-05-23,ADDR_001921,70.0,10,0
BUYER_04938,2025-11-02,ADDR_001844,70.0,4,0
BUYER_04939,2025-11-07,ADDR_003876,70.0,23,8
BUYER_04940,2025-04-16,ADDR_004413,70.0,3,0
BUYER_04941,2025-09-16,ADDR_004664,70.0,18,1
BUYER_04942,2025-12-01,ADDR_003085,70.0,9,0
BUYER_04943,2025-09-27,ADDR_000766,70.0,19,3
BUYER_04944,2025-01-16,ADDR_003319,70.0,31,8
BUYER_04945,2025-08-14,ADDR_002414,70.0,10,0
BUYER_04946,2025-10-10,ADDR_002619,70.0,39,2
BUYER_04947,2025-08-18,ADDR_002483,70.0,6,0
BUYER_04948,2025-01-15,ADDR_004370,70.0,28,1
BUYER_04949,2025-02-22,ADDR_000364,70.0,18,1
BUYER_04950,2025-10-18,ADDR_004773,70.0,7,2
BUYER_04951,2025-07-05,ADDR_002672,70.0,4,0
BUYER_04952,2025-12-07,ADDR_003404,70.0,3,0
BUYER_04953,2025-06-10,ADDR_004578,70.0,6,2
BUYER_04954,2025-10-24,ADDR_004031,70.0,12,0
BUYER_04955,2025-01-18,ADDR_002170,70.0,2,0
BUYER_04956,2025-10-30,ADDR_001010,70.0,3,0
BUYER_04957,2025-11-05,ADDR_000682,70.0,2,1
BUYER_04958,2025-05-22,ADDR_001800,70.0,10,1
BUYER_04959,2025-05-04,ADDR_003293,70.0,8,0
BUYER_04960,2025-11-22,ADDR_003952,70.0,46,4
BUYER_04961,2025-10-10,ADDR_000155,70.0,9,0
BUYER_04962,2025-08-11,ADDR_002287,70.0,20,0
BUYER_04963,2025-06-17,ADDR_004896,70.0,8,1
BUYER_04964,2025-11-22,ADDR_004069,70.0,3,1
BUYER_04965,2025-09-30,ADDR_000562,70.0,8,3
BUYER_04966,2025-06-11,ADDR_004737,70.0,37,3
BUYER_04967,2025-07-08,ADDR_000456,70.0,14,2
BUYER_04968,2025-02-13,ADDR_003371,70.0,8,1
BUYER_04969,2025-10-21,ADDR_002726,70.0,6,1
BUYER_04970,2025-10-31,ADDR_002362,70.0,10,4
BUYER_04971,2025-05-20,ADDR_003947,70.0,6,1
BUYER_04972,2025-05-04,ADDR_004626,70.0,9,0
BUYER_04973,2025-04-13,ADDR_002299,70.0,10,0
BUYER_04974,2025-03-15,ADDR_003210,70.0,9,0
BUYER_04975,2025-12-04,ADDR_002369,70.0,15,3
BUYER_04976,2025-10-04,ADDR_003147,70.0,5,0
BUYER_04977,2025-06-16,ADDR_004802,70.0,11,0
BUYER_04978,2025-02-18,ADDR_004016,70.0,11,1
BUYER_04979,2025-03-02,ADDR_001141,70.0,10,2
BUYER_04980,2025-09-18,ADDR_004290,70.0,9,1
BUYER_04981,2025-03-26,ADDR_002605,70.0,6,0
BUYER_04982,2025-05-17,ADDR_002892,70.0,4,0
BUYER_04983,2025-12-07,ADDR_000569,70.0,9,0
BUYER_04984,2025-08-06,ADDR_002202,70.0,6,0
BUYER_04985,2025-10-20,ADDR_001497,70.0,7,0
BUYER_04986,2025-02-16,ADDR_000435,70.0,3,0
BUYER_04987,2025-05-11,ADDR_004211,70.0,9,0
BUYER_04988,2025-11-17,ADDR_001943,70.0,3,0
BUYER_04989,2025-10-20,ADDR_003546,70.0,5,0
BUYER_04990,2025-09-22,ADDR_003687,70.0,11,2
BUYER_04991,2025-08-08,ADDR_001150,70.0,7,0
BUYER_04992,2025-04-19,ADDR_004308,70.0,5,0
BUYER_04993,2025-08-07,ADDR_000563,70.0,10,0
BUYER_04994,2025-01-25,ADDR_000079,70.0,13,1
BUYER_04995,2025-03-26,ADDR_002014,70.0,2,0
BUYER_04996,2025-07-15,ADDR_000907,70.0,3,0
BUYER_04997,2025-01-02,ADDR_001475,70.0,14,0
BUYER_04998,2025-04-06,ADDR_003414,70.0,14,0
BUYER_04999,2025-03-07,ADDR_002648,70.0,11,3
