device_id,device_fingerprint,first_seen_date
DEV_000000,FP_1262088612,2025-03-22
DEV_000001,FP_6855027090,2025-12-28
DEV_000002,FP_9003588207,2025-03-12
DEV_000003,FP_9980097937,2025-08-18
DEV_000004,FP_5037012025,2025-12-07
DEV_000005,FP_3341269992,2025-11-05
DEV_000006,FP_8677932369,2025-09-04
DEV_000007,FP_2018426657,2025-09-27
DEV_000008,FP_9768150828,2025-03-01
DEV_000009,FP_7433537091,2025-01-06
DEV_000010,FP_5535411987,2025-06-21
DEV_000011,FP_1869854835,2025-02-11
DEV_000012,FP_1163763421,2025-05-25
DEV_000013,FP_5900789776,2025-04-05
DEV_000014,FP_4724654566,2025-12-03
DEV_000015,FP_8583980448,2025-11-21
DEV_000016,FP_6780749316,2025-11-01
DEV_000017,FP_4887067118,2025-09-26
DEV_000018,FP_3034063540,2025-03-09
DEV_000019,FP_5323799878,2025-01-24
DEV_000020,FP_2466948508,2025-09-06
DEV_000021,FP_7003113961,2025-09-02
DEV_000022,FP_6451561651,2025-05-29
DEV_000023,FP_8290642312,2025-07-05
DEV_000024,FP_5045763449,2025-07-11
DEV_000025,FP_3507836796,2025-04-11
DEV_000026,FP_8527558232,2025-05-09
DEV_000027,FP_7218973732,2025-06-16
DEV_000028,FP_7360382475,2025-08-19
DEV_000029,FP_5752761142,2025-12-16
DEV_000030,FP_8883807533,2025-07-28
DEV_000031,FP_3050051567,2025-10-02
DEV_000032,FP_4615228227,2025-10-28
DEV_000033,FP_8166093144,2025-02-21
DEV_000034,FP_2196648117,2025-09-06
DEV_000035,FP_8272985436,2025-07-08
DEV_000036,FP_4173356986,2025-08-09
DEV_000037,FP_2129533291,2025-01-20
DEV_000038,FP_1712345369,2025-11-30
DEV_000039,FP_8587258467,2025-12-15
DEV_000040,FP_8007539909,2025-01-03
DEV_000041,FP_3592372108,2025-04-01
DEV_000042,FP_2047259703,2025-03-19
DEV_000043,FP_3225109834,2025-10-19
DEV_000044,FP_2916888721,2025-08-18
DEV_000045,FP_7597500864,2025-03-18
DEV_000046,FP_2940067758,2025-10-30
DEV_000047,FP_2944886695,2025-05-23
DEV_000048,FP_1290413192,2025-07-01
DEV_000049,FP_6371737194,2025-06-05
DEV_000050,FP_7200815933,2025-07-22
DEV_000051,FP_6881414219,2025-07-08
DEV_000052,FP_6117392404,2025-04-24
DEV_000053,FP_9694674538,2025-06-18
DEV_000054,FP_5254646609,2025-11-30
DEV_000055,FP_8741228572,2025-07-16
DEV_000056,FP_6814089192,2025-12-03
DEV_000057,FP_1757457466,2025-08-01
DEV_000058,FP_8290796147,2025-10-15
DEV_000059,FP_6259496874,2025-05-01
DEV_000060,FP_6881730933,2025-10-22
DEV_000061,FP_2622046920,2025-04-20
DEV_000062,FP_4937410846,2025-01-11
DEV_000063,FP_8925242268,2025-03-12
DEV_000064,FP_2938880737,2025-01-12
DEV_000065,FP_1001124158,2025-12-13
DEV_000066,FP_3317578408,2025-12-30
DEV_000067,FP_5387882042,2025-10-13
DEV_000068,FP_8391502388,2025-02-19
DEV_000069,FP_6789618104,2025-11-27
DEV_000070,FP_9271571219,2025-10-06
DEV_000071,FP_5100079884,2025-05-16
DEV_000072,FP_4517337006,2025-07-15
DEV_000073,FP_3082763949,2025-09-09
DEV_000074,FP_2962562360,2025-01-13
DEV_000075,FP_7624989072,2025-07-15
DEV_000076,FP_1723232107,2025-10-03
DEV_000077,FP_3184422263,2025-03-22
DEV_000078,FP_8973057334,2025-06-25
DEV_000079,FP_6192287362,2025-07-26
DEV_000080,FP_1419288481,2025-10-04
DEV_000081,FP_7338295434,2025-12-19
DEV_000082,FP_5560141309,2025-11-10
DEV_000083,FP_8690695546,2025-08-26
DEV_000084,FP_7141904852,2025-08-13
DEV_000085,FP_1040019291,2025-08-19
DEV_000086,FP_2851651784,2025-07-30
DEV_000087,FP_3321673304,2025-01-29
DEV_000088,FP_7320090601,2025-09-21
DEV_000089,FP_5583827598,2025-09-27
DEV_000090,FP_7727027473,2025-07-19
DEV_000091,FP_5615804788,2025-11-18
DEV_000092,FP_3946461495,2025-09-12
DEV_000093,FP_1932945820,2025-05-27
DEV_000094,FP_2823598887,2025-01-11
DEV_000095,FP_4607020722,2025-01-29
DEV_000096,FP_5963088773,2025-05-23
DEV_000097,FP_9447736627,2025-07-01
DEV_000098,FP_3157481593,2025-03-14
DEV_000099,FP_6994764454,2025-03-23
DEV_000100,FP_2372913203,2025-04-08
DEV_000101,FP_7423778096,2025-10-19
DEV_000102,FP_1102067894,2025-10-16
DEV_000103,FP_6903279548,2025-06-03
DEV_000104,FP_2468958910,2025-03-16
DEV_000105,FP_2622920017,2025-02-20
DEV_000106,FP_6030168699,2025-02-10
DEV_000107,FP_4378703912,2025-06-06
DEV_000108,FP_5241746354,2025-01-23
DEV_000109,FP_3779999942,2025-05-16
DEV_000110,FP_9581203444,2025-12-18
DEV_000111,FP_3615904900,2025-07-17
DEV_000112,FP_5878426822,2025-11-02
DEV_000113,FP_8689199999,2025-02-27
DEV_000114,FP_6977627309,2025-04-22
DEV_000115,FP_3904992522,2025-12-13
DEV_000116,FP_5971930149,2025-06-03
DEV_000117,FP_1746920136,2025-09-04
DEV_000118,FP_5911177623,2025-12-23
DEV_000119,FP_4882501794,2025-08-01
DEV_000120,FP_7821403362,2025-05-06
DEV_000121,FP_8631125587,2025-07-26
DEV_000122,FP_2796548694,2025-01-27
DEV_000123,FP_1733823149,2025-02-20
DEV_000124,FP_4515012830,2025-01-05
DEV_000125,FP_5807353673,2025-11-22
DEV_000126,FP_4391217534,2025-09-12
DEV_000127,FP_6657050538,2025-05-03
DEV_000128,FP_5550861516,2025-04-04
DEV_000129,FP_9429634311,2025-09-16
DEV_000130,FP_4684520109,2025-12-04
DEV_000131,FP_1742447556,2025-05-03
DEV_000132,FP_3717415189,2025-05-12
DEV_000133,FP_6453044760,2025-11-12
DEV_000134,FP_3304225887,2025-11-25
DEV_000135,FP_3420896065,2025-12-02
DEV_000136,FP_4056152355,2025-05-01
DEV_000137,FP_7715276018,2025-02-24
DEV_000138,FP_9461199107,2025-06-23
DEV_000139,FP_4153389704,2025-05-02
DEV_000140,FP_2759392357,2025-11-22
DEV_000141,FP_4785732569,2025-01-19
DEV_000142,FP_4166557236,2025-08-30
DEV_000143,FP_9910224226,2025-11-30
DEV_000144,FP_5174814326,2025-12-23
DEV_000145,FP_7113550174,2025-09-05
DEV_000146,FP_9224092598,2025-12-14
DEV_000147,FP_6661554195,2025-02-05
DEV_000148,FP_3244406274,2025-05-25
DEV_000149,FP_6466690857,2025-01-06
DEV_000150,FP_4616887024,2025-12-24
DEV_000151,FP_4801148824,2025-11-28
DEV_000152,FP_9813921231,2025-01-15
DEV_000153,FP_3507319122,2025-01-10
DEV_000154,FP_5220416317,2025-05-28
DEV_000155,FP_2438803411,2025-04-18
DEV_000156,FP_2606897787,2025-11-10
DEV_000157,FP_6431359816,2025-03-12
DEV_000158,FP_7759141372,2025-10-22
DEV_000159,FP_6728138861,2025-08-03
DEV_000160,FP_3963555980,2025-06-01
DEV_000161,FP_1536563553,2025-03-06
DEV_000162,FP_5232374758,2025-12-30
DEV_000163,FP_5538426877,2025-08-25
DEV_000164,FP_7935864470,2025-06-23
DEV_000165,FP_6762606059,2025-05-30
DEV_000166,FP_8841327647,2025-11-29
DEV_000167,FP_8046845907,2025-11-01
DEV_000168,FP_4292900053,2025-10-29
DEV_000169,FP_6689992811,2025-08-24
DEV_000170,FP_7725578764,2025-11-24
DEV_000171,FP_9611923321,2025-05-03
DEV_000172,FP_4801169463,2025-09-23
DEV_000173,FP_6834537930,2025-06-11
DEV_000174,FP_4533974517,2025-08-18
DEV_000175,FP_7640453609,2025-12-30
DEV_000176,FP_9207938540,2025-12-25
DEV_000177,FP_9273034140,2025-07-19
DEV_000178,FP_2413787656,2025-08-09
DEV_000179,FP_2836869378,2025-11-27
DEV_000180,FP_7794365056,2025-12-26
DEV_000181,FP_6679088972,2025-10-18
DEV_000182,FP_9145965580,2025-02-01
DEV_000183,FP_3824205034,2025-05-12
DEV_000184,FP_8632187299,2025-11-26
DEV_000185,FP_7153982712,2025-10-15
DEV_000186,FP_2759106791,2025-10-06
DEV_000187,FP_2138449320,2025-09-11
DEV_000188,FP_7324512417,2025-06-15
DEV_000189,FP_2426153614,2025-06-10
DEV_000190,FP_8148961356,2025-10-28
DEV_000191,FP_6013855360,2025-05-01
DEV_000192,FP_5291803561,2025-09-16
DEV_000193,FP_3479761323,2025-09-30
DEV_000194,FP_9854610353,2025-11-09
DEV_000195,FP_7499503997,2025-05-11
DEV_000196,FP_8002572823,2025-10-06
DEV_000197,FP_7918398348,2025-02-18
DEV_000198,FP_6256140194,2025-03-03
DEV_000199,FP_9457289576,2025-06-15
DEV_000200,FP_6254393529,2025-01-27
DEV_000201,FP_5680410265,2025-12-13
DEV_000202,FP_3463393981,2025-11-28
DEV_000203,FP_3535623278,2025-01-25
DEV_000204,FP_7631955153,2025-11-07
DEV_000205,FP_4012906794,2025-07-18
DEV_000206,FP_7558396705,2025-09-22
DEV_000207,FP_9574360828,2025-11-23
DEV_000208,FP_4953766930,2025-08-10
DEV_000209,FP_1875930785,2025-02-22
DEV_000210,FP_6998918331,2025-01-02
DEV_000211,FP_1085707285,2025-07-13
DEV_000212,FP_8083031690,2025-12-14
DEV_000213,FP_5730878052,2025-08-09
DEV_000214,FP_5407589835,2025-05-30
DEV_000215,FP_6124979444,2025-01-16
DEV_000216,FP_5647676894,2025-12-03
DEV_000217,FP_3913995445,2025-05-14
DEV_000218,FP_3533580186,2025-09-23
DEV_000219,FP_4737677145,2025-09-20
DEV_000220,FP_9054183536,2025-04-16
DEV_000221,FP_2218334137,2025-01-31
DEV_000222,FP_3922881369,2025-06-04
DEV_000223,FP_2730703851,2025-05-10
DEV_000224,FP_4844232790,2025-09-22
DEV_000225,FP_2201485771,2025-11-01
DEV_000226,FP_7847160524,2025-04-05
DEV_000227,FP_1931206533,2025-07-24
DEV_000228,FP_6987358841,2025-01-21
DEV_000229,FP_3409392923,2025-04-01
DEV_000230,FP_5249709971,2025-10-12
DEV_000231,FP_2799891655,2025-10-23
DEV_000232,FP_7572013114,2025-10-17
DEV_000233,FP_9534483902,2025-03-04
DEV_000234,FP_2995707586,2025-08-01
DEV_000235,FP_9578378868,2025-06-17
DEV_000236,FP_3927464208,2025-12-28
DEV_000237,FP_6020624502,2025-09-06
DEV_000238,FP_7314309559,2025-12-09
DEV_000239,FP_2793417544,2025-03-06
DEV_000240,FP_5002875436,2025-06-27
DEV_000241,FP_1610447325,2025-10-16
DEV_000242,FP_7273483983,2025-05-28
DEV_000243,FP_4749545077,2025-08-30
DEV_000244,FP_9024800792,2025-07-19
DEV_000245,FP_3465926996,2025-12-28
DEV_000246,FP_9312411917,2025-03-17
DEV_000247,FP_2269358602,2025-12-09
DEV_000248,FP_6462698193,2025-06-10
DEV_000249,FP_3770273618,2025-07-03
DEV_000250,FP_2636034498,2025-07-25
DEV_000251,FP_1845434545,2025-04-21
DEV_000252,FP_6900783028,2025-12-19
DEV_000253,FP_3098511399,2025-12-01
DEV_000254,FP_6155329708,2025-12-22
DEV_000255,FP_9814768504,2025-12-29
DEV_000256,FP_3843656382,2025-09-11
DEV_000257,FP_1314498499,2025-06-28
DEV_000258,FP_2285403529,2025-11-11
DEV_000259,FP_2073898084,2025-01-13
DEV_000260,FP_5169551744,2025-11-06
DEV_000261,FP_7701855126,2025-07-14
DEV_000262,FP_3667999471,2025-09-12
DEV_000263,FP_2312584937,2025-05-31
DEV_000264,FP_6766900896,2025-05-29
DEV_000265,FP_3710621879,2025-01-17
DEV_000266,FP_6176533143,2025-06-18
DEV_000267,FP_9404079036,2025-06-12
DEV_000268,FP_3622122594,2025-04-05
DEV_000269,FP_5612424529,2025-04-14
DEV_000270,FP_8261307221,2025-08-13
DEV_000271,FP_7225463011,2025-05-10
DEV_000272,FP_7763303572,2025-11-04
DEV_000273,FP_7953124372,2025-02-20
DEV_000274,FP_5859244182,2025-08-11
DEV_000275,FP_5824558970,2025-03-11
DEV_000276,FP_7470006223,2025-07-24
DEV_000277,FP_7278834430,2025-08-02
DEV_000278,FP_7030518975,2025-09-02
DEV_000279,FP_4439212228,2025-06-19
DEV_000280,FP_8456883809,2025-07-18
DEV_000281,FP_3125826004,2025-03-20
DEV_000282,FP_2401587697,2025-07-02
DEV_000283,FP_4106459971,2025-05-30
DEV_000284,FP_3284481163,2025-09-10
DEV_000285,FP_6968642609,2025-06-22
DEV_000286,FP_3079160660,2025-10-18
DEV_000287,FP_6908408544,2025-06-18
DEV_000288,FP_5619005153,2025-04-10
DEV_000289,FP_2372050612,2025-04-24
DEV_000290,FP_3325566376,2025-01-23
DEV_000291,FP_5695541058,2025-07-29
DEV_000292,FP_7597947734,2025-11-05
DEV_000293,FP_4584264797,2025-10-15
DEV_000294,FP_3095493779,2025-06-23
DEV_000295,FP_3655703881,2025-03-26
DEV_000296,FP_1856054703,2025-11-15
DEV_000297,FP_1226345509,2025-01-28
DEV_000298,FP_9758163806,2025-06-09
DEV_000299,FP_1867689409,2025-11-13
DEV_000300,FP_2123986105,2025-06-07
DEV_000301,FP_8838676764,2025-02-23
DEV_000302,FP_6971547120,2025-04-21
DEV_000303,FP_4924652780,2025-08-18
DEV_000304,FP_6841210650,2025-03-08
DEV_000305,FP_9414863410,2025-09-06
DEV_000306,FP_1894395802,2025-06-23
DEV_000307,FP_3193399244,2025-05-16
DEV_000308,FP_8742703630,2025-04-12
DEV_000309,FP_8025754106,2025-11-02
DEV_000310,FP_9948310493,2025-06-08
DEV_000311,FP_3825179335,2025-10-05
DEV_000312,FP_9503977573,2025-06-23
DEV_000313,FP_4093199481,2025-02-12
DEV_000314,FP_7435838719,2025-06-24
DEV_000315,FP_8944686527,2025-07-17
DEV_000316,FP_2537038857,2025-06-30
DEV_000317,FP_2850747895,2025-10-31
DEV_000318,FP_6228627831,2025-12-01
DEV_000319,FP_8594422929,2025-10-21
DEV_000320,FP_1710545816,2025-08-12
DEV_000321,FP_8657927286,2025-07-29
DEV_000322,FP_4088084765,2025-09-03
DEV_000323,FP_4656039525,2025-04-29
DEV_000324,FP_4058749860,2025-10-29
DEV_000325,FP_9203319140,2025-11-13
DEV_000326,FP_2177148939,2025-04-21
DEV_000327,FP_6168470330,2025-11-29
DEV_000328,FP_2332972725,2025-11-11
DEV_000329,FP_9357351669,2025-06-18
DEV_000330,FP_8181381821,2025-12-01
DEV_000331,FP_3104373468,2025-02-24
DEV_000332,FP_3680004412,2025-01-15
DEV_000333,FP_4433637951,2025-05-21
DEV_000334,FP_4648759077,2025-08-06
DEV_000335,FP_8356085726,2025-05-23
DEV_000336,FP_6080800197,2025-12-11
DEV_000337,FP_4851543833,2025-04-17
DEV_000338,FP_7475001911,2025-04-27
DEV_000339,FP_5120783886,2025-08-30
DEV_000340,FP_2154160151,2025-01-03
DEV_000341,FP_1967402658,2025-10-01
DEV_000342,FP_3933610117,2025-06-01
DEV_000343,FP_6425832137,2025-12-23
DEV_000344,FP_2213571948,2025-09-19
DEV_000345,FP_5951207535,2025-01-26
DEV_000346,FP_3426486803,2025-02-12
DEV_000347,FP_7258720739,2025-02-10
DEV_000348,FP_1254364310,2025-12-15
DEV_000349,FP_5221210882,2025-09-16
DEV_000350,FP_1470377341,2025-06-19
DEV_000351,FP_3974569977,2025-03-27
DEV_000352,FP_1140176298,2025-11-19
DEV_000353,FP_5221888844,2025-03-28
DEV_000354,FP_7903142815,2025-09-24
DEV_000355,FP_1901980339,2025-10-13
DEV_000356,FP_7617004227,2025-05-02
DEV_000357,FP_6257757403,2025-07-16
DEV_000358,FP_5541447457,2025-04-05
DEV_000359,FP_6395349359,2025-06-01
DEV_000360,FP_4023074185,2025-12-19
DEV_000361,FP_7393055983,2025-09-19
DEV_000362,FP_8016992576,2025-11-10
DEV_000363,FP_8004014789,2025-07-29
DEV_000364,FP_3425138104,2025-04-11
DEV_000365,FP_6885163086,2025-09-26
DEV_000366,FP_2332861531,2025-07-15
DEV_000367,FP_5458776521,2025-03-18
DEV_000368,FP_1023663340,2025-06-14
DEV_000369,FP_2742280830,2025-08-30
DEV_000370,FP_6685607041,2025-10-04
DEV_000371,FP_8869253545,2025-04-12
DEV_000372,FP_1441254687,2025-11-20
DEV_000373,FP_6026975129,2025-06-02
DEV_000374,FP_6730975180,2025-04-23
DEV_000375,FP_9391518829,2025-03-25
DEV_000376,FP_6896294151,2025-10-27
DEV_000377,FP_1927294322,2025-05-24
DEV_000378,FP_2320698182,2025-07-09
DEV_000379,FP_6721877159,2025-04-05
DEV_000380,FP_2940577090,2025-09-17
DEV_000381,FP_9354749272,2025-10-19
DEV_000382,FP_9286184806,2025-05-18
DEV_000383,FP_9537902740,2025-12-12
DEV_000384,FP_3636573470,2025-01-16
DEV_000385,FP_7452549170,2025-03-01
DEV_000386,FP_6967125161,2025-08-14
DEV_000387,FP_1320434032,2025-09-22
DEV_000388,FP_3390085686,2025-04-15
DEV_000389,FP_2860900566,2025-08-02
DEV_000390,FP_4337277415,2025-05-10
DEV_000391,FP_9577483447,2025-08-02
DEV_000392,FP_8610414749,2025-09-08
DEV_000393,FP_3640821322,2025-12-22
DEV_000394,FP_5770283779,2025-06-29
DEV_000395,FP_2730395094,2025-09-04
DEV_000396,FP_3496905930,2025-08-11
DEV_000397,FP_1585029241,2025-05-10
DEV_000398,FP_6783458507,2025-04-16
DEV_000399,FP_6912286969,2025-12-27
DEV_000400,FP_8546514586,2025-03-30
DEV_000401,FP_8843966319,2025-10-22
DEV_000402,FP_2440534592,2025-03-06
DEV_000403,FP_7687368514,2025-10-27
DEV_000404,FP_2212368695,2025-03-22
DEV_000405,FP_4363435105,2025-12-20
DEV_000406,FP_5639829143,2025-09-17
DEV_000407,FP_1445229226,2025-02-11
DEV_000408,FP_2410873403,2025-09-19
DEV_000409,FP_3440044899,2025-08-20
DEV_000410,FP_2147880966,2025-05-17
DEV_000411,FP_9406866448,2025-04-19
DEV_000412,FP_3594872692,2025-09-28
DEV_000413,FP_5510544980,2025-10-06
DEV_000414,FP_9968808140,2025-05-14
DEV_000415,FP_6099784091,2025-11-20
DEV_000416,FP_4703461974,2025-04-22
DEV_000417,FP_9368131652,2025-02-03
DEV_000418,FP_3002479798,2025-08-18
DEV_000419,FP_2615506667,2025-02-18
DEV_000420,FP_5818279320,2025-04-25
DEV_000421,FP_4845715640,2025-07-17
DEV_000422,FP_8172874695,2025-04-29
DEV_000423,FP_1378090371,2025-04-02
DEV_000424,FP_6559532419,2025-09-23
DEV_000425,FP_7396112285,2025-07-31
DEV_000426,FP_9747250846,2025-11-08
DEV_000427,FP_2311868802,2025-08-12
DEV_000428,FP_3216188968,2025-07-09
DEV_000429,FP_9391989083,2025-04-19
DEV_000430,FP_6675659608,2025-10-23
DEV_000431,FP_1342441294,2025-03-26
DEV_000432,FP_1696096020,2025-04-12
DEV_000433,FP_8068965044,2025-11-08
DEV_000434,FP_6107270485,2025-10-05
DEV_000435,FP_6088739334,2025-08-23
DEV_000436,FP_8918790788,2025-01-20
DEV_000437,FP_3169881274,2025-02-26
DEV_000438,FP_2443878836,2025-07-15
DEV_000439,FP_6524253527,2025-10-07
DEV_000440,FP_8941807878,2025-07-02
DEV_000441,FP_3387255801,2025-01-10
DEV_000442,FP_7131649282,2025-03-21
DEV_000443,FP_2371411286,2025-08-14
DEV_000444,FP_2547178262,2025-09-20
DEV_000445,FP_9113590519,2025-01-18
DEV_000446,FP_2061684954,2025-01-22
DEV_000447,FP_1219109829,2025-04-19
DEV_000448,FP_7974464032,2025-02-08
DEV_000449,FP_4262585936,2025-07-29
DEV_000450,FP_4569926969,2025-02-25
DEV_000451,FP_8198717903,2025-09-04
DEV_000452,FP_2619422124,2025-10-18
DEV_000453,FP_6852942473,2025-12-21
DEV_000454,FP_3821754959,2025-12-14
DEV_000455,FP_1938416145,2025-04-24
DEV_000456,FP_7187464440,2025-01-16
DEV_000457,FP_3867977210,2025-05-14
DEV_000458,FP_8799436937,2025-09-24
DEV_000459,FP_9271320851,2025-01-29
DEV_000460,FP_8641465856,2025-05-26
DEV_000461,FP_3901165726,2025-05-03
DEV_000462,FP_3129243619,2025-04-03
DEV_000463,FP_9035205780,2025-09-24
DEV_000464,FP_5076522854,2025-09-08
DEV_000465,FP_7369657511,2025-07-27
DEV_000466,FP_8444477811,2025-12-01
DEV_000467,FP_3499179893,2025-02-17
DEV_000468,FP_2071876851,2025-03-07
DEV_000469,FP_6623448069,2025-06-03
DEV_000470,FP_6311730301,2025-09-07
DEV_000471,FP_3431800653,2025-08-13
DEV_000472,FP_6262360491,2025-02-04
DEV_000473,FP_8113215289,2025-12-17
DEV_000474,FP_4150098840,2025-05-06
DEV_000475,FP_3180859470,2025-05-25
DEV_000476,FP_7525010921,2025-08-26
DEV_000477,FP_8072848149,2025-12-12
DEV_000478,FP_9588604939,2025-09-09
DEV_000479,FP_2328272406,2025-12-16
DEV_000480,FP_9003376916,2025-03-22
DEV_000481,FP_7885889299,2025-08-25
DEV_000482,FP_7317099170,2025-11-04
DEV_000483,FP_3817482662,2025-07-18
DEV_000484,FP_1199736560,2025-05-26
DEV_000485,FP_5567954446,2025-12-26
DEV_000486,FP_3571924388,2025-03-04
DEV_000487,FP_3608389170,2025-06-13
DEV_000488,FP_9344247193,2025-11-19
DEV_000489,FP_2376720028,2025-11-28
DEV_000490,FP_9408091415,2025-12-24
DEV_000491,FP_5534260389,2025-11-23
DEV_000492,FP_8544513483,2025-01-25
DEV_000493,FP_3552288142,2025-12-07
DEV_000494,FP_6705285976,2025-06-19
DEV_000495,FP_6009295560,2025-09-05
DEV_000496,FP_9317494803,2025-06-07
DEV_000497,FP_2613685841,2025-10-30
DEV_000498,FP_2841129007,2025-08-10
DEV_000499,FP_9540679594,2025-11-09
DEV_000500,FP_1881681586,2025-03-25
DEV_000501,FP_6712142220,2025-03-21
DEV_000502,FP_1545077018,2025-06-23
DEV_000503,FP_1692917273,2025-01-03
DEV_000504,FP_6374338685,2025-09-19
DEV_000505,FP_5962311658,2025-05-02
DEV_000506,FP_6157235788,2025-08-04
DEV_000507,FP_5262868868,2025-02-03
DEV_000508,FP_7681234064,2025-03-16
DEV_000509,FP_9929696826,2025-08-26
DEV_000510,FP_3482031217,2025-05-06
DEV_000511,FP_3910957005,2025-04-02
DEV_000512,FP_3907445880,2025-04-07
DEV_000513,FP_7869420515,2025-04-02
DEV_000514,FP_4132139509,2025-08-26
DEV_000515,FP_7090633607,2025-03-14
DEV_000516,FP_5012988012,2025-05-27
DEV_000517,FP_6470242002,2025-09-17
DEV_000518,FP_8461138354,2025-07-19
DEV_000519,FP_5626528187,2025-08-17
DEV_000520,FP_5276558807,2025-04-15
DEV_000521,FP_3402771252,2025-12-08
DEV_000522,FP_5643141235,2025-06-14
DEV_000523,FP_3361710455,2025-04-29
DEV_000524,FP_8592131850,2025-11-29
DEV_000525,FP_4499776241,2025-09-06
DEV_000526,FP_2161968686,2025-08-23
DEV_000527,FP_3159707751,2025-11-23
DEV_000528,FP_5811233206,2025-01-29
DEV_000529,FP_9246587641,2025-11-07
DEV_000530,FP_3705053486,2025-09-14
DEV_000531,FP_3379475836,2025-05-26
DEV_000532,FP_4659038512,2025-04-17
DEV_000533,FP_9709790303,2025-02-17
DEV_000534,FP_8606977069,2025-12-11
DEV_000535,FP_2347011559,2025-03-04
DEV_000536,FP_6523779583,2025-04-19
DEV_000537,FP_8126777829,2025-09-19
DEV_000538,FP_7912093071,2025-09-25
DEV_000539,FP_5399609425,2025-03-12
DEV_000540,FP_7586482470,2025-10-30
DEV_000541,FP_6252279494,2025-07-18
DEV_000542,FP_2813004845,2025-11-10
DEV_000543,FP_1504482765,2025-02-10
DEV_000544,FP_4325497120,2025-01-22
DEV_000545,FP_1557451017,2025-08-31
DEV_000546,FP_4555120634,2025-03-08
DEV_000547,FP_8459911013,2025-07-23
DEV_000548,FP_8598647334,2025-01-08
DEV_000549,FP_1306665292,2025-10-19
DEV_000550,FP_1625819207,2025-11-27
DEV_000551,FP_7028803787,2025-11-07
DEV_000552,FP_5499988253,2025-12-17
DEV_000553,FP_2344225534,2025-11-29
DEV_000554,FP_8249766558,2025-06-25
DEV_000555,FP_2948465464,2025-06-08
DEV_000556,FP_1703343292,2025-11-26
DEV_000557,FP_7745564242,2025-12-06
DEV_000558,FP_6473133771,2025-12-22
DEV_000559,FP_4549984648,2025-10-15
DEV_000560,FP_7234535833,2025-03-28
DEV_000561,FP_9202426197,2025-12-12
DEV_000562,FP_1307641984,2025-12-13
DEV_000563,FP_6649114938,2025-09-10
DEV_000564,FP_2963505672,2025-11-13
DEV_000565,FP_5267239838,2025-08-05
DEV_000566,FP_4815830159,2025-12-12
DEV_000567,FP_4509817010,2025-02-13
DEV_000568,FP_2713204902,2025-11-16
DEV_000569,FP_8223849427,2025-01-27
DEV_000570,FP_4415685263,2025-05-18
DEV_000571,FP_8984766347,2025-03-02
DEV_000572,FP_4192014456,2025-07-07
DEV_000573,FP_8557420101,2025-04-08
DEV_000574,FP_5900196983,2025-12-15
DEV_000575,FP_4470627113,2025-08-04
DEV_000576,FP_7336289930,2025-11-27
DEV_000577,FP_8079891620,2025-04-26
DEV_000578,FP_5344217111,2025-01-14
DEV_000579,FP_4828783855,2025-10-17
DEV_000580,FP_6196770732,2025-09-22
DEV_000581,FP_6266470405,2025-07-30
DEV_000582,FP_4829312942,2025-10-30
DEV_000583,FP_7818965905,2025-11-08
DEV_000584,FP_4597493029,2025-08-14
DEV_000585,FP_5076985085,2025-12-19
DEV_000586,FP_6447864017,2025-09-28
DEV_000587,FP_9881640116,2025-09-14
DEV_000588,FP_3346174998,2025-05-26
DEV_000589,FP_3087575198,2025-01-02
DEV_000590,FP_2591985398,2025-04-12
DEV_000591,FP_7204997928,2025-10-13
DEV_000592,FP_5041851736,2025-09-25
DEV_000593,FP_4497457060,2025-05-15
DEV_000594,FP_2836813367,2025-08-27
DEV_000595,FP_9020245395,2025-03-25
DEV_000596,FP_4988557316,2025-04-20
DEV_000597,FP_6469239802,2025-12-13
DEV_000598,FP_2012766204,2025-06-14
DEV_000599,FP_1971749950,2025-04-13
DEV_000600,FP_1606190874,2025-07-10
DEV_000601,FP_4306114727,2025-06-04
DEV_000602,FP_5255979419,2025-10-02
DEV_000603,FP_3201203344,2025-12-18
DEV_000604,FP_4147097552,2025-08-15
DEV_000605,FP_1056340306,2025-08-15
DEV_000606,FP_4159796187,2025-05-27
DEV_000607,FP_2072542013,2025-08-06
DEV_000608,FP_2155460305,2025-05-11
DEV_000609,FP_1040554878,2025-01-01
DEV_000610,FP_7267425093,2025-11-16
DEV_000611,FP_9381553965,2025-06-20
DEV_000612,FP_6593910047,2025-07-12
DEV_000613,FP_1865818467,2025-02-08
DEV_000614,FP_9906845043,2025-11-07
DEV_000615,FP_9780266536,2025-03-16
DEV_000616,FP_5214110820,2025-06-13
DEV_000617,FP_1970822965,2025-11-08
DEV_000618,FP_7486653786,2025-06-30
DEV_000619,FP_9653213839,2025-12-08
DEV_000620,FP_8008296436,2025-03-31
DEV_000621,FP_6617825690,2025-09-27
DEV_000622,FP_6497487120,2025-12-23
DEV_000623,FP_9801263026,2025-08-01
DEV_000624,FP_1658074031,2025-09-19
DEV_000625,FP_2346004176,2025-06-07
DEV_000626,FP_8477303001,2025-10-09
DEV_000627,FP_2306017722,2025-12-01
DEV_000628,FP_4449668381,2025-09-23
DEV_000629,FP_3533493304,2025-12-09
DEV_000630,FP_3191002447,2025-08-14
DEV_000631,FP_1231497559,2025-08-10
DEV_000632,FP_6096261371,2025-05-05
DEV_000633,FP_4611155687,2025-09-25
DEV_000634,FP_5964311913,2025-11-22
DEV_000635,FP_3740573858,2025-09-03
DEV_000636,FP_9473147694,2025-04-09
DEV_000637,FP_6322124729,2025-07-30
DEV_000638,FP_9650863417,2025-10-10
DEV_000639,FP_4150053587,2025-12-11
DEV_000640,FP_1020605836,2025-03-10
DEV_000641,FP_8031390083,2025-02-27
DEV_000642,FP_8446409690,2025-06-14
DEV_000643,FP_1528330574,2025-02-26
DEV_000644,FP_6628323055,2025-12-24
DEV_000645,FP_6949160802,2025-06-18
DEV_000646,FP_2311604803,2025-07-26
DEV_000647,FP_5972720975,2025-04-06
DEV_000648,FP_3188789925,2025-06-27
DEV_000649,FP_1148065328,2025-12-25
DEV_000650,FP_8802199812,2025-07-11
DEV_000651,FP_5425256540,2025-01-06
DEV_000652,FP_8035291907,2025-04-12
DEV_000653,FP_7506037289,2025-12-23
DEV_000654,FP_9943347348,2025-12-27
DEV_000655,FP_4941580634,2025-03-31
DEV_000656,FP_4847955460,2025-08-24
DEV_000657,FP_3535800103,2025-02-06
DEV_000658,FP_6626324920,2025-08-11
DEV_000659,FP_5375012504,2025-02-26
DEV_000660,FP_7558850098,2025-11-01
DEV_000661,FP_4208605285,2025-12-11
DEV_000662,FP_2177602674,2025-03-17
DEV_000663,FP_8761919068,2025-07-01
DEV_000664,FP_8452422476,2025-02-16
DEV_000665,FP_4159001683,2025-05-18
DEV_000666,FP_7213165456,2025-02-01
DEV_000667,FP_5431626155,2025-04-20
DEV_000668,FP_7848748873,2025-12-27
DEV_000669,FP_4511191317,2025-01-23
DEV_000670,FP_5820753117,2025-11-14
DEV_000671,FP_1520344936,2025-02-06
DEV_000672,FP_2574189834,2025-07-25
DEV_000673,FP_8035890469,2025-06-28
DEV_000674,FP_4434089339,2025-12-08
DEV_000675,FP_1315948818,2025-03-27
DEV_000676,FP_2508726571,2025-03-19
DEV_000677,FP_4704382288,2025-10-08
DEV_000678,FP_7461217962,2025-09-30
DEV_000679,FP_4271365375,2025-09-21
DEV_000680,FP_7706671788,2025-01-14
DEV_000681,FP_8722545284,2025-04-19
DEV_000682,FP_4070229527,2025-11-08
DEV_000683,FP_8203380136,2025-08-19
DEV_000684,FP_2141925993,2025-08-19
DEV_000685,FP_4737551725,2025-05-02
DEV_000686,FP_1878061566,2025-04-19
DEV_000687,FP_1472751899,2025-12-13
DEV_000688,FP_1580746397,2025-10-01
DEV_000689,FP_1942768243,2025-02-26
DEV_000690,FP_8521533309,2025-12-10
DEV_000691,FP_5893094112,2025-08-12
DEV_000692,FP_9526493689,2025-05-16
DEV_000693,FP_5842002711,2025-06-08
DEV_000694,FP_6658401990,2025-09-30
DEV_000695,FP_2660355650,2025-06-01
DEV_000696,FP_5865229185,2025-08-11
DEV_000697,FP_4467722938,2025-09-25
DEV_000698,FP_9382918078,2025-03-25
DEV_000699,FP_9405290941,2025-12-12
DEV_000700,FP_2786487512,2025-05-24
DEV_000701,FP_6581177774,2025-06-16
DEV_000702,FP_6743582226,2025-09-21
DEV_000703,FP_6062815714,2025-08-21
DEV_000704,FP_2118967371,2025-06-23
DEV_000705,FP_6886137868,2025-09-04
DEV_000706,FP_8191767563,2025-11-29
DEV_000707,FP_4107034304,2025-10-25
DEV_000708,FP_5630965316,2025-11-02
DEV_000709,FP_2046951517,2025-04-18
DEV_000710,FP_9376198402,2025-06-16
DEV_000711,FP_1985840678,2025-08-02
DEV_000712,FP_2875393959,2025-01-22
DEV_000713,FP_3686306281,2025-10-15
DEV_000714,FP_8432112151,2025-05-12
DEV_000715,FP_7305903283,2025-04-27
DEV_000716,FP_1063129942,2025-04-19
DEV_000717,FP_2652053924,2025-04-28
DEV_000718,FP_7751360611,2025-05-18
DEV_000719,FP_4634510418,2025-08-20
DEV_000720,FP_1235921792,2025-08-13
DEV_000721,FP_9675251903,2025-04-17
DEV_000722,FP_2361096216,2025-03-29
DEV_000723,FP_5594199759,2025-11-03
DEV_000724,FP_3234844878,2025-02-12
DEV_000725,FP_7637223881,2025-07-19
DEV_000726,FP_7990534890,2025-07-22
DEV_000727,FP_4574983631,2025-08-09
DEV_000728,FP_6926046592,2025-11-23
DEV_000729,FP_9181662260,2025-08-27
DEV_000730,FP_8333282065,2025-12-22
DEV_000731,FP_4734079458,2025-11-18
DEV_000732,FP_4973284484,2025-04-02
DEV_000733,FP_8981904465,2025-04-12
DEV_000734,FP_1309355203,2025-05-20
DEV_000735,FP_1205304150,2025-06-06
DEV_000736,FP_2852158073,2025-08-02
DEV_000737,FP_8448594801,2025-04-08
DEV_000738,FP_2378918688,2025-04-05
DEV_000739,FP_3567513564,2025-06-02
DEV_000740,FP_6661618210,2025-09-12
DEV_000741,FP_2658185290,2025-09-18
DEV_000742,FP_3728047070,2025-12-23
DEV_000743,FP_5202214543,2025-03-28
DEV_000744,FP_3052983553,2025-06-07
DEV_000745,FP_9931723154,2025-12-19
DEV_000746,FP_2471014155,2025-09-18
DEV_000747,FP_8649433943,2025-08-16
DEV_000748,FP_5230898483,2025-07-28
DEV_000749,FP_2162113117,2025-02-05
DEV_000750,FP_2066375414,2025-11-25
DEV_000751,FP_5502664503,2025-08-27
DEV_000752,FP_4181681542,2025-08-09
DEV_000753,FP_3111420691,2025-07-28
DEV_000754,FP_9630452233,2025-06-06
DEV_000755,FP_5170417665,2025-04-17
DEV_000756,FP_9359298831,2025-10-10
DEV_000757,FP_2475997534,2025-07-18
DEV_000758,FP_2651194604,2025-01-18
DEV_000759,FP_6364249217,2025-06-09
DEV_000760,FP_3428880783,2025-12-07
DEV_000761,FP_2664440700,2025-05-31
DEV_000762,FP_1852168468,2025-06-14
DEV_000763,FP_1686436032,2025-08-27
DEV_000764,FP_7778515467,2025-10-26
DEV_000765,FP_3539468317,2025-09-11
DEV_000766,FP_9805772378,2025-11-11
DEV_000767,FP_2648090147,2025-02-21
DEV_000768,FP_4190019849,2025-12-06
DEV_000769,FP_4374177574,2025-11-29
DEV_000770,FP_5501375134,2025-07-21
DEV_000771,FP_8835722819,2025-08-27
DEV_000772,FP_8512931888,2025-04-01
DEV_000773,FP_1089606977,2025-06-26
DEV_000774,FP_4683295602,2025-03-28
DEV_000775,FP_8451430578,2025-01-12
DEV_000776,FP_1001780270,2025-12-24
DEV_000777,FP_5802756149,2025-04-18
DEV_000778,FP_3335280591,2025-08-16
DEV_000779,FP_4714916942,2025-05-04
DEV_000780,FP_4782742298,2025-05-29
DEV_000781,FP_4525789966,2025-06-08
DEV_000782,FP_9027551099,2025-05-17
DEV_000783,FP_5828172480,2025-08-31
DEV_000784,FP_9133720513,2025-12-18
DEV_000785,FP_7540681665,2025-06-19
DEV_000786,FP_4160080638,2025-12-22
DEV_000787,FP_5442073133,2025-09-11
DEV_000788,FP_4508726843,2025-08-21
DEV_000789,FP_8457168502,2025-04-10
DEV_000790,FP_2688380307,2025-01-31
DEV_000791,FP_9427710539,2025-11-12
DEV_000792,FP_6223820447,2025-08-09
DEV_000793,FP_6505821585,2025-06-14
DEV_000794,FP_5651212601,2025-10-29
DEV_000795,FP_5990468292,2025-05-08
DEV_000796,FP_7009078747,2025-10-20
DEV_000797,FP_6895317295,2025-05-14
DEV_000798,FP_2927323799,2025-12-04
DEV_000799,FP_6241961447,2025-04-22
DEV_000800,FP_4191637965,2025-03-03
DEV_000801,FP_6733272751,2025-09-21
DEV_000802,FP_5930511221,2025-03-13
DEV_000803,FP_2617119403,2025-12-14
DEV_000804,FP_7612605257,2025-09-06
DEV_000805,FP_5113121026,2025-04-08
DEV_000806,FP_5962973970,2025-03-30
DEV_000807,FP_7053785783,2025-12-05
DEV_000808,FP_6875845964,2025-08-21
DEV_000809,FP_7740359380,2025-11-25
DEV_000810,FP_2860765557,2025-02-20
DEV_000811,FP_1993521103,2025-12-06
DEV_000812,FP_7022616171,2025-07-22
DEV_000813,FP_3123864519,2025-09-11
DEV_000814,FP_2031443816,2025-05-30
DEV_000815,FP_2181137435,2025-01-29
DEV_000816,FP_3815201114,2025-12-17
DEV_000817,FP_9926083431,2025-12-29
DEV_000818,FP_2415342940,2025-05-27
DEV_000819,FP_3686829060,2025-12-12
DEV_000820,FP_9286607366,2025-03-14
DEV_000821,FP_9669772567,2025-03-09
DEV_000822,FP_3059590250,2025-02-04
DEV_000823,FP_8924074272,2025-06-06
DEV_000824,FP_2250261500,2025-01-26
DEV_000825,FP_7853827700,2025-06-07
DEV_000826,FP_1117073445,2025-03-03
DEV_000827,FP_4659576662,2025-10-02
DEV_000828,FP_3226016860,2025-11-05
DEV_000829,FP_7336072126,2025-09-17
DEV_000830,FP_1144505182,2025-03-27
DEV_000831,FP_5184115353,2025-10-14
DEV_000832,FP_7270561222,2025-04-15
DEV_000833,FP_1420343859,2025-10-12
DEV_000834,FP_9076601638,2025-08-07
DEV_000835,FP_4250776666,2025-05-28
DEV_000836,FP_2487392490,2025-02-08
DEV_000837,FP_3029180464,2025-11-03
DEV_000838,FP_4050153358,2025-12-11
DEV_000839,FP_2785375916,2025-09-10
DEV_000840,FP_5595208784,2025-12-19
DEV_000841,FP_6696385627,2025-12-09
DEV_000842,FP_4900870979,2025-03-25
DEV_000843,FP_4843289348,2025-10-02
DEV_000844,FP_8035295673,2025-05-22
DEV_000845,FP_3709150416,2025-07-10
DEV_000846,FP_6604919504,2025-03-10
DEV_000847,FP_9036294264,2025-12-22
DEV_000848,FP_2993629285,2025-09-30
DEV_000849,FP_6579106569,2025-04-21
DEV_000850,FP_9531746019,2025-05-30
DEV_000851,FP_5768157294,2025-06-17
DEV_000852,FP_9792079512,2025-10-08
DEV_000853,FP_3790414397,2025-12-06
DEV_000854,FP_6078645033,2025-05-12
DEV_000855,FP_3799321760,2025-07-05
DEV_000856,FP_1033474825,2025-08-16
DEV_000857,FP_9975772903,2025-06-07
DEV_000858,FP_3160540612,2025-07-16
DEV_000859,FP_9757917866,2025-02-18
DEV_000860,FP_6877295439,2025-03-14
DEV_000861,FP_9135402479,2025-06-09
DEV_000862,FP_9704824722,2025-12-03
DEV_000863,FP_6110462856,2025-05-22
DEV_000864,FP_9997222097,2025-04-15
DEV_000865,FP_7905969182,2025-10-06
DEV_000866,FP_5714331004,2025-12-14
DEV_000867,FP_6894489557,2025-06-30
DEV_000868,FP_2748442215,2025-01-06
DEV_000869,FP_1099293592,2025-09-18
DEV_000870,FP_3311104128,2025-06-14
DEV_000871,FP_4914737755,2025-09-13
DEV_000872,FP_3052473281,2025-04-25
DEV_000873,FP_5626323081,2025-01-02
DEV_000874,FP_6921497279,2025-05-20
DEV_000875,FP_6902144641,2025-09-23
DEV_000876,FP_9043879873,2025-06-07
DEV_000877,FP_9696871867,2025-04-03
DEV_000878,FP_9016255119,2025-07-02
DEV_000879,FP_6581574633,2025-10-09
DEV_000880,FP_2851877391,2025-02-23
DEV_000881,FP_9491060431,2025-09-19
DEV_000882,FP_2573743552,2025-09-10
DEV_000883,FP_2362846442,2025-05-30
DEV_000884,FP_3858123950,2025-12-21
DEV_000885,FP_6162450051,2025-11-26
DEV_000886,FP_7133253687,2025-05-10
DEV_000887,FP_1119634096,2025-01-17
DEV_000888,FP_8002200444,2025-05-07
DEV_000889,FP_2575175941,2025-03-29
DEV_000890,FP_3668363663,2025-07-31
DEV_000891,FP_3898780531,2025-12-04
DEV_000892,FP_3992013989,2025-11-18
DEV_000893,FP_7843308419,2025-05-06
DEV_000894,FP_1368499259,2025-06-19
DEV_000895,FP_2768660365,2025-01-19
DEV_000896,FP_1200873080,2025-07-30
DEV_000897,FP_8004695109,2025-01-31
DEV_000898,FP_9853501044,2025-12-10
DEV_000899,FP_6935924432,2025-11-17
DEV_000900,FP_6311252627,2025-04-01
DEV_000901,FP_9172595919,2025-09-21
DEV_000902,FP_3294585877,2025-08-07
DEV_000903,FP_1598160746,2025-10-26
DEV_000904,FP_5589729144,2025-07-06
DEV_000905,FP_3343138328,2025-03-24
DEV_000906,FP_5059734531,2025-09-01
DEV_000907,FP_5106698654,2025-02-07
DEV_000908,FP_3869486416,2025-08-13
DEV_000909,FP_5376921233,2025-04-01
DEV_000910,FP_4421366924,2025-09-16
DEV_000911,FP_2017534030,2025-11-04
DEV_000912,FP_8800531365,2025-02-19
DEV_000913,FP_7311463429,2025-06-09
DEV_000914,FP_1371779784,2025-10-03
DEV_000915,FP_2042077827,2025-03-13
DEV_000916,FP_1868630236,2025-08-07
DEV_000917,FP_1555691923,2025-09-12
DEV_000918,FP_1531510982,2025-05-24
DEV_000919,FP_2414010996,2025-11-05
DEV_000920,FP_8630824675,2025-07-18
DEV_000921,FP_8454099664,2025-08-28
DEV_000922,FP_8048318276,2025-03-04
DEV_000923,FP_6532358558,2025-01-13
DEV_000924,FP_7511441978,2025-01-25
DEV_000925,FP_7646330896,2025-11-29
DEV_000926,FP_9003815831,2025-11-22
DEV_000927,FP_7591087265,2025-10-28
DEV_000928,FP_7628133771,2025-03-27
DEV_000929,FP_8236730553,2025-07-23
DEV_000930,FP_6007193702,2025-10-24
DEV_000931,FP_2917259110,2025-09-13
DEV_000932,FP_1760882298,2025-02-22
DEV_000933,FP_4771392043,2025-11-26
DEV_000934,FP_1825171045,2025-03-12
DEV_000935,FP_2523736283,2025-03-16
DEV_000936,FP_1214560105,2025-11-28
DEV_000937,FP_3701856619,2025-07-09
DEV_000938,FP_9729980400,2025-05-30
DEV_000939,FP_4410381453,2025-08-02
DEV_000940,FP_3168033454,2025-12-24
DEV_000941,FP_4631045293,2025-02-23
DEV_000942,FP_3712046681,2025-10-11
DEV_000943,FP_7064891405,2025-05-16
DEV_000944,FP_6710200849,2025-02-22
DEV_000945,FP_1246086169,2025-06-17
DEV_000946,FP_5601908401,2025-08-01
DEV_000947,FP_1325797189,2025-03-29
DEV_000948,FP_7096269397,2025-06-11
DEV_000949,FP_9422274974,2025-08-31
DEV_000950,FP_9167390907,2025-08-10
DEV_000951,FP_2851409008,2025-09-29
DEV_000952,FP_7683806328,2025-11-06
DEV_000953,FP_8137593738,2025-06-12
DEV_000954,FP_8779307797,2025-06-17
DEV_000955,FP_3336388036,2025-07-13
DEV_000956,FP_5057513613,2025-08-07
DEV_000957,FP_2993539861,2025-02-19
DEV_000958,FP_1218785114,2025-05-08
DEV_000959,FP_6931113650,2025-03-16
DEV_000960,FP_4883172560,2025-06-04
DEV_000961,FP_3233051924,2025-12-22
DEV_000962,FP_8623935524,2025-08-12
DEV_000963,FP_5461125759,2025-06-20
DEV_000964,FP_9951919093,2025-08-07
DEV_000965,FP_8140220441,2025-09-11
DEV_000966,FP_8822900796,2025-06-22
DEV_000967,FP_7959990238,2025-06-26
DEV_000968,FP_1953324090,2025-09-22
DEV_000969,FP_1585261005,2025-01-30
DEV_000970,FP_9235708952,2025-07-29
DEV_000971,FP_2243774692,2025-07-31
DEV_000972,FP_4521035355,2025-10-11
DEV_000973,FP_6489199103,2025-12-25
DEV_000974,FP_2907085148,2025-10-24
DEV_000975,FP_3027565393,2025-07-16
DEV_000976,FP_5196172080,2025-03-15
DEV_000977,FP_4248055822,2025-08-14
DEV_000978,FP_7089181002,2025-11-06
DEV_000979,FP_1675685759,2025-12-08
DEV_000980,FP_5398828024,2025-11-03
DEV_000981,FP_2568339259,2025-03-23
DEV_000982,FP_6460525080,2025-09-26
DEV_000983,FP_2045919625,2025-11-21
DEV_000984,FP_2778686798,2025-09-15
DEV_000985,FP_8235000844,2025-09-17
DEV_000986,FP_3116502910,2025-07-15
DEV_000987,FP_7633588048,2025-08-31
DEV_000988,FP_3457564296,2025-05-02
DEV_000989,FP_3115247546,2025-02-11
DEV_000990,FP_3692393045,2025-11-04
DEV_000991,FP_8928387858,2025-12-12
DEV_000992,FP_4574490933,2025-11-13
DEV_000993,FP_3193844768,2025-05-16
DEV_000994,FP_5829755262,2025-02-13
DEV_000995,FP_4470772705,2025-04-26
DEV_000996,FP_8111777677,2025-11-09
DEV_000997,FP_9914010563,2025-09-07
DEV_000998,FP_5739169983,2025-12-20
DEV_000999,FP_5065740078,2025-05-19
DEV_001000,FP_4087318584,2025-08-02
DEV_001001,FP_9760048589,2025-10-22
DEV_001002,FP_5349549483,2025-04-09
DEV_001003,FP_2601971739,2025-12-19
DEV_001004,FP_9722943147,2025-08-16
DEV_001005,FP_9647939133,2025-01-05
DEV_001006,FP_4921525470,2025-01-14
DEV_001007,FP_4133674116,2025-11-22
DEV_001008,FP_7123937019,2025-09-03
DEV_001009,FP_8460317176,2025-10-13
DEV_001010,FP_5486789190,2025-10-20
DEV_001011,FP_3977316919,2025-06-16
DEV_001012,FP_3712546097,2025-10-25
DEV_001013,FP_3939388544,2025-12-10
DEV_001014,FP_2062296460,2025-03-16
DEV_001015,FP_8007583926,2025-10-13
DEV_001016,FP_1944638771,2025-05-07
DEV_001017,FP_4584830454,2025-05-12
DEV_001018,FP_8514490033,2025-06-14
DEV_001019,FP_4636953060,2025-11-16
DEV_001020,FP_3652856181,2025-01-12
DEV_001021,FP_9534283513,2025-06-21
DEV_001022,FP_2138893781,2025-09-15
DEV_001023,FP_8963685124,2025-02-20
DEV_001024,FP_1558691188,2025-10-23
DEV_001025,FP_4721764715,2025-12-11
DEV_001026,FP_6685489498,2025-02-12
DEV_001027,FP_4330345456,2025-03-09
DEV_001028,FP_5811457788,2025-12-22
DEV_001029,FP_2836014999,2025-03-26
DEV_001030,FP_6121310656,2025-02-07
DEV_001031,FP_2211028451,2025-12-15
DEV_001032,FP_8164866844,2025-11-25
DEV_001033,FP_6254109220,2025-09-06
DEV_001034,FP_5337389032,2025-08-02
DEV_001035,FP_1492001162,2025-12-04
DEV_001036,FP_5497969022,2025-09-06
DEV_001037,FP_6072124872,2025-09-07
DEV_001038,FP_3391007620,2025-11-09
DEV_001039,FP_7098313067,2025-09-06
DEV_001040,FP_1690886338,2025-07-16
DEV_001041,FP_2878201732,2025-06-05
DEV_001042,FP_7637936655,2025-07-16
DEV_001043,FP_2324999970,2025-07-22
DEV_001044,FP_3209939376,2025-05-26
DEV_001045,FP_6857698130,2025-06-26
DEV_001046,FP_7559575333,2025-10-26
DEV_001047,FP_1463403291,2025-06-15
DEV_001048,FP_2139304719,2025-01-14
DEV_001049,FP_5015062052,2025-04-27
DEV_001050,FP_6335154502,2025-04-08
DEV_001051,FP_5084031108,2025-10-23
DEV_001052,FP_6823629934,2025-06-27
DEV_001053,FP_7803936157,2025-04-26
DEV_001054,FP_9545894626,2025-10-29
DEV_001055,FP_4148926417,2025-01-11
DEV_001056,FP_2467942916,2025-03-17
DEV_001057,FP_3376756038,2025-11-03
DEV_001058,FP_2333480005,2025-08-01
DEV_001059,FP_4548210777,2025-10-16
DEV_001060,FP_8853105392,2025-11-07
DEV_001061,FP_4123539072,2025-12-11
DEV_001062,FP_2339404319,2025-01-31
DEV_001063,FP_5703695937,2025-10-25
DEV_001064,FP_9927494348,2025-09-25
DEV_001065,FP_2693630967,2025-03-30
DEV_001066,FP_8000874565,2025-12-08
DEV_001067,FP_8410230491,2025-06-11
DEV_001068,FP_4612045091,2025-11-23
DEV_001069,FP_6575962947,2025-08-20
DEV_001070,FP_4891361056,2025-07-24
DEV_001071,FP_3360942428,2025-03-11
DEV_001072,FP_4835069200,2025-12-02
DEV_001073,FP_1857611229,2025-08-03
DEV_001074,FP_7362605022,2025-01-04
DEV_001075,FP_8462737283,2025-01-10
DEV_001076,FP_3766599400,2025-10-18
DEV_001077,FP_6098291418,2025-03-12
DEV_001078,FP_3089336788,2025-08-18
DEV_001079,FP_2147144051,2025-09-15
DEV_001080,FP_6972567085,2025-04-26
DEV_001081,FP_2206968368,2025-08-08
DEV_001082,FP_8037811622,2025-04-11
DEV_001083,FP_3445790938,2025-12-13
DEV_001084,FP_8366620536,2025-11-14
DEV_001085,FP_4316541169,2025-04-29
DEV_001086,FP_4319583333,2025-07-25
DEV_001087,FP_7755154845,2025-07-15
DEV_001088,FP_5592391971,2025-12-17
DEV_001089,FP_2808796837,2025-06-07
DEV_001090,FP_8653676931,2025-08-05
DEV_001091,FP_4061378882,2025-12-07
DEV_001092,FP_1924990847,2025-03-13
DEV_001093,FP_4744009403,2025-08-01
DEV_001094,FP_6165655867,2025-02-18
DEV_001095,FP_6488968004,2025-08-24
DEV_001096,FP_8520470606,2025-05-28
DEV_001097,FP_5872661413,2025-12-20
DEV_001098,FP_3013394347,2025-06-15
DEV_001099,FP_3354996976,2025-03-02
DEV_001100,FP_1907565294,2025-11-06
DEV_001101,FP_7623318602,2025-11-01
DEV_001102,FP_1953473918,2025-09-20
DEV_001103,FP_6452313689,2025-10-08
DEV_001104,FP_6372526545,2025-04-21
DEV_001105,FP_8069532011,2025-09-02
DEV_001106,FP_1671667297,2025-01-20
DEV_001107,FP_2826202091,2025-03-26
DEV_001108,FP_9186061392,2025-12-08
DEV_001109,FP_6150131464,2025-10-05
DEV_001110,FP_5119211917,2025-04-08
DEV_001111,FP_7729086388,2025-02-20
DEV_001112,FP_9122774058,2025-12-14
DEV_001113,FP_3367086732,2025-02-20
DEV_001114,FP_9113280658,2025-04-18
DEV_001115,FP_1978251634,2025-03-20
DEV_001116,FP_9799147428,2025-01-05
DEV_001117,FP_2483666425,2025-05-09
DEV_001118,FP_3396127317,2025-12-22
DEV_001119,FP_1869345460,2025-05-19
DEV_001120,FP_8233088561,2025-07-16
DEV_001121,FP_9858088557,2025-10-07
DEV_001122,FP_3672788576,2025-08-01
DEV_001123,FP_3930507643,2025-10-06
DEV_001124,FP_3510819130,2025-09-08
DEV_001125,FP_2393452901,2025-08-21
DEV_001126,FP_8086997949,2025-09-04
DEV_001127,FP_1546478560,2025-10-25
DEV_001128,FP_9709967173,2025-09-25
DEV_001129,FP_9345839719,2025-10-23
DEV_001130,FP_2065951767,2025-03-06
DEV_001131,FP_5765714660,2025-09-14
DEV_001132,FP_9935662226,2025-10-04
DEV_001133,FP_8673573240,2025-05-04
DEV_001134,FP_7436203532,2025-11-19
DEV_001135,FP_1202148508,2025-05-05
DEV_001136,FP_1615397008,2025-04-13
DEV_001137,FP_8146153885,2025-11-17
DEV_001138,FP_4388003687,2025-04-14
DEV_001139,FP_7015886896,2025-06-15
DEV_001140,FP_7652634642,2025-05-29
DEV_001141,FP_4799657597,2025-11-27
DEV_001142,FP_2290435756,2025-06-29
DEV_001143,FP_4480250527,2025-09-20
DEV_001144,FP_8839435979,2025-10-23
DEV_001145,FP_3979772010,2025-08-28
DEV_001146,FP_1563844983,2025-12-12
DEV_001147,FP_9632182753,2025-10-26
DEV_001148,FP_7126092180,2025-06-09
DEV_001149,FP_5867710766,2025-12-14
DEV_001150,FP_8461966119,2025-07-23
DEV_001151,FP_4700446102,2025-01-13
DEV_001152,FP_9866042145,2025-04-19
DEV_001153,FP_8718157623,2025-08-26
DEV_001154,FP_3524902674,2025-03-10
DEV_001155,FP_4339431884,2025-08-13
DEV_001156,FP_3481686677,2025-05-26
DEV_001157,FP_6934067584,2025-07-27
DEV_001158,FP_6753987378,2025-01-02
DEV_001159,FP_5702552861,2025-11-10
DEV_001160,FP_9692563370,2025-05-26
DEV_001161,FP_5250477593,2025-03-04
DEV_001162,FP_8053501546,2025-06-23
DEV_001163,FP_6922856053,2025-07-10
DEV_001164,FP_5663664460,2025-08-31
DEV_001165,FP_1378855964,2025-07-23
DEV_001166,FP_6917455213,2025-01-22
DEV_001167,FP_6783355757,2025-11-18
DEV_001168,FP_2123865951,2025-06-29
DEV_001169,FP_8163234777,2025-02-06
DEV_001170,FP_5202946750,2025-10-16
DEV_001171,FP_3917314129,2025-09-08
DEV_001172,FP_8415634471,2025-09-04
DEV_001173,FP_4090338635,2025-06-19
DEV_001174,FP_6596657120,2025-06-13
DEV_001175,FP_6561233212,2025-07-27
DEV_001176,FP_1475253843,2025-01-25
DEV_001177,FP_4805502674,2025-05-03
DEV_001178,FP_3005008749,2025-12-27
DEV_001179,FP_2796135956,2025-09-09
DEV_001180,FP_6894656996,2025-06-16
DEV_001181,FP_1102689957,2025-04-05
DEV_001182,FP_9721710802,2025-10-07
DEV_001183,FP_4558519053,2025-04-19
DEV_001184,FP_3689231755,2025-03-12
DEV_001185,FP_9279769598,2025-03-09
DEV_001186,FP_5380049278,2025-10-01
DEV_001187,FP_6528927262,2025-09-02
DEV_001188,FP_7262656737,2025-02-03
DEV_001189,FP_8842701460,2025-02-21
DEV_001190,FP_2167677908,2025-08-30
DEV_001191,FP_1734878611,2025-08-08
DEV_001192,FP_9943397058,2025-09-17
DEV_001193,FP_1079954214,2025-03-19
DEV_001194,FP_7373752781,2025-10-01
DEV_001195,FP_6499588257,2025-12-09
DEV_001196,FP_5972959194,2025-08-19
DEV_001197,FP_8072451631,2025-03-26
DEV_001198,FP_9932256527,2025-09-15
DEV_001199,FP_1421972393,2025-05-19
DEV_001200,FP_6530774433,2025-01-25
DEV_001201,FP_7450999016,2025-05-05
DEV_001202,FP_3753453755,2025-11-29
DEV_001203,FP_9035752463,2025-06-13
DEV_001204,FP_5112935572,2025-11-16
DEV_001205,FP_2480306157,2025-07-18
DEV_001206,FP_8689670343,2025-07-21
DEV_001207,FP_9486330582,2025-01-04
DEV_001208,FP_1895634265,2025-08-31
DEV_001209,FP_7765127803,2025-02-19
DEV_001210,FP_2935127972,2025-07-07
DEV_001211,FP_1060499959,2025-04-19
DEV_001212,FP_3345524405,2025-06-06
DEV_001213,FP_8694188516,2025-07-28
DEV_001214,FP_2270654890,2025-01-09
DEV_001215,FP_2176019946,2025-04-28
DEV_001216,FP_7651429355,2025-12-27
DEV_001217,FP_4657236746,2025-01-28
DEV_001218,FP_2336374652,2025-05-11
DEV_001219,FP_3070003388,2025-05-12
DEV_001220,FP_8151417324,2025-06-02
DEV_001221,FP_6609419109,2025-09-16
DEV_001222,FP_7848358952,2025-04-14
DEV_001223,FP_1879959150,2025-07-01
DEV_001224,FP_5122938545,2025-09-03
DEV_001225,FP_8173956256,2025-05-12
DEV_001226,FP_3392134757,2025-12-14
DEV_001227,FP_2522700715,2025-12-24
DEV_001228,FP_4436055043,2025-02-23
DEV_001229,FP_4000419764,2025-05-20
DEV_001230,FP_2669255009,2025-03-30
DEV_001231,FP_9585504327,2025-03-22
DEV_001232,FP_5347885640,2025-07-11
DEV_001233,FP_6472687204,2025-08-06
DEV_001234,FP_2089962178,2025-06-18
DEV_001235,FP_6490315792,2025-04-23
DEV_001236,FP_5997904238,2025-04-26
DEV_001237,FP_9387363949,2025-12-28
DEV_001238,FP_4710851209,2025-12-05
DEV_001239,FP_8038558903,2025-02-05
DEV_001240,FP_3737628805,2025-09-07
DEV_001241,FP_6210463206,2025-06-29
DEV_001242,FP_9342733574,2025-09-18
DEV_001243,FP_6625641796,2025-08-17
DEV_001244,FP_7400428153,2025-11-24
DEV_001245,FP_8883860725,2025-02-01
DEV_001246,FP_9328819268,2025-05-22
DEV_001247,FP_2874473876,2025-12-26
DEV_001248,FP_2762542284,2025-03-20
DEV_001249,FP_5954285141,2025-02-26
DEV_001250,FP_9959647385,2025-10-01
DEV_001251,FP_5411370909,2025-10-18
DEV_001252,FP_3978144667,2025-09-12
DEV_001253,FP_5835351473,2025-10-17
DEV_001254,FP_1579561966,2025-09-19
DEV_001255,FP_2594860932,2025-03-02
DEV_001256,FP_2340283755,2025-08-21
DEV_001257,FP_1251239905,2025-10-18
DEV_001258,FP_7499910726,2025-11-16
DEV_001259,FP_3929270912,2025-04-14
DEV_001260,FP_2516826801,2025-02-26
DEV_001261,FP_5610193934,2025-10-19
DEV_001262,FP_3910999653,2025-04-17
DEV_001263,FP_4537159936,2025-01-17
DEV_001264,FP_3839786353,2025-11-03
DEV_001265,FP_1035851629,2025-07-17
DEV_001266,FP_7194959779,2025-05-13
DEV_001267,FP_1996214308,2025-01-07
DEV_001268,FP_2972281573,2025-01-18
DEV_001269,FP_2712853391,2025-10-23
DEV_001270,FP_3982305659,2025-07-11
DEV_001271,FP_2441779115,2025-03-07
DEV_001272,FP_4122569117,2025-05-25
DEV_001273,FP_3189379112,2025-03-14
DEV_001274,FP_1550936018,2025-02-21
DEV_001275,FP_8835066793,2025-04-25
DEV_001276,FP_3750229963,2025-08-01
DEV_001277,FP_1857539317,2025-03-31
DEV_001278,FP_5693737410,2025-05-20
DEV_001279,FP_2109479665,2025-07-07
DEV_001280,FP_7957838812,2025-06-16
DEV_001281,FP_1554201489,2025-02-27
DEV_001282,FP_5181723549,2025-01-20
DEV_001283,FP_9494436970,2025-01-19
DEV_001284,FP_2430721482,2025-05-22
DEV_001285,FP_2812318091,2025-09-28
DEV_001286,FP_6404184201,2025-02-28
DEV_001287,FP_9818686643,2025-10-21
DEV_001288,FP_4472521734,2025-09-27
DEV_001289,FP_6837805834,2025-01-03
DEV_001290,FP_2370853564,2025-01-14
DEV_001291,FP_6772574198,2025-03-25
DEV_001292,FP_3273958584,2025-01-28
DEV_001293,FP_6519588466,2025-07-26
DEV_001294,FP_1797950872,2025-01-20
DEV_001295,FP_5724721194,2025-10-26
DEV_001296,FP_3136644951,2025-07-12
DEV_001297,FP_7135378329,2025-10-01
DEV_001298,FP_7729028082,2025-10-09
DEV_001299,FP_8633282774,2025-07-17
DEV_001300,FP_9931558319,2025-12-06
DEV_001301,FP_5134193016,2025-12-27
DEV_001302,FP_7035349754,2025-05-25
DEV_001303,FP_1165813446,2025-02-26
DEV_001304,FP_9145783298,2025-05-27
DEV_001305,FP_6541688309,2025-04-05
DEV_001306,FP_4792104813,2025-07-25
DEV_001307,FP_4908814684,2025-06-01
DEV_001308,FP_7821960816,2025-07-08
DEV_001309,FP_8501230030,2025-10-13
DEV_001310,FP_8271133086,2025-04-24
DEV_001311,FP_5595261876,2025-07-28
DEV_001312,FP_4340319737,2025-05-17
DEV_001313,FP_9509854251,2025-10-20
DEV_001314,FP_6707795722,2025-09-01
DEV_001315,FP_5892880680,2025-01-05
DEV_001316,FP_6384870387,2025-09-08
DEV_001317,FP_6668798573,2025-03-15
DEV_001318,FP_7417655956,2025-09-30
DEV_001319,FP_5978662254,2025-08-07
DEV_001320,FP_8878198189,2025-06-10
DEV_001321,FP_8737427927,2025-09-20
DEV_001322,FP_4980319701,2025-11-13
DEV_001323,FP_2516825008,2025-10-18
DEV_001324,FP_6189901423,2025-07-30
DEV_001325,FP_6586655698,2025-09-29
DEV_001326,FP_5710416165,2025-06-14
DEV_001327,FP_9015200318,2025-10-22
DEV_001328,FP_1837182313,2025-11-04
DEV_001329,FP_3586766543,2025-03-02
DEV_001330,FP_8792108616,2025-04-11
DEV_001331,FP_9454719816,2025-04-23
DEV_001332,FP_4833325671,2025-03-14
DEV_001333,FP_2733795836,2025-06-06
DEV_001334,FP_4782965468,2025-03-24
DEV_001335,FP_5105498008,2025-08-17
DEV_001336,FP_5676124402,2025-02-16
DEV_001337,FP_3469177721,2025-04-22
DEV_001338,FP_3813646663,2025-09-10
DEV_001339,FP_6900288681,2025-06-09
DEV_001340,FP_6596147358,2025-06-17
DEV_001341,FP_6958922635,2025-10-25
DEV_001342,FP_4395564848,2025-12-25
DEV_001343,FP_4028111546,2025-08-06
DEV_001344,FP_4163848056,2025-02-07
DEV_001345,FP_9560588368,2025-02-17
DEV_001346,FP_4557205927,2025-12-20
DEV_001347,FP_6455191566,2025-09-14
DEV_001348,FP_5705588683,2025-10-09
DEV_001349,FP_8885996343,2025-09-13
DEV_001350,FP_4322051206,2025-03-19
DEV_001351,FP_4907299998,2025-06-26
DEV_001352,FP_8585148598,2025-10-25
DEV_001353,FP_2448618526,2025-11-16
DEV_001354,FP_6348650930,2025-04-10
DEV_001355,FP_4599173868,2025-08-17
DEV_001356,FP_9872124029,2025-03-10
DEV_001357,FP_7492457050,2025-12-17
DEV_001358,FP_1095006365,2025-04-16
DEV_001359,FP_8555265103,2025-10-01
DEV_001360,FP_7328616904,2025-04-08
DEV_001361,FP_6048648239,2025-08-24
DEV_001362,FP_3125156282,2025-09-08
DEV_001363,FP_2343849853,2025-05-14
DEV_001364,FP_6655596065,2025-11-01
DEV_001365,FP_4959462454,2025-11-23
DEV_001366,FP_8754582809,2025-11-13
DEV_001367,FP_3361362132,2025-05-15
DEV_001368,FP_6737679826,2025-10-07
DEV_001369,FP_3239587329,2025-08-04
DEV_001370,FP_6726853711,2025-08-16
DEV_001371,FP_1435101779,2025-07-07
DEV_001372,FP_4525366840,2025-08-18
DEV_001373,FP_2554170542,2025-03-02
DEV_001374,FP_6453405965,2025-06-12
DEV_001375,FP_3850552478,2025-03-18
DEV_001376,FP_7943793558,2025-04-26
DEV_001377,FP_2031349243,2025-02-27
DEV_001378,FP_6005917601,2025-04-01
DEV_001379,FP_6343100765,2025-10-19
DEV_001380,FP_1198936897,2025-08-01
DEV_001381,FP_1323871397,2025-01-13
DEV_001382,FP_3774161550,2025-10-21
DEV_001383,FP_6481678954,2025-12-01
DEV_001384,FP_9663669955,2025-11-21
DEV_001385,FP_1817051589,2025-11-02
DEV_001386,FP_7328464958,2025-12-28
DEV_001387,FP_7234445098,2025-08-14
DEV_001388,FP_7025268190,2025-12-18
DEV_001389,FP_5645326073,2025-12-14
DEV_001390,FP_9701433554,2025-05-09
DEV_001391,FP_5515976245,2025-11-15
DEV_001392,FP_8544673711,2025-10-23
DEV_001393,FP_3362685425,2025-10-17
DEV_001394,FP_8256776492,2025-11-26
DEV_001395,FP_9968911604,2025-06-03
DEV_001396,FP_9190773889,2025-06-09
DEV_001397,FP_3736645468,2025-09-01
DEV_001398,FP_8615417281,2025-10-04
DEV_001399,FP_1857314107,2025-11-21
DEV_001400,FP_7099368035,2025-11-20
DEV_001401,FP_4079316096,2025-09-29
DEV_001402,FP_6928030805,2025-12-16
DEV_001403,FP_4710241067,2025-03-19
DEV_001404,FP_1081298348,2025-12-14
DEV_001405,FP_3081488986,2025-01-31
DEV_001406,FP_1381476095,2025-08-03
DEV_001407,FP_4845429304,2025-02-11
DEV_001408,FP_8560641579,2025-08-07
DEV_001409,FP_7641970830,2025-06-06
DEV_001410,FP_8100209675,2025-02-08
DEV_001411,FP_8264796838,2025-09-04
DEV_001412,FP_4347458092,2025-10-02
DEV_001413,FP_5554231564,2025-03-17
DEV_001414,FP_5576060530,2025-09-20
DEV_001415,FP_2018876652,2025-03-19
DEV_001416,FP_6383279098,2025-03-02
DEV_001417,FP_7481618010,2025-03-06
DEV_001418,FP_6498710371,2025-08-18
DEV_001419,FP_7713693411,2025-10-18
DEV_001420,FP_2070021413,2025-08-17
DEV_001421,FP_7852680516,2025-10-28
DEV_001422,FP_2873260930,2025-08-15
DEV_001423,FP_8891441404,2025-10-24
DEV_001424,FP_3204381810,2025-12-23
DEV_001425,FP_5427931452,2025-06-06
DEV_001426,FP_5385396669,2025-03-07
DEV_001427,FP_3419652883,2025-03-02
DEV_001428,FP_4255386259,2025-08-17
DEV_001429,FP_2670370741,2025-07-31
DEV_001430,FP_6130906276,2025-03-21
DEV_001431,FP_9217252227,2025-11-22
DEV_001432,FP_3849468150,2025-12-16
DEV_001433,FP_5572563487,2025-04-16
DEV_001434,FP_8756925506,2025-03-30
DEV_001435,FP_5072491422,2025-04-01
DEV_001436,FP_8481342955,2025-06-05
DEV_001437,FP_5017515986,2025-11-12
DEV_001438,FP_4962182199,2025-08-17
DEV_001439,FP_2415159659,2025-02-02
DEV_001440,FP_2124809419,2025-07-05
DEV_001441,FP_6503470698,2025-02-11
DEV_001442,FP_8446001721,2025-06-11
DEV_001443,FP_2218658381,2025-06-10
DEV_001444,FP_9190845514,2025-09-04
DEV_001445,FP_4229918216,2025-08-01
DEV_001446,FP_4827314858,2025-11-19
DEV_001447,FP_9050080617,2025-01-09
DEV_001448,FP_9066668051,2025-10-17
DEV_001449,FP_5723729891,2025-01-13
DEV_001450,FP_3490884499,2025-05-05
DEV_001451,FP_2547455250,2025-11-21
DEV_001452,FP_3444220426,2025-09-18
DEV_001453,FP_8025646577,2025-03-16
DEV_001454,FP_3921317219,2025-07-11
DEV_001455,FP_7251053148,2025-09-29
DEV_001456,FP_2756807400,2025-12-10
DEV_001457,FP_5306532693,2025-08-30
DEV_001458,FP_4168955944,2025-01-14
DEV_001459,FP_5532510909,2025-07-14
DEV_001460,FP_6129507617,2025-03-09
DEV_001461,FP_9918414680,2025-01-24
DEV_001462,FP_9099055423,2025-08-18
DEV_001463,FP_7262798297,2025-10-18
DEV_001464,FP_2383691234,2025-01-19
DEV_001465,FP_9271257006,2025-10-20
DEV_001466,FP_9033274635,2025-09-24
DEV_001467,FP_8980330869,2025-10-09
DEV_001468,FP_5311151778,2025-04-13
DEV_001469,FP_2536360399,2025-06-07
DEV_001470,FP_7789628933,2025-02-23
DEV_001471,FP_4496635350,2025-04-11
DEV_001472,FP_4101114606,2025-05-05
DEV_001473,FP_4517038112,2025-05-11
DEV_001474,FP_6031635016,2025-03-17
DEV_001475,FP_4001669476,2025-03-23
DEV_001476,FP_7209285498,2025-11-28
DEV_001477,FP_6829514161,2025-10-20
DEV_001478,FP_5579763523,2025-05-20
DEV_001479,FP_1485759085,2025-12-13
DEV_001480,FP_9428884140,2025-04-11
DEV_001481,FP_4705266547,2025-06-12
DEV_001482,FP_5045078748,2025-10-30
DEV_001483,FP_5104292609,2025-06-24
DEV_001484,FP_4285251623,2025-04-09
DEV_001485,FP_7071291194,2025-05-29
DEV_001486,FP_1125259262,2025-07-15
DEV_001487,FP_8861574962,2025-08-25
DEV_001488,FP_1921951227,2025-06-11
DEV_001489,FP_9997423074,2025-06-20
DEV_001490,FP_6652743661,2025-04-20
DEV_001491,FP_1596218266,2025-07-27
DEV_001492,FP_6061933534,2025-04-03
DEV_001493,FP_3981770131,2025-11-17
DEV_001494,FP_9577389007,2025-10-08
DEV_001495,FP_7799239042,2025-06-13
DEV_001496,FP_5563132017,2025-10-08
DEV_001497,FP_4867996595,2025-01-05
DEV_001498,FP_9962819791,2025-05-20
DEV_001499,FP_7006456763,2025-06-23
DEV_001500,FP_5625367681,2025-07-04
DEV_001501,FP_4581497056,2025-10-08
DEV_001502,FP_3921245716,2025-12-18
DEV_001503,FP_7348774813,2025-06-02
DEV_001504,FP_6290969633,2025-05-22
DEV_001505,FP_8633663516,2025-08-22
DEV_001506,FP_5982046509,2025-04-27
DEV_001507,FP_6240982510,2025-03-04
DEV_001508,FP_5296208453,2025-12-18
DEV_001509,FP_7863588515,2025-10-28
DEV_001510,FP_4734929584,2025-12-17
DEV_001511,FP_8667456441,2025-04-03
DEV_001512,FP_3943402850,2025-01-10
DEV_001513,FP_7233625416,2025-06-22
DEV_001514,FP_9036738091,2025-12-09
DEV_001515,FP_7921664772,2025-03-03
DEV_001516,FP_4083473282,2025-02-22
DEV_001517,FP_7357051025,2025-02-02
DEV_001518,FP_2862863331,2025-10-14
DEV_001519,FP_1523485715,2025-10-21
DEV_001520,FP_8122435656,2025-09-20
DEV_001521,FP_8272082036,2025-01-27
DEV_001522,FP_1206378450,2025-09-29
DEV_001523,FP_9530155123,2025-06-26
DEV_001524,FP_5013098441,2025-03-11
DEV_001525,FP_9147449326,2025-05-02
DEV_001526,FP_8093570730,2025-07-15
DEV_001527,FP_9105881749,2025-05-15
DEV_001528,FP_8500380697,2025-12-21
DEV_001529,FP_9765958325,2025-07-06
DEV_001530,FP_6661909010,2025-05-30
DEV_001531,FP_3045329623,2025-09-12
DEV_001532,FP_4506068176,2025-09-05
DEV_001533,FP_7766913236,2025-01-02
DEV_001534,FP_2412723509,2025-08-25
DEV_001535,FP_9368581024,2025-04-13
DEV_001536,FP_2847510222,2025-05-31
DEV_001537,FP_8883772642,2025-09-24
DEV_001538,FP_5353515503,2025-08-04
DEV_001539,FP_8565581334,2025-05-29
DEV_001540,FP_9624661276,2025-03-14
DEV_001541,FP_4799327068,2025-07-16
DEV_001542,FP_7269440867,2025-05-11
DEV_001543,FP_3040458430,2025-12-02
DEV_001544,FP_8207071449,2025-07-27
DEV_001545,FP_8379330842,2025-11-16
DEV_001546,FP_3657211335,2025-06-06
DEV_001547,FP_1217266862,2025-11-03
DEV_001548,FP_4880847265,2025-01-28
DEV_001549,FP_2530004808,2025-05-03
DEV_001550,FP_8366959721,2025-02-06
DEV_001551,FP_3349875501,2025-01-17
DEV_001552,FP_9493235131,2025-12-04
DEV_001553,FP_9746280648,2025-09-27
DEV_001554,FP_9179523315,2025-08-27
DEV_001555,FP_6396530298,2025-07-26
DEV_001556,FP_3406852035,2025-08-08
DEV_001557,FP_8265325732,2025-09-01
DEV_001558,FP_7314358430,2025-11-03
DEV_001559,FP_9794515122,2025-08-17
DEV_001560,FP_4395268065,2025-10-08
DEV_001561,FP_1528911992,2025-04-27
DEV_001562,FP_9985476958,2025-12-23
DEV_001563,FP_8544372754,2025-01-17
DEV_001564,FP_2993407194,2025-06-04
DEV_001565,FP_7530650792,2025-11-22
DEV_001566,FP_1006211575,2025-03-19
DEV_001567,FP_6020281520,2025-03-04
DEV_001568,FP_4265544168,2025-05-28
DEV_001569,FP_4431997370,2025-06-19
DEV_001570,FP_3200678255,2025-12-09
DEV_001571,FP_3473606940,2025-11-06
DEV_001572,FP_5092017974,2025-07-02
DEV_001573,FP_3233305319,2025-12-22
DEV_001574,FP_5197959521,2025-09-02
DEV_001575,FP_6196129484,2025-11-19
DEV_001576,FP_7400002804,2025-04-14
DEV_001577,FP_7094310855,2025-07-11
DEV_001578,FP_3177903457,2025-01-16
DEV_001579,FP_1352706313,2025-01-06
DEV_001580,FP_8494136794,2025-09-23
DEV_001581,FP_8850815585,2025-02-23
DEV_001582,FP_9810005676,2025-07-31
DEV_001583,FP_9637404014,2025-09-20
DEV_001584,FP_6704326239,2025-01-17
DEV_001585,FP_9048445334,2025-06-26
DEV_001586,FP_5032075773,2025-09-16
DEV_001587,FP_8086020756,2025-11-24
DEV_001588,FP_9598010879,2025-05-03
DEV_001589,FP_8166507014,2025-12-22
DEV_001590,FP_4741888293,2025-11-09
DEV_001591,FP_4399833223,2025-09-05
DEV_001592,FP_3623884787,2025-06-06
DEV_001593,FP_4303571718,2025-09-25
DEV_001594,FP_8385189955,2025-10-31
DEV_001595,FP_7313502890,2025-05-05
DEV_001596,FP_3248912615,2025-12-28
DEV_001597,FP_7403816156,2025-11-30
DEV_001598,FP_4414559193,2025-07-09
DEV_001599,FP_6019952562,2025-09-29
DEV_001600,FP_4333323454,2025-07-23
DEV_001601,FP_5694664175,2025-10-12
DEV_001602,FP_7568235055,2025-11-03
DEV_001603,FP_7580175854,2025-01-13
DEV_001604,FP_7778643212,2025-02-07
DEV_001605,FP_4519349159,2025-05-17
DEV_001606,FP_7214458985,2025-12-03
DEV_001607,FP_3148404682,2025-06-08
DEV_001608,FP_5296855783,2025-11-23
DEV_001609,FP_6247962250,2025-07-01
DEV_001610,FP_7178339684,2025-04-30
DEV_001611,FP_9207963924,2025-11-28
DEV_001612,FP_3742917728,2025-08-05
DEV_001613,FP_8607573230,2025-05-26
DEV_001614,FP_3800118267,2025-01-23
DEV_001615,FP_5967184770,2025-02-20
DEV_001616,FP_8452898625,2025-03-03
DEV_001617,FP_7508346446,2025-05-27
DEV_001618,FP_8765827019,2025-08-21
DEV_001619,FP_8333930731,2025-05-06
DEV_001620,FP_3487125357,2025-02-01
DEV_001621,FP_9936430044,2025-04-21
DEV_001622,FP_9432985888,2025-06-12
DEV_001623,FP_4871571590,2025-12-28
DEV_001624,FP_1424885281,2025-06-07
DEV_001625,FP_3731470058,2025-02-11
DEV_001626,FP_8525372774,2025-08-12
DEV_001627,FP_9557833774,2025-12-04
DEV_001628,FP_8485047587,2025-10-21
DEV_001629,FP_4570689129,2025-11-06
DEV_001630,FP_1508828497,2025-12-07
DEV_001631,FP_5658245595,2025-08-31
DEV_001632,FP_4387442579,2025-12-29
DEV_001633,FP_2106751484,2025-01-18
DEV_001634,FP_1952680117,2025-11-06
DEV_001635,FP_2377331952,2025-11-13
DEV_001636,FP_2852413060,2025-12-03
DEV_001637,FP_7784077683,2025-07-07
DEV_001638,FP_4435331234,2025-10-21
DEV_001639,FP_4932443171,2025-03-25
DEV_001640,FP_6385432014,2025-08-19
DEV_001641,FP_9641201295,2025-05-25
DEV_001642,FP_7808221439,2025-08-17
DEV_001643,FP_6811413524,2025-09-13
DEV_001644,FP_7694489201,2025-05-21
DEV_001645,FP_7473632689,2025-04-02
DEV_001646,FP_7212243348,2025-05-12
DEV_001647,FP_5467664075,2025-09-09
DEV_001648,FP_6101623720,2025-09-14
DEV_001649,FP_5153423197,2025-10-06
DEV_001650,FP_4554626473,2025-02-26
DEV_001651,FP_3436912645,2025-10-31
DEV_001652,FP_4196918811,2025-09-18
DEV_001653,FP_4856766555,2025-01-16
DEV_001654,FP_6214414644,2025-05-17
DEV_001655,FP_5498875874,2025-07-03
DEV_001656,FP_1971540588,2025-05-26
DEV_001657,FP_4059762898,2025-02-22
DEV_001658,FP_4385741217,2025-03-30
DEV_001659,FP_7362333685,2025-01-13
DEV_001660,FP_3996028758,2025-02-12
DEV_001661,FP_1071602340,2025-04-21
DEV_001662,FP_1759029609,2025-11-01
DEV_001663,FP_5472985761,2025-07-24
DEV_001664,FP_2696459538,2025-06-18
DEV_001665,FP_5451601701,2025-09-09
DEV_001666,FP_6167848348,2025-07-29
DEV_001667,FP_9400941122,2025-02-28
DEV_001668,FP_6900219318,2025-04-05
DEV_001669,FP_1279366503,2025-04-05
DEV_001670,FP_4426574664,2025-08-18
DEV_001671,FP_8141112736,2025-07-01
DEV_001672,FP_3345062103,2025-06-05
DEV_001673,FP_9324757642,2025-08-03
DEV_001674,FP_5761096376,2025-12-21
DEV_001675,FP_1832029226,2025-05-09
DEV_001676,FP_3175034861,2025-07-22
DEV_001677,FP_9156692790,2025-07-08
DEV_001678,FP_9923137759,2025-09-27
DEV_001679,FP_8767143032,2025-10-02
DEV_001680,FP_3886090161,2025-10-01
DEV_001681,FP_7919371111,2025-03-28
DEV_001682,FP_3000048792,2025-06-27
DEV_001683,FP_4460700586,2025-10-29
DEV_001684,FP_7274513156,2025-06-02
DEV_001685,FP_9720112051,2025-12-25
DEV_001686,FP_4952784490,2025-05-27
DEV_001687,FP_5462527788,2025-07-14
DEV_001688,FP_2981516760,2025-07-06
DEV_001689,FP_4629004684,2025-06-21
DEV_001690,FP_1567167469,2025-11-10
DEV_001691,FP_8727273059,2025-03-10
DEV_001692,FP_1210011302,2025-08-07
DEV_001693,FP_7151721260,2025-08-25
DEV_001694,FP_3458995312,2025-11-11
DEV_001695,FP_5284984887,2025-08-22
DEV_001696,FP_3534025960,2025-12-17
DEV_001697,FP_4600636011,2025-11-18
DEV_001698,FP_5921000977,2025-05-22
DEV_001699,FP_6768040702,2025-11-14
DEV_001700,FP_9462575286,2025-12-17
DEV_001701,FP_3989808115,2025-04-18
DEV_001702,FP_6263717616,2025-08-22
DEV_001703,FP_9115499323,2025-04-27
DEV_001704,FP_3612086271,2025-09-04
DEV_001705,FP_8785449829,2025-02-13
DEV_001706,FP_9617995866,2025-10-03
DEV_001707,FP_8627443349,2025-06-16
DEV_001708,FP_6128744511,2025-08-14
DEV_001709,FP_7499039859,2025-01-14
DEV_001710,FP_5329592816,2025-09-20
DEV_001711,FP_6375302239,2025-07-13
DEV_001712,FP_9770266601,2025-08-27
DEV_001713,FP_3260085005,2025-05-09
DEV_001714,FP_8132924102,2025-03-06
DEV_001715,FP_5556098347,2025-06-22
DEV_001716,FP_2591859280,2025-12-12
DEV_001717,FP_6791818425,2025-04-07
DEV_001718,FP_8131842158,2025-09-13
DEV_001719,FP_6118802373,2025-01-25
DEV_001720,FP_8536895208,2025-09-28
DEV_001721,FP_4292817526,2025-04-11
DEV_001722,FP_9223914689,2025-06-27
DEV_001723,FP_6834880899,2025-05-28
DEV_001724,FP_8228433923,2025-02-21
DEV_001725,FP_3456866123,2025-05-20
DEV_001726,FP_5015154806,2025-05-22
DEV_001727,FP_9186556704,2025-07-22
DEV_001728,FP_1458059954,2025-12-21
DEV_001729,FP_4635835421,2025-07-04
DEV_001730,FP_8022867921,2025-12-02
DEV_001731,FP_7694332210,2025-07-01
DEV_001732,FP_8664605476,2025-02-18
DEV_001733,FP_7654513011,2025-04-08
DEV_001734,FP_9523829341,2025-06-12
DEV_001735,FP_5484335997,2025-05-13
DEV_001736,FP_6618608531,2025-11-16
DEV_001737,FP_8629351826,2025-09-14
DEV_001738,FP_7315218548,2025-08-11
DEV_001739,FP_1918510469,2025-07-11
DEV_001740,FP_4302968072,2025-06-08
DEV_001741,FP_5973317184,2025-08-23
DEV_001742,FP_7792457893,2025-02-25
DEV_001743,FP_5892108118,2025-03-12
DEV_001744,FP_7997943171,2025-05-05
DEV_001745,FP_8538485287,2025-03-16
DEV_001746,FP_3386154432,2025-09-14
DEV_001747,FP_6544883557,2025-01-14
DEV_001748,FP_6013993396,2025-03-12
DEV_001749,FP_3045855273,2025-11-28
DEV_001750,FP_5408902802,2025-12-30
DEV_001751,FP_5937114560,2025-07-10
DEV_001752,FP_8356058876,2025-07-13
DEV_001753,FP_5148904371,2025-10-16
DEV_001754,FP_1728243842,2025-01-19
DEV_001755,FP_5385663623,2025-06-19
DEV_001756,FP_8541558498,2025-02-15
DEV_001757,FP_6141299070,2025-06-09
DEV_001758,FP_3869787049,2025-12-25
DEV_001759,FP_9288738530,2025-10-10
DEV_001760,FP_2400862461,2025-12-26
DEV_001761,FP_3941898872,2025-10-07
DEV_001762,FP_4934212215,2025-08-21
DEV_001763,FP_7641800990,2025-10-10
DEV_001764,FP_8521721128,2025-09-08
DEV_001765,FP_1527044286,2025-07-02
DEV_001766,FP_8128322383,2025-05-01
DEV_001767,FP_7484755736,2025-07-22
DEV_001768,FP_9051870742,2025-04-18
DEV_001769,FP_9103986916,2025-07-10
DEV_001770,FP_7997730027,2025-03-06
DEV_001771,FP_2711824158,2025-08-06
DEV_001772,FP_3824843559,2025-04-13
DEV_001773,FP_9426877288,2025-05-01
DEV_001774,FP_6383559698,2025-07-14
DEV_001775,FP_5848846608,2025-03-12
DEV_001776,FP_9241384959,2025-12-18
DEV_001777,FP_8867787166,2025-06-26
DEV_001778,FP_7547465379,2025-05-23
DEV_001779,FP_8940270736,2025-01-16
DEV_001780,FP_2024514794,2025-11-09
DEV_001781,FP_7817895698,2025-08-27
DEV_001782,FP_9690761818,2025-06-15
DEV_001783,FP_1440791130,2025-04-13
DEV_001784,FP_3007410865,2025-10-07
DEV_001785,FP_8145715498,2025-12-13
DEV_001786,FP_5680424479,2025-06-02
DEV_001787,FP_1779565190,2025-03-01
DEV_001788,FP_3411622262,2025-02-19
DEV_001789,FP_3916536398,2025-01-04
DEV_001790,FP_3889564496,2025-10-06
DEV_001791,FP_8899054744,2025-12-24
DEV_001792,FP_6958328115,2025-12-28
DEV_001793,FP_7614255504,2025-10-20
DEV_001794,FP_1122130799,2025-03-12
DEV_001795,FP_4847608026,2025-12-23
DEV_001796,FP_3860385652,2025-05-14
DEV_001797,FP_8667328619,2025-05-16
DEV_001798,FP_9584826884,2025-09-17
DEV_001799,FP_4810067645,2025-01-25
DEV_001800,FP_9757545530,2025-11-03
DEV_001801,FP_1129232836,2025-12-30
DEV_001802,FP_3931474637,2025-10-17
DEV_001803,FP_7974380600,2025-10-19
DEV_001804,FP_4240896673,2025-06-06
DEV_001805,FP_9288660972,2025-02-01
DEV_001806,FP_2966184032,2025-10-23
DEV_001807,FP_8161000545,2025-08-17
DEV_001808,FP_2815320271,2025-12-01
DEV_001809,FP_2773944258,2025-02-22
DEV_001810,FP_5011744225,2025-05-06
DEV_001811,FP_9504465294,2025-05-26
DEV_001812,FP_6269094656,2025-09-16
DEV_001813,FP_6715296053,2025-10-21
DEV_001814,FP_1087594052,2025-12-18
DEV_001815,FP_1509536841,2025-05-02
DEV_001816,FP_1602406230,2025-07-12
DEV_001817,FP_8376779571,2025-01-16
DEV_001818,FP_3131669095,2025-04-16
DEV_001819,FP_3959543661,2025-05-31
DEV_001820,FP_6489575007,2025-08-16
DEV_001821,FP_6255588858,2025-07-04
DEV_001822,FP_4694765477,2025-05-27
DEV_001823,FP_1038701854,2025-08-27
DEV_001824,FP_5046423175,2025-11-04
DEV_001825,FP_7649943540,2025-04-12
DEV_001826,FP_3117153837,2025-05-19
DEV_001827,FP_7375222091,2025-09-23
DEV_001828,FP_1136375378,2025-10-18
DEV_001829,FP_9172070237,2025-11-03
DEV_001830,FP_9550352867,2025-03-31
DEV_001831,FP_1022153350,2025-07-28
DEV_001832,FP_5120365723,2025-11-28
DEV_001833,FP_4724397461,2025-06-06
DEV_001834,FP_8576950202,2025-06-20
DEV_001835,FP_5866494321,2025-12-26
DEV_001836,FP_6502289228,2025-02-21
DEV_001837,FP_2822554027,2025-09-23
DEV_001838,FP_1693582011,2025-11-11
DEV_001839,FP_7230979873,2025-03-08
DEV_001840,FP_6586083927,2025-09-26
DEV_001841,FP_8490958605,2025-07-04
DEV_001842,FP_8602151026,2025-11-12
DEV_001843,FP_6679317465,2025-11-30
DEV_001844,FP_5845252446,2025-11-18
DEV_001845,FP_9226074420,2025-01-31
DEV_001846,FP_8211377221,2025-10-11
DEV_001847,FP_8941824953,2025-12-05
DEV_001848,FP_9962568083,2025-08-26
DEV_001849,FP_4631552089,2025-08-19
DEV_001850,FP_7452411959,2025-01-23
DEV_001851,FP_7192610336,2025-11-13
DEV_001852,FP_2567284419,2025-01-23
DEV_001853,FP_6728937396,2025-05-09
DEV_001854,FP_4852803482,2025-12-06
DEV_001855,FP_5055720310,2025-12-14
DEV_001856,FP_2621241908,2025-12-28
DEV_001857,FP_7702654114,2025-07-06
DEV_001858,FP_7281468906,2025-03-18
DEV_001859,FP_5790611250,2025-07-10
DEV_001860,FP_2410472720,2025-02-16
DEV_001861,FP_6011783067,2025-11-18
DEV_001862,FP_1901200799,2025-08-05
DEV_001863,FP_4054348234,2025-06-11
DEV_001864,FP_4351220584,2025-02-07
DEV_001865,FP_8950828531,2025-06-11
DEV_001866,FP_4740058678,2025-11-16
DEV_001867,FP_6386228817,2025-09-23
DEV_001868,FP_8873010890,2025-02-08
DEV_001869,FP_4831834948,2025-03-11
DEV_001870,FP_8953331679,2025-06-06
DEV_001871,FP_2228151812,2025-02-16
DEV_001872,FP_4283588414,2025-12-09
DEV_001873,FP_1852545241,2025-09-05
DEV_001874,FP_6048366662,2025-02-13
DEV_001875,FP_9615538542,2025-10-21
DEV_001876,FP_6912566517,2025-05-29
DEV_001877,FP_6634680555,2025-04-13
DEV_001878,FP_3503427689,2025-08-08
DEV_001879,FP_9379960826,2025-01-08
DEV_001880,FP_5243813062,2025-07-02
DEV_001881,FP_3403018477,2025-11-09
DEV_001882,FP_9889299822,2025-12-07
DEV_001883,FP_4808115403,2025-05-19
DEV_001884,FP_4343490841,2025-09-02
DEV_001885,FP_1314651405,2025-04-06
DEV_001886,FP_2604654758,2025-08-05
DEV_001887,FP_8282722194,2025-04-17
DEV_001888,FP_5344255940,2025-08-08
DEV_001889,FP_9593872541,2025-03-16
DEV_001890,FP_1754972228,2025-12-11
DEV_001891,FP_6543490980,2025-11-23
DEV_001892,FP_7479857327,2025-05-17
DEV_001893,FP_6590648137,2025-10-17
DEV_001894,FP_5768898040,2025-02-13
DEV_001895,FP_6204684882,2025-10-05
DEV_001896,FP_7205946321,2025-04-27
DEV_001897,FP_8769371891,2025-03-02
DEV_001898,FP_4027101798,2025-09-14
DEV_001899,FP_5136886723,2025-07-04
DEV_001900,FP_6723186278,2025-07-25
DEV_001901,FP_3827943570,2025-07-22
DEV_001902,FP_2609045793,2025-01-29
DEV_001903,FP_9695518810,2025-01-26
DEV_001904,FP_2752559998,2025-08-19
DEV_001905,FP_3094597858,2025-08-27
DEV_001906,FP_6568174903,2025-01-24
DEV_001907,FP_1696314789,2025-06-01
DEV_001908,FP_1306428884,2025-08-23
DEV_001909,FP_1576122434,2025-09-07
DEV_001910,FP_2109372811,2025-11-04
DEV_001911,FP_4862771758,2025-06-16
DEV_001912,FP_8463345790,2025-07-31
DEV_001913,FP_4077747037,2025-08-11
DEV_001914,FP_4847782731,2025-05-08
DEV_001915,FP_6402259834,2025-01-27
DEV_001916,FP_3719299830,2025-01-03
DEV_001917,FP_4892840908,2025-11-06
DEV_001918,FP_4476805181,2025-03-27
DEV_001919,FP_4076951874,2025-08-29
DEV_001920,FP_4495538524,2025-08-10
DEV_001921,FP_1100059393,2025-06-09
DEV_001922,FP_8976346012,2025-11-05
DEV_001923,FP_9796121176,2025-09-21
DEV_001924,FP_8762465721,2025-01-13
DEV_001925,FP_1051680466,2025-10-17
DEV_001926,FP_7757969919,2025-07-17
DEV_001927,FP_6157901552,2025-05-21
DEV_001928,FP_1847574198,2025-10-01
DEV_001929,FP_9395732212,2025-09-17
DEV_001930,FP_7985954162,2025-05-08
DEV_001931,FP_2307666577,2025-12-25
DEV_001932,FP_9676372866,2025-09-04
DEV_001933,FP_2135788775,2025-08-20
DEV_001934,FP_5092118906,2025-02-03
DEV_001935,FP_2430781593,2025-04-26
DEV_001936,FP_2351717155,2025-06-26
DEV_001937,FP_9710251644,2025-08-29
DEV_001938,FP_6149105031,2025-07-19
DEV_001939,FP_3332574258,2025-10-13
DEV_001940,FP_7987594337,2025-04-20
DEV_001941,FP_8877199592,2025-09-22
DEV_001942,FP_9258435430,2025-10-31
DEV_001943,FP_9396864737,2025-10-14
DEV_001944,FP_9150236466,2025-10-15
DEV_001945,FP_6750391562,2025-11-24
DEV_001946,FP_4082199847,2025-02-09
DEV_001947,FP_9330109096,2025-09-21
DEV_001948,FP_2102468751,2025-12-20
DEV_001949,FP_2519198335,2025-08-09
DEV_001950,FP_4904447864,2025-04-03
DEV_001951,FP_3552984479,2025-12-30
DEV_001952,FP_6541595327,2025-03-17
DEV_001953,FP_9147717305,2025-05-17
DEV_001954,FP_5419281936,2025-03-16
DEV_001955,FP_5984835340,2025-07-02
DEV_001956,FP_4808203560,2025-06-16
DEV_001957,FP_7368122439,2025-07-11
DEV_001958,FP_1906199018,2025-12-07
DEV_001959,FP_1437308973,2025-07-07
DEV_001960,FP_6772046269,2025-07-20
DEV_001961,FP_5813906905,2025-11-23
DEV_001962,FP_4666222260,2025-10-31
DEV_001963,FP_4005933776,2025-04-11
DEV_001964,FP_1466266996,2025-01-08
DEV_001965,FP_7125005461,2025-08-28
DEV_001966,FP_4793207821,2025-11-09
DEV_001967,FP_5007412355,2025-08-02
DEV_001968,FP_9041003661,2025-03-31
DEV_001969,FP_7637930941,2025-10-06
DEV_001970,FP_2974988338,2025-09-11
DEV_001971,FP_6914498468,2025-08-06
DEV_001972,FP_2190297866,2025-11-15
DEV_001973,FP_2746574810,2025-10-20
DEV_001974,FP_7427343165,2025-09-11
DEV_001975,FP_2133013764,2025-09-10
DEV_001976,FP_3521745562,2025-09-09
DEV_001977,FP_9082542410,2025-07-23
DEV_001978,FP_7644839303,2025-07-02
DEV_001979,FP_9365135657,2025-09-25
DEV_001980,FP_8936500076,2025-08-22
DEV_001981,FP_3813214797,2025-07-11
DEV_001982,FP_6691396909,2025-02-26
DEV_001983,FP_4408261102,2025-09-22
DEV_001984,FP_7273938983,2025-09-03
DEV_001985,FP_4136113194,2025-05-19
DEV_001986,FP_1011856346,2025-05-24
DEV_001987,FP_1845443936,2025-04-14
DEV_001988,FP_7939110935,2025-12-18
DEV_001989,FP_1756047202,2025-11-14
DEV_001990,FP_6394804148,2025-08-05
DEV_001991,FP_8720006610,2025-06-10
DEV_001992,FP_7669911130,2025-10-04
DEV_001993,FP_4720949152,2025-07-24
DEV_001994,FP_2877437937,2025-12-23
DEV_001995,FP_9302837388,2025-01-27
DEV_001996,FP_6097597135,2025-01-18
DEV_001997,FP_4648780532,2025-08-07
DEV_001998,FP_9478519290,2025-03-28
DEV_001999,FP_2935159694,2025-08-20
DEV_002000,FP_4980536851,2025-10-19
DEV_002001,FP_1977811382,2025-03-03
DEV_002002,FP_2123922347,2025-06-24
DEV_002003,FP_4587366303,2025-09-18
DEV_002004,FP_7296943203,2025-11-06
DEV_002005,FP_4050045497,2025-07-13
DEV_002006,FP_7206381752,2025-03-29
DEV_002007,FP_8246714222,2025-08-13
DEV_002008,FP_8898201231,2025-06-29
DEV_002009,FP_1402475536,2025-10-16
DEV_002010,FP_7963584893,2025-08-03
DEV_002011,FP_2324279099,2025-04-26
DEV_002012,FP_7284360638,2025-10-10
DEV_002013,FP_4344962190,2025-07-21
DEV_002014,FP_7370139678,2025-03-18
DEV_002015,FP_2924418200,2025-08-06
DEV_002016,FP_6804916469,2025-12-14
DEV_002017,FP_2129626783,2025-09-23
DEV_002018,FP_2527709928,2025-05-03
DEV_002019,FP_6530157325,2025-09-25
DEV_002020,FP_4030943424,2025-04-27
DEV_002021,FP_7334002657,2025-07-29
DEV_002022,FP_7166434917,2025-07-24
DEV_002023,FP_6594705911,2025-04-14
DEV_002024,FP_7574864870,2025-05-21
DEV_002025,FP_8145417165,2025-12-12
DEV_002026,FP_9202809541,2025-04-15
DEV_002027,FP_1724642465,2025-10-26
DEV_002028,FP_6143941132,2025-09-10
DEV_002029,FP_7738991501,2025-07-26
DEV_002030,FP_2952473109,2025-03-03
DEV_002031,FP_3372590286,2025-03-29
DEV_002032,FP_3402679098,2025-03-19
DEV_002033,FP_6150996742,2025-08-14
DEV_002034,FP_4295535115,2025-12-22
DEV_002035,FP_6994852660,2025-11-20
DEV_002036,FP_6492157137,2025-01-14
DEV_002037,FP_6914006497,2025-04-24
DEV_002038,FP_3270858551,2025-03-10
DEV_002039,FP_7906342381,2025-12-23
DEV_002040,FP_6976319956,2025-04-10
DEV_002041,FP_2175846513,2025-03-28
DEV_002042,FP_2801555671,2025-08-26
DEV_002043,FP_3708686316,2025-08-03
DEV_002044,FP_9424373569,2025-04-06
DEV_002045,FP_3937148772,2025-09-11
DEV_002046,FP_1178911743,2025-02-14
DEV_002047,FP_2274631638,2025-01-11
DEV_002048,FP_1289546412,2025-02-08
DEV_002049,FP_4625553196,2025-05-27
DEV_002050,FP_8174380607,2025-12-22
DEV_002051,FP_5053922024,2025-07-31
DEV_002052,FP_8550947212,2025-10-10
DEV_002053,FP_1427763892,2025-05-12
DEV_002054,FP_5227505776,2025-09-28
DEV_002055,FP_8083678348,2025-12-19
DEV_002056,FP_7072499958,2025-05-25
DEV_002057,FP_8675429833,2025-12-30
DEV_002058,FP_3464512514,2025-09-01
DEV_002059,FP_5507657166,2025-10-08
DEV_002060,FP_7091907204,2025-04-16
DEV_002061,FP_2516409605,2025-09-02
DEV_002062,FP_8342260431,2025-07-18
DEV_002063,FP_3803230456,2025-12-16
DEV_002064,FP_1839765735,2025-11-29
DEV_002065,FP_7891311615,2025-06-08
DEV_002066,FP_7345161816,2025-12-13
DEV_002067,FP_8953117778,2025-11-23
DEV_002068,FP_9028672708,2025-08-15
DEV_002069,FP_3506732060,2025-02-08
DEV_002070,FP_6772264976,2025-03-12
DEV_002071,FP_9992106964,2025-02-06
DEV_002072,FP_3194258935,2025-02-19
DEV_002073,FP_5255890016,2025-12-23
DEV_002074,FP_9191497280,2025-04-01
DEV_002075,FP_1927716773,2025-09-18
DEV_002076,FP_9354249077,2025-08-31
DEV_002077,FP_5393400350,2025-08-29
DEV_002078,FP_9037367096,2025-03-30
DEV_002079,FP_6592342696,2025-08-11
DEV_002080,FP_7042919922,2025-08-27
DEV_002081,FP_7956871762,2025-08-08
DEV_002082,FP_1604224827,2025-03-22
DEV_002083,FP_6649915050,2025-09-29
DEV_002084,FP_9315435202,2025-02-04
DEV_002085,FP_9605113514,2025-08-15
DEV_002086,FP_9714892995,2025-06-22
DEV_002087,FP_6812495912,2025-04-15
DEV_002088,FP_6699581632,2025-10-28
DEV_002089,FP_5972185600,2025-03-18
DEV_002090,FP_6467980231,2025-12-08
DEV_002091,FP_6509061372,2025-11-22
DEV_002092,FP_1381674416,2025-05-26
DEV_002093,FP_1799841573,2025-05-06
DEV_002094,FP_6574749145,2025-03-03
DEV_002095,FP_3827947870,2025-12-03
DEV_002096,FP_3712829364,2025-08-28
DEV_002097,FP_2740965753,2025-01-17
DEV_002098,FP_8209629724,2025-07-18
DEV_002099,FP_9678956532,2025-02-09
DEV_002100,FP_6649822028,2025-08-09
DEV_002101,FP_9508779059,2025-07-18
DEV_002102,FP_8954957407,2025-02-08
DEV_002103,FP_2961342805,2025-10-31
DEV_002104,FP_2381733110,2025-04-20
DEV_002105,FP_2904281069,2025-07-29
DEV_002106,FP_1865884454,2025-09-01
DEV_002107,FP_6245912502,2025-12-18
DEV_002108,FP_3543850385,2025-07-12
DEV_002109,FP_9216250251,2025-12-03
DEV_002110,FP_6520669958,2025-05-24
DEV_002111,FP_4236495001,2025-11-13
DEV_002112,FP_9861765686,2025-04-10
DEV_002113,FP_9578750462,2025-09-24
DEV_002114,FP_8007537117,2025-02-11
DEV_002115,FP_8125153078,2025-12-26
DEV_002116,FP_9795431182,2025-12-15
DEV_002117,FP_6404106003,2025-06-24
DEV_002118,FP_8920178643,2025-07-23
DEV_002119,FP_1583449500,2025-08-18
DEV_002120,FP_5986562674,2025-04-24
DEV_002121,FP_5522647054,2025-09-13
DEV_002122,FP_1339514759,2025-09-21
DEV_002123,FP_1782567867,2025-07-23
DEV_002124,FP_1196550316,2025-03-07
DEV_002125,FP_3646135040,2025-12-04
DEV_002126,FP_1481601065,2025-02-21
DEV_002127,FP_4808437162,2025-08-28
DEV_002128,FP_8314717701,2025-02-17
DEV_002129,FP_6524468275,2025-03-06
DEV_002130,FP_7064109209,2025-01-12
DEV_002131,FP_1283560183,2025-05-27
DEV_002132,FP_8555737241,2025-09-01
DEV_002133,FP_2315713414,2025-07-22
DEV_002134,FP_3723857883,2025-09-13
DEV_002135,FP_5651145053,2025-09-13
DEV_002136,FP_9369940878,2025-03-04
DEV_002137,FP_9983342514,2025-01-28
DEV_002138,FP_8043946151,2025-08-27
DEV_002139,FP_7563828012,2025-09-06
DEV_002140,FP_5749140975,2025-08-03
DEV_002141,FP_6990646041,2025-04-13
DEV_002142,FP_2299817578,2025-10-29
DEV_002143,FP_3422765084,2025-02-05
DEV_002144,FP_9861785770,2025-08-29
DEV_002145,FP_9816535207,2025-02-24
DEV_002146,FP_3906751551,2025-09-06
DEV_002147,FP_3169437152,2025-06-15
DEV_002148,FP_3065662673,2025-09-28
DEV_002149,FP_5363779451,2025-01-26
DEV_002150,FP_3013899217,2025-08-03
DEV_002151,FP_6836469692,2025-03-05
DEV_002152,FP_1673378302,2025-09-16
DEV_002153,FP_1933095001,2025-02-23
DEV_002154,FP_3492408474,2025-02-04
DEV_002155,FP_7996989099,2025-09-26
DEV_002156,FP_3909605851,2025-01-31
DEV_002157,FP_5237351040,2025-04-05
DEV_002158,FP_6909598413,2025-11-03
DEV_002159,FP_8096859296,2025-10-29
DEV_002160,FP_3763981190,2025-11-12
DEV_002161,FP_7578724699,2025-05-13
DEV_002162,FP_3574606638,2025-07-24
DEV_002163,FP_6800195874,2025-10-16
DEV_002164,FP_5057921266,2025-03-02
DEV_002165,FP_9339650373,2025-09-30
DEV_002166,FP_9838840475,2025-02-14
DEV_002167,FP_7967107968,2025-12-02
DEV_002168,FP_9239179019,2025-08-31
DEV_002169,FP_2228538178,2025-07-12
DEV_002170,FP_6890175617,2025-07-09
DEV_002171,FP_2785311473,2025-03-20
DEV_002172,FP_3492716544,2025-05-21
DEV_002173,FP_5705409170,2025-10-01
DEV_002174,FP_7677885420,2025-07-29
DEV_002175,FP_7493446667,2025-07-25
DEV_002176,FP_8825134076,2025-03-25
DEV_002177,FP_6033473668,2025-09-18
DEV_002178,FP_9337083879,2025-06-06
DEV_002179,FP_8990997360,2025-03-20
DEV_002180,FP_8641517404,2025-12-12
DEV_002181,FP_3065680970,2025-07-17
DEV_002182,FP_5783031938,2025-07-24
DEV_002183,FP_7626129372,2025-12-24
DEV_002184,FP_9784922569,2025-05-28
DEV_002185,FP_1104825463,2025-12-12
DEV_002186,FP_3944030805,2025-09-20
DEV_002187,FP_4081152272,2025-08-30
DEV_002188,FP_3596811127,2025-04-09
DEV_002189,FP_8356818697,2025-01-26
DEV_002190,FP_1405642929,2025-06-23
DEV_002191,FP_4234912749,2025-01-06
DEV_002192,FP_7405161473,2025-02-03
DEV_002193,FP_4660657471,2025-08-17
DEV_002194,FP_2296572253,2025-09-30
DEV_002195,FP_6497672254,2025-03-15
DEV_002196,FP_5703492127,2025-10-03
DEV_002197,FP_9836549524,2025-12-14
DEV_002198,FP_7736735971,2025-10-06
DEV_002199,FP_9875583889,2025-10-20
DEV_002200,FP_2677173769,2025-09-22
DEV_002201,FP_7854355082,2025-04-05
DEV_002202,FP_5964743976,2025-05-26
DEV_002203,FP_7412585492,2025-12-14
DEV_002204,FP_5207963162,2025-09-08
DEV_002205,FP_2911517377,2025-10-22
DEV_002206,FP_1411629971,2025-12-20
DEV_002207,FP_8544594315,2025-04-08
DEV_002208,FP_8333275136,2025-05-12
DEV_002209,FP_2462857603,2025-09-03
DEV_002210,FP_6806628095,2025-01-13
DEV_002211,FP_7639603304,2025-08-08
DEV_002212,FP_6018624957,2025-10-28
DEV_002213,FP_3855060127,2025-08-22
DEV_002214,FP_8928513118,2025-05-02
DEV_002215,FP_6781965737,2025-09-30
DEV_002216,FP_7481957607,2025-03-06
DEV_002217,FP_6869030764,2025-11-26
DEV_002218,FP_7491598043,2025-02-16
DEV_002219,FP_2305604304,2025-11-15
DEV_002220,FP_9303349583,2025-07-14
DEV_002221,FP_3572297181,2025-06-19
DEV_002222,FP_8528961006,2025-07-15
DEV_002223,FP_9040457835,2025-03-27
DEV_002224,FP_6861012459,2025-06-30
DEV_002225,FP_6384706858,2025-11-11
DEV_002226,FP_1981433900,2025-10-26
DEV_002227,FP_4925991034,2025-03-13
DEV_002228,FP_6504799461,2025-09-13
DEV_002229,FP_1736823452,2025-11-13
DEV_002230,FP_2003158103,2025-11-01
DEV_002231,FP_9941331294,2025-06-18
DEV_002232,FP_3990107358,2025-01-24
DEV_002233,FP_4147592385,2025-12-08
DEV_002234,FP_3263762355,2025-06-08
DEV_002235,FP_6814177924,2025-05-26
DEV_002236,FP_5257682980,2025-10-12
DEV_002237,FP_8113878615,2025-04-20
DEV_002238,FP_5612453486,2025-11-06
DEV_002239,FP_1138743822,2025-02-05
DEV_002240,FP_5344186512,2025-10-05
DEV_002241,FP_1496685615,2025-12-19
DEV_002242,FP_8441077423,2025-12-29
DEV_002243,FP_2022922764,2025-12-05
DEV_002244,FP_2952586134,2025-11-18
DEV_002245,FP_5139687184,2025-04-26
DEV_002246,FP_2756656498,2025-12-20
DEV_002247,FP_5852979641,2025-12-07
DEV_002248,FP_5146285819,2025-07-27
DEV_002249,FP_9572703497,2025-06-10
DEV_002250,FP_1795362069,2025-02-19
DEV_002251,FP_6190588433,2025-08-15
DEV_002252,FP_7483596486,2025-09-22
DEV_002253,FP_2148643081,2025-06-11
DEV_002254,FP_6728159149,2025-06-11
DEV_002255,FP_8778151486,2025-08-09
DEV_002256,FP_8088000790,2025-01-15
DEV_002257,FP_9416536212,2025-12-17
DEV_002258,FP_7485271269,2025-04-30
DEV_002259,FP_4545881466,2025-03-04
DEV_002260,FP_9284062460,2025-01-04
DEV_002261,FP_3028210908,2025-11-13
DEV_002262,FP_6253320506,2025-11-15
DEV_002263,FP_7890921505,2025-02-13
DEV_002264,FP_8850530502,2025-03-08
DEV_002265,FP_9248879178,2025-06-26
DEV_002266,FP_1764780845,2025-03-21
DEV_002267,FP_7534532524,2025-10-04
DEV_002268,FP_2836938640,2025-01-29
DEV_002269,FP_8012074972,2025-08-01
DEV_002270,FP_7306207586,2025-06-03
DEV_002271,FP_2632171227,2025-07-02
DEV_002272,FP_8495471550,2025-06-18
DEV_002273,FP_5156099235,2025-03-09
DEV_002274,FP_5894705366,2025-04-04
DEV_002275,FP_9742633780,2025-02-01
DEV_002276,FP_6909630287,2025-02-22
DEV_002277,FP_6297068304,2025-12-23
DEV_002278,FP_1150864951,2025-04-26
DEV_002279,FP_2792933515,2025-05-06
DEV_002280,FP_1239088789,2025-02-26
DEV_002281,FP_3999811831,2025-10-10
DEV_002282,FP_4100575176,2025-12-06
DEV_002283,FP_5772970632,2025-10-22
DEV_002284,FP_7207916022,2025-08-23
DEV_002285,FP_2614106546,2025-10-30
DEV_002286,FP_6414889786,2025-06-11
DEV_002287,FP_9252786469,2025-11-14
DEV_002288,FP_2665070705,2025-10-25
DEV_002289,FP_6931792271,2025-01-02
DEV_002290,FP_1410302271,2025-07-10
DEV_002291,FP_5780328708,2025-04-21
DEV_002292,FP_7673853313,2025-02-10
DEV_002293,FP_1306376030,2025-11-10
DEV_002294,FP_4002988519,2025-01-05
DEV_002295,FP_8901612867,2025-10-02
DEV_002296,FP_3029318161,2025-12-27
DEV_002297,FP_7505870988,2025-07-08
DEV_002298,FP_6510144464,2025-05-30
DEV_002299,FP_2473188993,2025-08-20
DEV_002300,FP_7675367625,2025-10-27
DEV_002301,FP_5788728936,2025-04-11
DEV_002302,FP_2008232206,2025-04-15
DEV_002303,FP_9544342628,2025-08-21
DEV_002304,FP_5427658261,2025-12-11
DEV_002305,FP_7705727512,2025-05-03
DEV_002306,FP_2959302389,2025-06-01
DEV_002307,FP_2234648884,2025-12-28
DEV_002308,FP_7671760984,2025-03-18
DEV_002309,FP_7064417606,2025-02-06
DEV_002310,FP_3466969189,2025-08-15
DEV_002311,FP_7716550918,2025-01-13
DEV_002312,FP_5544930348,2025-03-19
DEV_002313,FP_4137375309,2025-08-26
DEV_002314,FP_8082026356,2025-09-08
DEV_002315,FP_6551044727,2025-07-18
DEV_002316,FP_5565415293,2025-06-03
DEV_002317,FP_7957963869,2025-08-10
DEV_002318,FP_5903455237,2025-09-02
DEV_002319,FP_9446809895,2025-10-26
DEV_002320,FP_8362501234,2025-10-23
DEV_002321,FP_4223688154,2025-09-10
DEV_002322,FP_5184273254,2025-11-26
DEV_002323,FP_9615997617,2025-11-07
DEV_002324,FP_9056839552,2025-03-01
DEV_002325,FP_2720669838,2025-12-16
DEV_002326,FP_3468734495,2025-11-25
DEV_002327,FP_4279784673,2025-05-11
DEV_002328,FP_8918641324,2025-01-11
DEV_002329,FP_9346755806,2025-08-20
DEV_002330,FP_8221062166,2025-06-23
DEV_002331,FP_3481376014,2025-10-08
DEV_002332,FP_8983583258,2025-07-23
DEV_002333,FP_1295930133,2025-02-06
DEV_002334,FP_4805231327,2025-04-13
DEV_002335,FP_4398657690,2025-11-22
DEV_002336,FP_5817156452,2025-01-20
DEV_002337,FP_6045765014,2025-10-04
DEV_002338,FP_3028640381,2025-05-01
DEV_002339,FP_2841001324,2025-06-28
DEV_002340,FP_8232099325,2025-07-25
DEV_002341,FP_1685771180,2025-04-15
DEV_002342,FP_5439574394,2025-09-05
DEV_002343,FP_2724817659,2025-09-19
DEV_002344,FP_3876105025,2025-02-09
DEV_002345,FP_3495649772,2025-05-31
DEV_002346,FP_7376700032,2025-10-07
DEV_002347,FP_5104185429,2025-09-29
DEV_002348,FP_3694976509,2025-07-30
DEV_002349,FP_8482167980,2025-10-18
DEV_002350,FP_1772156271,2025-02-18
DEV_002351,FP_7897245808,2025-02-23
DEV_002352,FP_3234814820,2025-09-07
DEV_002353,FP_9262173002,2025-09-19
DEV_002354,FP_1050031768,2025-10-30
DEV_002355,FP_6009970035,2025-03-20
DEV_002356,FP_6600384855,2025-07-20
DEV_002357,FP_6195702993,2025-09-08
DEV_002358,FP_8335137628,2025-04-05
DEV_002359,FP_2009476072,2025-07-20
DEV_002360,FP_4740004038,2025-09-01
DEV_002361,FP_8773630956,2025-04-02
DEV_002362,FP_8998617595,2025-05-31
DEV_002363,FP_5485099628,2025-04-02
DEV_002364,FP_6021702044,2025-11-29
DEV_002365,FP_7875175963,2025-04-10
DEV_002366,FP_8016493547,2025-02-24
DEV_002367,FP_8992731694,2025-01-18
DEV_002368,FP_8594716591,2025-01-23
DEV_002369,FP_4729809815,2025-03-24
DEV_002370,FP_6847779937,2025-08-21
DEV_002371,FP_5349117320,2025-01-10
DEV_002372,FP_2061653197,2025-04-29
DEV_002373,FP_8395128279,2025-01-29
DEV_002374,FP_6415871766,2025-06-10
DEV_002375,FP_1522046834,2025-01-24
DEV_002376,FP_7091814510,2025-08-21
DEV_002377,FP_3547909322,2025-09-18
DEV_002378,FP_1623386878,2025-10-02
DEV_002379,FP_6459300231,2025-04-05
DEV_002380,FP_7589877886,2025-11-17
DEV_002381,FP_5655558648,2025-09-18
DEV_002382,FP_1050834462,2025-01-28
DEV_002383,FP_6191944631,2025-06-24
DEV_002384,FP_1059481677,2025-10-14
DEV_002385,FP_9337674710,2025-05-08
DEV_002386,FP_3405746419,2025-06-02
DEV_002387,FP_8839059430,2025-08-29
DEV_002388,FP_1108983597,2025-01-27
DEV_002389,FP_1874948594,2025-12-20
DEV_002390,FP_5062674740,2025-03-17
DEV_002391,FP_7827466410,2025-01-14
DEV_002392,FP_9483055303,2025-01-04
DEV_002393,FP_5689853335,2025-06-09
DEV_002394,FP_4199146422,2025-11-22
DEV_002395,FP_1400990859,2025-11-01
DEV_002396,FP_6253385245,2025-12-02
DEV_002397,FP_4420393880,2025-07-26
DEV_002398,FP_9182201361,2025-06-26
DEV_002399,FP_5320533005,2025-06-04
DEV_002400,FP_7889022847,2025-01-23
DEV_002401,FP_8633894753,2025-12-01
DEV_002402,FP_1884498505,2025-07-13
DEV_002403,FP_4967616769,2025-06-29
DEV_002404,FP_9043456878,2025-07-20
DEV_002405,FP_4820097684,2025-10-23
DEV_002406,FP_6086388492,2025-04-05
DEV_002407,FP_8857935524,2025-09-25
DEV_002408,FP_3093342279,2025-09-25
DEV_002409,FP_9051234964,2025-11-11
DEV_002410,FP_4573255790,2025-01-06
DEV_002411,FP_6337299957,2025-03-16
DEV_002412,FP_3952355338,2025-07-04
DEV_002413,FP_5744071483,2025-11-11
DEV_002414,FP_1443572227,2025-12-19
DEV_002415,FP_1587339777,2025-08-17
DEV_002416,FP_4732504857,2025-04-01
DEV_002417,FP_4014567310,2025-03-21
DEV_002418,FP_6542126291,2025-09-01
DEV_002419,FP_1341191503,2025-03-31
DEV_002420,FP_2509018027,2025-08-02
DEV_002421,FP_2886327046,2025-11-06
DEV_002422,FP_4964425916,2025-06-05
DEV_002423,FP_3221512861,2025-06-01
DEV_002424,FP_2238964172,2025-01-19
DEV_002425,FP_6378163063,2025-04-17
DEV_002426,FP_7694847799,2025-09-21
DEV_002427,FP_7167412600,2025-05-26
DEV_002428,FP_3485620856,2025-03-11
DEV_002429,FP_8690003526,2025-02-18
DEV_002430,FP_6506399614,2025-02-13
DEV_002431,FP_6532000308,2025-09-08
DEV_002432,FP_2915636065,2025-08-23
DEV_002433,FP_3179915985,2025-07-21
DEV_002434,FP_5272751956,2025-07-15
DEV_002435,FP_3140389279,2025-03-09
DEV_002436,FP_7192699627,2025-07-15
DEV_002437,FP_3776990609,2025-01-29
DEV_002438,FP_2367245385,2025-12-06
DEV_002439,FP_2364524683,2025-01-29
DEV_002440,FP_2145050008,2025-06-17
DEV_002441,FP_4957750710,2025-01-01
DEV_002442,FP_1027360327,2025-10-21
DEV_002443,FP_5881350594,2025-03-14
DEV_002444,FP_3684726305,2025-12-06
DEV_002445,FP_5972309478,2025-01-22
DEV_002446,FP_9418828720,2025-11-01
DEV_002447,FP_8821428490,2025-09-07
DEV_002448,FP_6187868558,2025-04-15
DEV_002449,FP_4762632813,2025-03-28
DEV_002450,FP_7285264039,2025-05-25
DEV_002451,FP_9308253992,2025-11-04
DEV_002452,FP_5405923610,2025-11-15
DEV_002453,FP_1893769516,2025-03-17
DEV_002454,FP_7894793803,2025-05-23
DEV_002455,FP_1094312385,2025-04-10
DEV_002456,FP_7881746316,2025-02-25
DEV_002457,FP_1764249434,2025-09-03
DEV_002458,FP_1959549169,2025-05-20
DEV_002459,FP_8035361829,2025-04-06
DEV_002460,FP_7205695343,2025-11-16
DEV_002461,FP_6057128163,2025-10-08
DEV_002462,FP_8385266733,2025-10-16
DEV_002463,FP_8662316595,2025-01-20
DEV_002464,FP_5117610300,2025-12-03
DEV_002465,FP_9966688182,2025-08-10
DEV_002466,FP_4218219456,2025-07-16
DEV_002467,FP_2543569899,2025-01-07
DEV_002468,FP_8613787987,2025-11-27
DEV_002469,FP_4740132515,2025-07-30
DEV_002470,FP_8870496860,2025-11-03
DEV_002471,FP_1550497100,2025-09-06
DEV_002472,FP_1999469003,2025-10-24
DEV_002473,FP_1362453950,2025-09-19
DEV_002474,FP_6418098642,2025-12-05
DEV_002475,FP_8486777629,2025-04-06
DEV_002476,FP_4623947052,2025-03-28
DEV_002477,FP_1816259046,2025-09-26
DEV_002478,FP_4361219446,2025-07-15
DEV_002479,FP_4132415190,2025-08-18
DEV_002480,FP_6791247322,2025-09-24
DEV_002481,FP_6869364658,2025-07-31
DEV_002482,FP_1927213455,2025-10-21
DEV_002483,FP_4781590997,2025-05-11
DEV_002484,FP_6782630740,2025-11-14
DEV_002485,FP_3329750882,2025-02-18
DEV_002486,FP_4663722578,2025-08-30
DEV_002487,FP_6523254384,2025-11-24
DEV_002488,FP_4625836310,2025-04-16
DEV_002489,FP_1277748744,2025-05-14
DEV_002490,FP_3003543958,2025-05-06
DEV_002491,FP_7984728229,2025-08-06
DEV_002492,FP_3236536708,2025-06-14
DEV_002493,FP_8359403013,2025-02-19
DEV_002494,FP_5202170430,2025-11-25
DEV_002495,FP_5256290234,2025-03-29
DEV_002496,FP_7934645937,2025-07-26
DEV_002497,FP_4449641616,2025-08-17
DEV_002498,FP_3146325329,2025-01-21
DEV_002499,FP_1945291390,2025-02-14
DEV_002500,FP_7047188884,2025-12-21
DEV_002501,FP_5229482857,2025-09-09
DEV_002502,FP_8284661925,2025-01-18
DEV_002503,FP_5119072376,2025-10-23
DEV_002504,FP_4733296075,2025-07-18
DEV_002505,FP_3689668756,2025-02-05
DEV_002506,FP_2794850856,2025-09-15
DEV_002507,FP_8473932501,2025-07-14
DEV_002508,FP_1856902338,2025-03-29
DEV_002509,FP_9119149509,2025-11-20
DEV_002510,FP_1242182361,2025-04-30
DEV_002511,FP_5700271016,2025-04-28
DEV_002512,FP_1524957059,2025-04-24
DEV_002513,FP_8016464091,2025-10-14
DEV_002514,FP_2903468716,2025-09-24
DEV_002515,FP_6093303185,2025-11-29
DEV_002516,FP_9248014922,2025-04-07
DEV_002517,FP_6843330419,2025-10-21
DEV_002518,FP_2604879684,2025-08-09
DEV_002519,FP_8170099917,2025-05-07
DEV_002520,FP_4973316460,2025-01-19
DEV_002521,FP_1118590645,2025-11-01
DEV_002522,FP_5380884730,2025-04-12
DEV_002523,FP_8312362094,2025-08-29
DEV_002524,FP_4869618677,2025-08-01
DEV_002525,FP_7825852453,2025-01-03
DEV_002526,FP_7349732960,2025-12-29
DEV_002527,FP_5112210855,2025-10-30
DEV_002528,FP_3909543264,2025-07-10
DEV_002529,FP_7538860013,2025-09-15
DEV_002530,FP_4320265759,2025-07-06
DEV_002531,FP_2530783960,2025-10-07
DEV_002532,FP_3887767553,2025-03-01
DEV_002533,FP_8891552735,2025-06-26
DEV_002534,FP_3550502008,2025-05-17
DEV_002535,FP_3114644813,2025-06-30
DEV_002536,FP_2200780636,2025-06-27
DEV_002537,FP_1496600601,2025-03-05
DEV_002538,FP_9790231186,2025-12-23
DEV_002539,FP_5830991444,2025-01-09
DEV_002540,FP_7566800144,2025-01-06
DEV_002541,FP_7956761021,2025-05-31
DEV_002542,FP_4170852952,2025-08-25
DEV_002543,FP_8190153190,2025-03-19
DEV_002544,FP_9653358198,2025-07-26
DEV_002545,FP_7675856651,2025-09-29
DEV_002546,FP_7405598139,2025-02-13
DEV_002547,FP_4890104078,2025-12-25
DEV_002548,FP_8571881131,2025-05-17
DEV_002549,FP_1799536376,2025-09-02
DEV_002550,FP_7747153409,2025-02-20
DEV_002551,FP_4257941878,2025-09-25
DEV_002552,FP_6093765241,2025-11-08
DEV_002553,FP_9036673928,2025-02-17
DEV_002554,FP_6445176038,2025-02-26
DEV_002555,FP_1230233773,2025-04-27
DEV_002556,FP_7503443608,2025-01-07
DEV_002557,FP_9361220554,2025-12-26
DEV_002558,FP_6778107507,2025-08-18
DEV_002559,FP_8752780696,2025-08-21
DEV_002560,FP_8427661797,2025-12-17
DEV_002561,FP_8751630545,2025-11-05
DEV_002562,FP_4096903623,2025-10-30
DEV_002563,FP_5267471743,2025-05-18
DEV_002564,FP_8632301544,2025-05-16
DEV_002565,FP_9193587173,2025-05-01
DEV_002566,FP_2321573493,2025-05-21
DEV_002567,FP_2633791416,2025-05-29
DEV_002568,FP_4121466400,2025-03-04
DEV_002569,FP_7932680452,2025-05-24
DEV_002570,FP_8874830414,2025-06-26
DEV_002571,FP_6222161272,2025-05-07
DEV_002572,FP_2019413578,2025-03-14
DEV_002573,FP_3733734069,2025-05-30
DEV_002574,FP_8713207057,2025-07-08
DEV_002575,FP_4127994804,2025-09-29
DEV_002576,FP_1925265187,2025-09-25
DEV_002577,FP_3718616194,2025-03-28
DEV_002578,FP_8260357169,2025-01-19
DEV_002579,FP_5441315796,2025-05-05
DEV_002580,FP_2544154979,2025-03-10
DEV_002581,FP_3813691352,2025-06-08
DEV_002582,FP_9582231516,2025-12-24
DEV_002583,FP_4887617392,2025-03-20
DEV_002584,FP_4974393292,2025-05-11
DEV_002585,FP_2377626418,2025-09-30
DEV_002586,FP_3740988741,2025-07-18
DEV_002587,FP_8332175195,2025-01-22
DEV_002588,FP_8075790768,2025-03-12
DEV_002589,FP_4919489190,2025-12-09
DEV_002590,FP_9042870358,2025-02-17
DEV_002591,FP_4422330253,2025-08-30
DEV_002592,FP_8778966217,2025-10-23
DEV_002593,FP_1284089955,2025-04-21
DEV_002594,FP_4125072611,2025-09-30
DEV_002595,FP_8695616301,2025-03-15
DEV_002596,FP_9111786052,2025-04-28
DEV_002597,FP_7807816370,2025-05-08
DEV_002598,FP_7028792351,2025-12-29
DEV_002599,FP_8339544184,2025-04-02
DEV_002600,FP_7368023693,2025-02-27
DEV_002601,FP_3287988589,2025-12-06
DEV_002602,FP_5196132105,2025-03-12
DEV_002603,FP_6946344980,2025-11-21
DEV_002604,FP_6290224813,2025-09-05
DEV_002605,FP_8965878463,2025-08-10
DEV_002606,FP_5264601763,2025-10-09
DEV_002607,FP_2601886402,2025-09-30
DEV_002608,FP_2931238336,2025-02-20
DEV_002609,FP_8614509028,2025-12-30
DEV_002610,FP_1078488587,2025-12-11
DEV_002611,FP_8822173257,2025-11-26
DEV_002612,FP_1500292770,2025-08-26
DEV_002613,FP_4524926212,2025-07-23
DEV_002614,FP_8201586046,2025-07-27
DEV_002615,FP_4668538390,2025-01-09
DEV_002616,FP_8401133682,2025-07-14
DEV_002617,FP_1902689510,2025-08-27
DEV_002618,FP_5603880037,2025-09-07
DEV_002619,FP_6242266161,2025-05-15
DEV_002620,FP_9017817374,2025-07-04
DEV_002621,FP_1842592656,2025-08-31
DEV_002622,FP_4047406167,2025-06-19
DEV_002623,FP_6934132853,2025-12-18
DEV_002624,FP_9819370735,2025-09-23
DEV_002625,FP_8634468914,2025-01-01
DEV_002626,FP_8618455554,2025-01-13
DEV_002627,FP_5654642764,2025-09-18
DEV_002628,FP_6078692098,2025-06-14
DEV_002629,FP_8727220845,2025-11-07
DEV_002630,FP_8826630275,2025-03-17
DEV_002631,FP_8220471088,2025-01-08
DEV_002632,FP_8367141475,2025-06-05
DEV_002633,FP_8916668730,2025-10-04
DEV_002634,FP_2024037379,2025-12-21
DEV_002635,FP_3633754391,2025-11-22
DEV_002636,FP_9785021804,2025-07-09
DEV_002637,FP_5902985439,2025-10-30
DEV_002638,FP_2588174740,2025-02-03
DEV_002639,FP_5527500698,2025-08-09
DEV_002640,FP_6812057577,2025-12-06
DEV_002641,FP_8453997854,2025-06-08
DEV_002642,FP_8309590533,2025-12-17
DEV_002643,FP_1443173439,2025-04-04
DEV_002644,FP_5081724882,2025-02-18
DEV_002645,FP_1185121505,2025-07-23
DEV_002646,FP_8993405112,2025-11-30
DEV_002647,FP_2565154679,2025-05-08
DEV_002648,FP_6623872255,2025-10-25
DEV_002649,FP_6135565340,2025-03-15
DEV_002650,FP_6629764911,2025-10-07
DEV_002651,FP_6070749604,2025-08-03
DEV_002652,FP_7440298095,2025-03-17
DEV_002653,FP_6634989693,2025-09-28
DEV_002654,FP_1812702220,2025-09-26
DEV_002655,FP_4300911558,2025-07-20
DEV_002656,FP_5919340922,2025-04-06
DEV_002657,FP_3926776832,2025-02-28
DEV_002658,FP_7842977962,2025-12-16
DEV_002659,FP_3861079435,2025-09-07
DEV_002660,FP_8458157567,2025-10-28
DEV_002661,FP_2320603488,2025-09-21
DEV_002662,FP_7924533084,2025-11-04
DEV_002663,FP_2651188966,2025-03-12
DEV_002664,FP_5752137523,2025-07-13
DEV_002665,FP_3884719356,2025-09-10
DEV_002666,FP_6736009923,2025-02-17
DEV_002667,FP_2914663688,2025-03-07
DEV_002668,FP_8158687599,2025-08-30
DEV_002669,FP_6162254796,2025-11-17
DEV_002670,FP_9615458385,2025-09-08
DEV_002671,FP_7405932959,2025-01-19
DEV_002672,FP_6466559854,2025-12-21
DEV_002673,FP_8462428213,2025-03-03
DEV_002674,FP_2977143109,2025-04-08
DEV_002675,FP_6694682147,2025-12-22
DEV_002676,FP_4513634645,2025-10-16
DEV_002677,FP_7694118811,2025-12-10
DEV_002678,FP_1220224685,2025-10-27
DEV_002679,FP_4849408868,2025-09-05
DEV_002680,FP_6865317115,2025-04-28
DEV_002681,FP_5145754027,2025-05-14
DEV_002682,FP_3141744361,2025-12-13
DEV_002683,FP_5179143264,2025-11-15
DEV_002684,FP_8647700728,2025-05-25
DEV_002685,FP_2861551155,2025-05-30
DEV_002686,FP_4304549472,2025-05-03
DEV_002687,FP_9913019692,2025-05-13
DEV_002688,FP_9215354519,2025-11-15
DEV_002689,FP_1305715079,2025-01-07
DEV_002690,FP_5772987707,2025-06-22
DEV_002691,FP_1588717241,2025-12-12
DEV_002692,FP_9315144311,2025-07-29
DEV_002693,FP_4973904213,2025-06-27
DEV_002694,FP_4765933034,2025-05-08
DEV_002695,FP_3456514286,2025-02-04
DEV_002696,FP_6119370822,2025-04-05
DEV_002697,FP_2304988506,2025-02-11
DEV_002698,FP_8190595004,2025-02-26
DEV_002699,FP_5420893103,2025-03-13
DEV_002700,FP_6098166021,2025-05-04
DEV_002701,FP_8567242728,2025-01-07
DEV_002702,FP_2666338964,2025-12-14
DEV_002703,FP_2576647659,2025-02-25
DEV_002704,FP_4787215055,2025-06-03
DEV_002705,FP_8075154169,2025-11-21
DEV_002706,FP_1526909981,2025-02-18
DEV_002707,FP_8156531834,2025-07-09
DEV_002708,FP_5506809341,2025-11-09
DEV_002709,FP_6055871048,2025-08-03
DEV_002710,FP_6079473443,2025-03-31
DEV_002711,FP_1505506500,2025-10-04
DEV_002712,FP_3247937179,2025-09-15
DEV_002713,FP_7797677062,2025-05-26
DEV_002714,FP_4710413074,2025-01-23
DEV_002715,FP_6044652839,2025-01-05
DEV_002716,FP_9503817597,2025-11-03
DEV_002717,FP_1416445914,2025-05-12
DEV_002718,FP_5047123290,2025-03-03
DEV_002719,FP_4251467195,2025-07-21
DEV_002720,FP_1958044835,2025-12-04
DEV_002721,FP_9557149137,2025-01-05
DEV_002722,FP_9653136306,2025-01-28
DEV_002723,FP_3803393387,2025-06-15
DEV_002724,FP_9520449495,2025-09-13
DEV_002725,FP_1316562460,2025-07-06
DEV_002726,FP_9828063912,2025-11-27
DEV_002727,FP_8523388146,2025-01-22
DEV_002728,FP_2928971987,2025-05-18
DEV_002729,FP_6395924384,2025-05-22
DEV_002730,FP_8184694260,2025-05-18
DEV_002731,FP_3873690675,2025-07-10
DEV_002732,FP_4183766128,2025-10-22
DEV_002733,FP_6660754979,2025-05-10
DEV_002734,FP_2323846458,2025-10-07
DEV_002735,FP_2063895487,2025-03-06
DEV_002736,FP_3248247502,2025-08-05
DEV_002737,FP_7671337707,2025-05-31
DEV_002738,FP_4299393037,2025-07-28
DEV_002739,FP_5566223994,2025-02-19
DEV_002740,FP_2759055011,2025-12-15
DEV_002741,FP_2746951005,2025-11-30
DEV_002742,FP_6854061332,2025-11-03
DEV_002743,FP_1975377266,2025-11-25
DEV_002744,FP_7010566544,2025-03-06
DEV_002745,FP_4606316670,2025-07-16
DEV_002746,FP_7041438221,2025-05-10
DEV_002747,FP_4435565292,2025-11-23
DEV_002748,FP_8614469651,2025-03-23
DEV_002749,FP_1500005522,2025-04-04
DEV_002750,FP_9039675805,2025-09-17
DEV_002751,FP_3417950594,2025-02-11
DEV_002752,FP_1382879889,2025-10-03
DEV_002753,FP_6061639796,2025-04-22
DEV_002754,FP_3019188073,2025-09-08
DEV_002755,FP_5132828108,2025-11-19
DEV_002756,FP_8220827853,2025-08-22
DEV_002757,FP_8123920845,2025-04-01
DEV_002758,FP_6403470545,2025-01-25
DEV_002759,FP_9800847176,2025-01-23
DEV_002760,FP_5173759856,2025-02-11
DEV_002761,FP_1354495513,2025-08-11
DEV_002762,FP_8374826347,2025-05-21
DEV_002763,FP_2991644830,2025-04-12
DEV_002764,FP_2586149280,2025-04-03
DEV_002765,FP_1630089297,2025-12-14
DEV_002766,FP_3951099492,2025-02-23
DEV_002767,FP_3935430703,2025-05-05
DEV_002768,FP_3724943787,2025-07-05
DEV_002769,FP_6338736457,2025-01-01
DEV_002770,FP_7763879523,2025-12-04
DEV_002771,FP_9439900466,2025-02-15
DEV_002772,FP_1846450708,2025-09-16
DEV_002773,FP_2353436492,2025-08-28
DEV_002774,FP_6308582594,2025-10-28
DEV_002775,FP_1883220344,2025-09-05
DEV_002776,FP_4336878561,2025-10-15
DEV_002777,FP_6620970074,2025-06-17
DEV_002778,FP_8024905287,2025-07-11
DEV_002779,FP_2958393586,2025-09-22
DEV_002780,FP_7011870076,2025-08-07
DEV_002781,FP_6812826991,2025-07-19
DEV_002782,FP_8736545135,2025-03-29
DEV_002783,FP_3823727461,2025-04-18
DEV_002784,FP_7750826783,2025-05-25
DEV_002785,FP_7767998779,2025-01-06
DEV_002786,FP_3152750877,2025-06-15
DEV_002787,FP_6590420539,2025-01-02
DEV_002788,FP_7076458788,2025-08-06
DEV_002789,FP_3469855713,2025-09-23
DEV_002790,FP_5066199957,2025-08-05
DEV_002791,FP_4921999544,2025-09-19
DEV_002792,FP_7961586114,2025-01-01
DEV_002793,FP_1006221303,2025-01-29
DEV_002794,FP_5509239502,2025-09-21
DEV_002795,FP_2659067321,2025-10-26
DEV_002796,FP_6821577711,2025-09-28
DEV_002797,FP_7123319766,2025-09-09
DEV_002798,FP_5510138577,2025-09-24
DEV_002799,FP_5878265875,2025-10-05
DEV_002800,FP_3835523701,2025-09-30
DEV_002801,FP_3819904113,2025-10-04
DEV_002802,FP_7706053537,2025-02-04
DEV_002803,FP_2185582306,2025-01-31
DEV_002804,FP_7943529831,2025-05-26
DEV_002805,FP_6895118633,2025-07-24
DEV_002806,FP_8960272161,2025-10-13
DEV_002807,FP_3341302229,2025-05-16
DEV_002808,FP_5555611465,2025-04-24
DEV_002809,FP_1350905603,2025-10-19
DEV_002810,FP_9212559174,2025-04-15
DEV_002811,FP_7078523145,2025-11-01
DEV_002812,FP_6605877241,2025-03-18
DEV_002813,FP_7594202808,2025-05-25
DEV_002814,FP_3558959710,2025-06-09
DEV_002815,FP_6434742418,2025-05-03
DEV_002816,FP_8208297192,2025-01-03
DEV_002817,FP_1812650002,2025-04-10
DEV_002818,FP_9629352002,2025-05-18
DEV_002819,FP_9026981221,2025-05-09
DEV_002820,FP_9667169504,2025-10-20
DEV_002821,FP_8275136580,2025-01-24
DEV_002822,FP_3648799831,2025-06-05
DEV_002823,FP_6233999208,2025-01-19
DEV_002824,FP_2081461800,2025-12-08
DEV_002825,FP_7787500584,2025-10-22
DEV_002826,FP_2382756993,2025-12-25
DEV_002827,FP_8801415413,2025-12-01
DEV_002828,FP_3165012572,2025-05-09
DEV_002829,FP_2443707165,2025-09-19
DEV_002830,FP_1638139273,2025-05-06
DEV_002831,FP_7402286151,2025-11-24
DEV_002832,FP_2675833991,2025-06-13
DEV_002833,FP_2779010308,2025-05-31
DEV_002834,FP_2527269434,2025-12-02
DEV_002835,FP_3752156101,2025-11-07
DEV_002836,FP_9470902906,2025-12-19
DEV_002837,FP_5379595100,2025-02-01
DEV_002838,FP_3347901453,2025-04-13
DEV_002839,FP_2533516837,2025-05-04
DEV_002840,FP_1170112777,2025-06-18
DEV_002841,FP_4284933823,2025-07-05
DEV_002842,FP_1990553267,2025-05-01
DEV_002843,FP_1243107960,2025-10-22
DEV_002844,FP_1926817353,2025-04-05
DEV_002845,FP_3866693647,2025-09-20
DEV_002846,FP_7757773312,2025-11-12
DEV_002847,FP_1602876260,2025-08-20
DEV_002848,FP_7108065313,2025-05-24
DEV_002849,FP_6584882758,2025-03-22
DEV_002850,FP_8937911848,2025-03-01
DEV_002851,FP_2655883076,2025-10-07
DEV_002852,FP_8148409350,2025-07-04
DEV_002853,FP_8783786952,2025-01-23
DEV_002854,FP_9788357183,2025-12-25
DEV_002855,FP_8276944221,2025-09-12
DEV_002856,FP_2113913807,2025-11-09
DEV_002857,FP_9524161090,2025-06-23
DEV_002858,FP_8334928474,2025-12-16
DEV_002859,FP_2910926659,2025-03-27
DEV_002860,FP_2486776604,2025-03-21
DEV_002861,FP_9427727352,2025-11-24
DEV_002862,FP_2401287634,2025-11-25
DEV_002863,FP_7993930467,2025-07-14
DEV_002864,FP_4647333287,2025-02-26
DEV_002865,FP_7514247388,2025-05-06
DEV_002866,FP_1826662421,2025-10-10
DEV_002867,FP_7525524588,2025-11-10
DEV_002868,FP_5607202395,2025-05-21
DEV_002869,FP_9103405467,2025-01-30
DEV_002870,FP_2695585755,2025-09-10
DEV_002871,FP_1984204701,2025-10-05
DEV_002872,FP_2765982686,2025-06-18
DEV_002873,FP_1707178305,2025-08-13
DEV_002874,FP_9821354866,2025-12-26
DEV_002875,FP_2105709633,2025-04-13
DEV_002876,FP_2807658510,2025-08-09
DEV_002877,FP_8287171724,2025-08-22
DEV_002878,FP_3220789561,2025-08-01
DEV_002879,FP_3000640061,2025-11-17
DEV_002880,FP_7050788022,2025-08-20
DEV_002881,FP_4588887073,2025-07-17
DEV_002882,FP_8519312383,2025-02-25
DEV_002883,FP_6744424110,2025-09-23
DEV_002884,FP_3593932453,2025-02-28
DEV_002885,FP_6381309479,2025-01-14
DEV_002886,FP_8798154593,2025-07-11
DEV_002887,FP_4280346644,2025-08-09
DEV_002888,FP_7628236492,2025-12-30
DEV_002889,FP_4742496822,2025-09-26
DEV_002890,FP_5887660579,2025-11-11
DEV_002891,FP_7603300249,2025-05-21
DEV_002892,FP_1544746341,2025-07-18
DEV_002893,FP_5094545700,2025-12-22
DEV_002894,FP_1856921643,2025-06-15
DEV_002895,FP_7525049899,2025-10-28
DEV_002896,FP_6470256386,2025-07-24
DEV_002897,FP_3942366943,2025-04-05
DEV_002898,FP_1686533620,2025-08-12
DEV_002899,FP_9332222157,2025-04-03
DEV_002900,FP_3835033484,2025-01-02
DEV_002901,FP_3478390996,2025-04-10
DEV_002902,FP_1909044738,2025-03-24
DEV_002903,FP_6196178881,2025-05-30
DEV_002904,FP_3390881098,2025-11-24
DEV_002905,FP_8585677739,2025-06-05
DEV_002906,FP_7144901051,2025-11-09
DEV_002907,FP_1035234152,2025-08-03
DEV_002908,FP_6091071504,2025-01-05
DEV_002909,FP_3086512091,2025-03-23
DEV_002910,FP_1138304080,2025-12-08
DEV_002911,FP_6574304466,2025-08-20
DEV_002912,FP_2844229241,2025-12-07
DEV_002913,FP_9096722288,2025-05-07
DEV_002914,FP_6160426668,2025-09-27
DEV_002915,FP_2882665987,2025-10-16
DEV_002916,FP_9812146956,2025-12-23
DEV_002917,FP_5917974098,2025-01-10
DEV_002918,FP_2489249548,2025-12-15
DEV_002919,FP_5655179531,2025-06-06
DEV_002920,FP_9634141523,2025-11-07
DEV_002921,FP_4817892077,2025-07-30
DEV_002922,FP_4828109606,2025-08-06
DEV_002923,FP_5150140499,2025-05-25
DEV_002924,FP_3520931960,2025-11-04
DEV_002925,FP_2456052517,2025-04-20
DEV_002926,FP_6210349329,2025-07-12
DEV_002927,FP_9047801769,2025-08-05
DEV_002928,FP_7621567676,2025-10-06
DEV_002929,FP_1865686668,2025-07-05
DEV_002930,FP_4607640784,2025-09-15
DEV_002931,FP_1047662919,2025-07-09
DEV_002932,FP_3771463472,2025-09-08
DEV_002933,FP_7024389332,2025-09-13
DEV_002934,FP_3612108551,2025-09-25
DEV_002935,FP_8565024871,2025-11-02
DEV_002936,FP_5296457921,2025-07-29
DEV_002937,FP_7022513464,2025-03-24
DEV_002938,FP_8954787008,2025-09-15
DEV_002939,FP_7145292777,2025-02-06
DEV_002940,FP_9075935837,2025-04-03
DEV_002941,FP_8272588202,2025-10-23
DEV_002942,FP_6103578207,2025-06-22
DEV_002943,FP_3675097899,2025-07-14
DEV_002944,FP_3683281641,2025-12-26
DEV_002945,FP_8877979807,2025-04-09
DEV_002946,FP_1484958067,2025-01-11
DEV_002947,FP_9472931631,2025-02-20
DEV_002948,FP_3943538201,2025-04-13
DEV_002949,FP_7649839537,2025-09-30
DEV_002950,FP_3970267773,2025-10-17
DEV_002951,FP_9579712502,2025-08-06
DEV_002952,FP_1328266271,2025-04-17
DEV_002953,FP_4179869889,2025-07-22
DEV_002954,FP_8807149422,2025-01-09
DEV_002955,FP_3466508851,2025-09-15
DEV_002956,FP_3480575289,2025-08-23
DEV_002957,FP_9088766343,2025-01-12
DEV_002958,FP_8475240277,2025-10-31
DEV_002959,FP_1951940757,2025-10-13
DEV_002960,FP_6221619188,2025-05-07
DEV_002961,FP_3010556694,2025-08-31
DEV_002962,FP_2936244445,2025-08-19
DEV_002963,FP_6538635881,2025-03-05
DEV_002964,FP_2114795477,2025-03-24
DEV_002965,FP_5228011008,2025-09-16
DEV_002966,FP_3302395608,2025-12-09
DEV_002967,FP_8685302252,2025-08-10
DEV_002968,FP_5990448090,2025-08-07
DEV_002969,FP_2935979481,2025-09-03
DEV_002970,FP_9338190873,2025-06-24
DEV_002971,FP_8406068772,2025-01-27
DEV_002972,FP_3387630073,2025-06-08
DEV_002973,FP_9649458169,2025-11-28
DEV_002974,FP_3409650254,2025-10-27
DEV_002975,FP_3633788098,2025-12-07
DEV_002976,FP_4473670188,2025-03-09
DEV_002977,FP_2483246983,2025-07-17
DEV_002978,FP_7183145247,2025-08-13
DEV_002979,FP_6016035931,2025-03-31
DEV_002980,FP_9050162333,2025-03-27
DEV_002981,FP_3167877030,2025-10-19
DEV_002982,FP_2532077979,2025-09-12
DEV_002983,FP_4227610533,2025-09-04
DEV_002984,FP_2314978151,2025-04-21
DEV_002985,FP_9515359252,2025-07-17
DEV_002986,FP_7457020271,2025-01-13
DEV_002987,FP_8165724891,2025-02-28
DEV_002988,FP_7732392609,2025-07-21
DEV_002989,FP_3185372572,2025-05-07
DEV_002990,FP_2265909742,2025-12-19
DEV_002991,FP_4864902246,2025-07-05
DEV_002992,FP_8461172095,2025-02-08
DEV_002993,FP_3974637957,2025-01-10
DEV_002994,FP_1086066480,2025-09-30
DEV_002995,FP_6940546318,2025-03-16
DEV_002996,FP_2800567637,2025-03-22
DEV_002997,FP_5885516460,2025-06-18
DEV_002998,FP_1133920450,2025-04-20
DEV_002999,FP_5579648700,2025-08-24
DEV_003000,FP_4542476371,2025-07-10
DEV_003001,FP_8923707881,2025-02-20
DEV_003002,FP_7496324194,2025-10-20
DEV_003003,FP_1324253394,2025-06-18
DEV_003004,FP_8105701568,2025-08-22
DEV_003005,FP_8121047088,2025-01-03
DEV_003006,FP_6970685934,2025-08-27
DEV_003007,FP_9363670622,2025-04-27
DEV_003008,FP_8229281748,2025-07-13
DEV_003009,FP_2970087981,2025-05-03
DEV_003010,FP_4433912964,2025-12-29
DEV_003011,FP_4149309001,2025-04-08
DEV_003012,FP_5544170347,2025-12-02
DEV_003013,FP_9583422580,2025-12-04
DEV_003014,FP_6540385315,2025-06-17
DEV_003015,FP_3816451534,2025-05-05
DEV_003016,FP_9473659644,2025-06-02
DEV_003017,FP_7302443254,2025-12-27
DEV_003018,FP_3394724711,2025-08-25
DEV_003019,FP_9158614918,2025-07-30
DEV_003020,FP_4097916079,2025-01-19
DEV_003021,FP_5645901479,2025-11-10
DEV_003022,FP_5313005610,2025-02-09
DEV_003023,FP_9312677858,2025-01-24
DEV_003024,FP_3390970234,2025-04-24
DEV_003025,FP_3999760721,2025-07-06
DEV_003026,FP_6941441649,2025-11-26
DEV_003027,FP_8979541325,2025-10-22
DEV_003028,FP_2033956815,2025-03-26
DEV_003029,FP_2888951669,2025-05-30
DEV_003030,FP_9532310341,2025-10-19
DEV_003031,FP_7995673938,2025-07-24
DEV_003032,FP_4114627907,2025-03-17
DEV_003033,FP_4218713272,2025-06-08
DEV_003034,FP_5225804835,2025-08-27
DEV_003035,FP_7064195497,2025-12-22
DEV_003036,FP_6049369941,2025-09-09
DEV_003037,FP_7985079571,2025-01-09
DEV_003038,FP_1487501125,2025-09-23
DEV_003039,FP_8371366681,2025-04-15
DEV_003040,FP_1522462165,2025-11-15
DEV_003041,FP_8928765324,2025-06-03
DEV_003042,FP_1389289918,2025-03-27
DEV_003043,FP_2150491882,2025-07-03
DEV_003044,FP_2621659346,2025-04-17
DEV_003045,FP_3007457039,2025-04-10
DEV_003046,FP_4615858652,2025-08-09
DEV_003047,FP_6899338061,2025-10-14
DEV_003048,FP_9033430436,2025-11-06
DEV_003049,FP_5720525290,2025-06-08
DEV_003050,FP_5792407667,2025-02-01
DEV_003051,FP_3873745881,2025-07-09
DEV_003052,FP_8206123817,2025-06-21
DEV_003053,FP_1994376052,2025-03-26
DEV_003054,FP_3709928625,2025-11-26
DEV_003055,FP_1872832723,2025-12-22
DEV_003056,FP_2927627369,2025-01-26
DEV_003057,FP_6279381203,2025-10-24
DEV_003058,FP_2133643491,2025-09-03
DEV_003059,FP_1905560157,2025-04-19
DEV_003060,FP_8433197302,2025-08-30
DEV_003061,FP_2064692152,2025-02-27
DEV_003062,FP_6472480148,2025-02-02
DEV_003063,FP_4168100645,2025-12-28
DEV_003064,FP_9067304095,2025-08-31
DEV_003065,FP_7367950330,2025-04-16
DEV_003066,FP_1534872083,2025-06-27
DEV_003067,FP_9059212993,2025-12-14
DEV_003068,FP_4725090050,2025-06-23
DEV_003069,FP_3684047040,2025-11-28
DEV_003070,FP_7055038193,2025-11-17
DEV_003071,FP_7461765290,2025-05-20
DEV_003072,FP_3729256991,2025-09-20
DEV_003073,FP_4164908913,2025-09-08
DEV_003074,FP_2406974585,2025-10-16
DEV_003075,FP_6340992082,2025-05-28
DEV_003076,FP_9612181479,2025-01-26
DEV_003077,FP_4749620160,2025-03-16
DEV_003078,FP_9965855633,2025-08-24
DEV_003079,FP_2587731440,2025-10-17
DEV_003080,FP_8164895130,2025-10-11
DEV_003081,FP_9352974281,2025-08-13
DEV_003082,FP_7192489173,2025-02-09
DEV_003083,FP_1983936603,2025-01-10
DEV_003084,FP_3938872184,2025-10-19
DEV_003085,FP_1770992318,2025-08-01
DEV_003086,FP_6415733087,2025-10-19
DEV_003087,FP_9983339281,2025-03-13
DEV_003088,FP_4372791518,2025-06-12
DEV_003089,FP_2466505382,2025-12-04
DEV_003090,FP_3417761751,2025-03-16
DEV_003091,FP_6137217722,2025-01-30
DEV_003092,FP_6120656080,2025-09-06
DEV_003093,FP_3068387496,2025-08-16
DEV_003094,FP_7756342664,2025-12-15
DEV_003095,FP_1792110623,2025-11-30
DEV_003096,FP_6607362544,2025-10-08
DEV_003097,FP_4831290540,2025-01-11
DEV_003098,FP_2144575178,2025-07-08
DEV_003099,FP_6709462768,2025-11-26
DEV_003100,FP_7057444763,2025-06-21
DEV_003101,FP_4960182660,2025-12-18
DEV_003102,FP_8181935374,2025-09-05
DEV_003103,FP_5583849259,2025-02-19
DEV_003104,FP_3571790068,2025-07-18
DEV_003105,FP_9582411500,2025-09-20
DEV_003106,FP_9496396338,2025-02-01
DEV_003107,FP_1860592552,2025-05-20
DEV_003108,FP_9514731541,2025-09-27
DEV_003109,FP_7979341425,2025-03-10
DEV_003110,FP_1959797462,2025-05-21
DEV_003111,FP_5673927446,2025-09-18
DEV_003112,FP_1314561790,2025-10-17
DEV_003113,FP_6299713634,2025-07-21
DEV_003114,FP_9398688775,2025-12-16
DEV_003115,FP_4313887637,2025-12-06
DEV_003116,FP_5577626565,2025-07-05
DEV_003117,FP_3048042932,2025-03-12
DEV_003118,FP_5868516158,2025-10-16
DEV_003119,FP_8223172017,2025-04-12
DEV_003120,FP_2937324465,2025-11-09
DEV_003121,FP_5981380857,2025-08-14
DEV_003122,FP_4191789493,2025-06-07
DEV_003123,FP_7730848701,2025-08-03
DEV_003124,FP_7318347956,2025-07-26
DEV_003125,FP_7289106904,2025-12-06
DEV_003126,FP_4400228203,2025-04-02
DEV_003127,FP_6393513726,2025-12-07
DEV_003128,FP_6859766652,2025-01-17
DEV_003129,FP_7127325750,2025-10-15
DEV_003130,FP_6177307185,2025-12-04
DEV_003131,FP_8801242720,2025-06-07
DEV_003132,FP_3239187213,2025-02-04
DEV_003133,FP_1502261104,2025-10-27
DEV_003134,FP_9662531083,2025-11-09
DEV_003135,FP_1546603539,2025-05-17
DEV_003136,FP_9126600901,2025-07-21
DEV_003137,FP_6510564431,2025-10-28
DEV_003138,FP_9268663466,2025-03-24
DEV_003139,FP_6084585374,2025-08-28
DEV_003140,FP_8389078528,2025-06-20
DEV_003141,FP_7491612368,2025-03-17
DEV_003142,FP_5726009202,2025-11-05
DEV_003143,FP_4269912309,2025-05-13
DEV_003144,FP_1025731186,2025-12-09
DEV_003145,FP_3258147470,2025-08-08
DEV_003146,FP_9565901275,2025-07-20
DEV_003147,FP_3479156630,2025-06-17
DEV_003148,FP_7766671983,2025-06-09
DEV_003149,FP_5576478530,2025-10-31
DEV_003150,FP_3776629461,2025-09-14
DEV_003151,FP_9919841039,2025-10-16
DEV_003152,FP_1422769397,2025-06-17
DEV_003153,FP_6238693957,2025-04-19
DEV_003154,FP_5153663943,2025-02-10
DEV_003155,FP_1688737687,2025-10-17
DEV_003156,FP_2926865852,2025-06-15
DEV_003157,FP_7248177762,2025-07-18
DEV_003158,FP_1974957668,2025-07-04
DEV_003159,FP_8209225994,2025-06-20
DEV_003160,FP_6625548944,2025-09-16
DEV_003161,FP_1907718353,2025-08-21
DEV_003162,FP_3581331658,2025-12-21
DEV_003163,FP_2234600760,2025-03-03
DEV_003164,FP_8178411659,2025-08-09
DEV_003165,FP_5796636625,2025-01-31
DEV_003166,FP_1025469430,2025-10-28
DEV_003167,FP_5886132824,2025-08-24
DEV_003168,FP_5345233157,2025-06-19
DEV_003169,FP_6787687626,2025-10-26
DEV_003170,FP_1313596499,2025-06-29
DEV_003171,FP_1318832127,2025-04-07
DEV_003172,FP_4144312945,2025-07-05
DEV_003173,FP_7196842864,2025-02-03
DEV_003174,FP_6999022832,2025-11-27
DEV_003175,FP_3504372212,2025-10-02
DEV_003176,FP_2944607900,2025-10-12
DEV_003177,FP_7148130375,2025-11-19
DEV_003178,FP_1244014625,2025-10-22
DEV_003179,FP_6011049984,2025-06-20
DEV_003180,FP_4816887777,2025-02-23
DEV_003181,FP_3151781361,2025-05-30
DEV_003182,FP_5682682803,2025-12-09
DEV_003183,FP_2954508909,2025-12-14
DEV_003184,FP_6078894449,2025-10-14
DEV_003185,FP_2340764525,2025-03-29
DEV_003186,FP_4651236208,2025-03-25
DEV_003187,FP_5593837017,2025-11-21
DEV_003188,FP_1285309252,2025-03-04
DEV_003189,FP_6496455163,2025-08-13
DEV_003190,FP_7752837640,2025-06-01
DEV_003191,FP_9604662064,2025-05-04
DEV_003192,FP_2828137171,2025-09-14
DEV_003193,FP_2878258305,2025-12-17
DEV_003194,FP_3743477417,2025-10-18
DEV_003195,FP_9016876336,2025-07-10
DEV_003196,FP_4661714472,2025-06-24
DEV_003197,FP_3716144317,2025-11-30
DEV_003198,FP_7670627036,2025-08-11
DEV_003199,FP_1341911598,2025-07-13
DEV_003200,FP_5939330601,2025-09-16
DEV_003201,FP_5051709919,2025-04-10
DEV_003202,FP_6623723896,2025-01-31
DEV_003203,FP_7579897060,2025-11-13
DEV_003204,FP_3924895469,2025-08-21
DEV_003205,FP_6727754673,2025-03-13
DEV_003206,FP_5718958326,2025-05-03
DEV_003207,FP_2205710293,2025-12-27
DEV_003208,FP_8935535871,2025-08-30
DEV_003209,FP_7791311509,2025-08-31
DEV_003210,FP_9294887207,2025-02-04
DEV_003211,FP_7483641322,2025-12-20
DEV_003212,FP_3203259043,2025-11-25
DEV_003213,FP_4874736025,2025-07-31
DEV_003214,FP_4481815828,2025-05-07
DEV_003215,FP_1322397393,2025-09-21
DEV_003216,FP_4694933376,2025-11-05
DEV_003217,FP_4110125085,2025-10-21
DEV_003218,FP_1035314075,2025-12-23
DEV_003219,FP_8624109330,2025-08-31
DEV_003220,FP_2294869824,2025-05-11
DEV_003221,FP_5508569505,2025-07-14
DEV_003222,FP_8062100407,2025-10-31
DEV_003223,FP_6440332321,2025-04-21
DEV_003224,FP_2524161028,2025-04-08
DEV_003225,FP_6563900130,2025-09-30
DEV_003226,FP_7818372049,2025-06-25
DEV_003227,FP_8692880644,2025-10-31
DEV_003228,FP_3867883837,2025-03-05
DEV_003229,FP_1305292604,2025-05-17
DEV_003230,FP_6471533857,2025-04-22
DEV_003231,FP_3031916591,2025-09-21
DEV_003232,FP_8028055664,2025-10-12
DEV_003233,FP_7118935383,2025-06-29
DEV_003234,FP_7958681691,2025-07-07
DEV_003235,FP_9707780801,2025-02-28
DEV_003236,FP_6260926555,2025-09-22
DEV_003237,FP_9138821952,2025-12-28
DEV_003238,FP_6777040441,2025-10-18
DEV_003239,FP_2635699115,2025-04-05
DEV_003240,FP_8193773614,2025-08-26
DEV_003241,FP_7243287617,2025-05-02
DEV_003242,FP_9801457998,2025-01-16
DEV_003243,FP_3190887900,2025-03-19
DEV_003244,FP_3998129646,2025-02-16
DEV_003245,FP_8393419238,2025-03-25
DEV_003246,FP_1566006382,2025-10-24
DEV_003247,FP_6698797880,2025-05-01
DEV_003248,FP_5819284474,2025-10-11
DEV_003249,FP_2519396850,2025-12-14
DEV_003250,FP_2486095383,2025-08-09
DEV_003251,FP_8291778590,2025-07-09
DEV_003252,FP_1139006398,2025-10-09
DEV_003253,FP_7721572962,2025-02-14
DEV_003254,FP_7594005042,2025-06-19
DEV_003255,FP_6847119786,2025-07-14
DEV_003256,FP_4685658967,2025-11-05
DEV_003257,FP_1254886151,2025-10-30
DEV_003258,FP_8215990013,2025-11-10
DEV_003259,FP_2131364834,2025-09-21
DEV_003260,FP_3527087357,2025-07-25
DEV_003261,FP_9521046340,2025-11-04
DEV_003262,FP_3716749238,2025-11-19
DEV_003263,FP_3296252353,2025-07-08
DEV_003264,FP_9760334997,2025-12-26
DEV_003265,FP_1773389818,2025-11-19
DEV_003266,FP_2446213491,2025-07-18
DEV_003267,FP_4944857633,2025-02-02
DEV_003268,FP_8089058149,2025-04-05
DEV_003269,FP_8959230449,2025-10-17
DEV_003270,FP_7800721503,2025-02-20
DEV_003271,FP_9785575283,2025-07-04
DEV_003272,FP_1151615283,2025-08-20
DEV_003273,FP_6575558994,2025-11-20
DEV_003274,FP_2047115816,2025-11-10
DEV_003275,FP_9193264664,2025-10-13
DEV_003276,FP_9417764865,2025-06-12
DEV_003277,FP_3727253959,2025-03-04
DEV_003278,FP_8449376815,2025-09-11
DEV_003279,FP_6672480177,2025-03-20
DEV_003280,FP_1904399060,2025-08-05
DEV_003281,FP_6424913433,2025-12-24
DEV_003282,FP_9784513353,2025-08-01
DEV_003283,FP_3772846440,2025-09-03
DEV_003284,FP_1010266985,2025-09-14
DEV_003285,FP_9791125093,2025-11-04
DEV_003286,FP_4725850756,2025-06-22
DEV_003287,FP_4878394910,2025-07-14
DEV_003288,FP_7413509053,2025-03-18
DEV_003289,FP_6439468483,2025-08-23
DEV_003290,FP_3717879510,2025-05-02
DEV_003291,FP_1899800907,2025-07-17
DEV_003292,FP_8446262678,2025-10-14
DEV_003293,FP_5350394586,2025-01-10
DEV_003294,FP_7052268642,2025-08-06
DEV_003295,FP_8744542300,2025-03-17
DEV_003296,FP_1159501413,2025-04-26
DEV_003297,FP_8734467491,2025-01-18
DEV_003298,FP_7766157337,2025-03-15
DEV_003299,FP_9521395748,2025-12-26
DEV_003300,FP_3102317247,2025-12-30
DEV_003301,FP_3901801034,2025-09-28
DEV_003302,FP_6953308682,2025-08-22
DEV_003303,FP_9332136897,2025-10-18
DEV_003304,FP_9934024252,2025-11-26
DEV_003305,FP_4750638854,2025-07-21
DEV_003306,FP_5853067080,2025-01-18
DEV_003307,FP_2534959068,2025-09-25
DEV_003308,FP_7245778304,2025-12-25
DEV_003309,FP_8536333805,2025-04-18
DEV_003310,FP_8187843811,2025-07-02
DEV_003311,FP_4112587402,2025-05-26
DEV_003312,FP_9669376140,2025-06-06
DEV_003313,FP_2083119283,2025-09-29
DEV_003314,FP_5445730135,2025-06-01
DEV_003315,FP_5991374171,2025-12-11
DEV_003316,FP_5828624712,2025-10-22
DEV_003317,FP_7821017016,2025-01-15
DEV_003318,FP_6486465091,2025-10-31
DEV_003319,FP_1694164899,2025-10-16
DEV_003320,FP_2618664880,2025-07-20
DEV_003321,FP_5790151185,2025-07-13
DEV_003322,FP_7250928408,2025-11-06
DEV_003323,FP_5627570789,2025-06-18
DEV_003324,FP_4199570050,2025-03-11
DEV_003325,FP_1460211055,2025-05-08
DEV_003326,FP_8072928093,2025-04-21
DEV_003327,FP_5474748158,2025-09-15
DEV_003328,FP_5849102174,2025-03-19
DEV_003329,FP_5220623261,2025-09-03
DEV_003330,FP_3388108741,2025-07-03
DEV_003331,FP_3487361182,2025-11-08
DEV_003332,FP_1571507085,2025-07-09
DEV_003333,FP_7368391145,2025-12-07
DEV_003334,FP_3446855857,2025-11-28
DEV_003335,FP_3687052133,2025-03-21
DEV_003336,FP_9941501088,2025-09-17
DEV_003337,FP_4472313002,2025-04-02
DEV_003338,FP_5596274869,2025-11-02
DEV_003339,FP_4478257906,2025-08-31
DEV_003340,FP_3611720018,2025-05-01
DEV_003341,FP_1052656644,2025-04-15
DEV_003342,FP_8693977129,2025-06-20
DEV_003343,FP_5258383078,2025-10-26
DEV_003344,FP_7479012732,2025-10-24
DEV_003345,FP_9627910223,2025-01-18
DEV_003346,FP_1025482059,2025-05-05
DEV_003347,FP_7075356460,2025-06-17
DEV_003348,FP_2067766336,2025-08-13
DEV_003349,FP_5121685518,2025-03-07
DEV_003350,FP_8621038727,2025-05-17
DEV_003351,FP_1643462640,2025-11-23
DEV_003352,FP_9906521362,2025-07-06
DEV_003353,FP_6227522452,2025-10-06
DEV_003354,FP_4554941129,2025-07-09
DEV_003355,FP_1175592387,2025-07-02
DEV_003356,FP_6281407702,2025-08-26
DEV_003357,FP_5454014175,2025-04-19
DEV_003358,FP_2937853019,2025-04-15
DEV_003359,FP_5414027801,2025-12-27
DEV_003360,FP_1115103376,2025-11-17
DEV_003361,FP_9995298525,2025-10-04
DEV_003362,FP_3989029970,2025-03-02
DEV_003363,FP_5321999332,2025-01-16
DEV_003364,FP_8063003511,2025-03-17
DEV_003365,FP_7415005091,2025-12-10
DEV_003366,FP_8997031365,2025-10-31
DEV_003367,FP_9471931630,2025-07-23
DEV_003368,FP_2702600478,2025-12-20
DEV_003369,FP_4513598615,2025-03-06
DEV_003370,FP_7181352926,2025-08-04
DEV_003371,FP_1405218478,2025-03-21
DEV_003372,FP_7452504154,2025-05-06
DEV_003373,FP_1043950960,2025-12-11
DEV_003374,FP_9226796285,2025-11-17
DEV_003375,FP_7463525046,2025-02-16
DEV_003376,FP_6089492551,2025-04-15
DEV_003377,FP_4860108750,2025-08-16
DEV_003378,FP_9892222915,2025-01-30
DEV_003379,FP_7628605599,2025-08-01
DEV_003380,FP_8265636616,2025-08-13
DEV_003381,FP_8428464911,2025-04-30
DEV_003382,FP_1196874399,2025-05-01
DEV_003383,FP_1492159465,2025-04-07
DEV_003384,FP_2785284871,2025-12-09
DEV_003385,FP_6896958364,2025-06-05
DEV_003386,FP_6615542765,2025-08-13
DEV_003387,FP_3926471992,2025-05-04
DEV_003388,FP_9756988867,2025-09-22
DEV_003389,FP_1837959779,2025-02-16
DEV_003390,FP_7990481104,2025-02-03
DEV_003391,FP_5327894076,2025-10-07
DEV_003392,FP_4769507799,2025-10-01
DEV_003393,FP_1230084938,2025-04-21
DEV_003394,FP_7550196773,2025-05-24
DEV_003395,FP_7944179596,2025-12-16
DEV_003396,FP_3870617470,2025-02-17
DEV_003397,FP_5652665834,2025-03-20
DEV_003398,FP_6457979108,2025-06-20
DEV_003399,FP_4308807185,2025-04-27
DEV_003400,FP_6540238054,2025-09-04
DEV_003401,FP_4907143534,2025-09-18
DEV_003402,FP_8902628698,2025-07-24
DEV_003403,FP_7466619039,2025-08-22
DEV_003404,FP_1994499848,2025-06-21
DEV_003405,FP_8196428652,2025-10-12
DEV_003406,FP_4037550682,2025-01-22
DEV_003407,FP_9420115797,2025-05-08
DEV_003408,FP_6430341517,2025-09-16
DEV_003409,FP_1248201645,2025-05-15
DEV_003410,FP_7609264345,2025-02-06
DEV_003411,FP_2176609320,2025-05-20
DEV_003412,FP_8895407345,2025-09-25
DEV_003413,FP_9534972767,2025-02-24
DEV_003414,FP_7257302676,2025-09-30
DEV_003415,FP_5795854989,2025-10-17
DEV_003416,FP_6418567069,2025-08-30
DEV_003417,FP_4859696540,2025-04-13
DEV_003418,FP_1752245038,2025-10-27
DEV_003419,FP_9359591488,2025-04-02
DEV_003420,FP_3962678812,2025-11-29
DEV_003421,FP_3815629962,2025-09-24
DEV_003422,FP_2721922982,2025-01-27
DEV_003423,FP_9931674238,2025-10-25
DEV_003424,FP_9483079934,2025-07-17
DEV_003425,FP_4144891328,2025-06-28
DEV_003426,FP_3340048428,2025-06-16
DEV_003427,FP_8248325766,2025-08-21
DEV_003428,FP_4803490451,2025-09-30
DEV_003429,FP_9710092449,2025-11-26
DEV_003430,FP_9110950565,2025-04-24
DEV_003431,FP_7835062079,2025-08-29
DEV_003432,FP_1809318610,2025-09-17
DEV_003433,FP_7319149628,2025-09-13
DEV_003434,FP_9885289480,2025-07-12
DEV_003435,FP_4359632796,2025-06-06
DEV_003436,FP_8934121026,2025-10-13
DEV_003437,FP_4673276553,2025-05-04
DEV_003438,FP_9741916005,2025-03-30
DEV_003439,FP_6882322343,2025-07-31
DEV_003440,FP_1868504346,2025-04-22
DEV_003441,FP_5311411648,2025-01-18
DEV_003442,FP_1447558780,2025-01-26
DEV_003443,FP_4555681512,2025-09-20
DEV_003444,FP_9238430926,2025-12-22
DEV_003445,FP_3089819750,2025-06-29
DEV_003446,FP_9555110001,2025-03-06
DEV_003447,FP_1899307401,2025-10-31
DEV_003448,FP_6983303923,2025-04-19
DEV_003449,FP_9691170004,2025-12-29
DEV_003450,FP_6887382162,2025-08-06
DEV_003451,FP_9091035582,2025-04-08
DEV_003452,FP_9919274270,2025-07-13
DEV_003453,FP_6776590923,2025-05-17
DEV_003454,FP_8040374624,2025-10-18
DEV_003455,FP_1287866743,2025-02-18
DEV_003456,FP_4845793406,2025-11-13
DEV_003457,FP_3594388181,2025-10-14
DEV_003458,FP_8417668005,2025-11-15
DEV_003459,FP_7098202112,2025-11-26
DEV_003460,FP_6529728000,2025-04-07
DEV_003461,FP_9384028189,2025-07-22
DEV_003462,FP_1799810245,2025-11-11
DEV_003463,FP_9584571448,2025-06-01
DEV_003464,FP_1906882364,2025-01-30
DEV_003465,FP_4123157921,2025-05-01
DEV_003466,FP_6672462982,2025-04-12
DEV_003467,FP_4073285834,2025-11-18
DEV_003468,FP_7142826503,2025-07-02
DEV_003469,FP_7978767571,2025-09-16
DEV_003470,FP_8456552468,2025-12-18
DEV_003471,FP_2614093307,2025-05-03
DEV_003472,FP_2638690265,2025-10-12
DEV_003473,FP_1470826251,2025-01-13
DEV_003474,FP_5417666549,2025-02-17
DEV_003475,FP_2237802569,2025-03-12
DEV_003476,FP_3867372922,2025-05-08
DEV_003477,FP_8563908872,2025-06-10
DEV_003478,FP_9537930483,2025-07-06
DEV_003479,FP_8398683525,2025-04-13
DEV_003480,FP_1005835448,2025-02-01
DEV_003481,FP_6112218171,2025-09-14
DEV_003482,FP_2499941165,2025-01-13
DEV_003483,FP_4381722200,2025-10-28
DEV_003484,FP_4851270496,2025-12-07
DEV_003485,FP_9486466819,2025-09-25
DEV_003486,FP_6703648586,2025-08-17
DEV_003487,FP_3408895467,2025-09-07
DEV_003488,FP_6785153565,2025-09-05
DEV_003489,FP_9566789297,2025-12-08
DEV_003490,FP_1532432116,2025-12-19
DEV_003491,FP_8343889009,2025-06-19
DEV_003492,FP_2952078001,2025-08-24
DEV_003493,FP_2377971568,2025-10-26
DEV_003494,FP_9089802267,2025-01-01
DEV_003495,FP_1016645112,2025-07-24
DEV_003496,FP_7669771662,2025-09-05
DEV_003497,FP_1785055688,2025-09-27
DEV_003498,FP_6561957654,2025-05-29
DEV_003499,FP_6588072111,2025-05-02
DEV_003500,FP_8764984444,2025-03-20
DEV_003501,FP_8403458474,2025-08-04
DEV_003502,FP_7166479087,2025-12-04
DEV_003503,FP_4424928313,2025-11-26
DEV_003504,FP_2497651723,2025-05-26
DEV_003505,FP_6721146334,2025-04-18
DEV_003506,FP_5472728187,2025-10-22
DEV_003507,FP_1701480360,2025-09-30
DEV_003508,FP_9600057013,2025-07-16
DEV_003509,FP_3829775678,2025-06-05
DEV_003510,FP_1019266884,2025-02-25
DEV_003511,FP_9115212733,2025-10-20
DEV_003512,FP_6193457918,2025-08-24
DEV_003513,FP_7597546061,2025-06-01
DEV_003514,FP_2373996162,2025-12-04
DEV_003515,FP_4641451065,2025-09-08
DEV_003516,FP_6805551067,2025-12-07
DEV_003517,FP_3258682373,2025-07-06
DEV_003518,FP_7313490505,2025-06-29
DEV_003519,FP_3102534303,2025-12-10
DEV_003520,FP_2882150444,2025-12-17
DEV_003521,FP_1104621852,2025-12-18
DEV_003522,FP_3537160707,2025-11-01
DEV_003523,FP_3220631128,2025-07-01
DEV_003524,FP_7879209009,2025-03-31
DEV_003525,FP_6127389154,2025-06-03
DEV_003526,FP_2600420353,2025-12-10
DEV_003527,FP_6113147237,2025-05-27
DEV_003528,FP_3028992314,2025-10-11
DEV_003529,FP_4829520520,2025-12-05
DEV_003530,FP_8993872554,2025-12-21
DEV_003531,FP_7473305974,2025-12-13
DEV_003532,FP_6859900149,2025-08-03
DEV_003533,FP_3533351043,2025-07-12
DEV_003534,FP_2121234983,2025-12-26
DEV_003535,FP_7776540857,2025-04-03
DEV_003536,FP_6111013460,2025-03-22
DEV_003537,FP_6604841527,2025-12-18
DEV_003538,FP_9776019873,2025-09-18
DEV_003539,FP_4134888281,2025-07-27
DEV_003540,FP_8206727762,2025-02-28
DEV_003541,FP_6030611567,2025-07-19
DEV_003542,FP_3117339513,2025-12-12
DEV_003543,FP_1475994987,2025-08-19
DEV_003544,FP_6544098027,2025-06-11
DEV_003545,FP_3678545227,2025-08-01
DEV_003546,FP_7259305117,2025-11-23
DEV_003547,FP_7306544454,2025-12-02
DEV_003548,FP_5099144209,2025-06-09
DEV_003549,FP_5827574051,2025-08-21
DEV_003550,FP_6638921718,2025-04-26
DEV_003551,FP_5217444493,2025-06-27
DEV_003552,FP_8896335452,2025-04-04
DEV_003553,FP_1683411177,2025-07-26
DEV_003554,FP_9818363433,2025-08-11
DEV_003555,FP_1301058202,2025-05-18
DEV_003556,FP_2872867202,2025-04-23
DEV_003557,FP_7374770691,2025-03-08
DEV_003558,FP_1764642333,2025-03-03
DEV_003559,FP_3359554778,2025-09-25
DEV_003560,FP_2385790111,2025-04-04
DEV_003561,FP_7512144073,2025-02-23
DEV_003562,FP_6210400521,2025-12-30
DEV_003563,FP_1580307506,2025-04-19
DEV_003564,FP_5141208118,2025-11-26
DEV_003565,FP_2876526351,2025-08-22
DEV_003566,FP_9709287380,2025-09-27
DEV_003567,FP_1971261525,2025-08-05
DEV_003568,FP_6382496577,2025-03-20
DEV_003569,FP_5336625122,2025-11-10
DEV_003570,FP_6202760472,2025-11-04
DEV_003571,FP_9608435655,2025-05-22
DEV_003572,FP_4071536900,2025-10-13
DEV_003573,FP_7738897358,2025-07-30
DEV_003574,FP_5027198294,2025-12-01
DEV_003575,FP_6946854531,2025-10-26
DEV_003576,FP_4290917916,2025-01-21
DEV_003577,FP_3044099847,2025-11-21
DEV_003578,FP_1752547234,2025-12-20
DEV_003579,FP_1915761261,2025-10-06
DEV_003580,FP_9634872867,2025-02-23
DEV_003581,FP_8096109576,2025-10-28
DEV_003582,FP_3204633249,2025-09-04
DEV_003583,FP_5762325131,2025-05-18
DEV_003584,FP_7428094518,2025-11-22
DEV_003585,FP_4172841117,2025-08-06
DEV_003586,FP_4959892522,2025-11-12
DEV_003587,FP_7465437275,2025-09-11
DEV_003588,FP_3047088832,2025-04-29
DEV_003589,FP_5737099225,2025-12-22
DEV_003590,FP_2890793544,2025-08-08
DEV_003591,FP_1027698409,2025-07-20
DEV_003592,FP_7212373619,2025-06-10
DEV_003593,FP_7365383735,2025-03-02
DEV_003594,FP_9961504286,2025-09-17
DEV_003595,FP_2629138999,2025-06-20
DEV_003596,FP_7656222924,2025-12-09
DEV_003597,FP_9531706818,2025-12-19
DEV_003598,FP_6801223030,2025-10-14
DEV_003599,FP_9668265043,2025-04-12
DEV_003600,FP_9949968866,2025-09-27
DEV_003601,FP_8214619615,2025-01-11
DEV_003602,FP_9993573177,2025-11-03
DEV_003603,FP_6632420133,2025-07-12
DEV_003604,FP_5473501233,2025-12-10
DEV_003605,FP_9258726288,2025-06-01
DEV_003606,FP_8478602572,2025-04-20
DEV_003607,FP_1991008659,2025-12-29
DEV_003608,FP_3724503820,2025-07-25
DEV_003609,FP_3345806083,2025-11-15
DEV_003610,FP_8697354933,2025-12-01
DEV_003611,FP_3099208188,2025-07-21
DEV_003612,FP_3736402951,2025-06-29
DEV_003613,FP_5669097888,2025-08-02
DEV_003614,FP_1685075380,2025-11-10
DEV_003615,FP_9651066782,2025-12-19
DEV_003616,FP_5419564988,2025-05-14
DEV_003617,FP_2713903516,2025-10-05
DEV_003618,FP_3437386640,2025-04-28
DEV_003619,FP_8182753722,2025-08-22
DEV_003620,FP_6706058320,2025-10-27
DEV_003621,FP_5181634217,2025-11-23
DEV_003622,FP_3984412306,2025-06-26
DEV_003623,FP_9106159266,2025-05-29
DEV_003624,FP_7953080861,2025-04-16
DEV_003625,FP_7463008335,2025-03-01
DEV_003626,FP_5014004541,2025-05-27
DEV_003627,FP_9830441355,2025-11-18
DEV_003628,FP_7390632670,2025-06-16
DEV_003629,FP_4812622524,2025-05-10
DEV_003630,FP_9644968392,2025-10-05
DEV_003631,FP_9061524967,2025-04-02
DEV_003632,FP_7659686741,2025-04-17
DEV_003633,FP_7902965093,2025-12-09
DEV_003634,FP_4812647496,2025-02-08
DEV_003635,FP_5566154532,2025-06-14
DEV_003636,FP_2723926051,2025-08-10
DEV_003637,FP_6358566209,2025-04-08
DEV_003638,FP_4329248934,2025-04-27
DEV_003639,FP_4126944929,2025-04-04
DEV_003640,FP_9534053809,2025-05-20
DEV_003641,FP_2483050898,2025-11-27
DEV_003642,FP_8469762256,2025-06-20
DEV_003643,FP_3533217138,2025-06-15
DEV_003644,FP_1257900661,2025-06-04
DEV_003645,FP_1364167718,2025-12-19
DEV_003646,FP_4862597432,2025-02-22
DEV_003647,FP_5090148154,2025-11-18
DEV_003648,FP_3882260155,2025-05-14
DEV_003649,FP_7019016449,2025-12-16
DEV_003650,FP_5368085005,2025-05-09
DEV_003651,FP_1667017596,2025-02-08
DEV_003652,FP_4132640753,2025-07-22
DEV_003653,FP_1917664604,2025-04-07
DEV_003654,FP_1566241244,2025-10-09
DEV_003655,FP_2874759624,2025-09-07
DEV_003656,FP_7305179149,2025-09-17
DEV_003657,FP_7264014810,2025-03-25
DEV_003658,FP_8752502143,2025-09-24
DEV_003659,FP_7807773631,2025-05-08
DEV_003660,FP_5819461184,2025-12-30
DEV_003661,FP_3813508791,2025-10-02
DEV_003662,FP_1052303456,2025-08-15
DEV_003663,FP_6824237330,2025-11-17
DEV_003664,FP_3607418688,2025-08-15
DEV_003665,FP_3250900915,2025-08-02
DEV_003666,FP_9773429865,2025-04-10
DEV_003667,FP_2568161731,2025-09-14
DEV_003668,FP_1291912658,2025-05-31
DEV_003669,FP_9544513555,2025-01-22
DEV_003670,FP_3754060498,2025-10-31
DEV_003671,FP_4540780455,2025-01-26
DEV_003672,FP_1728414135,2025-09-12
DEV_003673,FP_4636586929,2025-03-10
DEV_003674,FP_9749991615,2025-06-21
DEV_003675,FP_7246177459,2025-11-14
DEV_003676,FP_5264423603,2025-02-13
DEV_003677,FP_3767244813,2025-09-10
DEV_003678,FP_4294395633,2025-08-23
DEV_003679,FP_6501053349,2025-11-17
DEV_003680,FP_3290050563,2025-03-16
DEV_003681,FP_2367527729,2025-10-25
DEV_003682,FP_7266058064,2025-06-27
DEV_003683,FP_8825227993,2025-06-19
DEV_003684,FP_9113850174,2025-05-26
DEV_003685,FP_8572766786,2025-06-04
DEV_003686,FP_5775397134,2025-07-22
DEV_003687,FP_8099478720,2025-02-18
DEV_003688,FP_9337201584,2025-06-18
DEV_003689,FP_1210263306,2025-09-05
DEV_003690,FP_4708883958,2025-07-14
DEV_003691,FP_2837129315,2025-03-14
DEV_003692,FP_9970919067,2025-05-27
DEV_003693,FP_9366094085,2025-06-24
DEV_003694,FP_8219673558,2025-09-11
DEV_003695,FP_3662918245,2025-11-28
DEV_003696,FP_9568920379,2025-08-01
DEV_003697,FP_1263253960,2025-09-14
DEV_003698,FP_2692357358,2025-02-06
DEV_003699,FP_6551863787,2025-12-16
DEV_003700,FP_8137060407,2025-05-09
DEV_003701,FP_8952677677,2025-05-24
DEV_003702,FP_3704577496,2025-04-05
DEV_003703,FP_4517241409,2025-02-09
DEV_003704,FP_5093446617,2025-10-22
DEV_003705,FP_1242764366,2025-04-11
DEV_003706,FP_8775723276,2025-04-27
DEV_003707,FP_4041535738,2025-03-20
DEV_003708,FP_2793506083,2025-12-22
DEV_003709,FP_4682773567,2025-10-19
DEV_003710,FP_7395070373,2025-12-07
DEV_003711,FP_8838240213,2025-11-15
DEV_003712,FP_2938388195,2025-11-30
DEV_003713,FP_2553516703,2025-07-07
DEV_003714,FP_9494046709,2025-03-16
DEV_003715,FP_5958037171,2025-05-14
DEV_003716,FP_4291948170,2025-05-01
DEV_003717,FP_2793875095,2025-09-27
DEV_003718,FP_9957230398,2025-01-14
DEV_003719,FP_7472658583,2025-03-04
DEV_003720,FP_2960967773,2025-09-16
DEV_003721,FP_1821335003,2025-02-25
DEV_003722,FP_2793541095,2025-01-24
DEV_003723,FP_3229683434,2025-02-19
DEV_003724,FP_1999770843,2025-09-18
DEV_003725,FP_3066862336,2025-03-03
DEV_003726,FP_2051017344,2025-03-06
DEV_003727,FP_4399585307,2025-04-08
DEV_003728,FP_5375757332,2025-10-09
DEV_003729,FP_5097564752,2025-03-27
DEV_003730,FP_8462890614,2025-01-18
DEV_003731,FP_3285958476,2025-11-30
DEV_003732,FP_8983844414,2025-11-20
DEV_003733,FP_9173105365,2025-03-21
DEV_003734,FP_9638197407,2025-04-21
DEV_003735,FP_2628849104,2025-03-23
DEV_003736,FP_3211760315,2025-09-28
DEV_003737,FP_6614490495,2025-04-15
DEV_003738,FP_2268024698,2025-12-08
DEV_003739,FP_1770591972,2025-11-04
DEV_003740,FP_1663274908,2025-08-14
DEV_003741,FP_6455346711,2025-01-06
DEV_003742,FP_8242103277,2025-11-22
DEV_003743,FP_3329970963,2025-10-01
DEV_003744,FP_9401804983,2025-10-21
DEV_003745,FP_8127419570,2025-02-04
DEV_003746,FP_1697143648,2025-09-24
DEV_003747,FP_4665728156,2025-10-27
DEV_003748,FP_1612133794,2025-12-16
DEV_003749,FP_9236747419,2025-08-12
DEV_003750,FP_7685219299,2025-07-17
DEV_003751,FP_7178906172,2025-06-18
DEV_003752,FP_7144316618,2025-09-22
DEV_003753,FP_3566642516,2025-12-04
DEV_003754,FP_9401852395,2025-08-18
DEV_003755,FP_9304989923,2025-04-06
DEV_003756,FP_7655399283,2025-01-10
DEV_003757,FP_5220371863,2025-08-25
DEV_003758,FP_1424041577,2025-11-16
DEV_003759,FP_1254802151,2025-02-01
DEV_003760,FP_2243208996,2025-06-08
DEV_003761,FP_6361882242,2025-12-11
DEV_003762,FP_8182894412,2025-07-15
DEV_003763,FP_9536191841,2025-04-04
DEV_003764,FP_2578258713,2025-05-23
DEV_003765,FP_3479750926,2025-06-12
DEV_003766,FP_1486902583,2025-02-22
DEV_003767,FP_9901424500,2025-09-08
DEV_003768,FP_8028235712,2025-08-16
DEV_003769,FP_5326427162,2025-09-04
DEV_003770,FP_6180088197,2025-08-22
DEV_003771,FP_6059569701,2025-01-10
DEV_003772,FP_3289246778,2025-03-17
DEV_003773,FP_2668516248,2025-03-14
DEV_003774,FP_3672781449,2025-02-14
DEV_003775,FP_3224381947,2025-10-04
DEV_003776,FP_6017752808,2025-02-24
DEV_003777,FP_3773825252,2025-09-11
DEV_003778,FP_7560503123,2025-03-19
DEV_003779,FP_6111457595,2025-02-23
DEV_003780,FP_5790373888,2025-03-12
DEV_003781,FP_9561643902,2025-07-18
DEV_003782,FP_3901685818,2025-09-03
DEV_003783,FP_6717428768,2025-10-29
DEV_003784,FP_1000455643,2025-02-27
DEV_003785,FP_7632312824,2025-08-24
DEV_003786,FP_5522895360,2025-10-16
DEV_003787,FP_2875464615,2025-05-08
DEV_003788,FP_1013595007,2025-02-07
DEV_003789,FP_7362495675,2025-03-10
DEV_003790,FP_6964306331,2025-02-12
DEV_003791,FP_6988664047,2025-11-23
DEV_003792,FP_4937093407,2025-06-01
DEV_003793,FP_6753675931,2025-07-23
DEV_003794,FP_6142013110,2025-10-15
DEV_003795,FP_3150055401,2025-05-30
DEV_003796,FP_5668912372,2025-09-04
DEV_003797,FP_5631335151,2025-02-06
DEV_003798,FP_8412605993,2025-07-08
DEV_003799,FP_4901401203,2025-02-14
DEV_003800,FP_4924768921,2025-04-14
DEV_003801,FP_9859640240,2025-05-01
DEV_003802,FP_9050174854,2025-09-28
DEV_003803,FP_3180573910,2025-09-13
DEV_003804,FP_9192637851,2025-10-07
DEV_003805,FP_2241699906,2025-01-30
DEV_003806,FP_8680519527,2025-12-29
DEV_003807,FP_2649910390,2025-01-27
DEV_003808,FP_4830430139,2025-11-03
DEV_003809,FP_9855294680,2025-10-05
DEV_003810,FP_1873440428,2025-08-16
DEV_003811,FP_8558090378,2025-06-23
DEV_003812,FP_5452605545,2025-10-11
DEV_003813,FP_1998922291,2025-10-05
DEV_003814,FP_9572422410,2025-03-02
DEV_003815,FP_5943082312,2025-10-23
DEV_003816,FP_8925769196,2025-02-06
DEV_003817,FP_8821962477,2025-07-15
DEV_003818,FP_1131711246,2025-09-03
DEV_003819,FP_3383566331,2025-11-02
DEV_003820,FP_4032294216,2025-07-02
DEV_003821,FP_5813776409,2025-04-10
DEV_003822,FP_1646794088,2025-07-11
DEV_003823,FP_4500702084,2025-04-15
DEV_003824,FP_8331743111,2025-07-25
DEV_003825,FP_2558720034,2025-07-01
DEV_003826,FP_7311488270,2025-10-19
DEV_003827,FP_5142964684,2025-04-11
DEV_003828,FP_1636346069,2025-03-27
DEV_003829,FP_2596366590,2025-07-05
DEV_003830,FP_2269276585,2025-01-25
DEV_003831,FP_6577460616,2025-04-07
DEV_003832,FP_1785919589,2025-05-23
DEV_003833,FP_8407421026,2025-07-10
DEV_003834,FP_8259932177,2025-04-22
DEV_003835,FP_1720557974,2025-08-05
DEV_003836,FP_8993774778,2025-11-20
DEV_003837,FP_9632447430,2025-07-30
DEV_003838,FP_1391212883,2025-04-29
DEV_003839,FP_9552966112,2025-01-30
DEV_003840,FP_3515159524,2025-03-02
DEV_003841,FP_6982857466,2025-08-05
DEV_003842,FP_2573341715,2025-09-16
DEV_003843,FP_8357102645,2025-01-25
DEV_003844,FP_8577220073,2025-03-21
DEV_003845,FP_9805072645,2025-05-11
DEV_003846,FP_9932801158,2025-05-11
DEV_003847,FP_1682719369,2025-12-17
DEV_003848,FP_6921672410,2025-03-28
DEV_003849,FP_3457415594,2025-01-31
DEV_003850,FP_2130200070,2025-05-23
DEV_003851,FP_2339158768,2025-03-01
DEV_003852,FP_9427935149,2025-02-26
DEV_003853,FP_7152843144,2025-06-12
DEV_003854,FP_1454148558,2025-05-06
DEV_003855,FP_9858070702,2025-02-12
DEV_003856,FP_8270310126,2025-08-20
DEV_003857,FP_3782613750,2025-07-15
DEV_003858,FP_5237800241,2025-02-06
DEV_003859,FP_7539183812,2025-11-15
DEV_003860,FP_7084288771,2025-04-28
DEV_003861,FP_5167728088,2025-12-18
DEV_003862,FP_5611509105,2025-12-08
DEV_003863,FP_1388869123,2025-06-21
DEV_003864,FP_5505699199,2025-04-07
DEV_003865,FP_4062222025,2025-11-06
DEV_003866,FP_3565460803,2025-05-26
DEV_003867,FP_3426601822,2025-03-13
DEV_003868,FP_6840522075,2025-08-02
DEV_003869,FP_4863318586,2025-07-11
DEV_003870,FP_4832221675,2025-11-11
DEV_003871,FP_2432682922,2025-10-01
DEV_003872,FP_9656772113,2025-11-20
DEV_003873,FP_3015335821,2025-10-03
DEV_003874,FP_4654982859,2025-09-02
DEV_003875,FP_2711842877,2025-07-15
DEV_003876,FP_7328285670,2025-12-26
DEV_003877,FP_4925158717,2025-12-17
DEV_003878,FP_4722849450,2025-11-11
DEV_003879,FP_8875853967,2025-10-17
DEV_003880,FP_7835318647,2025-08-11
DEV_003881,FP_5678875475,2025-04-19
DEV_003882,FP_5217313635,2025-11-19
DEV_003883,FP_9639112579,2025-01-07
DEV_003884,FP_9608159481,2025-04-07
DEV_003885,FP_7342937810,2025-06-10
DEV_003886,FP_7841331337,2025-08-14
DEV_003887,FP_9091836172,2025-08-05
DEV_003888,FP_9678778801,2025-03-18
DEV_003889,FP_1740472896,2025-02-17
DEV_003890,FP_9976049491,2025-04-05
DEV_003891,FP_7327199934,2025-05-22
DEV_003892,FP_6334703687,2025-01-08
DEV_003893,FP_4718504127,2025-09-19
DEV_003894,FP_4027509042,2025-04-14
DEV_003895,FP_8237891875,2025-05-23
DEV_003896,FP_6889915508,2025-05-16
DEV_003897,FP_2806346519,2025-07-19
DEV_003898,FP_6489199333,2025-11-14
DEV_003899,FP_2270494915,2025-03-07
DEV_003900,FP_5471873438,2025-05-19
DEV_003901,FP_6251118739,2025-09-19
DEV_003902,FP_6721156636,2025-01-22
DEV_003903,FP_2307359707,2025-11-04
DEV_003904,FP_1860386757,2025-12-18
DEV_003905,FP_3328373493,2025-08-21
DEV_003906,FP_6463268488,2025-12-16
DEV_003907,FP_9385145324,2025-06-14
DEV_003908,FP_8012111777,2025-06-14
DEV_003909,FP_7711394725,2025-02-18
DEV_003910,FP_3972091100,2025-01-19
DEV_003911,FP_2005366417,2025-04-13
DEV_003912,FP_9027454654,2025-07-07
DEV_003913,FP_5507681544,2025-07-17
DEV_003914,FP_1904597615,2025-04-03
DEV_003915,FP_5814718570,2025-08-23
DEV_003916,FP_7078692183,2025-03-20
DEV_003917,FP_3879100266,2025-05-13
DEV_003918,FP_1083240385,2025-03-25
DEV_003919,FP_6594462658,2025-09-20
DEV_003920,FP_1360859665,2025-07-20
DEV_003921,FP_4895139617,2025-10-04
DEV_003922,FP_8422977052,2025-01-28
DEV_003923,FP_9989628690,2025-06-18
DEV_003924,FP_4332726225,2025-12-20
DEV_003925,FP_1181142338,2025-01-27
DEV_003926,FP_5436127916,2025-06-16
DEV_003927,FP_3486478576,2025-01-21
DEV_003928,FP_9034975121,2025-03-06
DEV_003929,FP_7403528352,2025-07-01
DEV_003930,FP_4638909418,2025-03-10
DEV_003931,FP_7858254077,2025-07-21
DEV_003932,FP_4070852819,2025-12-05
DEV_003933,FP_5695872265,2025-03-27
DEV_003934,FP_9305067517,2025-02-18
DEV_003935,FP_2801415395,2025-11-03
DEV_003936,FP_3817522016,2025-07-01
DEV_003937,FP_8970340711,2025-11-22
DEV_003938,FP_5156905242,2025-05-06
DEV_003939,FP_3860999457,2025-08-28
DEV_003940,FP_1335688031,2025-12-05
DEV_003941,FP_4770577337,2025-03-16
DEV_003942,FP_5505410001,2025-10-26
DEV_003943,FP_4656995805,2025-08-29
DEV_003944,FP_3497133103,2025-10-30
DEV_003945,FP_4322171561,2025-03-16
DEV_003946,FP_6782003186,2025-06-21
DEV_003947,FP_9021517478,2025-02-27
DEV_003948,FP_6847082402,2025-12-17
DEV_003949,FP_6815461923,2025-01-31
DEV_003950,FP_8351873757,2025-02-01
DEV_003951,FP_2486284999,2025-11-27
DEV_003952,FP_3709878664,2025-05-04
DEV_003953,FP_1455318846,2025-08-17
DEV_003954,FP_4146740171,2025-04-29
DEV_003955,FP_9989414039,2025-09-04
DEV_003956,FP_3963811557,2025-03-24
DEV_003957,FP_8737956963,2025-06-30
DEV_003958,FP_1771999425,2025-07-26
DEV_003959,FP_5137411269,2025-05-16
DEV_003960,FP_4163165788,2025-04-16
DEV_003961,FP_2814245768,2025-03-04
DEV_003962,FP_4352556313,2025-09-24
DEV_003963,FP_6861503002,2025-03-15
DEV_003964,FP_5412772673,2025-05-01
DEV_003965,FP_8599006280,2025-05-17
DEV_003966,FP_9144519460,2025-06-28
DEV_003967,FP_5337035480,2025-09-22
DEV_003968,FP_9835536826,2025-06-19
DEV_003969,FP_1648186871,2025-11-18
DEV_003970,FP_3487052991,2025-09-15
DEV_003971,FP_4750401433,2025-11-07
DEV_003972,FP_6244313592,2025-09-27
DEV_003973,FP_5913367671,2025-03-07
DEV_003974,FP_6111790873,2025-12-23
DEV_003975,FP_9066256502,2025-10-21
DEV_003976,FP_3498086727,2025-08-09
DEV_003977,FP_8351683709,2025-03-14
DEV_003978,FP_6022004986,2025-03-16
DEV_003979,FP_5414414345,2025-08-23
DEV_003980,FP_3694720830,2025-06-15
DEV_003981,FP_3736619224,2025-09-13
DEV_003982,FP_4496318842,2025-05-30
DEV_003983,FP_7871594392,2025-07-19
DEV_003984,FP_5290595987,2025-03-22
DEV_003985,FP_2384503167,2025-03-10
DEV_003986,FP_7838768595,2025-02-05
DEV_003987,FP_6970419890,2025-11-01
DEV_003988,FP_9543148914,2025-08-03
DEV_003989,FP_5764726914,2025-12-13
DEV_003990,FP_6889799281,2025-10-08
DEV_003991,FP_5313972454,2025-10-15
DEV_003992,FP_7127021873,2025-07-18
DEV_003993,FP_4925053568,2025-10-30
DEV_003994,FP_2240708308,2025-12-11
DEV_003995,FP_9880149125,2025-09-29
DEV_003996,FP_7483273324,2025-02-18
DEV_003997,FP_6477632426,2025-09-05
DEV_003998,FP_5332786751,2025-02-24
DEV_003999,FP_7402861018,2025-02-06
DEV_004000,FP_2140974299,2025-09-19
DEV_004001,FP_3935020582,2025-11-06
DEV_004002,FP_2122294156,2025-03-11
DEV_004003,FP_2134225864,2025-02-05
DEV_004004,FP_1192127903,2025-11-23
DEV_004005,FP_7803040735,2025-02-28
DEV_004006,FP_3045777621,2025-01-18
DEV_004007,FP_8488069470,2025-09-29
DEV_004008,FP_9139910626,2025-11-10
DEV_004009,FP_2517094536,2025-07-20
DEV_004010,FP_7379776380,2025-07-29
DEV_004011,FP_5142751555,2025-05-17
DEV_004012,FP_9270650415,2025-04-11
DEV_004013,FP_5359754743,2025-10-10
DEV_004014,FP_4409864977,2025-11-11
DEV_004015,FP_3651086070,2025-05-11
DEV_004016,FP_9132592961,2025-04-24
DEV_004017,FP_3035613730,2025-04-22
DEV_004018,FP_8449433123,2025-01-25
DEV_004019,FP_2747687028,2025-04-27
DEV_004020,FP_6790571687,2025-01-14
DEV_004021,FP_5059590757,2025-10-21
DEV_004022,FP_1941478075,2025-04-17
DEV_004023,FP_2133397038,2025-09-18
DEV_004024,FP_3533582348,2025-07-30
DEV_004025,FP_7899865163,2025-11-07
DEV_004026,FP_7560460019,2025-12-17
DEV_004027,FP_2846082262,2025-05-28
DEV_004028,FP_5285819750,2025-02-10
DEV_004029,FP_1872882663,2025-10-08
DEV_004030,FP_7443516574,2025-01-12
DEV_004031,FP_8139718314,2025-04-05
DEV_004032,FP_9041607999,2025-01-26
DEV_004033,FP_8971713696,2025-11-27
DEV_004034,FP_4041030763,2025-01-04
DEV_004035,FP_3290804500,2025-07-12
DEV_004036,FP_9069304371,2025-06-18
DEV_004037,FP_2314062773,2025-09-05
DEV_004038,FP_1534096645,2025-04-30
DEV_004039,FP_3828186801,2025-11-19
DEV_004040,FP_7842700394,2025-10-03
DEV_004041,FP_7247798128,2025-06-21
DEV_004042,FP_9883497510,2025-05-25
DEV_004043,FP_4235802139,2025-10-31
DEV_004044,FP_3482625833,2025-10-11
DEV_004045,FP_4403868482,2025-06-09
DEV_004046,FP_8040306352,2025-05-19
DEV_004047,FP_2928699559,2025-01-20
DEV_004048,FP_9529731857,2025-02-08
DEV_004049,FP_5612943992,2025-01-27
DEV_004050,FP_8048304961,2025-01-13
DEV_004051,FP_8445356419,2025-03-09
DEV_004052,FP_5309336055,2025-11-13
DEV_004053,FP_7672342422,2025-10-25
DEV_004054,FP_4282248915,2025-11-09
DEV_004055,FP_8298352127,2025-08-27
DEV_004056,FP_8415127076,2025-08-27
DEV_004057,FP_6095852374,2025-02-25
DEV_004058,FP_2963330342,2025-09-21
DEV_004059,FP_9732008575,2025-04-26
DEV_004060,FP_9522818830,2025-07-21
DEV_004061,FP_6578384900,2025-12-16
DEV_004062,FP_9854929006,2025-11-18
DEV_004063,FP_5525166667,2025-04-09
DEV_004064,FP_4379359373,2025-10-04
DEV_004065,FP_5144527141,2025-02-17
DEV_004066,FP_1413163163,2025-01-14
DEV_004067,FP_5942096633,2025-01-15
DEV_004068,FP_6996091964,2025-03-15
DEV_004069,FP_1985679763,2025-09-20
DEV_004070,FP_3300378145,2025-05-27
DEV_004071,FP_7490656987,2025-01-09
DEV_004072,FP_8142311604,2025-12-27
DEV_004073,FP_9872803443,2025-07-26
DEV_004074,FP_3279013172,2025-06-07
DEV_004075,FP_8572955244,2025-07-21
DEV_004076,FP_2548926685,2025-07-22
DEV_004077,FP_2177905558,2025-07-04
DEV_004078,FP_7562832229,2025-08-23
DEV_004079,FP_5012851342,2025-11-23
DEV_004080,FP_8145311484,2025-05-04
DEV_004081,FP_3543083157,2025-07-10
DEV_004082,FP_2918744893,2025-01-03
DEV_004083,FP_5939188693,2025-11-14
DEV_004084,FP_2037794271,2025-05-06
DEV_004085,FP_3508742925,2025-04-23
DEV_004086,FP_2496133102,2025-12-30
DEV_004087,FP_3880425643,2025-08-13
DEV_004088,FP_7889488351,2025-02-25
DEV_004089,FP_2086681034,2025-04-21
DEV_004090,FP_6506820271,2025-05-23
DEV_004091,FP_6262894633,2025-12-26
DEV_004092,FP_5843175661,2025-06-20
DEV_004093,FP_5358228430,2025-04-08
DEV_004094,FP_6974745437,2025-08-08
DEV_004095,FP_8666295898,2025-06-11
DEV_004096,FP_2458329744,2025-01-27
DEV_004097,FP_8327181900,2025-11-15
DEV_004098,FP_1553280799,2025-01-09
DEV_004099,FP_5339120048,2025-11-27
DEV_004100,FP_5603189687,2025-10-23
DEV_004101,FP_2778272484,2025-02-05
DEV_004102,FP_1807057948,2025-09-30
DEV_004103,FP_1674198779,2025-10-16
DEV_004104,FP_1335105865,2025-08-19
DEV_004105,FP_6162337216,2025-08-11
DEV_004106,FP_2399271494,2025-01-25
DEV_004107,FP_8278342744,2025-01-29
DEV_004108,FP_9090574488,2025-10-01
DEV_004109,FP_3631673441,2025-02-18
DEV_004110,FP_2480197869,2025-04-12
DEV_004111,FP_4686506880,2025-07-14
DEV_004112,FP_8934131810,2025-03-13
DEV_004113,FP_4598372649,2025-10-22
DEV_004114,FP_1975026664,2025-10-28
DEV_004115,FP_9862012833,2025-11-08
DEV_004116,FP_5497079240,2025-01-25
DEV_004117,FP_4081343240,2025-06-19
DEV_004118,FP_9042587107,2025-11-10
DEV_004119,FP_9346631443,2025-05-27
DEV_004120,FP_5471240198,2025-09-20
DEV_004121,FP_3760447543,2025-08-15
DEV_004122,FP_5343704375,2025-05-21
DEV_004123,FP_2973537560,2025-04-25
DEV_004124,FP_5304142880,2025-09-05
DEV_004125,FP_3064879950,2025-03-01
DEV_004126,FP_6599824849,2025-11-14
DEV_004127,FP_7839002628,2025-08-10
DEV_004128,FP_9724850093,2025-02-20
DEV_004129,FP_8583134222,2025-09-23
DEV_004130,FP_1775213603,2025-06-20
DEV_004131,FP_2903705919,2025-03-29
DEV_004132,FP_5785226720,2025-12-18
DEV_004133,FP_3318318947,2025-09-28
DEV_004134,FP_1129286863,2025-08-16
DEV_004135,FP_7793118548,2025-11-11
DEV_004136,FP_4219948067,2025-07-30
DEV_004137,FP_1594900291,2025-06-24
DEV_004138,FP_5579527748,2025-03-23
DEV_004139,FP_9794878417,2025-03-09
DEV_004140,FP_7106847637,2025-06-21
DEV_004141,FP_2428895019,2025-06-29
DEV_004142,FP_5628660272,2025-10-03
DEV_004143,FP_9115502093,2025-06-24
DEV_004144,FP_1488193002,2025-08-16
DEV_004145,FP_6741038806,2025-11-05
DEV_004146,FP_7491456907,2025-12-28
DEV_004147,FP_7336105293,2025-05-12
DEV_004148,FP_2351533766,2025-11-28
DEV_004149,FP_9165506784,2025-10-27
DEV_004150,FP_3900441994,2025-02-02
DEV_004151,FP_1465678210,2025-05-16
DEV_004152,FP_1748988410,2025-04-03
DEV_004153,FP_5118196435,2025-09-09
DEV_004154,FP_1359838018,2025-08-03
DEV_004155,FP_8015972659,2025-07-13
DEV_004156,FP_8792411552,2025-10-13
DEV_004157,FP_1120358575,2025-05-16
DEV_004158,FP_8290121529,2025-06-03
DEV_004159,FP_9830858220,2025-11-16
DEV_004160,FP_1273313449,2025-12-21
DEV_004161,FP_7524705200,2025-10-17
DEV_004162,FP_9991846708,2025-04-03
DEV_004163,FP_8174067275,2025-02-21
DEV_004164,FP_5548213026,2025-03-31
DEV_004165,FP_8963406747,2025-06-17
DEV_004166,FP_7371391823,2025-04-10
DEV_004167,FP_3632064853,2025-11-28
DEV_004168,FP_3018878038,2025-09-12
DEV_004169,FP_5612899533,2025-06-15
DEV_004170,FP_4356914715,2025-04-24
DEV_004171,FP_3965211916,2025-06-02
DEV_004172,FP_2601323350,2025-07-06
DEV_004173,FP_8607574027,2025-09-26
DEV_004174,FP_7345130505,2025-02-11
DEV_004175,FP_3981893226,2025-11-11
DEV_004176,FP_3139003734,2025-02-27
DEV_004177,FP_2153241216,2025-04-20
DEV_004178,FP_2012616591,2025-12-28
DEV_004179,FP_6629303666,2025-03-23
DEV_004180,FP_1979354602,2025-02-16
DEV_004181,FP_9641913614,2025-09-01
DEV_004182,FP_3512215914,2025-06-07
DEV_004183,FP_1232243745,2025-02-12
DEV_004184,FP_8697967513,2025-01-03
DEV_004185,FP_4308286562,2025-02-07
DEV_004186,FP_4086692946,2025-07-23
DEV_004187,FP_2067585506,2025-04-08
DEV_004188,FP_6943798523,2025-10-18
DEV_004189,FP_4229140343,2025-11-13
DEV_004190,FP_8406950765,2025-03-05
DEV_004191,FP_6675564732,2025-05-17
DEV_004192,FP_8919211172,2025-03-06
DEV_004193,FP_6603050421,2025-04-29
DEV_004194,FP_8013504066,2025-04-11
DEV_004195,FP_7268853563,2025-10-21
DEV_004196,FP_5163331821,2025-05-20
DEV_004197,FP_7198065926,2025-07-13
DEV_004198,FP_6972553157,2025-09-13
DEV_004199,FP_1060332579,2025-11-02
DEV_004200,FP_7287741447,2025-05-04
DEV_004201,FP_3359435516,2025-03-31
DEV_004202,FP_5876405397,2025-12-23
DEV_004203,FP_2001991495,2025-05-11
DEV_004204,FP_1207202514,2025-09-12
DEV_004205,FP_1136077378,2025-09-14
DEV_004206,FP_2423750611,2025-07-19
DEV_004207,FP_1179032559,2025-04-07
DEV_004208,FP_2191576787,2025-03-04
DEV_004209,FP_6032562447,2025-07-10
DEV_004210,FP_4602455483,2025-07-18
DEV_004211,FP_9826733102,2025-10-16
DEV_004212,FP_8278249241,2025-09-25
DEV_004213,FP_2320981790,2025-12-02
DEV_004214,FP_4751104540,2025-12-21
DEV_004215,FP_4878737168,2025-10-01
DEV_004216,FP_4259051010,2025-02-06
DEV_004217,FP_5460308025,2025-06-11
DEV_004218,FP_7028870908,2025-08-21
DEV_004219,FP_6768007440,2025-08-15
DEV_004220,FP_4213892476,2025-03-20
DEV_004221,FP_7345410607,2025-08-12
DEV_004222,FP_3605368587,2025-05-22
DEV_004223,FP_8519210597,2025-05-18
DEV_004224,FP_9679348388,2025-11-06
DEV_004225,FP_3652629889,2025-06-17
DEV_004226,FP_8062196974,2025-07-24
DEV_004227,FP_8320832233,2025-08-06
DEV_004228,FP_5416870370,2025-08-06
DEV_004229,FP_1789725804,2025-04-01
DEV_004230,FP_8075637010,2025-08-18
DEV_004231,FP_4667304143,2025-05-16
DEV_004232,FP_2872641479,2025-09-06
DEV_004233,FP_6639852092,2025-03-06
DEV_004234,FP_4932442950,2025-12-29
DEV_004235,FP_1788152038,2025-10-16
DEV_004236,FP_9853071660,2025-06-15
DEV_004237,FP_3201956831,2025-05-04
DEV_004238,FP_5598685498,2025-06-05
DEV_004239,FP_7005594354,2025-09-29
DEV_004240,FP_2035804279,2025-09-06
DEV_004241,FP_7654690844,2025-09-22
DEV_004242,FP_6834599467,2025-11-24
DEV_004243,FP_5443776075,2025-06-29
DEV_004244,FP_5754969924,2025-09-11
DEV_004245,FP_9593155246,2025-06-24
DEV_004246,FP_9198080534,2025-08-31
DEV_004247,FP_2007849914,2025-07-06
DEV_004248,FP_4318768477,2025-10-17
DEV_004249,FP_5650942885,2025-01-04
DEV_004250,FP_9279782612,2025-04-02
DEV_004251,FP_8349069964,2025-05-02
DEV_004252,FP_4478344326,2025-12-13
DEV_004253,FP_8975893648,2025-07-17
DEV_004254,FP_4403420160,2025-05-27
DEV_004255,FP_3440736421,2025-06-11
DEV_004256,FP_6489033638,2025-06-28
DEV_004257,FP_4203115792,2025-11-17
DEV_004258,FP_6601668038,2025-12-18
DEV_004259,FP_4687156674,2025-11-09
DEV_004260,FP_8161922255,2025-11-08
DEV_004261,FP_9588798759,2025-03-27
DEV_004262,FP_3432782609,2025-04-22
DEV_004263,FP_5590090757,2025-08-17
DEV_004264,FP_7519891916,2025-09-07
DEV_004265,FP_2426671856,2025-03-28
DEV_004266,FP_8163155331,2025-10-07
DEV_004267,FP_6246747654,2025-03-27
DEV_004268,FP_2347664715,2025-04-20
DEV_004269,FP_8814066280,2025-05-06
DEV_004270,FP_4840311335,2025-11-10
DEV_004271,FP_2589574113,2025-10-02
DEV_004272,FP_2758567278,2025-07-25
DEV_004273,FP_8069557597,2025-11-01
DEV_004274,FP_9421445444,2025-10-30
DEV_004275,FP_4404249299,2025-06-05
DEV_004276,FP_1709452677,2025-10-19
DEV_004277,FP_1907407714,2025-03-29
DEV_004278,FP_6890306582,2025-07-16
DEV_004279,FP_4336765394,2025-02-23
DEV_004280,FP_4835183475,2025-06-19
DEV_004281,FP_4033426402,2025-07-22
DEV_004282,FP_5189847093,2025-02-07
DEV_004283,FP_6791945075,2025-07-01
DEV_004284,FP_5870252474,2025-09-05
DEV_004285,FP_2478172817,2025-08-23
DEV_004286,FP_5421597867,2025-01-27
DEV_004287,FP_5145517531,2025-02-13
DEV_004288,FP_5911635231,2025-05-22
DEV_004289,FP_1996030279,2025-11-09
DEV_004290,FP_2381744107,2025-11-18
DEV_004291,FP_5772197602,2025-05-07
DEV_004292,FP_3478915382,2025-09-28
DEV_004293,FP_6661285197,2025-08-11
DEV_004294,FP_4354762443,2025-12-25
DEV_004295,FP_2986612728,2025-02-13
DEV_004296,FP_6907553094,2025-07-31
DEV_004297,FP_4545169026,2025-08-16
DEV_004298,FP_2418512234,2025-05-07
DEV_004299,FP_8279280812,2025-01-24
DEV_004300,FP_4885828407,2025-01-26
DEV_004301,FP_9235633056,2025-06-28
DEV_004302,FP_2740608356,2025-09-19
DEV_004303,FP_8887152110,2025-09-22
DEV_004304,FP_8343189735,2025-03-20
DEV_004305,FP_1935242416,2025-11-14
DEV_004306,FP_5785131840,2025-06-01
DEV_004307,FP_6883145740,2025-12-19
DEV_004308,FP_5459339752,2025-02-23
DEV_004309,FP_4512367757,2025-11-06
DEV_004310,FP_9494579145,2025-11-30
DEV_004311,FP_7307387736,2025-11-02
DEV_004312,FP_9692828897,2025-10-28
DEV_004313,FP_8616072796,2025-05-26
DEV_004314,FP_8354182583,2025-09-26
DEV_004315,FP_7530690611,2025-08-11
DEV_004316,FP_6814713178,2025-06-18
DEV_004317,FP_8981758819,2025-12-28
DEV_004318,FP_6520687953,2025-04-30
DEV_004319,FP_1677595608,2025-06-14
DEV_004320,FP_6243071670,2025-11-29
DEV_004321,FP_1925516364,2025-04-30
DEV_004322,FP_9543709630,2025-03-09
DEV_004323,FP_6820020784,2025-05-07
DEV_004324,FP_6000816550,2025-10-12
DEV_004325,FP_2780390194,2025-11-14
DEV_004326,FP_5641903448,2025-02-21
DEV_004327,FP_4082779034,2025-08-26
DEV_004328,FP_7078475511,2025-08-07
DEV_004329,FP_6439688176,2025-09-11
DEV_004330,FP_5493763809,2025-09-12
DEV_004331,FP_3274669012,2025-12-17
DEV_004332,FP_5731688173,2025-05-21
DEV_004333,FP_5155271971,2025-05-04
DEV_004334,FP_8661392896,2025-08-12
DEV_004335,FP_9049036071,2025-06-20
DEV_004336,FP_7833242386,2025-07-05
DEV_004337,FP_3876759609,2025-02-02
DEV_004338,FP_1342805593,2025-03-07
DEV_004339,FP_9328023632,2025-12-09
DEV_004340,FP_9928110263,2025-02-02
DEV_004341,FP_2143186860,2025-08-15
DEV_004342,FP_7170544213,2025-10-10
DEV_004343,FP_4826318818,2025-01-07
DEV_004344,FP_2336683643,2025-04-05
DEV_004345,FP_9982911797,2025-06-01
DEV_004346,FP_9399059689,2025-07-17
DEV_004347,FP_9843479885,2025-05-19
DEV_004348,FP_2295066289,2025-09-04
DEV_004349,FP_5427320727,2025-04-06
DEV_004350,FP_9061967468,2025-01-14
DEV_004351,FP_7076426011,2025-01-02
DEV_004352,FP_4911416229,2025-05-20
DEV_004353,FP_5650248167,2025-05-26
DEV_004354,FP_1347414442,2025-12-14
DEV_004355,FP_6503654590,2025-01-23
DEV_004356,FP_8737439649,2025-07-25
DEV_004357,FP_1025142638,2025-08-11
DEV_004358,FP_2439682098,2025-09-21
DEV_004359,FP_5661911097,2025-09-01
DEV_004360,FP_6048678933,2025-01-05
DEV_004361,FP_4090171106,2025-08-29
DEV_004362,FP_1251410319,2025-05-12
DEV_004363,FP_7692400859,2025-10-16
DEV_004364,FP_3186326063,2025-03-23
DEV_004365,FP_6801195716,2025-09-27
DEV_004366,FP_6032320669,2025-08-27
DEV_004367,FP_4877542741,2025-09-05
DEV_004368,FP_6312605528,2025-03-18
DEV_004369,FP_7255348695,2025-09-11
DEV_004370,FP_6150198860,2025-10-04
DEV_004371,FP_6017728888,2025-07-11
DEV_004372,FP_4924699721,2025-05-18
DEV_004373,FP_4870310701,2025-03-14
DEV_004374,FP_5418693864,2025-04-30
DEV_004375,FP_5068701208,2025-10-13
DEV_004376,FP_4951221258,2025-06-12
DEV_004377,FP_2893330640,2025-09-22
DEV_004378,FP_7523541288,2025-10-05
DEV_004379,FP_2196572220,2025-09-13
DEV_004380,FP_9178393803,2025-09-13
DEV_004381,FP_6623615896,2025-08-22
DEV_004382,FP_1440106112,2025-07-21
DEV_004383,FP_6930988297,2025-03-26
DEV_004384,FP_4253628353,2025-11-09
DEV_004385,FP_9367883598,2025-12-19
DEV_004386,FP_9424679377,2025-07-03
DEV_004387,FP_8613355435,2025-12-09
DEV_004388,FP_6110640117,2025-12-30
DEV_004389,FP_9272599220,2025-07-10
DEV_004390,FP_6848273701,2025-09-30
DEV_004391,FP_8876161498,2025-09-02
DEV_004392,FP_2440478793,2025-04-10
DEV_004393,FP_9137622819,2025-01-24
DEV_004394,FP_6954316250,2025-06-28
DEV_004395,FP_3729465307,2025-10-21
DEV_004396,FP_9980321743,2025-05-13
DEV_004397,FP_7181955705,2025-10-20
DEV_004398,FP_9175744521,2025-09-06
DEV_004399,FP_1050269688,2025-09-20
DEV_004400,FP_5971045685,2025-04-28
DEV_004401,FP_7412793611,2025-07-04
DEV_004402,FP_1123632002,2025-03-20
DEV_004403,FP_7863033025,2025-04-14
DEV_004404,FP_6863033737,2025-02-11
DEV_004405,FP_3472836882,2025-02-26
DEV_004406,FP_7200504516,2025-03-31
DEV_004407,FP_2178109350,2025-08-12
DEV_004408,FP_8416334788,2025-06-24
DEV_004409,FP_8796026054,2025-04-21
DEV_004410,FP_5369292372,2025-11-15
DEV_004411,FP_5566979511,2025-07-23
DEV_004412,FP_4618489247,2025-12-05
DEV_004413,FP_4108005866,2025-08-30
DEV_004414,FP_8856084508,2025-01-09
DEV_004415,FP_3743858581,2025-12-02
DEV_004416,FP_4625650106,2025-11-13
DEV_004417,FP_3699246667,2025-08-30
DEV_004418,FP_6910414846,2025-07-27
DEV_004419,FP_8327964979,2025-06-28
DEV_004420,FP_2479022442,2025-07-08
DEV_004421,FP_3292682642,2025-10-15
DEV_004422,FP_1936969376,2025-07-19
DEV_004423,FP_2441655613,2025-03-18
DEV_004424,FP_4661934619,2025-01-29
DEV_004425,FP_7982886606,2025-02-26
DEV_004426,FP_5874561414,2025-04-16
DEV_004427,FP_1479486500,2025-05-28
DEV_004428,FP_6625780746,2025-11-25
DEV_004429,FP_8157737519,2025-04-11
DEV_004430,FP_4541210213,2025-05-11
DEV_004431,FP_3205113412,2025-04-05
DEV_004432,FP_7875439553,2025-07-31
DEV_004433,FP_1215156150,2025-08-24
DEV_004434,FP_8340319218,2025-07-26
DEV_004435,FP_8238336233,2025-12-15
DEV_004436,FP_8991873375,2025-12-29
DEV_004437,FP_1805319465,2025-11-07
DEV_004438,FP_1969826337,2025-10-27
DEV_004439,FP_8854775414,2025-05-28
DEV_004440,FP_5277364903,2025-08-11
DEV_004441,FP_4531046566,2025-05-23
DEV_004442,FP_6159642085,2025-10-20
DEV_004443,FP_1527247631,2025-03-16
DEV_004444,FP_6793445528,2025-04-02
DEV_004445,FP_9505748381,2025-01-20
DEV_004446,FP_7081479046,2025-08-21
DEV_004447,FP_5180816010,2025-09-18
DEV_004448,FP_9647928896,2025-01-03
DEV_004449,FP_7196647724,2025-07-18
DEV_004450,FP_1512643921,2025-06-01
DEV_004451,FP_7030418785,2025-10-23
DEV_004452,FP_1537262764,2025-01-20
DEV_004453,FP_3765068944,2025-01-24
DEV_004454,FP_6541151323,2025-08-25
DEV_004455,FP_2940544145,2025-08-15
DEV_004456,FP_1343702661,2025-11-05
DEV_004457,FP_6561583198,2025-08-16
DEV_004458,FP_3572715545,2025-12-14
DEV_004459,FP_5796678018,2025-05-09
DEV_004460,FP_3350310209,2025-06-08
DEV_004461,FP_7177859621,2025-12-23
DEV_004462,FP_9061312519,2025-02-18
DEV_004463,FP_1779083225,2025-10-24
DEV_004464,FP_8076868168,2025-01-07
DEV_004465,FP_2404855495,2025-07-10
DEV_004466,FP_3964688084,2025-03-09
DEV_004467,FP_4216287662,2025-08-18
DEV_004468,FP_2856789900,2025-10-25
DEV_004469,FP_1677109067,2025-01-17
DEV_004470,FP_7916378321,2025-03-13
DEV_004471,FP_8142647852,2025-05-19
DEV_004472,FP_9971499612,2025-04-17
DEV_004473,FP_9411438240,2025-06-03
DEV_004474,FP_4911781810,2025-12-15
DEV_004475,FP_2200492130,2025-02-16
DEV_004476,FP_1096300072,2025-06-17
DEV_004477,FP_5783657845,2025-06-29
DEV_004478,FP_8745097696,2025-04-26
DEV_004479,FP_3411133655,2025-04-26
DEV_004480,FP_2790472311,2025-09-27
DEV_004481,FP_4950580345,2025-08-24
DEV_004482,FP_9041795207,2025-10-30
DEV_004483,FP_5065064485,2025-06-11
DEV_004484,FP_7504416153,2025-08-21
DEV_004485,FP_5162735891,2025-11-25
DEV_004486,FP_4356629932,2025-11-11
DEV_004487,FP_4968208490,2025-12-04
DEV_004488,FP_7915604793,2025-04-22
DEV_004489,FP_7789654502,2025-12-26
DEV_004490,FP_4885823607,2025-10-31
DEV_004491,FP_3408556828,2025-10-24
DEV_004492,FP_2252143351,2025-09-11
DEV_004493,FP_1012327249,2025-12-25
DEV_004494,FP_2019318247,2025-06-24
DEV_004495,FP_2481897386,2025-10-06
DEV_004496,FP_7209440118,2025-09-21
DEV_004497,FP_8361242891,2025-10-02
DEV_004498,FP_7632510995,2025-10-09
DEV_004499,FP_7509094904,2025-03-23
DEV_004500,FP_9948885531,2025-05-22
DEV_004501,FP_9663379652,2025-06-06
DEV_004502,FP_3419624755,2025-10-08
DEV_004503,FP_2305906745,2025-09-27
DEV_004504,FP_2379684141,2025-11-05
DEV_004505,FP_9060460035,2025-10-21
DEV_004506,FP_1921121631,2025-08-17
DEV_004507,FP_4061297519,2025-03-04
DEV_004508,FP_5773118755,2025-08-31
DEV_004509,FP_6521054532,2025-11-23
DEV_004510,FP_6361593739,2025-09-02
DEV_004511,FP_8077669498,2025-11-26
DEV_004512,FP_6145239371,2025-12-30
DEV_004513,FP_8659418853,2025-05-25
DEV_004514,FP_1761672016,2025-09-29
DEV_004515,FP_8730689081,2025-07-29
DEV_004516,FP_6310028446,2025-06-29
DEV_004517,FP_3006393092,2025-04-11
DEV_004518,FP_9799688697,2025-04-13
DEV_004519,FP_9457608462,2025-03-21
DEV_004520,FP_8611532394,2025-08-29
DEV_004521,FP_9204365219,2025-03-04
DEV_004522,FP_4439275489,2025-06-20
DEV_004523,FP_3050243851,2025-07-23
DEV_004524,FP_2646134754,2025-06-23
DEV_004525,FP_8863839715,2025-11-13
DEV_004526,FP_8439682139,2025-06-24
DEV_004527,FP_9828445449,2025-02-08
DEV_004528,FP_8634268912,2025-12-28
DEV_004529,FP_6691293224,2025-11-09
DEV_004530,FP_2280535757,2025-09-08
DEV_004531,FP_2483627845,2025-10-11
DEV_004532,FP_5263295740,2025-02-27
DEV_004533,FP_7910159779,2025-10-14
DEV_004534,FP_2559478511,2025-03-30
DEV_004535,FP_9239657570,2025-07-11
DEV_004536,FP_7154116573,2025-03-18
DEV_004537,FP_3810781813,2025-10-10
DEV_004538,FP_8971836328,2025-04-14
DEV_004539,FP_6387673313,2025-04-16
DEV_004540,FP_7598426337,2025-02-19
DEV_004541,FP_4468979855,2025-09-29
DEV_004542,FP_4541954853,2025-05-02
DEV_004543,FP_1113558134,2025-07-21
DEV_004544,FP_5841118204,2025-05-16
DEV_004545,FP_7847171251,2025-10-17
DEV_004546,FP_9719420621,2025-04-06
DEV_004547,FP_9030041529,2025-12-11
DEV_004548,FP_1782919822,2025-05-12
DEV_004549,FP_9824681082,2025-02-17
DEV_004550,FP_2345326200,2025-04-11
DEV_004551,FP_1370028685,2025-02-04
DEV_004552,FP_7740368518,2025-07-04
DEV_004553,FP_9152978052,2025-04-15
DEV_004554,FP_9548046153,2025-11-23
DEV_004555,FP_8424784969,2025-07-21
DEV_004556,FP_2844155941,2025-04-09
DEV_004557,FP_2386026230,2025-06-27
DEV_004558,FP_1530716298,2025-03-25
DEV_004559,FP_6237721718,2025-03-19
DEV_004560,FP_5384990584,2025-05-04
DEV_004561,FP_1983552475,2025-02-19
DEV_004562,FP_5183444067,2025-03-23
DEV_004563,FP_6105912314,2025-12-10
DEV_004564,FP_7506591790,2025-09-10
DEV_004565,FP_4727778129,2025-12-05
DEV_004566,FP_3865172023,2025-04-18
DEV_004567,FP_6991112782,2025-11-13
DEV_004568,FP_7158012786,2025-05-26
DEV_004569,FP_3433857009,2025-03-05
DEV_004570,FP_1178407740,2025-10-27
DEV_004571,FP_9511215126,2025-01-29
DEV_004572,FP_7797577657,2025-06-11
DEV_004573,FP_2809939009,2025-11-01
DEV_004574,FP_6090990858,2025-08-24
DEV_004575,FP_6354527775,2025-07-21
DEV_004576,FP_2133897687,2025-05-23
DEV_004577,FP_2724913785,2025-02-05
DEV_004578,FP_9610358647,2025-12-28
DEV_004579,FP_5572097739,2025-03-17
DEV_004580,FP_2722979974,2025-04-17
DEV_004581,FP_8178172786,2025-04-10
DEV_004582,FP_5235159722,2025-11-30
DEV_004583,FP_6745708748,2025-10-13
DEV_004584,FP_3677513802,2025-06-30
DEV_004585,FP_1521136884,2025-12-16
DEV_004586,FP_2484498011,2025-01-26
DEV_004587,FP_9757332127,2025-11-25
DEV_004588,FP_6612295921,2025-01-30
DEV_004589,FP_8479766786,2025-06-06
DEV_004590,FP_1193676021,2025-01-27
DEV_004591,FP_7889162509,2025-12-30
DEV_004592,FP_5364568598,2025-12-02
DEV_004593,FP_6987770891,2025-08-13
DEV_004594,FP_4223845362,2025-04-03
DEV_004595,FP_6587819440,2025-04-25
DEV_004596,FP_1320577910,2025-06-27
DEV_004597,FP_1410298412,2025-05-12
DEV_004598,FP_8189527688,2025-01-12
DEV_004599,FP_2120187410,2025-09-07
DEV_004600,FP_1125855411,2025-08-23
DEV_004601,FP_9212108405,2025-11-29
DEV_004602,FP_3389785864,2025-07-06
DEV_004603,FP_6241439469,2025-05-20
DEV_004604,FP_8550252734,2025-07-19
DEV_004605,FP_7713163714,2025-03-25
DEV_004606,FP_1419650387,2025-08-27
DEV_004607,FP_6048538307,2025-10-15
DEV_004608,FP_5876180803,2025-03-09
DEV_004609,FP_4150721603,2025-05-10
DEV_004610,FP_7782066831,2025-11-17
DEV_004611,FP_9676050920,2025-07-17
DEV_004612,FP_2324679885,2025-07-26
DEV_004613,FP_2307016033,2025-09-29
DEV_004614,FP_7612624174,2025-08-11
DEV_004615,FP_5089747691,2025-02-03
DEV_004616,FP_8156970374,2025-10-27
DEV_004617,FP_2269698486,2025-12-05
DEV_004618,FP_1358717897,2025-01-27
DEV_004619,FP_7281406672,2025-02-24
DEV_004620,FP_9952399475,2025-09-22
DEV_004621,FP_1853183892,2025-08-20
DEV_004622,FP_8779041004,2025-06-03
DEV_004623,FP_4467607666,2025-07-28
DEV_004624,FP_1151105907,2025-09-23
DEV_004625,FP_5590196136,2025-07-16
DEV_004626,FP_3509687863,2025-03-04
DEV_004627,FP_7240628272,2025-02-11
DEV_004628,FP_3590475601,2025-06-23
DEV_004629,FP_5335301110,2025-12-05
DEV_004630,FP_2805087261,2025-08-04
DEV_004631,FP_8452915821,2025-05-25
DEV_004632,FP_9328883155,2025-11-30
DEV_004633,FP_4630021787,2025-06-05
DEV_004634,FP_5039920292,2025-07-18
DEV_004635,FP_9844153057,2025-02-22
DEV_004636,FP_2279039290,2025-10-04
DEV_004637,FP_8277575630,2025-09-22
DEV_004638,FP_6105507452,2025-10-23
DEV_004639,FP_8926609787,2025-05-13
DEV_004640,FP_3631856903,2025-06-22
DEV_004641,FP_3665421695,2025-03-15
DEV_004642,FP_3932379532,2025-12-19
DEV_004643,FP_1149679740,2025-02-10
DEV_004644,FP_2529036091,2025-09-04
DEV_004645,FP_9951279769,2025-09-23
DEV_004646,FP_3240537163,2025-03-11
DEV_004647,FP_1179253879,2025-05-28
DEV_004648,FP_3506862826,2025-01-22
DEV_004649,FP_4675511511,2025-08-03
DEV_004650,FP_5930085512,2025-12-29
DEV_004651,FP_1617094178,2025-06-20
DEV_004652,FP_8113860276,2025-12-27
DEV_004653,FP_8429511412,2025-02-26
DEV_004654,FP_2918445209,2025-06-06
DEV_004655,FP_8185763693,2025-11-28
DEV_004656,FP_4252842166,2025-11-20
DEV_004657,FP_4807991600,2025-05-12
DEV_004658,FP_9427494287,2025-09-14
DEV_004659,FP_9027139517,2025-11-23
DEV_004660,FP_4375996418,2025-10-14
DEV_004661,FP_5392992751,2025-08-28
DEV_004662,FP_3578714092,2025-03-09
DEV_004663,FP_5638908324,2025-02-04
DEV_004664,FP_7137171124,2025-08-23
DEV_004665,FP_1834009275,2025-07-15
DEV_004666,FP_9278570134,2025-04-11
DEV_004667,FP_7469865712,2025-05-01
DEV_004668,FP_1870774148,2025-06-06
DEV_004669,FP_8820900926,2025-07-13
DEV_004670,FP_7693145795,2025-06-06
DEV_004671,FP_3818141351,2025-06-05
DEV_004672,FP_5692897794,2025-02-22
DEV_004673,FP_8741175931,2025-11-16
DEV_004674,FP_9713130606,2025-08-21
DEV_004675,FP_3529696563,2025-03-06
DEV_004676,FP_6855023640,2025-06-18
DEV_004677,FP_8742222315,2025-06-15
DEV_004678,FP_9893501638,2025-08-19
DEV_004679,FP_1636466397,2025-08-21
DEV_004680,FP_5532597691,2025-09-03
DEV_004681,FP_8862991855,2025-09-21
DEV_004682,FP_1028423118,2025-02-17
DEV_004683,FP_4935116976,2025-05-05
DEV_004684,FP_6257788516,2025-01-10
DEV_004685,FP_5738412776,2025-06-29
DEV_004686,FP_7594954176,2025-06-20
DEV_004687,FP_1589698782,2025-10-03
DEV_004688,FP_8068750511,2025-03-14
DEV_004689,FP_3548534824,2025-08-29
DEV_004690,FP_8418064477,2025-05-06
DEV_004691,FP_4775391340,2025-06-03
DEV_004692,FP_1386267326,2025-09-28
DEV_004693,FP_9675232890,2025-02-03
DEV_004694,FP_8024943613,2025-05-19
DEV_004695,FP_4130344290,2025-06-06
DEV_004696,FP_3430246313,2025-09-27
DEV_004697,FP_6300673555,2025-03-27
DEV_004698,FP_9885651424,2025-12-13
DEV_004699,FP_3611501417,2025-12-30
DEV_004700,FP_9534440049,2025-11-01
DEV_004701,FP_3973484076,2025-05-04
DEV_004702,FP_7336879886,2025-09-09
DEV_004703,FP_4435609219,2025-02-08
DEV_004704,FP_1765470015,2025-11-18
DEV_004705,FP_9425704289,2025-07-20
DEV_004706,FP_2475351952,2025-03-18
DEV_004707,FP_9502223211,2025-05-14
DEV_004708,FP_1929761433,2025-10-26
DEV_004709,FP_3402527004,2025-11-18
DEV_004710,FP_9288311487,2025-07-21
DEV_004711,FP_6926867765,2025-07-08
DEV_004712,FP_2705350922,2025-10-09
DEV_004713,FP_6328839802,2025-11-03
DEV_004714,FP_2623520872,2025-10-13
DEV_004715,FP_8869978608,2025-06-03
DEV_004716,FP_1448457465,2025-09-02
DEV_004717,FP_5767999279,2025-11-13
DEV_004718,FP_1571257232,2025-03-08
DEV_004719,FP_7255204758,2025-06-05
DEV_004720,FP_9422175115,2025-01-28
DEV_004721,FP_8479598046,2025-06-12
DEV_004722,FP_4345550426,2025-10-16
DEV_004723,FP_3132144149,2025-03-26
DEV_004724,FP_2089247431,2025-07-29
DEV_004725,FP_8862615885,2025-01-19
DEV_004726,FP_1729982161,2025-11-27
DEV_004727,FP_6659462723,2025-11-01
DEV_004728,FP_4305407225,2025-07-23
DEV_004729,FP_9962004864,2025-09-24
DEV_004730,FP_5579409821,2025-02-17
DEV_004731,FP_5939118546,2025-11-09
DEV_004732,FP_9260999064,2025-09-27
DEV_004733,FP_9726732128,2025-02-23
DEV_004734,FP_6252728149,2025-12-24
DEV_004735,FP_8165638671,2025-01-12
DEV_004736,FP_6712900741,2025-08-28
DEV_004737,FP_4846604175,2025-03-16
DEV_004738,FP_1515838215,2025-09-28
DEV_004739,FP_7459694861,2025-02-03
DEV_004740,FP_7302364950,2025-02-07
DEV_004741,FP_2050320760,2025-07-03
DEV_004742,FP_3070619874,2025-12-29
DEV_004743,FP_7589153681,2025-04-25
DEV_004744,FP_2347407798,2025-08-23
DEV_004745,FP_7218415309,2025-07-21
DEV_004746,FP_7461794720,2025-11-08
DEV_004747,FP_4180094703,2025-04-29
DEV_004748,FP_3323636647,2025-08-03
DEV_004749,FP_4357354699,2025-12-14
DEV_004750,FP_4232769592,2025-05-16
DEV_004751,FP_6463178250,2025-06-23
DEV_004752,FP_7694634696,2025-11-24
DEV_004753,FP_8755773712,2025-05-16
DEV_004754,FP_1269930555,2025-06-02
DEV_004755,FP_7538964015,2025-05-05
DEV_004756,FP_3827674164,2025-10-28
DEV_004757,FP_8547778095,2025-12-08
DEV_004758,FP_1681452637,2025-08-29
DEV_004759,FP_5960570591,2025-08-26
DEV_004760,FP_5938062307,2025-06-05
DEV_004761,FP_3938603159,2025-01-08
DEV_004762,FP_9732759375,2025-03-17
DEV_004763,FP_1962308360,2025-03-06
DEV_004764,FP_2227575101,2025-02-22
DEV_004765,FP_6798336383,2025-09-06
DEV_004766,FP_5628693021,2025-03-02
DEV_004767,FP_3380204156,2025-02-09
DEV_004768,FP_3738446167,2025-06-03
DEV_004769,FP_2413209778,2025-04-15
DEV_004770,FP_8809877249,2025-03-06
DEV_004771,FP_6125669857,2025-03-06
DEV_004772,FP_3203511185,2025-04-17
DEV_004773,FP_4540786818,2025-07-27
DEV_004774,FP_9160165487,2025-10-11
DEV_004775,FP_8981570453,2025-11-12
DEV_004776,FP_1621960219,2025-10-09
DEV_004777,FP_6886901243,2025-08-28
DEV_004778,FP_2376740538,2025-11-30
DEV_004779,FP_2897950289,2025-07-21
DEV_004780,FP_8777868329,2025-08-30
DEV_004781,FP_9056712856,2025-06-13
DEV_004782,FP_1744227242,2025-05-14
DEV_004783,FP_8865309964,2025-05-15
DEV_004784,FP_7556441974,2025-03-07
DEV_004785,FP_7981393268,2025-10-24
DEV_004786,FP_8126337948,2025-01-27
DEV_004787,FP_5565099445,2025-09-13
DEV_004788,FP_9522168785,2025-11-16
DEV_004789,FP_2803236435,2025-07-14
DEV_004790,FP_5544685967,2025-02-03
DEV_004791,FP_3866973218,2025-06-19
DEV_004792,FP_8401881184,2025-05-20
DEV_004793,FP_1744306409,2025-12-26
DEV_004794,FP_4903106381,2025-09-19
DEV_004795,FP_7961298905,2025-09-29
DEV_004796,FP_3811068203,2025-07-20
DEV_004797,FP_3164286558,2025-09-25
DEV_004798,FP_3362942392,2025-09-29
DEV_004799,FP_7422310965,2025-02-01
DEV_004800,FP_3581044082,2025-04-05
DEV_004801,FP_4624151908,2025-01-08
DEV_004802,FP_5911012786,2025-07-18
DEV_004803,FP_9466840709,2025-11-20
DEV_004804,FP_8149128038,2025-08-22
DEV_004805,FP_2667534977,2025-07-15
DEV_004806,FP_8947758091,2025-12-06
DEV_004807,FP_8602906897,2025-03-16
DEV_004808,FP_7707020675,2025-02-05
DEV_004809,FP_5652153772,2025-12-03
DEV_004810,FP_1628334597,2025-11-28
DEV_004811,FP_7403547171,2025-09-16
DEV_004812,FP_5665079533,2025-04-14
DEV_004813,FP_3787974332,2025-12-21
DEV_004814,FP_1089442000,2025-10-14
DEV_004815,FP_3079440826,2025-09-13
DEV_004816,FP_6451211597,2025-04-05
DEV_004817,FP_2010759276,2025-07-19
DEV_004818,FP_6898768358,2025-11-02
DEV_004819,FP_8377048798,2025-11-14
DEV_004820,FP_3863605066,2025-08-05
DEV_004821,FP_1737869855,2025-07-23
DEV_004822,FP_2257289113,2025-09-21
DEV_004823,FP_4221180392,2025-07-24
DEV_004824,FP_8320908274,2025-06-15
DEV_004825,FP_6708508476,2025-02-09
DEV_004826,FP_8810988831,2025-02-26
DEV_004827,FP_9949844012,2025-10-12
DEV_004828,FP_2823095825,2025-01-14
DEV_004829,FP_7253392925,2025-01-26
DEV_004830,FP_5198650300,2025-11-29
DEV_004831,FP_5441302548,2025-09-23
DEV_004832,FP_3930232631,2025-01-03
DEV_004833,FP_4082609934,2025-05-08
DEV_004834,FP_7086537534,2025-10-13
DEV_004835,FP_6587226254,2025-06-15
DEV_004836,FP_3866532135,2025-07-04
DEV_004837,FP_2067228269,2025-06-30
DEV_004838,FP_6204171585,2025-03-28
DEV_004839,FP_7654567103,2025-09-29
DEV_004840,FP_6027596111,2025-02-17
DEV_004841,FP_1032856061,2025-07-17
DEV_004842,FP_3540839611,2025-03-15
DEV_004843,FP_8007214055,2025-01-24
DEV_004844,FP_7682933846,2025-03-05
DEV_004845,FP_1093692272,2025-11-17
DEV_004846,FP_5232666094,2025-03-18
DEV_004847,FP_4935863553,2025-04-26
DEV_004848,FP_6870532385,2025-03-03
DEV_004849,FP_2124820360,2025-10-04
DEV_004850,FP_6592737095,2025-06-25
DEV_004851,FP_9522262180,2025-12-12
DEV_004852,FP_4345745811,2025-09-09
DEV_004853,FP_4036207758,2025-07-26
DEV_004854,FP_1254461629,2025-09-07
DEV_004855,FP_1516555530,2025-01-21
DEV_004856,FP_9384152021,2025-12-14
DEV_004857,FP_9779516617,2025-12-16
DEV_004858,FP_1050775303,2025-04-25
DEV_004859,FP_9106117176,2025-08-28
DEV_004860,FP_2565640275,2025-03-28
DEV_004861,FP_6052228467,2025-07-31
DEV_004862,FP_7103268311,2025-10-15
DEV_004863,FP_4231528394,2025-12-11
DEV_004864,FP_5760892825,2025-05-18
DEV_004865,FP_6647879692,2025-09-19
DEV_004866,FP_2745336694,2025-09-27
DEV_004867,FP_9948309593,2025-04-04
DEV_004868,FP_2834936520,2025-08-28
DEV_004869,FP_1093046182,2025-09-06
DEV_004870,FP_9498561327,2025-10-13
DEV_004871,FP_4862149307,2025-12-30
DEV_004872,FP_4587577469,2025-01-21
DEV_004873,FP_3481041865,2025-03-28
DEV_004874,FP_1232487341,2025-03-06
DEV_004875,FP_3381113740,2025-03-09
DEV_004876,FP_4539703082,2025-06-28
DEV_004877,FP_5682963239,2025-11-20
DEV_004878,FP_5118797980,2025-06-26
DEV_004879,FP_8911325868,2025-09-11
DEV_004880,FP_9201968756,2025-06-01
DEV_004881,FP_3854394296,2025-05-11
DEV_004882,FP_9635991343,2025-11-06
DEV_004883,FP_8784407548,2025-09-06
DEV_004884,FP_9348713347,2025-05-22
DEV_004885,FP_7356977940,2025-12-02
DEV_004886,FP_2784446589,2025-07-14
DEV_004887,FP_2757050133,2025-03-22
DEV_004888,FP_9177864066,2025-07-09
DEV_004889,FP_5563409138,2025-09-13
DEV_004890,FP_9014205763,2025-05-28
DEV_004891,FP_7484930911,2025-11-09
DEV_004892,FP_2912610738,2025-07-26
DEV_004893,FP_4462838380,2025-07-03
DEV_004894,FP_9710426934,2025-11-14
DEV_004895,FP_1176244852,2025-07-01
DEV_004896,FP_7431254767,2025-06-14
DEV_004897,FP_9809017272,2025-02-17
DEV_004898,FP_1937322513,2025-05-27
DEV_004899,FP_3447935694,2025-06-08
DEV_004900,FP_5923118085,2025-03-20
DEV_004901,FP_8593884348,2025-08-14
DEV_004902,FP_5558606828,2025-03-05
DEV_004903,FP_1536364422,2025-04-05
DEV_004904,FP_2144658909,2025-08-05
DEV_004905,FP_4383490319,2025-04-22
DEV_004906,FP_3902866063,2025-09-01
DEV_004907,FP_2977107680,2025-09-18
DEV_004908,FP_8561158624,2025-05-04
DEV_004909,FP_1241935153,2025-02-10
DEV_004910,FP_8464098229,2025-07-11
DEV_004911,FP_9295121561,2025-02-12
DEV_004912,FP_6670999220,2025-07-20
DEV_004913,FP_6628153586,2025-09-30
DEV_004914,FP_2341159416,2025-08-25
DEV_004915,FP_6114859643,2025-06-26
DEV_004916,FP_4376569545,2025-12-13
DEV_004917,FP_3061447853,2025-02-16
DEV_004918,FP_6249966002,2025-11-21
DEV_004919,FP_1010714203,2025-10-25
DEV_004920,FP_3487715123,2025-06-16
DEV_004921,FP_6904378217,2025-03-09
DEV_004922,FP_5095365494,2025-03-10
DEV_004923,FP_2310764864,2025-12-05
DEV_004924,FP_1011863005,2025-04-09
DEV_004925,FP_3433953826,2025-11-19
DEV_004926,FP_5941533753,2025-07-16
DEV_004927,FP_5810910085,2025-07-01
DEV_004928,FP_2179647094,2025-08-25
DEV_004929,FP_6523274286,2025-04-02
DEV_004930,FP_9990319403,2025-06-19
DEV_004931,FP_6263802155,2025-12-10
DEV_004932,FP_5748743580,2025-04-11
DEV_004933,FP_6603698111,2025-12-05
DEV_004934,FP_8917038011,2025-12-29
DEV_004935,FP_9513994101,2025-01-26
DEV_004936,FP_1369301641,2025-07-26
DEV_004937,FP_2844944226,2025-03-16
DEV_004938,FP_2041876575,2025-08-26
DEV_004939,FP_7951184070,2025-12-27
DEV_004940,FP_1410065730,2025-11-27
DEV_004941,FP_9123714522,2025-12-06
DEV_004942,FP_1184998284,2025-04-01
DEV_004943,FP_6422921315,2025-07-29
DEV_004944,FP_3480185745,2025-04-09
DEV_004945,FP_5235071723,2025-11-27
DEV_004946,FP_4976973225,2025-03-24
DEV_004947,FP_7740039435,2025-03-09
DEV_004948,FP_5469778909,2025-01-07
DEV_004949,FP_4790987470,2025-03-20
DEV_004950,FP_7572493922,2025-03-23
DEV_004951,FP_9332262272,2025-02-06
DEV_004952,FP_8145301612,2025-11-17
DEV_004953,FP_7630453282,2025-10-19
DEV_004954,FP_5389498729,2025-04-17
DEV_004955,FP_9101942183,2025-10-20
DEV_004956,FP_5376821116,2025-06-17
DEV_004957,FP_9372572066,2025-10-17
DEV_004958,FP_8226300360,2025-05-12
DEV_004959,FP_2352342120,2025-08-06
DEV_004960,FP_1422929554,2025-06-02
DEV_004961,FP_7667701181,2025-03-22
DEV_004962,FP_7172552453,2025-08-13
DEV_004963,FP_6418799915,2025-10-09
DEV_004964,FP_9786153519,2025-10-10
DEV_004965,FP_5908627429,2025-05-24
DEV_004966,FP_4131098803,2025-07-21
DEV_004967,FP_6084692656,2025-10-13
DEV_004968,FP_1255705772,2025-01-27
DEV_004969,FP_6213378110,2025-02-04
DEV_004970,FP_9121871844,2025-06-01
DEV_004971,FP_1038970616,2025-04-05
DEV_004972,FP_8607734308,2025-05-31
DEV_004973,FP_8217360046,2025-02-13
DEV_004974,FP_1954928168,2025-08-16
DEV_004975,FP_8621474437,2025-09-12
DEV_004976,FP_7871907390,2025-10-23
DEV_004977,FP_5419418117,2025-09-05
DEV_004978,FP_3206925445,2025-06-08
DEV_004979,FP_3592903742,2025-12-09
DEV_004980,FP_6510474328,2025-09-30
DEV_004981,FP_3216735994,2025-07-24
DEV_004982,FP_3928201080,2025-03-30
DEV_004983,FP_9377545879,2025-09-04
DEV_004984,FP_7563957547,2025-08-15
DEV_004985,FP_7624666446,2025-09-16
DEV_004986,FP_9603427798,2025-10-19
DEV_004987,FP_1052146178,2025-12-03
DEV_004988,FP_3200372590,2025-12-14
DEV_004989,FP_6921765665,2025-08-29
DEV_004990,FP_4944443804,2025-12-19
DEV_004991,FP_2015244533,2025-12-01
DEV_004992,FP_8031103173,2025-01-02
DEV_004993,FP_1423652806,2025-08-31
DEV_004994,FP_5894660009,2025-03-19
DEV_004995,FP_6062178983,2025-05-02
DEV_004996,FP_6723651875,2025-05-03
DEV_004997,FP_3840636724,2025-07-09
DEV_004998,FP_1212408471,2025-01-07
DEV_004999,FP_9000849573,2025-04-10
