fraud_ring_id,fraud_type,entity_type,entity_id
RING_FAKE_SELLER_00000,fake_listing,listing,LISTING_000000
RING_FAKE_SELLER_00000,fake_listing,listing,LISTING_000014
RING_FAKE_SELLER_00001,fake_listing,listing,LISTING_000033
RING_FAKE_SELLER_00001,fake_listing,listing,LISTING_000040
RING_FAKE_SELLER_00001,fake_listing,listing,LISTING_000044
RING_FAKE_SELLER_00001,fake_listing,listing,LISTING_000059
RING_FAKE_SELLER_00001,fake_listing,listing,LISTING_000066
RING_FAKE_SELLER_00007,fake_listing,listing,LISTING_000157
RING_FAKE_SELLER_00007,fake_listing,listing,LISTING_000166
RING_FAKE_SELLER_00010,fake_listing,listing,LISTING_000294
RING_FAKE_SELLER_00016,fake_listing,listing,LISTING_000623
RING_FAKE_SELLER_00016,fake_listing,listing,LISTING_000724
RING_FAKE_SELLER_00016,fake_listing,listing,LISTING_000745
RING_FAKE_SELLER_00018,fake_listing,listing,LISTING_000892
RING_FAKE_SELLER_00018,fake_listing,listing,LISTING_000896
RING_FAKE_SELLER_00018,fake_listing,listing,LISTING_000898
RING_FAKE_SELLER_00018,fake_listing,listing,LISTING_000899
RING_FAKE_SELLER_00021,fake_listing,listing,LISTING_001119
RING_FAKE_SELLER_00022,fake_listing,listing,LISTING_001128
RING_FAKE_SELLER_00022,fake_listing,listing,LISTING_001131
RING_FAKE_SELLER_00022,fake_listing,listing,LISTING_001132
RING_FAKE_SELLER_00022,fake_listing,listing,LISTING_001139
RING_FAKE_SELLER_00022,fake_listing,listing,LISTING_001140
RING_FAKE_SELLER_00022,fake_listing,listing,LISTING_001151
RING_FAKE_SELLER_00023,fake_listing,listing,LISTING_001165
RING_FAKE_SELLER_00023,fake_listing,listing,LISTING_001166
RING_FAKE_SELLER_00023,fake_listing,listing,LISTING_001171
RING_FAKE_SELLER_00023,fake_listing,listing,LISTING_001172
RING_FAKE_SELLER_00023,fake_listing,listing,LISTING_001186
RING_FAKE_SELLER_00023,fake_listing,listing,LISTING_001191
RING_FAKE_SELLER_00023,fake_listing,listing,LISTING_001193
RING_FAKE_SELLER_00024,fake_listing,listing,LISTING_001210
RING_FAKE_SELLER_00026,fake_listing,listing,LISTING_001409
RING_FAKE_SELLER_00032,fake_listing,listing,LISTING_001576
RING_FAKE_SELLER_00032,fake_listing,listing,LISTING_001586
RING_FAKE_SELLER_00032,fake_listing,listing,LISTING_001594
RING_FAKE_SELLER_00032,fake_listing,listing,LISTING_001604
RING_FAKE_SELLER_00032,fake_listing,listing,LISTING_001606
RING_FAKE_SELLER_00032,fake_listing,listing,LISTING_001607
RING_FAKE_SELLER_00032,fake_listing,listing,LISTING_001611
RING_FAKE_SELLER_00045,fake_listing,listing,LISTING_002009
RING_FAKE_SELLER_00046,fake_listing,listing,LISTING_002031
RING_FAKE_SELLER_00050,fake_listing,listing,LISTING_002241
RING_FAKE_SELLER_00051,fake_listing,listing,LISTING_002249
RING_FAKE_SELLER_00051,fake_listing,listing,LISTING_002252
RING_FAKE_SELLER_00051,fake_listing,listing,LISTING_002269
RING_FAKE_SELLER_00051,fake_listing,listing,LISTING_002275
RING_FAKE_SELLER_00054,fake_listing,listing,LISTING_002362
RING_FAKE_SELLER_00056,fake_listing,listing,LISTING_002407
RING_FAKE_SELLER_00056,fake_listing,listing,LISTING_002409
RING_FAKE_SELLER_00056,fake_listing,listing,LISTING_002414
RING_FAKE_SELLER_00056,fake_listing,listing,LISTING_002431
RING_FAKE_SELLER_00059,fake_listing,listing,LISTING_002530
RING_FAKE_SELLER_00059,fake_listing,listing,LISTING_002531
RING_FAKE_SELLER_00059,fake_listing,listing,LISTING_002532
RING_FAKE_SELLER_00059,fake_listing,listing,LISTING_002533
RING_FAKE_SELLER_00059,fake_listing,listing,LISTING_002536
RING_FAKE_SELLER_00062,fake_listing,listing,LISTING_002590
RING_FAKE_SELLER_00062,fake_listing,listing,LISTING_002592
RING_FAKE_SELLER_00062,fake_listing,listing,LISTING_002593
RING_FAKE_SELLER_00062,fake_listing,listing,LISTING_002597
RING_FAKE_SELLER_00062,fake_listing,listing,LISTING_002601
RING_FAKE_SELLER_00065,fake_listing,listing,LISTING_002729
RING_FAKE_SELLER_00066,fake_listing,listing,LISTING_002785
RING_FAKE_SELLER_00066,fake_listing,listing,LISTING_002787
RING_FAKE_SELLER_00066,fake_listing,listing,LISTING_002792
RING_FAKE_SELLER_00066,fake_listing,listing,LISTING_002805
RING_FAKE_SELLER_00066,fake_listing,listing,LISTING_002809
RING_FAKE_SELLER_00066,fake_listing,listing,LISTING_002814
RING_FAKE_SELLER_00066,fake_listing,listing,LISTING_002816
RING_FAKE_SELLER_00067,fake_listing,listing,LISTING_002856
RING_FAKE_SELLER_00067,fake_listing,listing,LISTING_002864
RING_FAKE_SELLER_00068,fake_listing,listing,LISTING_002876
RING_FAKE_SELLER_00068,fake_listing,listing,LISTING_002878
RING_FAKE_SELLER_00068,fake_listing,listing,LISTING_002883
RING_FAKE_SELLER_00068,fake_listing,listing,LISTING_002890
RING_FAKE_SELLER_00068,fake_listing,listing,LISTING_002901
RING_FAKE_SELLER_00069,fake_listing,listing,LISTING_002909
RING_FAKE_SELLER_00069,fake_listing,listing,LISTING_002928
RING_FAKE_SELLER_00069,fake_listing,listing,LISTING_002929
RING_FAKE_SELLER_00069,fake_listing,listing,LISTING_002930
RING_FAKE_SELLER_00073,fake_listing,listing,LISTING_003037
RING_FAKE_SELLER_00078,fake_listing,listing,LISTING_003193
RING_FAKE_SELLER_00078,fake_listing,listing,LISTING_003195
RING_FAKE_SELLER_00078,fake_listing,listing,LISTING_003197
RING_FAKE_SELLER_00078,fake_listing,listing,LISTING_003201
RING_FAKE_SELLER_00078,fake_listing,listing,LISTING_003216
RING_FAKE_SELLER_00078,fake_listing,listing,LISTING_003233
RING_FAKE_SELLER_00078,fake_listing,listing,LISTING_003240
RING_FAKE_SELLER_00078,fake_listing,listing,LISTING_003256
RING_FAKE_SELLER_00079,fake_listing,listing,LISTING_003257
RING_FAKE_SELLER_00079,fake_listing,listing,LISTING_003269
RING_FAKE_SELLER_00079,fake_listing,listing,LISTING_003277
RING_FAKE_SELLER_00079,fake_listing,listing,LISTING_003286
RING_FAKE_SELLER_00079,fake_listing,listing,LISTING_003290
RING_FAKE_SELLER_00079,fake_listing,listing,LISTING_003292
RING_FAKE_SELLER_00079,fake_listing,listing,LISTING_003305
RING_FAKE_SELLER_00090,fake_listing,listing,LISTING_003689
RING_FAKE_SELLER_00091,fake_listing,listing,LISTING_003709
RING_FAKE_SELLER_00091,fake_listing,listing,LISTING_003711
RING_FAKE_SELLER_00091,fake_listing,listing,LISTING_003715
RING_FAKE_SELLER_00091,fake_listing,listing,LISTING_003718
RING_FAKE_SELLER_00093,fake_listing,listing,LISTING_003793
RING_FAKE_SELLER_00093,fake_listing,listing,LISTING_003800
RING_FAKE_SELLER_00093,fake_listing,listing,LISTING_003803
RING_FAKE_SELLER_00093,fake_listing,listing,LISTING_003807
RING_FAKE_SELLER_00096,fake_listing,listing,LISTING_003890
RING_FAKE_SELLER_00101,fake_listing,listing,LISTING_004046
RING_FAKE_SELLER_00101,fake_listing,listing,LISTING_004059
RING_FAKE_SELLER_00102,fake_listing,listing,LISTING_004111
RING_FAKE_SELLER_00108,fake_listing,listing,LISTING_004227
RING_FAKE_SELLER_00108,fake_listing,listing,LISTING_004236
RING_FAKE_SELLER_00108,fake_listing,listing,LISTING_004250
RING_FAKE_SELLER_00108,fake_listing,listing,LISTING_004268
RING_FAKE_SELLER_00109,fake_listing,listing,LISTING_004285
RING_FAKE_SELLER_00110,fake_listing,listing,LISTING_004325
RING_FAKE_SELLER_00110,fake_listing,listing,LISTING_004326
RING_FAKE_SELLER_00115,fake_listing,listing,LISTING_004581
RING_FAKE_SELLER_00115,fake_listing,listing,LISTING_004587
RING_FAKE_SELLER_00116,fake_listing,listing,LISTING_004614
RING_FAKE_SELLER_00117,fake_listing,listing,LISTING_004637
RING_FAKE_SELLER_00119,fake_listing,listing,LISTING_004652
RING_FAKE_SELLER_00119,fake_listing,listing,LISTING_004657
RING_FAKE_SELLER_00121,fake_listing,listing,LISTING_004715
RING_FAKE_SELLER_00123,fake_listing,listing,LISTING_004952
RING_FAKE_SELLER_00123,fake_listing,listing,LISTING_005017
RING_FAKE_SELLER_00124,fake_listing,listing,LISTING_005026
RING_FAKE_SELLER_00124,fake_listing,listing,LISTING_005027
RING_FAKE_SELLER_00124,fake_listing,listing,LISTING_005038
RING_FAKE_SELLER_00124,fake_listing,listing,LISTING_005045
RING_FAKE_SELLER_00124,fake_listing,listing,LISTING_005051
RING_FAKE_SELLER_00125,fake_listing,listing,LISTING_005076
RING_FAKE_SELLER_00125,fake_listing,listing,LISTING_005083
RING_FAKE_SELLER_00125,fake_listing,listing,LISTING_005087
RING_FAKE_SELLER_00125,fake_listing,listing,LISTING_005088
RING_FAKE_SELLER_00125,fake_listing,listing,LISTING_005093
RING_FAKE_SELLER_00125,fake_listing,listing,LISTING_005095
RING_FAKE_SELLER_00127,fake_listing,listing,LISTING_005171
RING_FAKE_SELLER_00127,fake_listing,listing,LISTING_005173
RING_FAKE_SELLER_00128,fake_listing,listing,LISTING_005198
RING_FAKE_SELLER_00128,fake_listing,listing,LISTING_005199
RING_FAKE_SELLER_00128,fake_listing,listing,LISTING_005203
RING_FAKE_SELLER_00128,fake_listing,listing,LISTING_005204
RING_FAKE_SELLER_00128,fake_listing,listing,LISTING_005208
RING_FAKE_SELLER_00128,fake_listing,listing,LISTING_005219
RING_FAKE_SELLER_00128,fake_listing,listing,LISTING_005244
RING_FAKE_SELLER_00128,fake_listing,listing,LISTING_005250
RING_FAKE_SELLER_00128,fake_listing,listing,LISTING_005253
RING_FAKE_SELLER_00128,fake_listing,listing,LISTING_005265
RING_FAKE_SELLER_00131,fake_listing,listing,LISTING_005334
RING_FAKE_SELLER_00132,fake_listing,listing,LISTING_005343
RING_FAKE_SELLER_00136,fake_listing,listing,LISTING_005419
RING_FAKE_SELLER_00136,fake_listing,listing,LISTING_005423
RING_FAKE_SELLER_00136,fake_listing,listing,LISTING_005427
RING_FAKE_SELLER_00136,fake_listing,listing,LISTING_005430
RING_FAKE_SELLER_00136,fake_listing,listing,LISTING_005432
RING_FAKE_SELLER_00138,fake_listing,listing,LISTING_005474
RING_FAKE_SELLER_00138,fake_listing,listing,LISTING_005482
RING_FAKE_SELLER_00138,fake_listing,listing,LISTING_005483
RING_FAKE_SELLER_00143,fake_listing,listing,LISTING_005706
RING_FAKE_SELLER_00148,fake_listing,listing,LISTING_005919
RING_FAKE_SELLER_00148,fake_listing,listing,LISTING_005921
RING_FAKE_SELLER_00148,fake_listing,listing,LISTING_005933
RING_FAKE_SELLER_00148,fake_listing,listing,LISTING_005956
RING_FAKE_SELLER_00148,fake_listing,listing,LISTING_005958
RING_FAKE_SELLER_00148,fake_listing,listing,LISTING_005971
RING_FAKE_SELLER_00148,fake_listing,listing,LISTING_005974
RING_FAKE_SELLER_00150,fake_listing,listing,LISTING_005990
RING_FAKE_SELLER_00152,fake_listing,listing,LISTING_006103
RING_FAKE_SELLER_00153,fake_listing,listing,LISTING_006216
RING_FAKE_SELLER_00157,fake_listing,listing,LISTING_006415
RING_FAKE_SELLER_00158,fake_listing,listing,LISTING_006440
RING_FAKE_SELLER_00159,fake_listing,listing,LISTING_006454
RING_FAKE_SELLER_00159,fake_listing,listing,LISTING_006465
RING_FAKE_SELLER_00168,fake_listing,listing,LISTING_006783
RING_FAKE_SELLER_00172,fake_listing,listing,LISTING_006938
RING_FAKE_SELLER_00172,fake_listing,listing,LISTING_006998
RING_FAKE_SELLER_00175,fake_listing,listing,LISTING_007133
RING_FAKE_SELLER_00177,fake_listing,listing,LISTING_007220
RING_FAKE_SELLER_00177,fake_listing,listing,LISTING_007225
RING_FAKE_SELLER_00177,fake_listing,listing,LISTING_007232
RING_FAKE_SELLER_00177,fake_listing,listing,LISTING_007236
RING_FAKE_SELLER_00177,fake_listing,listing,LISTING_007238
RING_FAKE_SELLER_00177,fake_listing,listing,LISTING_007245
RING_FAKE_SELLER_00177,fake_listing,listing,LISTING_007262
RING_FAKE_SELLER_00177,fake_listing,listing,LISTING_007263
RING_FAKE_SELLER_00177,fake_listing,listing,LISTING_007268
RING_FAKE_SELLER_00178,fake_listing,listing,LISTING_007393
RING_FAKE_SELLER_00180,fake_listing,listing,LISTING_007451
RING_FAKE_SELLER_00180,fake_listing,listing,LISTING_007452
RING_FAKE_SELLER_00180,fake_listing,listing,LISTING_007453
RING_FAKE_SELLER_00180,fake_listing,listing,LISTING_007463
RING_FAKE_SELLER_00180,fake_listing,listing,LISTING_007471
RING_FAKE_SELLER_00180,fake_listing,listing,LISTING_007475
RING_FAKE_SELLER_00180,fake_listing,listing,LISTING_007482
RING_FAKE_SELLER_00180,fake_listing,listing,LISTING_007485
RING_FAKE_SELLER_00180,fake_listing,listing,LISTING_007492
RING_FAKE_SELLER_00180,fake_listing,listing,LISTING_007500
RING_FAKE_SELLER_00181,fake_listing,listing,LISTING_007505
RING_FAKE_SELLER_00181,fake_listing,listing,LISTING_007520
RING_FAKE_SELLER_00181,fake_listing,listing,LISTING_007524
RING_FAKE_SELLER_00181,fake_listing,listing,LISTING_007529
RING_FAKE_SELLER_00186,fake_listing,listing,LISTING_007850
RING_FAKE_SELLER_00190,fake_listing,listing,LISTING_008031
RING_FAKE_SELLER_00192,fake_listing,listing,LISTING_008134
RING_FAKE_SELLER_00193,fake_listing,listing,LISTING_008166
RING_FAKE_SELLER_00197,fake_listing,listing,LISTING_008252
RING_FAKE_SELLER_00197,fake_listing,listing,LISTING_008260
RING_FAKE_SELLER_00197,fake_listing,listing,LISTING_008266
RING_FAKE_SELLER_00197,fake_listing,listing,LISTING_008271
RING_FAKE_SELLER_00200,fake_listing,listing,LISTING_008486
RING_FAKE_SELLER_00204,fake_listing,listing,LISTING_008580
RING_FAKE_SELLER_00204,fake_listing,listing,LISTING_008598
RING_FAKE_SELLER_00204,fake_listing,listing,LISTING_008601
RING_FAKE_SELLER_00205,fake_listing,listing,LISTING_008609
RING_FAKE_SELLER_00205,fake_listing,listing,LISTING_008610
RING_FAKE_SELLER_00205,fake_listing,listing,LISTING_008613
RING_FAKE_SELLER_00207,fake_listing,listing,LISTING_008688
RING_FAKE_SELLER_00207,fake_listing,listing,LISTING_008689
RING_FAKE_SELLER_00207,fake_listing,listing,LISTING_008690
RING_FAKE_SELLER_00207,fake_listing,listing,LISTING_008697
RING_FAKE_SELLER_00212,fake_listing,listing,LISTING_008854
RING_FAKE_SELLER_00212,fake_listing,listing,LISTING_008856
RING_FAKE_SELLER_00212,fake_listing,listing,LISTING_008858
RING_FAKE_SELLER_00212,fake_listing,listing,LISTING_008860
RING_FAKE_SELLER_00212,fake_listing,listing,LISTING_008872
RING_FAKE_SELLER_00212,fake_listing,listing,LISTING_008873
RING_FAKE_SELLER_00212,fake_listing,listing,LISTING_008874
RING_FAKE_SELLER_00215,fake_listing,listing,LISTING_008982
RING_FAKE_SELLER_00228,fake_listing,listing,LISTING_009284
RING_FAKE_SELLER_00230,fake_listing,listing,LISTING_009326
RING_FAKE_SELLER_00235,fake_listing,listing,LISTING_009626
RING_FAKE_SELLER_00235,fake_listing,listing,LISTING_009629
RING_FAKE_SELLER_00235,fake_listing,listing,LISTING_009630
RING_FAKE_SELLER_00239,fake_listing,listing,LISTING_009836
RING_FAKE_SELLER_00239,fake_listing,listing,LISTING_009845
RING_FAKE_SELLER_00243,fake_listing,listing,LISTING_010012
RING_FAKE_SELLER_00244,fake_listing,listing,LISTING_010023
RING_FAKE_SELLER_00244,fake_listing,listing,LISTING_010028
RING_FAKE_SELLER_00244,fake_listing,listing,LISTING_010035
RING_FAKE_SELLER_00244,fake_listing,listing,LISTING_010041
RING_FAKE_SELLER_00244,fake_listing,listing,LISTING_010043
RING_FAKE_SELLER_00244,fake_listing,listing,LISTING_010047
RING_FAKE_SELLER_00244,fake_listing,listing,LISTING_010049
RING_FAKE_SELLER_00244,fake_listing,listing,LISTING_010055
RING_FAKE_SELLER_00244,fake_listing,listing,LISTING_010057
RING_FAKE_SELLER_00244,fake_listing,listing,LISTING_010058
RING_FAKE_SELLER_00244,fake_listing,listing,LISTING_010063
RING_FAKE_SELLER_00244,fake_listing,listing,LISTING_010069
RING_FAKE_SELLER_00244,fake_listing,listing,LISTING_010074
RING_FAKE_SELLER_00244,fake_listing,listing,LISTING_010079
RING_FAKE_SELLER_00244,fake_listing,listing,LISTING_010090
RING_FAKE_SELLER_00244,fake_listing,listing,LISTING_010099
RING_FAKE_SELLER_00244,fake_listing,listing,LISTING_010105
RING_FAKE_SELLER_00244,fake_listing,listing,LISTING_010111
RING_FAKE_SELLER_00246,fake_listing,listing,LISTING_010216
RING_FAKE_SELLER_00247,fake_listing,listing,LISTING_010221
RING_FAKE_SELLER_00247,fake_listing,listing,LISTING_010234
RING_FAKE_SELLER_00249,fake_listing,listing,LISTING_010310
RING_FAKE_SELLER_00252,fake_listing,listing,LISTING_010358
RING_FAKE_SELLER_00256,fake_listing,listing,LISTING_010457
RING_FAKE_SELLER_00258,fake_listing,listing,LISTING_010489
RING_FAKE_SELLER_00258,fake_listing,listing,LISTING_010497
RING_FAKE_SELLER_00258,fake_listing,listing,LISTING_010499
RING_FAKE_SELLER_00258,fake_listing,listing,LISTING_010507
RING_FAKE_SELLER_00258,fake_listing,listing,LISTING_010510
RING_FAKE_SELLER_00258,fake_listing,listing,LISTING_010512
RING_FAKE_SELLER_00258,fake_listing,listing,LISTING_010515
RING_FAKE_SELLER_00258,fake_listing,listing,LISTING_010518
RING_FAKE_SELLER_00258,fake_listing,listing,LISTING_010524
RING_FAKE_SELLER_00258,fake_listing,listing,LISTING_010527
RING_FAKE_SELLER_00271,fake_listing,listing,LISTING_010896
RING_FAKE_SELLER_00275,fake_listing,listing,LISTING_010968
RING_FAKE_SELLER_00275,fake_listing,listing,LISTING_010990
RING_FAKE_SELLER_00275,fake_listing,listing,LISTING_011004
RING_FAKE_SELLER_00275,fake_listing,listing,LISTING_011005
RING_FAKE_SELLER_00275,fake_listing,listing,LISTING_011010
RING_FAKE_SELLER_00275,fake_listing,listing,LISTING_011031
RING_FAKE_SELLER_00275,fake_listing,listing,LISTING_011034
RING_FAKE_SELLER_00275,fake_listing,listing,LISTING_011039
RING_FAKE_SELLER_00275,fake_listing,listing,LISTING_011052
RING_FAKE_SELLER_00275,fake_listing,listing,LISTING_011093
RING_FAKE_SELLER_00275,fake_listing,listing,LISTING_011095
RING_FAKE_SELLER_00275,fake_listing,listing,LISTING_011108
RING_FAKE_SELLER_00275,fake_listing,listing,LISTING_011121
RING_FAKE_SELLER_00275,fake_listing,listing,LISTING_011122
RING_FAKE_SELLER_00275,fake_listing,listing,LISTING_011142
RING_FAKE_SELLER_00275,fake_listing,listing,LISTING_011144
RING_FAKE_SELLER_00275,fake_listing,listing,LISTING_011156
RING_FAKE_SELLER_00275,fake_listing,listing,LISTING_011159
RING_FAKE_SELLER_00275,fake_listing,listing,LISTING_011164
RING_FAKE_SELLER_00275,fake_listing,listing,LISTING_011170
RING_FAKE_SELLER_00275,fake_listing,listing,LISTING_011183
RING_FAKE_SELLER_00275,fake_listing,listing,LISTING_011186
RING_FAKE_SELLER_00275,fake_listing,listing,LISTING_011188
RING_FAKE_SELLER_00275,fake_listing,listing,LISTING_011193
RING_FAKE_SELLER_00275,fake_listing,listing,LISTING_011199
RING_FAKE_SELLER_00275,fake_listing,listing,LISTING_011203
RING_FAKE_SELLER_00275,fake_listing,listing,LISTING_011206
RING_FAKE_SELLER_00276,fake_listing,listing,LISTING_011221
RING_FAKE_SELLER_00276,fake_listing,listing,LISTING_011223
RING_FAKE_SELLER_00276,fake_listing,listing,LISTING_011228
RING_FAKE_SELLER_00276,fake_listing,listing,LISTING_011229
RING_FAKE_SELLER_00276,fake_listing,listing,LISTING_011237
RING_FAKE_SELLER_00276,fake_listing,listing,LISTING_011246
RING_FAKE_SELLER_00276,fake_listing,listing,LISTING_011247
RING_FAKE_SELLER_00276,fake_listing,listing,LISTING_011254
RING_FAKE_SELLER_00289,fake_listing,listing,LISTING_011654
RING_FAKE_SELLER_00290,fake_listing,listing,LISTING_011726
RING_FAKE_SELLER_00292,fake_listing,listing,LISTING_011795
RING_FAKE_SELLER_00292,fake_listing,listing,LISTING_011804
RING_FAKE_SELLER_00292,fake_listing,listing,LISTING_011818
RING_FAKE_SELLER_00292,fake_listing,listing,LISTING_011822
RING_FAKE_SELLER_00297,fake_listing,listing,LISTING_011979
RING_FAKE_SELLER_00297,fake_listing,listing,LISTING_011981
RING_FAKE_SELLER_00297,fake_listing,listing,LISTING_011996
RING_FAKE_SELLER_00297,fake_listing,listing,LISTING_012002
RING_FAKE_SELLER_00297,fake_listing,listing,LISTING_012014
RING_FAKE_SELLER_00297,fake_listing,listing,LISTING_012018
RING_FAKE_SELLER_00297,fake_listing,listing,LISTING_012024
RING_FAKE_SELLER_00297,fake_listing,listing,LISTING_012025
RING_FAKE_SELLER_00297,fake_listing,listing,LISTING_012028
RING_FAKE_SELLER_00298,fake_listing,listing,LISTING_012038
RING_FAKE_SELLER_00299,fake_listing,listing,LISTING_012073
RING_FAKE_SELLER_00299,fake_listing,listing,LISTING_012087
RING_FAKE_SELLER_00299,fake_listing,listing,LISTING_012089
RING_FAKE_SELLER_00305,fake_listing,listing,LISTING_012238
RING_FAKE_SELLER_00305,fake_listing,listing,LISTING_012247
RING_FAKE_SELLER_00305,fake_listing,listing,LISTING_012250
RING_FAKE_SELLER_00305,fake_listing,listing,LISTING_012257
RING_FAKE_SELLER_00305,fake_listing,listing,LISTING_012262
RING_FAKE_SELLER_00305,fake_listing,listing,LISTING_012263
RING_FAKE_SELLER_00305,fake_listing,listing,LISTING_012265
RING_FAKE_SELLER_00305,fake_listing,listing,LISTING_012270
RING_FAKE_SELLER_00305,fake_listing,listing,LISTING_012282
RING_FAKE_SELLER_00305,fake_listing,listing,LISTING_012296
RING_FAKE_SELLER_00305,fake_listing,listing,LISTING_012303
RING_FAKE_SELLER_00305,fake_listing,listing,LISTING_012308
RING_FAKE_SELLER_00305,fake_listing,listing,LISTING_012313
RING_FAKE_SELLER_00306,fake_listing,listing,LISTING_012320
RING_FAKE_SELLER_00313,fake_listing,listing,LISTING_012589
RING_FAKE_SELLER_00315,fake_listing,listing,LISTING_012833
RING_FAKE_SELLER_00315,fake_listing,listing,LISTING_012839
RING_FAKE_SELLER_00322,fake_listing,listing,LISTING_013117
RING_FAKE_SELLER_00322,fake_listing,listing,LISTING_013120
RING_FAKE_SELLER_00326,fake_listing,listing,LISTING_013213
RING_FAKE_SELLER_00326,fake_listing,listing,LISTING_013242
RING_FAKE_SELLER_00329,fake_listing,listing,LISTING_013363
RING_FAKE_SELLER_00330,fake_listing,listing,LISTING_013370
RING_FAKE_SELLER_00331,fake_listing,listing,LISTING_013392
RING_FAKE_SELLER_00331,fake_listing,listing,LISTING_013398
RING_FAKE_SELLER_00331,fake_listing,listing,LISTING_013418
RING_FAKE_SELLER_00335,fake_listing,listing,LISTING_013521
RING_FAKE_SELLER_00335,fake_listing,listing,LISTING_013523
RING_FAKE_SELLER_00335,fake_listing,listing,LISTING_013529
RING_FAKE_SELLER_00335,fake_listing,listing,LISTING_013530
RING_FAKE_SELLER_00335,fake_listing,listing,LISTING_013532
RING_FAKE_SELLER_00335,fake_listing,listing,LISTING_013540
RING_FAKE_SELLER_00338,fake_listing,listing,LISTING_013576
RING_FAKE_SELLER_00342,fake_listing,listing,LISTING_013745
RING_FAKE_SELLER_00342,fake_listing,listing,LISTING_013754
RING_FAKE_SELLER_00344,fake_listing,listing,LISTING_013788
RING_FAKE_SELLER_00344,fake_listing,listing,LISTING_013807
RING_FAKE_SELLER_00344,fake_listing,listing,LISTING_013808
RING_FAKE_SELLER_00344,fake_listing,listing,LISTING_013810
RING_FAKE_SELLER_00344,fake_listing,listing,LISTING_013816
RING_FAKE_SELLER_00349,fake_listing,listing,LISTING_014000
RING_FAKE_SELLER_00349,fake_listing,listing,LISTING_014007
RING_FAKE_SELLER_00349,fake_listing,listing,LISTING_014013
RING_FAKE_SELLER_00349,fake_listing,listing,LISTING_014014
RING_FAKE_SELLER_00349,fake_listing,listing,LISTING_014027
RING_FAKE_SELLER_00349,fake_listing,listing,LISTING_014031
RING_FAKE_SELLER_00349,fake_listing,listing,LISTING_014042
RING_FAKE_SELLER_00352,fake_listing,listing,LISTING_014118
RING_FAKE_SELLER_00352,fake_listing,listing,LISTING_014124
RING_FAKE_SELLER_00352,fake_listing,listing,LISTING_014125
RING_FAKE_SELLER_00352,fake_listing,listing,LISTING_014130
RING_FAKE_SELLER_00352,fake_listing,listing,LISTING_014133
RING_FAKE_SELLER_00352,fake_listing,listing,LISTING_014139
RING_FAKE_SELLER_00352,fake_listing,listing,LISTING_014158
RING_FAKE_SELLER_00352,fake_listing,listing,LISTING_014159
RING_FAKE_SELLER_00354,fake_listing,listing,LISTING_014205
RING_FAKE_SELLER_00355,fake_listing,listing,LISTING_014271
RING_FAKE_SELLER_00355,fake_listing,listing,LISTING_014275
RING_FAKE_SELLER_00355,fake_listing,listing,LISTING_014277
RING_FAKE_SELLER_00355,fake_listing,listing,LISTING_014278
RING_FAKE_SELLER_00355,fake_listing,listing,LISTING_014282
RING_FAKE_SELLER_00357,fake_listing,listing,LISTING_014352
RING_FAKE_SELLER_00358,fake_listing,listing,LISTING_014381
RING_FAKE_SELLER_00358,fake_listing,listing,LISTING_014407
RING_FAKE_SELLER_00359,fake_listing,listing,LISTING_014437
RING_FAKE_SELLER_00360,fake_listing,listing,LISTING_014461
RING_FAKE_SELLER_00376,fake_listing,listing,LISTING_014898
RING_FAKE_SELLER_00376,fake_listing,listing,LISTING_014948
RING_FAKE_SELLER_00377,fake_listing,listing,LISTING_015097
RING_FAKE_SELLER_00377,fake_listing,listing,LISTING_015123
RING_FAKE_SELLER_00378,fake_listing,listing,LISTING_015182
RING_FAKE_SELLER_00386,fake_listing,listing,LISTING_015368
RING_FAKE_SELLER_00386,fake_listing,listing,LISTING_015370
RING_FAKE_SELLER_00386,fake_listing,listing,LISTING_015374
RING_FAKE_SELLER_00386,fake_listing,listing,LISTING_015377
RING_FAKE_SELLER_00386,fake_listing,listing,LISTING_015388
RING_FAKE_SELLER_00386,fake_listing,listing,LISTING_015395
RING_FAKE_SELLER_00386,fake_listing,listing,LISTING_015402
RING_FAKE_SELLER_00386,fake_listing,listing,LISTING_015408
RING_FAKE_SELLER_00386,fake_listing,listing,LISTING_015409
RING_FAKE_SELLER_00387,fake_listing,listing,LISTING_015477
RING_FAKE_SELLER_00393,fake_listing,listing,LISTING_015725
RING_FAKE_SELLER_00393,fake_listing,listing,LISTING_015726
RING_FAKE_SELLER_00393,fake_listing,listing,LISTING_015727
RING_FAKE_SELLER_00393,fake_listing,listing,LISTING_015756
RING_FAKE_SELLER_00393,fake_listing,listing,LISTING_015762
RING_FAKE_SELLER_00396,fake_listing,listing,LISTING_015801
RING_FAKE_SELLER_00396,fake_listing,listing,LISTING_015805
RING_FAKE_SELLER_00399,fake_listing,listing,LISTING_015839
RING_FAKE_SELLER_00409,fake_listing,listing,LISTING_016282
RING_FAKE_SELLER_00411,fake_listing,listing,LISTING_016319
RING_FAKE_SELLER_00411,fake_listing,listing,LISTING_016324
RING_FAKE_SELLER_00411,fake_listing,listing,LISTING_016334
RING_FAKE_SELLER_00411,fake_listing,listing,LISTING_016339
RING_FAKE_SELLER_00411,fake_listing,listing,LISTING_016343
RING_FAKE_SELLER_00411,fake_listing,listing,LISTING_016344
RING_FAKE_SELLER_00413,fake_listing,listing,LISTING_016432
RING_FAKE_SELLER_00415,fake_listing,listing,LISTING_016447
RING_FAKE_SELLER_00415,fake_listing,listing,LISTING_016453
RING_FAKE_SELLER_00415,fake_listing,listing,LISTING_016464
RING_FAKE_SELLER_00418,fake_listing,listing,LISTING_016562
RING_FAKE_SELLER_00419,fake_listing,listing,LISTING_016624
RING_FAKE_SELLER_00419,fake_listing,listing,LISTING_016625
RING_FAKE_SELLER_00419,fake_listing,listing,LISTING_016628
RING_FAKE_SELLER_00421,fake_listing,listing,LISTING_016656
RING_FAKE_SELLER_00421,fake_listing,listing,LISTING_016666
RING_FAKE_SELLER_00421,fake_listing,listing,LISTING_016679
RING_FAKE_SELLER_00421,fake_listing,listing,LISTING_016683
RING_FAKE_SELLER_00421,fake_listing,listing,LISTING_016685
RING_FAKE_SELLER_00421,fake_listing,listing,LISTING_016695
RING_FAKE_SELLER_00421,fake_listing,listing,LISTING_016707
RING_FAKE_SELLER_00421,fake_listing,listing,LISTING_016710
RING_FAKE_SELLER_00421,fake_listing,listing,LISTING_016713
RING_FAKE_SELLER_00423,fake_listing,listing,LISTING_016777
RING_FAKE_SELLER_00423,fake_listing,listing,LISTING_016799
RING_FAKE_SELLER_00424,fake_listing,listing,LISTING_016860
RING_FAKE_SELLER_00424,fake_listing,listing,LISTING_016876
RING_FAKE_SELLER_00424,fake_listing,listing,LISTING_016896
RING_FAKE_SELLER_00428,fake_listing,listing,LISTING_017031
RING_FAKE_SELLER_00428,fake_listing,listing,LISTING_017045
RING_FAKE_SELLER_00430,fake_listing,listing,LISTING_017096
RING_FAKE_SELLER_00436,fake_listing,listing,LISTING_017230
RING_FAKE_SELLER_00436,fake_listing,listing,LISTING_017236
RING_FAKE_SELLER_00436,fake_listing,listing,LISTING_017244
RING_FAKE_SELLER_00436,fake_listing,listing,LISTING_017246
RING_FAKE_SELLER_00436,fake_listing,listing,LISTING_017247
RING_FAKE_SELLER_00436,fake_listing,listing,LISTING_017251
RING_FAKE_SELLER_00436,fake_listing,listing,LISTING_017258
RING_FAKE_SELLER_00444,fake_listing,listing,LISTING_017668
RING_FAKE_SELLER_00449,fake_listing,listing,LISTING_017775
RING_FAKE_SELLER_00451,fake_listing,listing,LISTING_017857
RING_FAKE_SELLER_00451,fake_listing,listing,LISTING_017860
RING_FAKE_SELLER_00451,fake_listing,listing,LISTING_017876
RING_FAKE_SELLER_00451,fake_listing,listing,LISTING_017892
RING_FAKE_SELLER_00451,fake_listing,listing,LISTING_017908
RING_FAKE_SELLER_00451,fake_listing,listing,LISTING_017914
RING_FAKE_SELLER_00455,fake_listing,listing,LISTING_018101
RING_FAKE_SELLER_00460,fake_listing,listing,LISTING_018352
RING_FAKE_SELLER_00462,fake_listing,listing,LISTING_018455
RING_FAKE_SELLER_00463,fake_listing,listing,LISTING_018539
RING_FAKE_SELLER_00464,fake_listing,listing,LISTING_018626
RING_FAKE_SELLER_00464,fake_listing,listing,LISTING_018636
RING_FAKE_SELLER_00464,fake_listing,listing,LISTING_018641
RING_FAKE_SELLER_00466,fake_listing,listing,LISTING_018670
RING_FAKE_SELLER_00476,fake_listing,listing,LISTING_019210
RING_FAKE_SELLER_00476,fake_listing,listing,LISTING_019217
RING_FAKE_SELLER_00476,fake_listing,listing,LISTING_019235
RING_FAKE_SELLER_00477,fake_listing,listing,LISTING_019252
RING_FAKE_SELLER_00479,fake_listing,listing,LISTING_019336
RING_FAKE_SELLER_00479,fake_listing,listing,LISTING_019344
RING_FAKE_SELLER_00481,fake_listing,listing,LISTING_019368
RING_FAKE_SELLER_00481,fake_listing,listing,LISTING_019373
RING_FAKE_SELLER_00481,fake_listing,listing,LISTING_019383
RING_FAKE_SELLER_00481,fake_listing,listing,LISTING_019386
RING_FAKE_SELLER_00481,fake_listing,listing,LISTING_019387
RING_FAKE_SELLER_00481,fake_listing,listing,LISTING_019392
RING_FAKE_SELLER_00481,fake_listing,listing,LISTING_019395
RING_FAKE_SELLER_00481,fake_listing,listing,LISTING_019400
RING_FAKE_SELLER_00494,fake_listing,listing,LISTING_019784
RING_FAKE_SELLER_00494,fake_listing,listing,LISTING_019793
RING_FAKE_SELLER_00494,fake_listing,listing,LISTING_019800
RING_FAKE_SELLER_00494,fake_listing,listing,LISTING_019803
RING_FAKE_SELLER_00494,fake_listing,listing,LISTING_019813
RING_FAKE_SELLER_00494,fake_listing,listing,LISTING_019824
RING_FAKE_SELLER_00494,fake_listing,listing,LISTING_019829
RING_FAKE_SELLER_00495,fake_listing,listing,LISTING_019843
RING_FAKE_SELLER_00495,fake_listing,listing,LISTING_019848
RING_FAKE_SELLER_00495,fake_listing,listing,LISTING_019849
RING_FAKE_SELLER_00495,fake_listing,listing,LISTING_019853
RING_FAKE_SELLER_00495,fake_listing,listing,LISTING_019855
RING_FAKE_SELLER_00495,fake_listing,listing,LISTING_019859
RING_FAKE_SELLER_00495,fake_listing,listing,LISTING_019878
RING_FAKE_SELLER_00495,fake_listing,listing,LISTING_019879
RING_FAKE_SELLER_00495,fake_listing,listing,LISTING_019889
RING_ABUSE_BUYER_00435,return_abuse,buyer,BUYER_00435
RING_ABUSE_BUYER_01030,return_abuse,buyer,BUYER_01030
RING_ABUSE_BUYER_00212,return_abuse,buyer,BUYER_00212
RING_ABUSE_BUYER_04484,return_abuse,buyer,BUYER_04484
RING_ABUSE_BUYER_02874,return_abuse,buyer,BUYER_02874
RING_ABUSE_BUYER_04441,return_abuse,buyer,BUYER_04441
RING_ABUSE_BUYER_01951,return_abuse,buyer,BUYER_01951
RING_ABUSE_BUYER_00176,return_abuse,buyer,BUYER_00176
RING_ABUSE_BUYER_00753,return_abuse,buyer,BUYER_00753
RING_ABUSE_BUYER_03230,return_abuse,buyer,BUYER_03230
RING_ABUSE_BUYER_01582,return_abuse,buyer,BUYER_01582
RING_ABUSE_BUYER_03960,return_abuse,buyer,BUYER_03960
RING_ABUSE_BUYER_04787,return_abuse,buyer,BUYER_04787
RING_ABUSE_BUYER_02681,return_abuse,buyer,BUYER_02681
RING_ABUSE_BUYER_01332,return_abuse,buyer,BUYER_01332
RING_ABUSE_BUYER_04289,return_abuse,buyer,BUYER_04289
RING_ABUSE_BUYER_00639,return_abuse,buyer,BUYER_00639
RING_ABUSE_BUYER_00882,return_abuse,buyer,BUYER_00882
RING_ABUSE_BUYER_02965,return_abuse,buyer,BUYER_02965
RING_ABUSE_BUYER_00213,return_abuse,buyer,BUYER_00213
RING_ABUSE_BUYER_00754,return_abuse,buyer,BUYER_00754
RING_ABUSE_BUYER_03935,return_abuse,buyer,BUYER_03935
RING_ABUSE_BUYER_01057,return_abuse,buyer,BUYER_01057
RING_ABUSE_BUYER_01669,return_abuse,buyer,BUYER_01669
RING_ABUSE_BUYER_02320,return_abuse,buyer,BUYER_02320
RING_ABUSE_BUYER_00889,return_abuse,buyer,BUYER_00889
RING_ABUSE_BUYER_00185,return_abuse,buyer,BUYER_00185
RING_ABUSE_BUYER_01810,return_abuse,buyer,BUYER_01810
RING_ABUSE_BUYER_00258,return_abuse,buyer,BUYER_00258
RING_ABUSE_BUYER_04174,return_abuse,buyer,BUYER_04174
RING_ABUSE_BUYER_01442,return_abuse,buyer,BUYER_01442
RING_ABUSE_BUYER_04661,return_abuse,buyer,BUYER_04661
RING_ABUSE_BUYER_01848,return_abuse,buyer,BUYER_01848
RING_ABUSE_BUYER_01311,return_abuse,buyer,BUYER_01311
RING_ABUSE_BUYER_00057,return_abuse,buyer,BUYER_00057
RING_ABUSE_BUYER_03046,return_abuse,buyer,BUYER_03046
RING_ABUSE_BUYER_02583,return_abuse,buyer,BUYER_02583
RING_ABUSE_BUYER_04763,return_abuse,buyer,BUYER_04763
RING_ABUSE_BUYER_01462,return_abuse,buyer,BUYER_01462
RING_ABUSE_BUYER_02283,return_abuse,buyer,BUYER_02283
RING_ABUSE_BUYER_03527,return_abuse,buyer,BUYER_03527
RING_ABUSE_BUYER_02889,return_abuse,buyer,BUYER_02889
RING_ABUSE_BUYER_03224,return_abuse,buyer,BUYER_03224
RING_ABUSE_BUYER_03151,return_abuse,buyer,BUYER_03151
RING_ABUSE_BUYER_02574,return_abuse,buyer,BUYER_02574
RING_ABUSE_BUYER_01999,return_abuse,buyer,BUYER_01999
RING_ABUSE_BUYER_01171,return_abuse,buyer,BUYER_01171
RING_ABUSE_BUYER_00384,return_abuse,buyer,BUYER_00384
RING_ABUSE_BUYER_01747,return_abuse,buyer,BUYER_01747
RING_ABUSE_BUYER_04871,return_abuse,buyer,BUYER_04871
RING_ABUSE_BUYER_00173,return_abuse,buyer,BUYER_00173
RING_ABUSE_BUYER_01534,return_abuse,buyer,BUYER_01534
RING_ABUSE_BUYER_04889,return_abuse,buyer,BUYER_04889
RING_ABUSE_BUYER_01564,return_abuse,buyer,BUYER_01564
RING_ABUSE_BUYER_01364,return_abuse,buyer,BUYER_01364
RING_ABUSE_BUYER_03677,return_abuse,buyer,BUYER_03677
RING_ABUSE_BUYER_01547,return_abuse,buyer,BUYER_01547
RING_ABUSE_BUYER_03129,return_abuse,buyer,BUYER_03129
RING_ABUSE_BUYER_01907,return_abuse,buyer,BUYER_01907
RING_ABUSE_BUYER_03471,return_abuse,buyer,BUYER_03471
RING_ABUSE_BUYER_02607,return_abuse,buyer,BUYER_02607
RING_ABUSE_BUYER_00844,return_abuse,buyer,BUYER_00844
RING_ABUSE_BUYER_00135,return_abuse,buyer,BUYER_00135
RING_ABUSE_BUYER_04464,return_abuse,buyer,BUYER_04464
RING_ABUSE_BUYER_02274,return_abuse,buyer,BUYER_02274
RING_ABUSE_BUYER_02705,return_abuse,buyer,BUYER_02705
RING_ABUSE_BUYER_04695,return_abuse,buyer,BUYER_04695
RING_ABUSE_BUYER_00726,return_abuse,buyer,BUYER_00726
RING_ABUSE_BUYER_02614,return_abuse,buyer,BUYER_02614
RING_ABUSE_BUYER_03218,return_abuse,buyer,BUYER_03218
RING_ABUSE_BUYER_00655,return_abuse,buyer,BUYER_00655
RING_ABUSE_BUYER_01698,return_abuse,buyer,BUYER_01698
RING_ABUSE_BUYER_01118,return_abuse,buyer,BUYER_01118
RING_ABUSE_BUYER_04301,return_abuse,buyer,BUYER_04301
RING_ABUSE_BUYER_00501,return_abuse,buyer,BUYER_00501
RING_ABUSE_BUYER_02508,return_abuse,buyer,BUYER_02508
RING_ABUSE_BUYER_03522,return_abuse,buyer,BUYER_03522
RING_ABUSE_BUYER_01729,return_abuse,buyer,BUYER_01729
RING_ABUSE_BUYER_01671,return_abuse,buyer,BUYER_01671
RING_ABUSE_BUYER_02677,return_abuse,buyer,BUYER_02677
RING_ABUSE_BUYER_02436,return_abuse,buyer,BUYER_02436
RING_ABUSE_BUYER_02097,return_abuse,buyer,BUYER_02097
RING_ABUSE_BUYER_02713,return_abuse,buyer,BUYER_02713
RING_ABUSE_BUYER_03741,return_abuse,buyer,BUYER_03741
RING_ABUSE_BUYER_00434,return_abuse,buyer,BUYER_00434
RING_ABUSE_BUYER_02026,return_abuse,buyer,BUYER_02026
RING_ABUSE_BUYER_04666,return_abuse,buyer,BUYER_04666
RING_ABUSE_BUYER_03923,return_abuse,buyer,BUYER_03923
RING_ABUSE_BUYER_03798,return_abuse,buyer,BUYER_03798
RING_ABUSE_BUYER_03428,return_abuse,buyer,BUYER_03428
RING_ABUSE_BUYER_00599,return_abuse,buyer,BUYER_00599
RING_ABUSE_BUYER_02216,return_abuse,buyer,BUYER_02216
RING_ABUSE_BUYER_02822,return_abuse,buyer,BUYER_02822
RING_ABUSE_BUYER_02362,return_abuse,buyer,BUYER_02362
RING_ABUSE_BUYER_03082,return_abuse,buyer,BUYER_03082
RING_ABUSE_BUYER_01741,return_abuse,buyer,BUYER_01741
RING_ABUSE_BUYER_04985,return_abuse,buyer,BUYER_04985
RING_ABUSE_BUYER_03688,return_abuse,buyer,BUYER_03688
RING_ABUSE_BUYER_01271,return_abuse,buyer,BUYER_01271
RING_ABUSE_BUYER_04865,return_abuse,buyer,BUYER_04865
RING_ABUSE_BUYER_02479,return_abuse,buyer,BUYER_02479
RING_ABUSE_BUYER_00577,return_abuse,buyer,BUYER_00577
RING_ABUSE_BUYER_04009,return_abuse,buyer,BUYER_04009
RING_ABUSE_BUYER_01619,return_abuse,buyer,BUYER_01619
RING_ABUSE_BUYER_01151,return_abuse,buyer,BUYER_01151
RING_ABUSE_BUYER_01286,return_abuse,buyer,BUYER_01286
RING_ABUSE_BUYER_03473,return_abuse,buyer,BUYER_03473
RING_ABUSE_BUYER_01546,return_abuse,buyer,BUYER_01546
RING_ABUSE_BUYER_01983,return_abuse,buyer,BUYER_01983
RING_ABUSE_BUYER_04087,return_abuse,buyer,BUYER_04087
RING_ABUSE_BUYER_01699,return_abuse,buyer,BUYER_01699
RING_ABUSE_BUYER_04650,return_abuse,buyer,BUYER_04650
RING_ABUSE_BUYER_04729,return_abuse,buyer,BUYER_04729
RING_ABUSE_BUYER_03670,return_abuse,buyer,BUYER_03670
RING_ABUSE_BUYER_03043,return_abuse,buyer,BUYER_03043
RING_ABUSE_BUYER_01635,return_abuse,buyer,BUYER_01635
RING_ABUSE_BUYER_01681,return_abuse,buyer,BUYER_01681
RING_ABUSE_BUYER_02830,return_abuse,buyer,BUYER_02830
RING_ABUSE_BUYER_01794,return_abuse,buyer,BUYER_01794
RING_ABUSE_BUYER_04371,return_abuse,buyer,BUYER_04371
RING_ABUSE_BUYER_01578,return_abuse,buyer,BUYER_01578
RING_ABUSE_BUYER_02964,return_abuse,buyer,BUYER_02964
RING_ABUSE_BUYER_04333,return_abuse,buyer,BUYER_04333
RING_ABUSE_BUYER_00162,return_abuse,buyer,BUYER_00162
RING_ABUSE_BUYER_00335,return_abuse,buyer,BUYER_00335
RING_ABUSE_BUYER_04231,return_abuse,buyer,BUYER_04231
RING_ABUSE_BUYER_03323,return_abuse,buyer,BUYER_03323
RING_ABUSE_BUYER_01850,return_abuse,buyer,BUYER_01850
RING_ABUSE_BUYER_00112,return_abuse,buyer,BUYER_00112
RING_ABUSE_BUYER_00069,return_abuse,buyer,BUYER_00069
RING_ABUSE_BUYER_00990,return_abuse,buyer,BUYER_00990
RING_ABUSE_BUYER_01250,return_abuse,buyer,BUYER_01250
RING_ABUSE_BUYER_00028,return_abuse,buyer,BUYER_00028
RING_ABUSE_BUYER_03164,return_abuse,buyer,BUYER_03164
RING_ABUSE_BUYER_00338,return_abuse,buyer,BUYER_00338
RING_ABUSE_BUYER_00543,return_abuse,buyer,BUYER_00543
RING_ABUSE_BUYER_03283,return_abuse,buyer,BUYER_03283
RING_ABUSE_BUYER_04363,return_abuse,buyer,BUYER_04363
RING_ABUSE_BUYER_03125,return_abuse,buyer,BUYER_03125
RING_ABUSE_BUYER_04601,return_abuse,buyer,BUYER_04601
RING_ABUSE_BUYER_02258,return_abuse,buyer,BUYER_02258
RING_ABUSE_BUYER_04324,return_abuse,buyer,BUYER_04324
RING_ABUSE_BUYER_04747,return_abuse,buyer,BUYER_04747
RING_ABUSE_BUYER_02942,return_abuse,buyer,BUYER_02942
RING_ABUSE_BUYER_04218,return_abuse,buyer,BUYER_04218
RING_ABUSE_BUYER_01767,return_abuse,buyer,BUYER_01767
RING_ABUSE_BUYER_04147,return_abuse,buyer,BUYER_04147
RING_ABUSE_BUYER_00789,return_abuse,buyer,BUYER_00789
RING_ABUSE_BUYER_04215,return_abuse,buyer,BUYER_04215
RING_ABUSE_BUYER_01188,return_abuse,buyer,BUYER_01188
RING_ABUSE_BUYER_00327,return_abuse,buyer,BUYER_00327
RING_ABUSE_BUYER_02177,return_abuse,buyer,BUYER_02177
RING_ABUSE_BUYER_02209,return_abuse,buyer,BUYER_02209
RING_ABUSE_BUYER_03436,return_abuse,buyer,BUYER_03436
RING_ABUSE_BUYER_04667,return_abuse,buyer,BUYER_04667
RING_ABUSE_BUYER_02657,return_abuse,buyer,BUYER_02657
RING_ABUSE_BUYER_04818,return_abuse,buyer,BUYER_04818
RING_ABUSE_BUYER_00340,return_abuse,buyer,BUYER_00340
RING_ABUSE_BUYER_01192,return_abuse,buyer,BUYER_01192
RING_ABUSE_BUYER_03277,return_abuse,buyer,BUYER_03277
RING_ABUSE_BUYER_04285,return_abuse,buyer,BUYER_04285
RING_ABUSE_BUYER_00792,return_abuse,buyer,BUYER_00792
RING_ABUSE_BUYER_02142,return_abuse,buyer,BUYER_02142
RING_ABUSE_BUYER_04908,return_abuse,buyer,BUYER_04908
RING_ABUSE_BUYER_01683,return_abuse,buyer,BUYER_01683
RING_ABUSE_BUYER_03419,return_abuse,buyer,BUYER_03419
RING_ABUSE_BUYER_03202,return_abuse,buyer,BUYER_03202
RING_ABUSE_BUYER_02377,return_abuse,buyer,BUYER_02377
RING_ABUSE_BUYER_00657,return_abuse,buyer,BUYER_00657
RING_ABUSE_BUYER_03599,return_abuse,buyer,BUYER_03599
RING_ABUSE_BUYER_01454,return_abuse,buyer,BUYER_01454
RING_ABUSE_BUYER_03905,return_abuse,buyer,BUYER_03905
RING_ABUSE_BUYER_03042,return_abuse,buyer,BUYER_03042
RING_ABUSE_BUYER_03910,return_abuse,buyer,BUYER_03910
RING_ABUSE_BUYER_01928,return_abuse,buyer,BUYER_01928
RING_ABUSE_BUYER_03620,return_abuse,buyer,BUYER_03620
RING_ABUSE_BUYER_01652,return_abuse,buyer,BUYER_01652
RING_ABUSE_BUYER_04517,return_abuse,buyer,BUYER_04517
RING_ABUSE_BUYER_02663,return_abuse,buyer,BUYER_02663
RING_ABUSE_BUYER_02674,return_abuse,buyer,BUYER_02674
RING_ABUSE_BUYER_02044,return_abuse,buyer,BUYER_02044
RING_ABUSE_BUYER_01735,return_abuse,buyer,BUYER_01735
RING_ABUSE_BUYER_03491,return_abuse,buyer,BUYER_03491
RING_ABUSE_BUYER_01249,return_abuse,buyer,BUYER_01249
RING_ABUSE_BUYER_02025,return_abuse,buyer,BUYER_02025
RING_ABUSE_BUYER_03704,return_abuse,buyer,BUYER_03704
RING_ABUSE_BUYER_01793,return_abuse,buyer,BUYER_01793
RING_ABUSE_BUYER_00058,return_abuse,buyer,BUYER_00058
RING_ABUSE_BUYER_02287,return_abuse,buyer,BUYER_02287
RING_ABUSE_BUYER_03359,return_abuse,buyer,BUYER_03359
RING_ABUSE_BUYER_02333,return_abuse,buyer,BUYER_02333
RING_ABUSE_BUYER_03486,return_abuse,buyer,BUYER_03486
RING_ABUSE_BUYER_03843,return_abuse,buyer,BUYER_03843
RING_ABUSE_BUYER_02187,return_abuse,buyer,BUYER_02187
RING_ABUSE_BUYER_03194,return_abuse,buyer,BUYER_03194
RING_ABUSE_BUYER_01520,return_abuse,buyer,BUYER_01520
RING_ABUSE_BUYER_02410,return_abuse,buyer,BUYER_02410
RING_ABUSE_BUYER_00684,return_abuse,buyer,BUYER_00684
RING_ABUSE_BUYER_02777,return_abuse,buyer,BUYER_02777
RING_ABUSE_BUYER_02034,return_abuse,buyer,BUYER_02034
RING_ABUSE_BUYER_01426,return_abuse,buyer,BUYER_01426
RING_ABUSE_BUYER_03501,return_abuse,buyer,BUYER_03501
RING_ABUSE_BUYER_02535,return_abuse,buyer,BUYER_02535
RING_ABUSE_BUYER_04813,return_abuse,buyer,BUYER_04813
RING_ABUSE_BUYER_04159,return_abuse,buyer,BUYER_04159
RING_ABUSE_BUYER_02261,return_abuse,buyer,BUYER_02261
RING_ABUSE_BUYER_00887,return_abuse,buyer,BUYER_00887
RING_ABUSE_BUYER_01911,return_abuse,buyer,BUYER_01911
RING_ABUSE_BUYER_04089,return_abuse,buyer,BUYER_04089
RING_ABUSE_BUYER_00578,return_abuse,buyer,BUYER_00578
RING_ABUSE_BUYER_02350,return_abuse,buyer,BUYER_02350
RING_ABUSE_BUYER_03943,return_abuse,buyer,BUYER_03943
RING_ABUSE_BUYER_03507,return_abuse,buyer,BUYER_03507
RING_ABUSE_BUYER_00017,return_abuse,buyer,BUYER_00017
RING_ABUSE_BUYER_01215,return_abuse,buyer,BUYER_01215
RING_ABUSE_BUYER_01044,return_abuse,buyer,BUYER_01044
RING_ABUSE_BUYER_00041,return_abuse,buyer,BUYER_00041
RING_ABUSE_BUYER_03695,return_abuse,buyer,BUYER_03695
RING_ABUSE_BUYER_02272,return_abuse,buyer,BUYER_02272
RING_ABUSE_BUYER_04546,return_abuse,buyer,BUYER_04546
RING_ABUSE_BUYER_01427,return_abuse,buyer,BUYER_01427
RING_ABUSE_BUYER_04236,return_abuse,buyer,BUYER_04236
RING_ABUSE_BUYER_02938,return_abuse,buyer,BUYER_02938
RING_ABUSE_BUYER_04111,return_abuse,buyer,BUYER_04111
RING_ABUSE_BUYER_03627,return_abuse,buyer,BUYER_03627
RING_ABUSE_BUYER_00813,return_abuse,buyer,BUYER_00813
RING_ABUSE_BUYER_02124,return_abuse,buyer,BUYER_02124
RING_ABUSE_BUYER_02931,return_abuse,buyer,BUYER_02931
RING_ABUSE_BUYER_04740,return_abuse,buyer,BUYER_04740
RING_ABUSE_BUYER_04783,return_abuse,buyer,BUYER_04783
RING_ABUSE_BUYER_00237,return_abuse,buyer,BUYER_00237
RING_ABUSE_BUYER_03861,return_abuse,buyer,BUYER_03861
RING_ABUSE_BUYER_01408,return_abuse,buyer,BUYER_01408
RING_ABUSE_BUYER_01449,return_abuse,buyer,BUYER_01449
RING_ABUSE_BUYER_03385,return_abuse,buyer,BUYER_03385
RING_ABUSE_BUYER_00396,return_abuse,buyer,BUYER_00396
RING_ABUSE_BUYER_02157,return_abuse,buyer,BUYER_02157
RING_ABUSE_BUYER_03174,return_abuse,buyer,BUYER_03174
RING_ABUSE_BUYER_00075,return_abuse,buyer,BUYER_00075
RING_ABUSE_BUYER_04756,return_abuse,buyer,BUYER_04756
RING_ABUSE_BUYER_00733,return_abuse,buyer,BUYER_00733
RING_ABUSE_BUYER_02939,return_abuse,buyer,BUYER_02939
RING_ABUSE_BUYER_04269,return_abuse,buyer,BUYER_04269
RING_ABUSE_BUYER_02708,return_abuse,buyer,BUYER_02708
RING_ABUSE_BUYER_04348,return_abuse,buyer,BUYER_04348
RING_ABUSE_BUYER_02340,return_abuse,buyer,BUYER_02340
RING_ABUSE_BUYER_03010,return_abuse,buyer,BUYER_03010
RING_ABUSE_BUYER_04062,return_abuse,buyer,BUYER_04062
RING_ABUSE_BUYER_02143,return_abuse,buyer,BUYER_02143
RING_ABUSE_BUYER_03140,return_abuse,buyer,BUYER_03140
RING_ABUSE_BUYER_01964,return_abuse,buyer,BUYER_01964
RING_ABUSE_BUYER_03095,return_abuse,buyer,BUYER_03095
RING_ABUSE_BUYER_01017,return_abuse,buyer,BUYER_01017
RING_ABUSE_BUYER_01173,return_abuse,buyer,BUYER_01173
RING_ABUSE_BUYER_02922,return_abuse,buyer,BUYER_02922
RING_ABUSE_BUYER_03298,return_abuse,buyer,BUYER_03298
RING_ABUSE_BUYER_01561,return_abuse,buyer,BUYER_01561
RING_ABUSE_BUYER_02101,return_abuse,buyer,BUYER_02101
RING_ABUSE_BUYER_04192,return_abuse,buyer,BUYER_04192
RING_ABUSE_BUYER_00468,return_abuse,buyer,BUYER_00468
RING_ABUSE_BUYER_02631,return_abuse,buyer,BUYER_02631
RING_ABUSE_BUYER_04532,return_abuse,buyer,BUYER_04532
RING_ABUSE_BUYER_04882,return_abuse,buyer,BUYER_04882
RING_ABUSE_BUYER_02357,return_abuse,buyer,BUYER_02357
RING_ABUSE_BUYER_02868,return_abuse,buyer,BUYER_02868
RING_ABUSE_BUYER_03954,return_abuse,buyer,BUYER_03954
RING_ABUSE_BUYER_04857,return_abuse,buyer,BUYER_04857
RING_ABUSE_BUYER_03860,return_abuse,buyer,BUYER_03860
RING_ABUSE_BUYER_03770,return_abuse,buyer,BUYER_03770
RING_ABUSE_BUYER_00288,return_abuse,buyer,BUYER_00288
RING_ABUSE_BUYER_02892,return_abuse,buyer,BUYER_02892
RING_ABUSE_BUYER_01697,return_abuse,buyer,BUYER_01697
RING_ABUSE_BUYER_01527,return_abuse,buyer,BUYER_01527
RING_ABUSE_BUYER_03995,return_abuse,buyer,BUYER_03995
RING_ABUSE_BUYER_01713,return_abuse,buyer,BUYER_01713
RING_ABUSE_BUYER_04936,return_abuse,buyer,BUYER_04936
RING_ABUSE_BUYER_03618,return_abuse,buyer,BUYER_03618
RING_ABUSE_BUYER_02591,return_abuse,buyer,BUYER_02591
RING_ABUSE_BUYER_00817,return_abuse,buyer,BUYER_00817
RING_ABUSE_BUYER_00389,return_abuse,buyer,BUYER_00389
RING_ABUSE_BUYER_00516,return_abuse,buyer,BUYER_00516
RING_ABUSE_BUYER_02202,return_abuse,buyer,BUYER_02202
RING_ABUSE_BUYER_02792,return_abuse,buyer,BUYER_02792
RING_ABUSE_BUYER_04836,return_abuse,buyer,BUYER_04836
RING_ABUSE_BUYER_01183,return_abuse,buyer,BUYER_01183
RING_ABUSE_BUYER_02966,return_abuse,buyer,BUYER_02966
RING_ABUSE_BUYER_00863,return_abuse,buyer,BUYER_00863
RING_ABUSE_BUYER_04728,return_abuse,buyer,BUYER_04728
RING_ABUSE_BUYER_01972,return_abuse,buyer,BUYER_01972
RING_ABUSE_BUYER_04327,return_abuse,buyer,BUYER_04327
RING_ABUSE_BUYER_02424,return_abuse,buyer,BUYER_02424
RING_ABUSE_BUYER_00088,return_abuse,buyer,BUYER_00088
RING_ABUSE_BUYER_03249,return_abuse,buyer,BUYER_03249
RING_ABUSE_BUYER_03559,return_abuse,buyer,BUYER_03559
RING_ABUSE_BUYER_01334,return_abuse,buyer,BUYER_01334
RING_ABUSE_BUYER_03728,return_abuse,buyer,BUYER_03728
RING_ABUSE_BUYER_01005,return_abuse,buyer,BUYER_01005
RING_ABUSE_BUYER_01485,return_abuse,buyer,BUYER_01485
RING_ABUSE_BUYER_04204,return_abuse,buyer,BUYER_04204
RING_ABUSE_BUYER_03292,return_abuse,buyer,BUYER_03292
RING_ABUSE_BUYER_02472,return_abuse,buyer,BUYER_02472
RING_ABUSE_BUYER_01095,return_abuse,buyer,BUYER_01095
RING_ABUSE_BUYER_01966,return_abuse,buyer,BUYER_01966
RING_ABUSE_BUYER_02890,return_abuse,buyer,BUYER_02890
RING_ABUSE_BUYER_04394,return_abuse,buyer,BUYER_04394
RING_ABUSE_BUYER_04150,return_abuse,buyer,BUYER_04150
RING_ABUSE_BUYER_01382,return_abuse,buyer,BUYER_01382
RING_ABUSE_BUYER_02200,return_abuse,buyer,BUYER_02200
RING_ABUSE_BUYER_02041,return_abuse,buyer,BUYER_02041
RING_ABUSE_BUYER_01413,return_abuse,buyer,BUYER_01413
RING_ABUSE_BUYER_01530,return_abuse,buyer,BUYER_01530
RING_ABUSE_BUYER_04933,return_abuse,buyer,BUYER_04933
RING_ABUSE_BUYER_00363,return_abuse,buyer,BUYER_00363
RING_ABUSE_BUYER_00405,return_abuse,buyer,BUYER_00405
RING_ABUSE_BUYER_00748,return_abuse,buyer,BUYER_00748
RING_ABUSE_BUYER_03701,return_abuse,buyer,BUYER_03701
RING_ABUSE_BUYER_04282,return_abuse,buyer,BUYER_04282
RING_ABUSE_BUYER_04258,return_abuse,buyer,BUYER_04258
RING_ABUSE_BUYER_03525,return_abuse,buyer,BUYER_03525
RING_ABUSE_BUYER_04744,return_abuse,buyer,BUYER_04744
RING_ABUSE_BUYER_04755,return_abuse,buyer,BUYER_04755
RING_ABUSE_BUYER_04006,return_abuse,buyer,BUYER_04006
RING_ABUSE_BUYER_00952,return_abuse,buyer,BUYER_00952
RING_ABUSE_BUYER_02885,return_abuse,buyer,BUYER_02885
RING_ABUSE_BUYER_01614,return_abuse,buyer,BUYER_01614
RING_ABUSE_BUYER_00847,return_abuse,buyer,BUYER_00847
RING_ABUSE_BUYER_01626,return_abuse,buyer,BUYER_01626
RING_ABUSE_BUYER_04712,return_abuse,buyer,BUYER_04712
RING_ABUSE_BUYER_03683,return_abuse,buyer,BUYER_03683
RING_ABUSE_BUYER_02440,return_abuse,buyer,BUYER_02440
RING_ABUSE_BUYER_04860,return_abuse,buyer,BUYER_04860
RING_ABUSE_BUYER_03441,return_abuse,buyer,BUYER_03441
RING_ABUSE_BUYER_01297,return_abuse,buyer,BUYER_01297
RING_ABUSE_BUYER_04169,return_abuse,buyer,BUYER_04169
RING_ABUSE_BUYER_00446,return_abuse,buyer,BUYER_00446
RING_ABUSE_BUYER_04685,return_abuse,buyer,BUYER_04685
RING_ABUSE_BUYER_04992,return_abuse,buyer,BUYER_04992
RING_ABUSE_BUYER_01244,return_abuse,buyer,BUYER_01244
RING_ABUSE_BUYER_01723,return_abuse,buyer,BUYER_01723
RING_ABUSE_BUYER_01380,return_abuse,buyer,BUYER_01380
RING_ABUSE_BUYER_04676,return_abuse,buyer,BUYER_04676
RING_ABUSE_BUYER_01319,return_abuse,buyer,BUYER_01319
RING_ABUSE_BUYER_04915,return_abuse,buyer,BUYER_04915
RING_ABUSE_BUYER_01649,return_abuse,buyer,BUYER_01649
RING_ABUSE_BUYER_03011,return_abuse,buyer,BUYER_03011
RING_ABUSE_BUYER_03590,return_abuse,buyer,BUYER_03590
RING_ABUSE_BUYER_02853,return_abuse,buyer,BUYER_02853
RING_ABUSE_BUYER_04690,return_abuse,buyer,BUYER_04690
RING_ABUSE_BUYER_02724,return_abuse,buyer,BUYER_02724
RING_ABUSE_BUYER_02806,return_abuse,buyer,BUYER_02806
RING_ABUSE_BUYER_02040,return_abuse,buyer,BUYER_02040
RING_ABUSE_BUYER_01902,return_abuse,buyer,BUYER_01902
RING_ABUSE_BUYER_00222,return_abuse,buyer,BUYER_00222
RING_ABUSE_BUYER_04341,return_abuse,buyer,BUYER_04341
RING_ABUSE_BUYER_01645,return_abuse,buyer,BUYER_01645
RING_ABUSE_BUYER_04242,return_abuse,buyer,BUYER_04242
RING_ABUSE_BUYER_01479,return_abuse,buyer,BUYER_01479
RING_ABUSE_BUYER_03651,return_abuse,buyer,BUYER_03651
RING_ABUSE_BUYER_01946,return_abuse,buyer,BUYER_01946
RING_ABUSE_BUYER_03604,return_abuse,buyer,BUYER_03604
RING_ABUSE_BUYER_01510,return_abuse,buyer,BUYER_01510
RING_ABUSE_BUYER_00183,return_abuse,buyer,BUYER_00183
RING_ABUSE_BUYER_00450,return_abuse,buyer,BUYER_00450
RING_ABUSE_BUYER_01817,return_abuse,buyer,BUYER_01817
RING_ABUSE_BUYER_02672,return_abuse,buyer,BUYER_02672
RING_ABUSE_BUYER_00672,return_abuse,buyer,BUYER_00672
RING_ABUSE_BUYER_01092,return_abuse,buyer,BUYER_01092
RING_ABUSE_BUYER_01378,return_abuse,buyer,BUYER_01378
RING_ABUSE_BUYER_01167,return_abuse,buyer,BUYER_01167
RING_ABUSE_BUYER_00819,return_abuse,buyer,BUYER_00819
RING_ABUSE_BUYER_00430,return_abuse,buyer,BUYER_00430
RING_ABUSE_BUYER_00606,return_abuse,buyer,BUYER_00606
RING_ABUSE_BUYER_00256,return_abuse,buyer,BUYER_00256
RING_ABUSE_BUYER_01676,return_abuse,buyer,BUYER_01676
RING_ABUSE_BUYER_03551,return_abuse,buyer,BUYER_03551
RING_ABUSE_BUYER_03439,return_abuse,buyer,BUYER_03439
RING_ABUSE_BUYER_02332,return_abuse,buyer,BUYER_02332
RING_ABUSE_BUYER_00071,return_abuse,buyer,BUYER_00071
RING_ABUSE_BUYER_00677,return_abuse,buyer,BUYER_00677
RING_ABUSE_BUYER_01401,return_abuse,buyer,BUYER_01401
RING_ABUSE_BUYER_00788,return_abuse,buyer,BUYER_00788
RING_COORD_BUYER_01442,coordinated_fraud,buyer,BUYER_01442
RING_COORD_BUYER_01442,coordinated_fraud,buyer,BUYER_03403
RING_COORD_BUYER_00038,coordinated_fraud,buyer,BUYER_00038
RING_COORD_BUYER_00038,coordinated_fraud,buyer,BUYER_03416
RING_COORD_BUYER_02111,coordinated_fraud,buyer,BUYER_02111
RING_COORD_BUYER_02111,coordinated_fraud,buyer,BUYER_03005
RING_COORD_BUYER_03541,coordinated_fraud,buyer,BUYER_03541
RING_COORD_BUYER_03541,coordinated_fraud,buyer,BUYER_04801
RING_COORD_BUYER_04015,coordinated_fraud,buyer,BUYER_04015
RING_COORD_BUYER_04015,coordinated_fraud,buyer,BUYER_04624
RING_COORD_BUYER_01306,coordinated_fraud,buyer,BUYER_01306
RING_COORD_BUYER_01306,coordinated_fraud,buyer,BUYER_04331
RING_COORD_BUYER_00181,coordinated_fraud,buyer,BUYER_00181
RING_COORD_BUYER_00181,coordinated_fraud,buyer,BUYER_01032
RING_COORD_BUYER_00780,coordinated_fraud,buyer,BUYER_00780
RING_COORD_BUYER_00780,coordinated_fraud,buyer,BUYER_02222
RING_COORD_BUYER_01715,coordinated_fraud,buyer,BUYER_01715
RING_COORD_BUYER_01715,coordinated_fraud,buyer,BUYER_03245
RING_COORD_BUYER_03988,coordinated_fraud,buyer,BUYER_03988
RING_COORD_BUYER_03988,coordinated_fraud,buyer,BUYER_04793
RING_COORD_BUYER_01538,coordinated_fraud,buyer,BUYER_01538
RING_COORD_BUYER_01538,coordinated_fraud,buyer,BUYER_04076
RING_COORD_BUYER_00976,coordinated_fraud,buyer,BUYER_00976
RING_COORD_BUYER_00976,coordinated_fraud,buyer,BUYER_02153
RING_COORD_BUYER_03844,coordinated_fraud,buyer,BUYER_03844
RING_COORD_BUYER_03844,coordinated_fraud,buyer,BUYER_04686
RING_COORD_BUYER_00588,coordinated_fraud,buyer,BUYER_00588
RING_COORD_BUYER_00588,coordinated_fraud,buyer,BUYER_03174
RING_COORD_BUYER_00615,coordinated_fraud,buyer,BUYER_00615
RING_COORD_BUYER_00615,coordinated_fraud,buyer,BUYER_03152
RING_COORD_BUYER_01059,coordinated_fraud,buyer,BUYER_01059
RING_COORD_BUYER_01059,coordinated_fraud,buyer,BUYER_02877
RING_COORD_BUYER_02675,coordinated_fraud,buyer,BUYER_02675
RING_COORD_BUYER_02675,coordinated_fraud,buyer,BUYER_04388
RING_COORD_BUYER_01966,coordinated_fraud,buyer,BUYER_01966
RING_COORD_BUYER_01966,coordinated_fraud,buyer,BUYER_03949
RING_COORD_BUYER_04043,coordinated_fraud,buyer,BUYER_04043
RING_COORD_BUYER_04043,coordinated_fraud,buyer,BUYER_04869
RING_COORD_BUYER_03759,coordinated_fraud,buyer,BUYER_03759
RING_COORD_BUYER_03759,coordinated_fraud,buyer,BUYER_04229
RING_COORD_BUYER_02865,coordinated_fraud,buyer,BUYER_02865
RING_COORD_BUYER_02865,coordinated_fraud,buyer,BUYER_03460
RING_COORD_BUYER_01351,coordinated_fraud,buyer,BUYER_01351
RING_COORD_BUYER_01351,coordinated_fraud,buyer,BUYER_04603
RING_COORD_BUYER_00655,coordinated_fraud,buyer,BUYER_00655
RING_COORD_BUYER_00655,coordinated_fraud,buyer,BUYER_04613
RING_COORD_BUYER_04921,coordinated_fraud,buyer,BUYER_04921
RING_COORD_BUYER_04921,coordinated_fraud,buyer,BUYER_04980
RING_COORD_BUYER_04878,coordinated_fraud,buyer,BUYER_04878
RING_COORD_BUYER_04878,coordinated_fraud,buyer,BUYER_04976
RING_COORD_BUYER_02732,coordinated_fraud,buyer,BUYER_02732
RING_COORD_BUYER_02732,coordinated_fraud,buyer,BUYER_03154
RING_COORD_BUYER_02819,coordinated_fraud,buyer,BUYER_02819
RING_COORD_BUYER_02819,coordinated_fraud,buyer,BUYER_03111
RING_COORD_BUYER_00516,coordinated_fraud,buyer,BUYER_00516
RING_COORD_BUYER_00516,coordinated_fraud,buyer,BUYER_03145
RING_COORD_BUYER_00353,coordinated_fraud,buyer,BUYER_00353
RING_COORD_BUYER_00353,coordinated_fraud,buyer,BUYER_04010
RING_COORD_BUYER_01750,coordinated_fraud,buyer,BUYER_01750
RING_COORD_BUYER_01750,coordinated_fraud,buyer,BUYER_03054
RING_COORD_BUYER_02273,coordinated_fraud,buyer,BUYER_02273
RING_COORD_BUYER_02273,coordinated_fraud,buyer,BUYER_02336
RING_COORD_BUYER_00540,coordinated_fraud,buyer,BUYER_00540
RING_COORD_BUYER_00540,coordinated_fraud,buyer,BUYER_03503
RING_COORD_BUYER_02867,coordinated_fraud,buyer,BUYER_02867
RING_COORD_BUYER_02867,coordinated_fraud,buyer,BUYER_03139
RING_COORD_BUYER_01429,coordinated_fraud,buyer,BUYER_01429
RING_COORD_BUYER_01429,coordinated_fraud,buyer,BUYER_01818
RING_COORD_BUYER_03000,coordinated_fraud,buyer,BUYER_03000
RING_COORD_BUYER_03000,coordinated_fraud,buyer,BUYER_03602
RING_COORD_BUYER_00794,coordinated_fraud,buyer,BUYER_00794
RING_COORD_BUYER_00794,coordinated_fraud,buyer,BUYER_01656
RING_COORD_BUYER_00302,coordinated_fraud,buyer,BUYER_00302
RING_COORD_BUYER_00302,coordinated_fraud,buyer,BUYER_03775
RING_COORD_BUYER_02978,coordinated_fraud,buyer,BUYER_02978
RING_COORD_BUYER_02978,coordinated_fraud,buyer,BUYER_04904
RING_COORD_BUYER_00135,coordinated_fraud,buyer,BUYER_00135
RING_COORD_BUYER_00135,coordinated_fraud,buyer,BUYER_01182
RING_COORD_BUYER_01851,coordinated_fraud,buyer,BUYER_01851
RING_COORD_BUYER_01851,coordinated_fraud,buyer,BUYER_03620
RING_COORD_BUYER_02278,coordinated_fraud,buyer,BUYER_02278
RING_COORD_BUYER_02278,coordinated_fraud,buyer,BUYER_02720
RING_COORD_BUYER_00672,coordinated_fraud,buyer,BUYER_00672
RING_COORD_BUYER_00672,coordinated_fraud,buyer,BUYER_02897
RING_COORD_BUYER_01535,coordinated_fraud,buyer,BUYER_01535
RING_COORD_BUYER_01535,coordinated_fraud,buyer,BUYER_02797
RING_COORD_BUYER_02351,coordinated_fraud,buyer,BUYER_02351
RING_COORD_BUYER_02351,coordinated_fraud,buyer,BUYER_03523
RING_COORD_BUYER_01274,coordinated_fraud,buyer,BUYER_01274
RING_COORD_BUYER_01274,coordinated_fraud,buyer,BUYER_04591
RING_COORD_BUYER_00522,coordinated_fraud,buyer,BUYER_00522
RING_COORD_BUYER_00522,coordinated_fraud,buyer,BUYER_02148
RING_COORD_BUYER_00522,coordinated_fraud,buyer,BUYER_04754
RING_COORD_BUYER_02228,coordinated_fraud,buyer,BUYER_02228
RING_COORD_BUYER_02228,coordinated_fraud,buyer,BUYER_02904
RING_COORD_BUYER_00071,coordinated_fraud,buyer,BUYER_00071
RING_COORD_BUYER_00071,coordinated_fraud,buyer,BUYER_00663
RING_COORD_BUYER_02353,coordinated_fraud,buyer,BUYER_02353
RING_COORD_BUYER_02353,coordinated_fraud,buyer,BUYER_04991
RING_COORD_BUYER_01667,coordinated_fraud,buyer,BUYER_01667
RING_COORD_BUYER_01667,coordinated_fraud,buyer,BUYER_03974
RING_COORD_BUYER_00289,coordinated_fraud,buyer,BUYER_00289
RING_COORD_BUYER_00289,coordinated_fraud,buyer,BUYER_00735
RING_COORD_BUYER_00174,coordinated_fraud,buyer,BUYER_00174
RING_COORD_BUYER_00174,coordinated_fraud,buyer,BUYER_01589
RING_COORD_BUYER_02871,coordinated_fraud,buyer,BUYER_02871
RING_COORD_BUYER_02871,coordinated_fraud,buyer,BUYER_03827
RING_COORD_BUYER_00338,coordinated_fraud,buyer,BUYER_00338
RING_COORD_BUYER_00338,coordinated_fraud,buyer,BUYER_03753
RING_COORD_BUYER_01883,coordinated_fraud,buyer,BUYER_01883
RING_COORD_BUYER_01883,coordinated_fraud,buyer,BUYER_02945
RING_COORD_BUYER_01754,coordinated_fraud,buyer,BUYER_01754
RING_COORD_BUYER_01754,coordinated_fraud,buyer,BUYER_03803
RING_COORD_BUYER_00448,coordinated_fraud,buyer,BUYER_00448
RING_COORD_BUYER_00448,coordinated_fraud,buyer,BUYER_04146
RING_COORD_BUYER_00316,coordinated_fraud,buyer,BUYER_00316
RING_COORD_BUYER_00316,coordinated_fraud,buyer,BUYER_00722
RING_COORD_BUYER_00316,coordinated_fraud,buyer,BUYER_04400
RING_COORD_BUYER_02151,coordinated_fraud,buyer,BUYER_02151
RING_COORD_BUYER_02151,coordinated_fraud,buyer,BUYER_04506
RING_COORD_BUYER_00358,coordinated_fraud,buyer,BUYER_00358
RING_COORD_BUYER_00358,coordinated_fraud,buyer,BUYER_02851
RING_COORD_BUYER_02281,coordinated_fraud,buyer,BUYER_02281
RING_COORD_BUYER_02281,coordinated_fraud,buyer,BUYER_04833
RING_COORD_BUYER_04088,coordinated_fraud,buyer,BUYER_04088
RING_COORD_BUYER_04088,coordinated_fraud,buyer,BUYER_04218
RING_COORD_BUYER_02337,coordinated_fraud,buyer,BUYER_02337
RING_COORD_BUYER_02337,coordinated_fraud,buyer,BUYER_03811
RING_COORD_BUYER_00361,coordinated_fraud,buyer,BUYER_00361
RING_COORD_BUYER_00361,coordinated_fraud,buyer,BUYER_03320
RING_COORD_BUYER_03266,coordinated_fraud,buyer,BUYER_03266
RING_COORD_BUYER_03266,coordinated_fraud,buyer,BUYER_04470
RING_COORD_BUYER_01388,coordinated_fraud,buyer,BUYER_01388
RING_COORD_BUYER_01388,coordinated_fraud,buyer,BUYER_01683
RING_COORD_BUYER_00515,coordinated_fraud,buyer,BUYER_00515
RING_COORD_BUYER_00515,coordinated_fraud,buyer,BUYER_04196
RING_COORD_BUYER_03037,coordinated_fraud,buyer,BUYER_03037
RING_COORD_BUYER_03037,coordinated_fraud,buyer,BUYER_03987
RING_COORD_BUYER_01439,coordinated_fraud,buyer,BUYER_01439
RING_COORD_BUYER_01439,coordinated_fraud,buyer,BUYER_03104
RING_COORD_BUYER_01921,coordinated_fraud,buyer,BUYER_01921
RING_COORD_BUYER_01921,coordinated_fraud,buyer,BUYER_01977
RING_COORD_BUYER_01921,coordinated_fraud,buyer,BUYER_04235
RING_COORD_BUYER_02806,coordinated_fraud,buyer,BUYER_02806
RING_COORD_BUYER_02806,coordinated_fraud,buyer,BUYER_03328
RING_COORD_BUYER_03086,coordinated_fraud,buyer,BUYER_03086
RING_COORD_BUYER_03086,coordinated_fraud,buyer,BUYER_04157
RING_COORD_BUYER_00445,coordinated_fraud,buyer,BUYER_00445
RING_COORD_BUYER_00445,coordinated_fraud,buyer,BUYER_00653
RING_COORD_BUYER_03468,coordinated_fraud,buyer,BUYER_03468
RING_COORD_BUYER_03468,coordinated_fraud,buyer,BUYER_04512
RING_COORD_BUYER_00306,coordinated_fraud,buyer,BUYER_00306
RING_COORD_BUYER_00306,coordinated_fraud,buyer,BUYER_03022
RING_COORD_BUYER_03489,coordinated_fraud,buyer,BUYER_03489
RING_COORD_BUYER_03489,coordinated_fraud,buyer,BUYER_04483
RING_COORD_BUYER_00423,coordinated_fraud,buyer,BUYER_00423
RING_COORD_BUYER_00423,coordinated_fraud,buyer,BUYER_01807
RING_COORD_BUYER_01507,coordinated_fraud,buyer,BUYER_01507
RING_COORD_BUYER_01507,coordinated_fraud,buyer,BUYER_03641
RING_COORD_BUYER_01548,coordinated_fraud,buyer,BUYER_01548
RING_COORD_BUYER_01548,coordinated_fraud,buyer,BUYER_04171
RING_COORD_BUYER_02829,coordinated_fraud,buyer,BUYER_02829
RING_COORD_BUYER_02829,coordinated_fraud,buyer,BUYER_03924
RING_COORD_BUYER_01608,coordinated_fraud,buyer,BUYER_01608
RING_COORD_BUYER_01608,coordinated_fraud,buyer,BUYER_03727
RING_COORD_BUYER_01608,coordinated_fraud,buyer,BUYER_03762
RING_COORD_BUYER_02232,coordinated_fraud,buyer,BUYER_02232
RING_COORD_BUYER_02232,coordinated_fraud,buyer,BUYER_03892
RING_COORD_BUYER_00864,coordinated_fraud,buyer,BUYER_00864
RING_COORD_BUYER_00864,coordinated_fraud,buyer,BUYER_02640
RING_COORD_BUYER_02412,coordinated_fraud,buyer,BUYER_02412
RING_COORD_BUYER_02412,coordinated_fraud,buyer,BUYER_04819
RING_COORD_BUYER_01609,coordinated_fraud,buyer,BUYER_01609
RING_COORD_BUYER_01609,coordinated_fraud,buyer,BUYER_04071
RING_COORD_BUYER_00037,coordinated_fraud,buyer,BUYER_00037
RING_COORD_BUYER_00037,coordinated_fraud,buyer,BUYER_02903
RING_COORD_BUYER_00793,coordinated_fraud,buyer,BUYER_00793
RING_COORD_BUYER_00793,coordinated_fraud,buyer,BUYER_02886
RING_COORD_BUYER_03548,coordinated_fraud,buyer,BUYER_03548
RING_COORD_BUYER_03548,coordinated_fraud,buyer,BUYER_04515
RING_COORD_BUYER_03734,coordinated_fraud,buyer,BUYER_03734
RING_COORD_BUYER_03734,coordinated_fraud,buyer,BUYER_04939
RING_COORD_BUYER_00331,coordinated_fraud,buyer,BUYER_00331
RING_COORD_BUYER_00331,coordinated_fraud,buyer,BUYER_00356
RING_COORD_BUYER_01694,coordinated_fraud,buyer,BUYER_01694
RING_COORD_BUYER_01694,coordinated_fraud,buyer,BUYER_03895
RING_COORD_BUYER_02939,coordinated_fraud,buyer,BUYER_02939
RING_COORD_BUYER_02939,coordinated_fraud,buyer,BUYER_04778
RING_COORD_BUYER_00029,coordinated_fraud,buyer,BUYER_00029
RING_COORD_BUYER_00029,coordinated_fraud,buyer,BUYER_02124
RING_COORD_BUYER_00938,coordinated_fraud,buyer,BUYER_00938
RING_COORD_BUYER_00938,coordinated_fraud,buyer,BUYER_03774
RING_COORD_BUYER_02194,coordinated_fraud,buyer,BUYER_02194
RING_COORD_BUYER_02194,coordinated_fraud,buyer,BUYER_02216
RING_COORD_BUYER_01752,coordinated_fraud,buyer,BUYER_01752
RING_COORD_BUYER_01752,coordinated_fraud,buyer,BUYER_04176
RING_COORD_BUYER_03499,coordinated_fraud,buyer,BUYER_03499
RING_COORD_BUYER_03499,coordinated_fraud,buyer,BUYER_04220
RING_COORD_BUYER_01943,coordinated_fraud,buyer,BUYER_01943
RING_COORD_BUYER_01943,coordinated_fraud,buyer,BUYER_01962
RING_COORD_BUYER_00533,coordinated_fraud,buyer,BUYER_00533
RING_COORD_BUYER_00533,coordinated_fraud,buyer,BUYER_03119
RING_COORD_BUYER_00533,coordinated_fraud,buyer,BUYER_04412
RING_COORD_BUYER_02486,coordinated_fraud,buyer,BUYER_02486
RING_COORD_BUYER_02486,coordinated_fraud,buyer,BUYER_03764
RING_COORD_BUYER_01859,coordinated_fraud,buyer,BUYER_01859
RING_COORD_BUYER_01859,coordinated_fraud,buyer,BUYER_03639
RING_COORD_BUYER_03046,coordinated_fraud,buyer,BUYER_03046
RING_COORD_BUYER_03046,coordinated_fraud,buyer,BUYER_04073
RING_COORD_BUYER_01102,coordinated_fraud,buyer,BUYER_01102
RING_COORD_BUYER_01102,coordinated_fraud,buyer,BUYER_02183
RING_COORD_BUYER_00127,coordinated_fraud,buyer,BUYER_00127
RING_COORD_BUYER_00127,coordinated_fraud,buyer,BUYER_00683
RING_COORD_BUYER_01570,coordinated_fraud,buyer,BUYER_01570
RING_COORD_BUYER_01570,coordinated_fraud,buyer,BUYER_01690
RING_COORD_BUYER_02885,coordinated_fraud,buyer,BUYER_02885
RING_COORD_BUYER_02885,coordinated_fraud,buyer,BUYER_03226
RING_COORD_BUYER_01918,coordinated_fraud,buyer,BUYER_01918
RING_COORD_BUYER_01918,coordinated_fraud,buyer,BUYER_02575
RING_COORD_BUYER_01653,coordinated_fraud,buyer,BUYER_01653
RING_COORD_BUYER_01653,coordinated_fraud,buyer,BUYER_02379
RING_COORD_BUYER_00046,coordinated_fraud,buyer,BUYER_00046
RING_COORD_BUYER_00046,coordinated_fraud,buyer,BUYER_01221
RING_COORD_BUYER_00766,coordinated_fraud,buyer,BUYER_00766
RING_COORD_BUYER_00766,coordinated_fraud,buyer,BUYER_03633
RING_COORD_BUYER_00483,coordinated_fraud,buyer,BUYER_00483
RING_COORD_BUYER_00483,coordinated_fraud,buyer,BUYER_02592
RING_COORD_BUYER_02950,coordinated_fraud,buyer,BUYER_02950
RING_COORD_BUYER_02950,coordinated_fraud,buyer,BUYER_03381
RING_COORD_BUYER_00729,coordinated_fraud,buyer,BUYER_00729
RING_COORD_BUYER_00729,coordinated_fraud,buyer,BUYER_03955
RING_COORD_BUYER_02032,coordinated_fraud,buyer,BUYER_02032
RING_COORD_BUYER_02032,coordinated_fraud,buyer,BUYER_04344
RING_COORD_BUYER_00165,coordinated_fraud,buyer,BUYER_00165
RING_COORD_BUYER_00165,coordinated_fraud,buyer,BUYER_04956
RING_COORD_BUYER_01604,coordinated_fraud,buyer,BUYER_01604
RING_COORD_BUYER_01604,coordinated_fraud,buyer,BUYER_03699
RING_COORD_BUYER_01610,coordinated_fraud,buyer,BUYER_01610
RING_COORD_BUYER_01610,coordinated_fraud,buyer,BUYER_02536
RING_COORD_BUYER_04097,coordinated_fraud,buyer,BUYER_04097
RING_COORD_BUYER_04097,coordinated_fraud,buyer,BUYER_04948
RING_COORD_BUYER_01361,coordinated_fraud,buyer,BUYER_01361
RING_COORD_BUYER_01361,coordinated_fraud,buyer,BUYER_04583
RING_COORD_BUYER_00993,coordinated_fraud,buyer,BUYER_00993
RING_COORD_BUYER_00993,coordinated_fraud,buyer,BUYER_04180
RING_COORD_BUYER_03419,coordinated_fraud,buyer,BUYER_03419
RING_COORD_BUYER_03419,coordinated_fraud,buyer,BUYER_04761
RING_COORD_BUYER_03169,coordinated_fraud,buyer,BUYER_03169
RING_COORD_BUYER_03169,coordinated_fraud,buyer,BUYER_04300
RING_COORD_BUYER_00560,coordinated_fraud,buyer,BUYER_00560
RING_COORD_BUYER_00560,coordinated_fraud,buyer,BUYER_01072
RING_COORD_BUYER_00154,coordinated_fraud,buyer,BUYER_00154
RING_COORD_BUYER_00154,coordinated_fraud,buyer,BUYER_03457
RING_COORD_BUYER_00154,coordinated_fraud,buyer,BUYER_04215
RING_COORD_BUYER_01398,coordinated_fraud,buyer,BUYER_01398
RING_COORD_BUYER_01398,coordinated_fraud,buyer,BUYER_02534
RING_COORD_BUYER_02431,coordinated_fraud,buyer,BUYER_02431
RING_COORD_BUYER_02431,coordinated_fraud,buyer,BUYER_02505
RING_COORD_BUYER_00334,coordinated_fraud,buyer,BUYER_00334
RING_COORD_BUYER_00334,coordinated_fraud,buyer,BUYER_03527
RING_COORD_BUYER_00116,coordinated_fraud,buyer,BUYER_00116
RING_COORD_BUYER_00116,coordinated_fraud,buyer,BUYER_01253
RING_COORD_BUYER_00486,coordinated_fraud,buyer,BUYER_00486
RING_COORD_BUYER_00486,coordinated_fraud,buyer,BUYER_04709
RING_COORD_BUYER_01258,coordinated_fraud,buyer,BUYER_01258
RING_COORD_BUYER_01258,coordinated_fraud,buyer,BUYER_02578
RING_COORD_BUYER_03626,coordinated_fraud,buyer,BUYER_03626
RING_COORD_BUYER_03626,coordinated_fraud,buyer,BUYER_04448
RING_COORD_BUYER_01033,coordinated_fraud,buyer,BUYER_01033
RING_COORD_BUYER_01033,coordinated_fraud,buyer,BUYER_02986
RING_COORD_BUYER_00674,coordinated_fraud,buyer,BUYER_00674
RING_COORD_BUYER_00674,coordinated_fraud,buyer,BUYER_02688
RING_COORD_BUYER_02385,coordinated_fraud,buyer,BUYER_02385
RING_COORD_BUYER_02385,coordinated_fraud,buyer,BUYER_03399
RING_COORD_BUYER_01871,coordinated_fraud,buyer,BUYER_01871
RING_COORD_BUYER_01871,coordinated_fraud,buyer,BUYER_03165
RING_COORD_BUYER_00374,coordinated_fraud,buyer,BUYER_00374
RING_COORD_BUYER_00374,coordinated_fraud,buyer,BUYER_04513
RING_COORD_BUYER_00391,coordinated_fraud,buyer,BUYER_00391
RING_COORD_BUYER_00391,coordinated_fraud,buyer,BUYER_04183
RING_COORD_BUYER_01422,coordinated_fraud,buyer,BUYER_01422
RING_COORD_BUYER_01422,coordinated_fraud,buyer,BUYER_02566
RING_COORD_BUYER_01838,coordinated_fraud,buyer,BUYER_01838
RING_COORD_BUYER_01838,coordinated_fraud,buyer,BUYER_04564
RING_COORD_BUYER_03578,coordinated_fraud,buyer,BUYER_03578
RING_COORD_BUYER_03578,coordinated_fraud,buyer,BUYER_04503
RING_COORD_BUYER_00987,coordinated_fraud,buyer,BUYER_00987
RING_COORD_BUYER_00987,coordinated_fraud,buyer,BUYER_03832
RING_COORD_BUYER_01201,coordinated_fraud,buyer,BUYER_01201
RING_COORD_BUYER_01201,coordinated_fraud,buyer,BUYER_02712
RING_COORD_BUYER_02637,coordinated_fraud,buyer,BUYER_02637
RING_COORD_BUYER_02637,coordinated_fraud,buyer,BUYER_03533
RING_COORD_BUYER_00547,coordinated_fraud,buyer,BUYER_00547
RING_COORD_BUYER_00547,coordinated_fraud,buyer,BUYER_01171
RING_COORD_BUYER_03233,coordinated_fraud,buyer,BUYER_03233
RING_COORD_BUYER_03233,coordinated_fraud,buyer,BUYER_03414
RING_COORD_BUYER_00815,coordinated_fraud,buyer,BUYER_00815
RING_COORD_BUYER_00815,coordinated_fraud,buyer,BUYER_01738
RING_COORD_BUYER_01837,coordinated_fraud,buyer,BUYER_01837
RING_COORD_BUYER_01837,coordinated_fraud,buyer,BUYER_02873
RING_COORD_BUYER_01054,coordinated_fraud,buyer,BUYER_01054
RING_COORD_BUYER_01054,coordinated_fraud,buyer,BUYER_03968
RING_COORD_BUYER_00769,coordinated_fraud,buyer,BUYER_00769
RING_COORD_BUYER_00769,coordinated_fraud,buyer,BUYER_03356
RING_COORD_BUYER_02703,coordinated_fraud,buyer,BUYER_02703
RING_COORD_BUYER_02703,coordinated_fraud,buyer,BUYER_04205
RING_COORD_BUYER_01270,coordinated_fraud,buyer,BUYER_01270
RING_COORD_BUYER_01270,coordinated_fraud,buyer,BUYER_03961
RING_COORD_BUYER_01472,coordinated_fraud,buyer,BUYER_01472
RING_COORD_BUYER_01472,coordinated_fraud,buyer,BUYER_03100
RING_COORD_BUYER_01961,coordinated_fraud,buyer,BUYER_01961
RING_COORD_BUYER_01961,coordinated_fraud,buyer,BUYER_02269
RING_COORD_BUYER_00266,coordinated_fraud,buyer,BUYER_00266
RING_COORD_BUYER_00266,coordinated_fraud,buyer,BUYER_03368
RING_COORD_BUYER_00708,coordinated_fraud,buyer,BUYER_00708
RING_COORD_BUYER_00708,coordinated_fraud,buyer,BUYER_01254
RING_COORD_BUYER_01376,coordinated_fraud,buyer,BUYER_01376
RING_COORD_BUYER_01376,coordinated_fraud,buyer,BUYER_03447
RING_COORD_BUYER_01770,coordinated_fraud,buyer,BUYER_01770
RING_COORD_BUYER_01770,coordinated_fraud,buyer,BUYER_02972
RING_COORD_BUYER_01069,coordinated_fraud,buyer,BUYER_01069
RING_COORD_BUYER_01069,coordinated_fraud,buyer,BUYER_02751
RING_COORD_BUYER_00517,coordinated_fraud,buyer,BUYER_00517
RING_COORD_BUYER_00517,coordinated_fraud,buyer,BUYER_01107
RING_COORD_BUYER_01668,coordinated_fraud,buyer,BUYER_01668
RING_COORD_BUYER_01668,coordinated_fraud,buyer,BUYER_04472
RING_COORD_BUYER_01550,coordinated_fraud,buyer,BUYER_01550
RING_COORD_BUYER_01550,coordinated_fraud,buyer,BUYER_04871
RING_COORD_BUYER_02954,coordinated_fraud,buyer,BUYER_02954
RING_COORD_BUYER_02954,coordinated_fraud,buyer,BUYER_03905
RING_COORD_BUYER_01001,coordinated_fraud,buyer,BUYER_01001
RING_COORD_BUYER_01001,coordinated_fraud,buyer,BUYER_02406
RING_COORD_BUYER_00199,coordinated_fraud,buyer,BUYER_00199
RING_COORD_BUYER_00199,coordinated_fraud,buyer,BUYER_02581
RING_COORD_BUYER_00631,coordinated_fraud,buyer,BUYER_00631
RING_COORD_BUYER_00631,coordinated_fraud,buyer,BUYER_02618
RING_COORD_BUYER_02007,coordinated_fraud,buyer,BUYER_02007
RING_COORD_BUYER_02007,coordinated_fraud,buyer,BUYER_02094
RING_COORD_BUYER_01152,coordinated_fraud,buyer,BUYER_01152
RING_COORD_BUYER_01152,coordinated_fraud,buyer,BUYER_04019
RING_COORD_BUYER_02673,coordinated_fraud,buyer,BUYER_02673
RING_COORD_BUYER_02673,coordinated_fraud,buyer,BUYER_04969
RING_COORD_BUYER_02716,coordinated_fraud,buyer,BUYER_02716
RING_COORD_BUYER_02716,coordinated_fraud,buyer,BUYER_03166
RING_COORD_BUYER_03115,coordinated_fraud,buyer,BUYER_03115
RING_COORD_BUYER_03115,coordinated_fraud,buyer,BUYER_03824
RING_COORD_BUYER_01980,coordinated_fraud,buyer,BUYER_01980
RING_COORD_BUYER_01980,coordinated_fraud,buyer,BUYER_04362
RING_COORD_BUYER_02500,coordinated_fraud,buyer,BUYER_02500
RING_COORD_BUYER_02500,coordinated_fraud,buyer,BUYER_02943
RING_COORD_BUYER_00400,coordinated_fraud,buyer,BUYER_00400
RING_COORD_BUYER_00400,coordinated_fraud,buyer,BUYER_01172
RING_COORD_BUYER_03931,coordinated_fraud,buyer,BUYER_03931
RING_COORD_BUYER_03931,coordinated_fraud,buyer,BUYER_03933
RING_COORD_BUYER_00003,coordinated_fraud,buyer,BUYER_00003
RING_COORD_BUYER_00003,coordinated_fraud,buyer,BUYER_03907
RING_COORD_BUYER_01672,coordinated_fraud,buyer,BUYER_01672
RING_COORD_BUYER_01672,coordinated_fraud,buyer,BUYER_04786
RING_COORD_BUYER_02266,coordinated_fraud,buyer,BUYER_02266
RING_COORD_BUYER_02266,coordinated_fraud,buyer,BUYER_03189
RING_COORD_BUYER_01118,coordinated_fraud,buyer,BUYER_01118
RING_COORD_BUYER_01118,coordinated_fraud,buyer,BUYER_02316
RING_COORD_BUYER_02755,coordinated_fraud,buyer,BUYER_02755
RING_COORD_BUYER_02755,coordinated_fraud,buyer,BUYER_03324
RING_COORD_BUYER_00074,coordinated_fraud,buyer,BUYER_00074
RING_COORD_BUYER_00074,coordinated_fraud,buyer,BUYER_03436
RING_COORD_BUYER_03790,coordinated_fraud,buyer,BUYER_03790
RING_COORD_BUYER_03790,coordinated_fraud,buyer,BUYER_03941
RING_COORD_BUYER_02800,coordinated_fraud,buyer,BUYER_02800
RING_COORD_BUYER_02800,coordinated_fraud,buyer,BUYER_04598
RING_COORD_BUYER_02042,coordinated_fraud,buyer,BUYER_02042
RING_COORD_BUYER_02042,coordinated_fraud,buyer,BUYER_04446
RING_COORD_BUYER_02257,coordinated_fraud,buyer,BUYER_02257
RING_COORD_BUYER_02257,coordinated_fraud,buyer,BUYER_03128
RING_COORD_BUYER_00416,coordinated_fraud,buyer,BUYER_00416
RING_COORD_BUYER_00416,coordinated_fraud,buyer,BUYER_02924
RING_COORD_BUYER_00439,coordinated_fraud,buyer,BUYER_00439
RING_COORD_BUYER_00439,coordinated_fraud,buyer,BUYER_02175
RING_COORD_BUYER_00128,coordinated_fraud,buyer,BUYER_00128
RING_COORD_BUYER_00128,coordinated_fraud,buyer,BUYER_03246
RING_COORD_BUYER_00336,coordinated_fraud,buyer,BUYER_00336
RING_COORD_BUYER_00336,coordinated_fraud,buyer,BUYER_02215
RING_COORD_BUYER_00336,coordinated_fraud,buyer,BUYER_02662
RING_COORD_BUYER_01530,coordinated_fraud,buyer,BUYER_01530
RING_COORD_BUYER_01530,coordinated_fraud,buyer,BUYER_03835
RING_COORD_BUYER_00960,coordinated_fraud,buyer,BUYER_00960
RING_COORD_BUYER_00960,coordinated_fraud,buyer,BUYER_02846
RING_COORD_BUYER_02506,coordinated_fraud,buyer,BUYER_02506
RING_COORD_BUYER_02506,coordinated_fraud,buyer,BUYER_03410
RING_COORD_BUYER_00485,coordinated_fraud,buyer,BUYER_00485
RING_COORD_BUYER_00485,coordinated_fraud,buyer,BUYER_03151
RING_COORD_BUYER_01307,coordinated_fraud,buyer,BUYER_01307
RING_COORD_BUYER_01307,coordinated_fraud,buyer,BUYER_01424
RING_COORD_BUYER_01307,coordinated_fraud,buyer,BUYER_04836
RING_COLLUSION_SELLER_00228,seller_buyer_collusion,seller,SELLER_00228
RING_COLLUSION_SELLER_00228,seller_buyer_collusion,buyer,BUYER_02356
RING_COLLUSION_SELLER_00228,seller_buyer_collusion,buyer,BUYER_04944
RING_COLLUSION_SELLER_00228,seller_buyer_collusion,buyer,BUYER_04770
RING_COLLUSION_SELLER_00228,seller_buyer_collusion,buyer,BUYER_00155
RING_COLLUSION_SELLER_00228,seller_buyer_collusion,buyer,BUYER_01896
RING_COLLUSION_SELLER_00228,seller_buyer_collusion,buyer,BUYER_03127
RING_COLLUSION_SELLER_00358,seller_buyer_collusion,seller,SELLER_00358
RING_COLLUSION_SELLER_00358,seller_buyer_collusion,buyer,BUYER_04013
RING_COLLUSION_SELLER_00358,seller_buyer_collusion,buyer,BUYER_04755
RING_COLLUSION_SELLER_00358,seller_buyer_collusion,buyer,BUYER_02718
RING_COLLUSION_SELLER_00403,seller_buyer_collusion,seller,SELLER_00403
RING_COLLUSION_SELLER_00403,seller_buyer_collusion,buyer,BUYER_02766
RING_COLLUSION_SELLER_00403,seller_buyer_collusion,buyer,BUYER_04505
RING_COLLUSION_SELLER_00403,seller_buyer_collusion,buyer,BUYER_00723
RING_COLLUSION_SELLER_00403,seller_buyer_collusion,buyer,BUYER_01015
RING_COLLUSION_SELLER_00199,seller_buyer_collusion,seller,SELLER_00199
RING_COLLUSION_SELLER_00199,seller_buyer_collusion,buyer,BUYER_01531
RING_COLLUSION_SELLER_00199,seller_buyer_collusion,buyer,BUYER_03398
RING_COLLUSION_SELLER_00199,seller_buyer_collusion,buyer,BUYER_04437
RING_COLLUSION_SELLER_00199,seller_buyer_collusion,buyer,BUYER_04735
RING_COLLUSION_SELLER_00498,seller_buyer_collusion,seller,SELLER_00498
RING_COLLUSION_SELLER_00498,seller_buyer_collusion,buyer,BUYER_03629
RING_COLLUSION_SELLER_00498,seller_buyer_collusion,buyer,BUYER_03947
RING_COLLUSION_SELLER_00498,seller_buyer_collusion,buyer,BUYER_03358
RING_COLLUSION_SELLER_00498,seller_buyer_collusion,buyer,BUYER_04555
RING_COLLUSION_SELLER_00498,seller_buyer_collusion,buyer,BUYER_00072
RING_COLLUSION_SELLER_00498,seller_buyer_collusion,buyer,BUYER_00044
RING_COLLUSION_SELLER_00180,seller_buyer_collusion,seller,SELLER_00180
RING_COLLUSION_SELLER_00180,seller_buyer_collusion,buyer,BUYER_01536
RING_COLLUSION_SELLER_00180,seller_buyer_collusion,buyer,BUYER_04792
RING_COLLUSION_SELLER_00180,seller_buyer_collusion,buyer,BUYER_01297
RING_COLLUSION_SELLER_00180,seller_buyer_collusion,buyer,BUYER_03903
RING_COLLUSION_SELLER_00180,seller_buyer_collusion,buyer,BUYER_00826
RING_COLLUSION_SELLER_00180,seller_buyer_collusion,buyer,BUYER_03556
RING_COLLUSION_SELLER_00023,seller_buyer_collusion,seller,SELLER_00023
RING_COLLUSION_SELLER_00023,seller_buyer_collusion,buyer,BUYER_03548
RING_COLLUSION_SELLER_00023,seller_buyer_collusion,buyer,BUYER_02079
RING_COLLUSION_SELLER_00023,seller_buyer_collusion,buyer,BUYER_00937
RING_COLLUSION_SELLER_00023,seller_buyer_collusion,buyer,BUYER_01080
RING_COLLUSION_SELLER_00137,seller_buyer_collusion,seller,SELLER_00137
RING_COLLUSION_SELLER_00137,seller_buyer_collusion,buyer,BUYER_01006
RING_COLLUSION_SELLER_00137,seller_buyer_collusion,buyer,BUYER_02016
RING_COLLUSION_SELLER_00137,seller_buyer_collusion,buyer,BUYER_04222
RING_COLLUSION_SELLER_00137,seller_buyer_collusion,buyer,BUYER_02384
RING_COLLUSION_SELLER_00137,seller_buyer_collusion,buyer,BUYER_04031
RING_COLLUSION_SELLER_00137,seller_buyer_collusion,buyer,BUYER_01763
RING_COLLUSION_SELLER_00184,seller_buyer_collusion,seller,SELLER_00184
RING_COLLUSION_SELLER_00184,seller_buyer_collusion,buyer,BUYER_01502
RING_COLLUSION_SELLER_00184,seller_buyer_collusion,buyer,BUYER_01688
RING_COLLUSION_SELLER_00184,seller_buyer_collusion,buyer,BUYER_01253
RING_COLLUSION_SELLER_00184,seller_buyer_collusion,buyer,BUYER_02779
RING_COLLUSION_SELLER_00184,seller_buyer_collusion,buyer,BUYER_03159
RING_COLLUSION_SELLER_00184,seller_buyer_collusion,buyer,BUYER_01612
RING_COLLUSION_SELLER_00054,seller_buyer_collusion,seller,SELLER_00054
RING_COLLUSION_SELLER_00054,seller_buyer_collusion,buyer,BUYER_02275
RING_COLLUSION_SELLER_00054,seller_buyer_collusion,buyer,BUYER_01983
RING_COLLUSION_SELLER_00054,seller_buyer_collusion,buyer,BUYER_03366
RING_COLLUSION_SELLER_00054,seller_buyer_collusion,buyer,BUYER_03016
RING_COLLUSION_SELLER_00054,seller_buyer_collusion,buyer,BUYER_02551
RING_COLLUSION_SELLER_00043,seller_buyer_collusion,seller,SELLER_00043
RING_COLLUSION_SELLER_00043,seller_buyer_collusion,buyer,BUYER_00309
RING_COLLUSION_SELLER_00043,seller_buyer_collusion,buyer,BUYER_02510
RING_COLLUSION_SELLER_00043,seller_buyer_collusion,buyer,BUYER_01867
RING_COLLUSION_SELLER_00043,seller_buyer_collusion,buyer,BUYER_01169
RING_COLLUSION_SELLER_00078,seller_buyer_collusion,seller,SELLER_00078
RING_COLLUSION_SELLER_00078,seller_buyer_collusion,buyer,BUYER_03020
RING_COLLUSION_SELLER_00078,seller_buyer_collusion,buyer,BUYER_04747
RING_COLLUSION_SELLER_00078,seller_buyer_collusion,buyer,BUYER_01365
RING_COLLUSION_SELLER_00078,seller_buyer_collusion,buyer,BUYER_00835
RING_COLLUSION_SELLER_00078,seller_buyer_collusion,buyer,BUYER_04190
RING_COLLUSION_SELLER_00202,seller_buyer_collusion,seller,SELLER_00202
RING_COLLUSION_SELLER_00202,seller_buyer_collusion,buyer,BUYER_04724
RING_COLLUSION_SELLER_00202,seller_buyer_collusion,buyer,BUYER_00577
RING_COLLUSION_SELLER_00202,seller_buyer_collusion,buyer,BUYER_00444
RING_COLLUSION_SELLER_00326,seller_buyer_collusion,seller,SELLER_00326
RING_COLLUSION_SELLER_00326,seller_buyer_collusion,buyer,BUYER_01913
RING_COLLUSION_SELLER_00326,seller_buyer_collusion,buyer,BUYER_04291
RING_COLLUSION_SELLER_00326,seller_buyer_collusion,buyer,BUYER_02168
RING_COLLUSION_SELLER_00326,seller_buyer_collusion,buyer,BUYER_03618
RING_COLLUSION_SELLER_00326,seller_buyer_collusion,buyer,BUYER_04284
RING_COLLUSION_SELLER_00069,seller_buyer_collusion,seller,SELLER_00069
RING_COLLUSION_SELLER_00069,seller_buyer_collusion,buyer,BUYER_01482
RING_COLLUSION_SELLER_00069,seller_buyer_collusion,buyer,BUYER_00780
RING_COLLUSION_SELLER_00069,seller_buyer_collusion,buyer,BUYER_03901
RING_COLLUSION_SELLER_00069,seller_buyer_collusion,buyer,BUYER_04399
RING_COLLUSION_SELLER_00063,seller_buyer_collusion,seller,SELLER_00063
RING_COLLUSION_SELLER_00063,seller_buyer_collusion,buyer,BUYER_04655
RING_COLLUSION_SELLER_00063,seller_buyer_collusion,buyer,BUYER_03337
RING_COLLUSION_SELLER_00063,seller_buyer_collusion,buyer,BUYER_00243
RING_COLLUSION_SELLER_00063,seller_buyer_collusion,buyer,BUYER_01728
RING_COLLUSION_SELLER_00063,seller_buyer_collusion,buyer,BUYER_04960
RING_COLLUSION_SELLER_00063,seller_buyer_collusion,buyer,BUYER_04335
RING_COLLUSION_SELLER_00284,seller_buyer_collusion,seller,SELLER_00284
RING_COLLUSION_SELLER_00284,seller_buyer_collusion,buyer,BUYER_02088
RING_COLLUSION_SELLER_00284,seller_buyer_collusion,buyer,BUYER_00205
RING_COLLUSION_SELLER_00284,seller_buyer_collusion,buyer,BUYER_04427
RING_COLLUSION_SELLER_00284,seller_buyer_collusion,buyer,BUYER_03375
RING_COLLUSION_SELLER_00297,seller_buyer_collusion,seller,SELLER_00297
RING_COLLUSION_SELLER_00297,seller_buyer_collusion,buyer,BUYER_02298
RING_COLLUSION_SELLER_00297,seller_buyer_collusion,buyer,BUYER_00849
RING_COLLUSION_SELLER_00297,seller_buyer_collusion,buyer,BUYER_04395
RING_COLLUSION_SELLER_00297,seller_buyer_collusion,buyer,BUYER_04208
RING_COLLUSION_SELLER_00297,seller_buyer_collusion,buyer,BUYER_02319
RING_COLLUSION_SELLER_00297,seller_buyer_collusion,buyer,BUYER_04296
RING_COLLUSION_SELLER_00148,seller_buyer_collusion,seller,SELLER_00148
RING_COLLUSION_SELLER_00148,seller_buyer_collusion,buyer,BUYER_00413
RING_COLLUSION_SELLER_00148,seller_buyer_collusion,buyer,BUYER_01924
RING_COLLUSION_SELLER_00148,seller_buyer_collusion,buyer,BUYER_04607
RING_COLLUSION_SELLER_00186,seller_buyer_collusion,seller,SELLER_00186
RING_COLLUSION_SELLER_00186,seller_buyer_collusion,buyer,BUYER_02621
RING_COLLUSION_SELLER_00186,seller_buyer_collusion,buyer,BUYER_01813
RING_COLLUSION_SELLER_00186,seller_buyer_collusion,buyer,BUYER_00559
RING_COLLUSION_SELLER_00079,seller_buyer_collusion,seller,SELLER_00079
RING_COLLUSION_SELLER_00079,seller_buyer_collusion,buyer,BUYER_02455
RING_COLLUSION_SELLER_00079,seller_buyer_collusion,buyer,BUYER_01828
RING_COLLUSION_SELLER_00079,seller_buyer_collusion,buyer,BUYER_00815
RING_COLLUSION_SELLER_00079,seller_buyer_collusion,buyer,BUYER_04219
RING_COLLUSION_SELLER_00132,seller_buyer_collusion,seller,SELLER_00132
RING_COLLUSION_SELLER_00132,seller_buyer_collusion,buyer,BUYER_00905
RING_COLLUSION_SELLER_00132,seller_buyer_collusion,buyer,BUYER_01528
RING_COLLUSION_SELLER_00132,seller_buyer_collusion,buyer,BUYER_04360
RING_COLLUSION_SELLER_00132,seller_buyer_collusion,buyer,BUYER_02728
RING_COLLUSION_SELLER_00058,seller_buyer_collusion,seller,SELLER_00058
RING_COLLUSION_SELLER_00058,seller_buyer_collusion,buyer,BUYER_02109
RING_COLLUSION_SELLER_00058,seller_buyer_collusion,buyer,BUYER_04454
RING_COLLUSION_SELLER_00058,seller_buyer_collusion,buyer,BUYER_04712
RING_COLLUSION_SELLER_00058,seller_buyer_collusion,buyer,BUYER_00680
RING_COLLUSION_SELLER_00233,seller_buyer_collusion,seller,SELLER_00233
RING_COLLUSION_SELLER_00233,seller_buyer_collusion,buyer,BUYER_04450
RING_COLLUSION_SELLER_00233,seller_buyer_collusion,buyer,BUYER_00498
RING_COLLUSION_SELLER_00233,seller_buyer_collusion,buyer,BUYER_01253
RING_COLLUSION_SELLER_00233,seller_buyer_collusion,buyer,BUYER_02381
RING_COLLUSION_SELLER_00170,seller_buyer_collusion,seller,SELLER_00170
RING_COLLUSION_SELLER_00170,seller_buyer_collusion,buyer,BUYER_03507
RING_COLLUSION_SELLER_00170,seller_buyer_collusion,buyer,BUYER_00823
RING_COLLUSION_SELLER_00170,seller_buyer_collusion,buyer,BUYER_01076
RING_COLLUSION_SELLER_00170,seller_buyer_collusion,buyer,BUYER_04534
RING_COLLUSION_SELLER_00430,seller_buyer_collusion,seller,SELLER_00430
RING_COLLUSION_SELLER_00430,seller_buyer_collusion,buyer,BUYER_00534
RING_COLLUSION_SELLER_00430,seller_buyer_collusion,buyer,BUYER_03550
RING_COLLUSION_SELLER_00430,seller_buyer_collusion,buyer,BUYER_03111
RING_COLLUSION_SELLER_00430,seller_buyer_collusion,buyer,BUYER_04029
RING_COLLUSION_SELLER_00232,seller_buyer_collusion,seller,SELLER_00232
RING_COLLUSION_SELLER_00232,seller_buyer_collusion,buyer,BUYER_02731
RING_COLLUSION_SELLER_00232,seller_buyer_collusion,buyer,BUYER_03091
RING_COLLUSION_SELLER_00232,seller_buyer_collusion,buyer,BUYER_03743
RING_COLLUSION_SELLER_00014,seller_buyer_collusion,seller,SELLER_00014
RING_COLLUSION_SELLER_00014,seller_buyer_collusion,buyer,BUYER_02168
RING_COLLUSION_SELLER_00014,seller_buyer_collusion,buyer,BUYER_03056
RING_COLLUSION_SELLER_00014,seller_buyer_collusion,buyer,BUYER_00764
RING_COLLUSION_SELLER_00014,seller_buyer_collusion,buyer,BUYER_02305
RING_COLLUSION_SELLER_00396,seller_buyer_collusion,seller,SELLER_00396
RING_COLLUSION_SELLER_00396,seller_buyer_collusion,buyer,BUYER_00884
RING_COLLUSION_SELLER_00396,seller_buyer_collusion,buyer,BUYER_02981
RING_COLLUSION_SELLER_00396,seller_buyer_collusion,buyer,BUYER_03549
RING_COLLUSION_SELLER_00396,seller_buyer_collusion,buyer,BUYER_01622
RING_COLLUSION_SELLER_00149,seller_buyer_collusion,seller,SELLER_00149
RING_COLLUSION_SELLER_00149,seller_buyer_collusion,buyer,BUYER_01270
RING_COLLUSION_SELLER_00149,seller_buyer_collusion,buyer,BUYER_04948
RING_COLLUSION_SELLER_00149,seller_buyer_collusion,buyer,BUYER_02777
RING_COLLUSION_SELLER_00149,seller_buyer_collusion,buyer,BUYER_00181
RING_COLLUSION_SELLER_00304,seller_buyer_collusion,seller,SELLER_00304
RING_COLLUSION_SELLER_00304,seller_buyer_collusion,buyer,BUYER_03435
RING_COLLUSION_SELLER_00304,seller_buyer_collusion,buyer,BUYER_04615
RING_COLLUSION_SELLER_00304,seller_buyer_collusion,buyer,BUYER_04026
RING_COLLUSION_SELLER_00304,seller_buyer_collusion,buyer,BUYER_04344
RING_COLLUSION_SELLER_00270,seller_buyer_collusion,seller,SELLER_00270
RING_COLLUSION_SELLER_00270,seller_buyer_collusion,buyer,BUYER_03402
RING_COLLUSION_SELLER_00270,seller_buyer_collusion,buyer,BUYER_01877
RING_COLLUSION_SELLER_00270,seller_buyer_collusion,buyer,BUYER_02337
RING_COLLUSION_SELLER_00270,seller_buyer_collusion,buyer,BUYER_03957
RING_COLLUSION_SELLER_00019,seller_buyer_collusion,seller,SELLER_00019
RING_COLLUSION_SELLER_00019,seller_buyer_collusion,buyer,BUYER_00813
RING_COLLUSION_SELLER_00019,seller_buyer_collusion,buyer,BUYER_01267
RING_COLLUSION_SELLER_00019,seller_buyer_collusion,buyer,BUYER_04946
RING_COLLUSION_SELLER_00019,seller_buyer_collusion,buyer,BUYER_01203
RING_COLLUSION_SELLER_00019,seller_buyer_collusion,buyer,BUYER_01417
RING_COLLUSION_SELLER_00139,seller_buyer_collusion,seller,SELLER_00139
RING_COLLUSION_SELLER_00139,seller_buyer_collusion,buyer,BUYER_03694
RING_COLLUSION_SELLER_00139,seller_buyer_collusion,buyer,BUYER_02585
RING_COLLUSION_SELLER_00139,seller_buyer_collusion,buyer,BUYER_04852
RING_COLLUSION_SELLER_00139,seller_buyer_collusion,buyer,BUYER_02546
RING_COLLUSION_SELLER_00405,seller_buyer_collusion,seller,SELLER_00405
RING_COLLUSION_SELLER_00405,seller_buyer_collusion,buyer,BUYER_00625
RING_COLLUSION_SELLER_00405,seller_buyer_collusion,buyer,BUYER_04134
RING_COLLUSION_SELLER_00405,seller_buyer_collusion,buyer,BUYER_04745
RING_COLLUSION_SELLER_00405,seller_buyer_collusion,buyer,BUYER_01437
RING_COLLUSION_SELLER_00439,seller_buyer_collusion,seller,SELLER_00439
RING_COLLUSION_SELLER_00439,seller_buyer_collusion,buyer,BUYER_02380
RING_COLLUSION_SELLER_00439,seller_buyer_collusion,buyer,BUYER_00508
RING_COLLUSION_SELLER_00439,seller_buyer_collusion,buyer,BUYER_03285
RING_COLLUSION_SELLER_00083,seller_buyer_collusion,seller,SELLER_00083
RING_COLLUSION_SELLER_00083,seller_buyer_collusion,buyer,BUYER_02030
RING_COLLUSION_SELLER_00083,seller_buyer_collusion,buyer,BUYER_02904
RING_COLLUSION_SELLER_00083,seller_buyer_collusion,buyer,BUYER_03997
RING_COLLUSION_SELLER_00083,seller_buyer_collusion,buyer,BUYER_04903
RING_COLLUSION_SELLER_00083,seller_buyer_collusion,buyer,BUYER_02384
RING_COLLUSION_SELLER_00157,seller_buyer_collusion,seller,SELLER_00157
RING_COLLUSION_SELLER_00157,seller_buyer_collusion,buyer,BUYER_03402
RING_COLLUSION_SELLER_00157,seller_buyer_collusion,buyer,BUYER_01655
RING_COLLUSION_SELLER_00157,seller_buyer_collusion,buyer,BUYER_04971
RING_COLLUSION_SELLER_00157,seller_buyer_collusion,buyer,BUYER_02830
RING_COLLUSION_SELLER_00028,seller_buyer_collusion,seller,SELLER_00028
RING_COLLUSION_SELLER_00028,seller_buyer_collusion,buyer,BUYER_00826
RING_COLLUSION_SELLER_00028,seller_buyer_collusion,buyer,BUYER_04325
RING_COLLUSION_SELLER_00028,seller_buyer_collusion,buyer,BUYER_02473
RING_COLLUSION_SELLER_00028,seller_buyer_collusion,buyer,BUYER_03403
RING_COLLUSION_SELLER_00028,seller_buyer_collusion,buyer,BUYER_02908
RING_COLLUSION_SELLER_00315,seller_buyer_collusion,seller,SELLER_00315
RING_COLLUSION_SELLER_00315,seller_buyer_collusion,buyer,BUYER_03194
RING_COLLUSION_SELLER_00315,seller_buyer_collusion,buyer,BUYER_03896
RING_COLLUSION_SELLER_00315,seller_buyer_collusion,buyer,BUYER_03554
RING_COLLUSION_SELLER_00156,seller_buyer_collusion,seller,SELLER_00156
RING_COLLUSION_SELLER_00156,seller_buyer_collusion,buyer,BUYER_02153
RING_COLLUSION_SELLER_00156,seller_buyer_collusion,buyer,BUYER_04247
RING_COLLUSION_SELLER_00156,seller_buyer_collusion,buyer,BUYER_03259
RING_COLLUSION_SELLER_00156,seller_buyer_collusion,buyer,BUYER_04699
RING_COLLUSION_SELLER_00225,seller_buyer_collusion,seller,SELLER_00225
RING_COLLUSION_SELLER_00225,seller_buyer_collusion,buyer,BUYER_00010
RING_COLLUSION_SELLER_00225,seller_buyer_collusion,buyer,BUYER_04299
RING_COLLUSION_SELLER_00225,seller_buyer_collusion,buyer,BUYER_01121
RING_COLLUSION_SELLER_00225,seller_buyer_collusion,buyer,BUYER_02605
RING_COLLUSION_SELLER_00225,seller_buyer_collusion,buyer,BUYER_02875
RING_COLLUSION_SELLER_00359,seller_buyer_collusion,seller,SELLER_00359
RING_COLLUSION_SELLER_00359,seller_buyer_collusion,buyer,BUYER_03219
RING_COLLUSION_SELLER_00359,seller_buyer_collusion,buyer,BUYER_02075
RING_COLLUSION_SELLER_00359,seller_buyer_collusion,buyer,BUYER_04463
RING_COLLUSION_SELLER_00359,seller_buyer_collusion,buyer,BUYER_03132
RING_COLLUSION_SELLER_00482,seller_buyer_collusion,seller,SELLER_00482
RING_COLLUSION_SELLER_00482,seller_buyer_collusion,buyer,BUYER_01809
RING_COLLUSION_SELLER_00482,seller_buyer_collusion,buyer,BUYER_02508
RING_COLLUSION_SELLER_00482,seller_buyer_collusion,buyer,BUYER_04556
RING_COLLUSION_SELLER_00482,seller_buyer_collusion,buyer,BUYER_03318
RING_COLLUSION_SELLER_00482,seller_buyer_collusion,buyer,BUYER_04557
RING_COLLUSION_SELLER_00432,seller_buyer_collusion,seller,SELLER_00432
RING_COLLUSION_SELLER_00432,seller_buyer_collusion,buyer,BUYER_02758
RING_COLLUSION_SELLER_00432,seller_buyer_collusion,buyer,BUYER_04295
RING_COLLUSION_SELLER_00432,seller_buyer_collusion,buyer,BUYER_04031
RING_COLLUSION_SELLER_00432,seller_buyer_collusion,buyer,BUYER_02834
RING_COLLUSION_SELLER_00159,seller_buyer_collusion,seller,SELLER_00159
RING_COLLUSION_SELLER_00159,seller_buyer_collusion,buyer,BUYER_04520
RING_COLLUSION_SELLER_00159,seller_buyer_collusion,buyer,BUYER_04055
RING_COLLUSION_SELLER_00159,seller_buyer_collusion,buyer,BUYER_02140
RING_COLLUSION_SELLER_00159,seller_buyer_collusion,buyer,BUYER_04582
RING_COLLUSION_SELLER_00475,seller_buyer_collusion,seller,SELLER_00475
RING_COLLUSION_SELLER_00475,seller_buyer_collusion,buyer,BUYER_04603
RING_COLLUSION_SELLER_00475,seller_buyer_collusion,buyer,BUYER_00944
RING_COLLUSION_SELLER_00475,seller_buyer_collusion,buyer,BUYER_04057
RING_COLLUSION_SELLER_00475,seller_buyer_collusion,buyer,BUYER_03810
RING_COLLUSION_SELLER_00475,seller_buyer_collusion,buyer,BUYER_04031
RING_COLLUSION_SELLER_00143,seller_buyer_collusion,seller,SELLER_00143
RING_COLLUSION_SELLER_00143,seller_buyer_collusion,buyer,BUYER_01103
RING_COLLUSION_SELLER_00143,seller_buyer_collusion,buyer,BUYER_00743
RING_COLLUSION_SELLER_00143,seller_buyer_collusion,buyer,BUYER_04922
RING_COLLUSION_SELLER_00143,seller_buyer_collusion,buyer,BUYER_03155
RING_COLLUSION_SELLER_00143,seller_buyer_collusion,buyer,BUYER_03447
RING_COLLUSION_SELLER_00094,seller_buyer_collusion,seller,SELLER_00094
RING_COLLUSION_SELLER_00094,seller_buyer_collusion,buyer,BUYER_02954
RING_COLLUSION_SELLER_00094,seller_buyer_collusion,buyer,BUYER_03680
RING_COLLUSION_SELLER_00094,seller_buyer_collusion,buyer,BUYER_04600
RING_COLLUSION_SELLER_00094,seller_buyer_collusion,buyer,BUYER_00601
RING_COLLUSION_SELLER_00094,seller_buyer_collusion,buyer,BUYER_03716
RING_COLLUSION_SELLER_00094,seller_buyer_collusion,buyer,BUYER_00122
RING_COLLUSION_SELLER_00201,seller_buyer_collusion,seller,SELLER_00201
RING_COLLUSION_SELLER_00201,seller_buyer_collusion,buyer,BUYER_02181
RING_COLLUSION_SELLER_00201,seller_buyer_collusion,buyer,BUYER_03288
RING_COLLUSION_SELLER_00201,seller_buyer_collusion,buyer,BUYER_03652
RING_COLLUSION_SELLER_00201,seller_buyer_collusion,buyer,BUYER_03296
RING_COLLUSION_SELLER_00201,seller_buyer_collusion,buyer,BUYER_01715
RING_COLLUSION_SELLER_00353,seller_buyer_collusion,seller,SELLER_00353
RING_COLLUSION_SELLER_00353,seller_buyer_collusion,buyer,BUYER_03628
RING_COLLUSION_SELLER_00353,seller_buyer_collusion,buyer,BUYER_03067
RING_COLLUSION_SELLER_00353,seller_buyer_collusion,buyer,BUYER_02763
RING_COLLUSION_SELLER_00353,seller_buyer_collusion,buyer,BUYER_04523
RING_COLLUSION_SELLER_00353,seller_buyer_collusion,buyer,BUYER_00340
RING_COLLUSION_SELLER_00456,seller_buyer_collusion,seller,SELLER_00456
RING_COLLUSION_SELLER_00456,seller_buyer_collusion,buyer,BUYER_03852
RING_COLLUSION_SELLER_00456,seller_buyer_collusion,buyer,BUYER_03922
RING_COLLUSION_SELLER_00456,seller_buyer_collusion,buyer,BUYER_04462
RING_COLLUSION_SELLER_00456,seller_buyer_collusion,buyer,BUYER_00721
RING_COLLUSION_SELLER_00456,seller_buyer_collusion,buyer,BUYER_00303
RING_COLLUSION_SELLER_00456,seller_buyer_collusion,buyer,BUYER_03985
RING_COLLUSION_SELLER_00064,seller_buyer_collusion,seller,SELLER_00064
RING_COLLUSION_SELLER_00064,seller_buyer_collusion,buyer,BUYER_00673
RING_COLLUSION_SELLER_00064,seller_buyer_collusion,buyer,BUYER_03266
RING_COLLUSION_SELLER_00064,seller_buyer_collusion,buyer,BUYER_01617
RING_COLLUSION_SELLER_00064,seller_buyer_collusion,buyer,BUYER_00976
RING_COLLUSION_SELLER_00064,seller_buyer_collusion,buyer,BUYER_01304
RING_COLLUSION_SELLER_00419,seller_buyer_collusion,seller,SELLER_00419
RING_COLLUSION_SELLER_00419,seller_buyer_collusion,buyer,BUYER_02592
RING_COLLUSION_SELLER_00419,seller_buyer_collusion,buyer,BUYER_03220
RING_COLLUSION_SELLER_00419,seller_buyer_collusion,buyer,BUYER_02709
RING_COLLUSION_SELLER_00196,seller_buyer_collusion,seller,SELLER_00196
RING_COLLUSION_SELLER_00196,seller_buyer_collusion,buyer,BUYER_02399
RING_COLLUSION_SELLER_00196,seller_buyer_collusion,buyer,BUYER_01850
RING_COLLUSION_SELLER_00196,seller_buyer_collusion,buyer,BUYER_04916
RING_COLLUSION_SELLER_00196,seller_buyer_collusion,buyer,BUYER_04954
RING_COLLUSION_SELLER_00196,seller_buyer_collusion,buyer,BUYER_04672
RING_COLLUSION_SELLER_00266,seller_buyer_collusion,seller,SELLER_00266
RING_COLLUSION_SELLER_00266,seller_buyer_collusion,buyer,BUYER_03263
RING_COLLUSION_SELLER_00266,seller_buyer_collusion,buyer,BUYER_00547
RING_COLLUSION_SELLER_00266,seller_buyer_collusion,buyer,BUYER_04713
RING_COLLUSION_SELLER_00177,seller_buyer_collusion,seller,SELLER_00177
RING_COLLUSION_SELLER_00177,seller_buyer_collusion,buyer,BUYER_03760
RING_COLLUSION_SELLER_00177,seller_buyer_collusion,buyer,BUYER_01594
RING_COLLUSION_SELLER_00177,seller_buyer_collusion,buyer,BUYER_00069
RING_COLLUSION_SELLER_00177,seller_buyer_collusion,buyer,BUYER_02961
RING_COLLUSION_SELLER_00177,seller_buyer_collusion,buyer,BUYER_01751
RING_COLLUSION_SELLER_00177,seller_buyer_collusion,buyer,BUYER_02958
RING_COLLUSION_SELLER_00146,seller_buyer_collusion,seller,SELLER_00146
RING_COLLUSION_SELLER_00146,seller_buyer_collusion,buyer,BUYER_02676
RING_COLLUSION_SELLER_00146,seller_buyer_collusion,buyer,BUYER_00344
RING_COLLUSION_SELLER_00146,seller_buyer_collusion,buyer,BUYER_03928
RING_COLLUSION_SELLER_00436,seller_buyer_collusion,seller,SELLER_00436
RING_COLLUSION_SELLER_00436,seller_buyer_collusion,buyer,BUYER_04679
RING_COLLUSION_SELLER_00436,seller_buyer_collusion,buyer,BUYER_00856
RING_COLLUSION_SELLER_00436,seller_buyer_collusion,buyer,BUYER_00968
RING_COLLUSION_SELLER_00436,seller_buyer_collusion,buyer,BUYER_02273
RING_COLLUSION_SELLER_00339,seller_buyer_collusion,seller,SELLER_00339
RING_COLLUSION_SELLER_00339,seller_buyer_collusion,buyer,BUYER_00402
RING_COLLUSION_SELLER_00339,seller_buyer_collusion,buyer,BUYER_03384
RING_COLLUSION_SELLER_00339,seller_buyer_collusion,buyer,BUYER_02319
RING_COLLUSION_SELLER_00339,seller_buyer_collusion,buyer,BUYER_00119
RING_COLLUSION_SELLER_00339,seller_buyer_collusion,buyer,BUYER_04227
RING_COLLUSION_SELLER_00339,seller_buyer_collusion,buyer,BUYER_04855
RING_COLLUSION_SELLER_00025,seller_buyer_collusion,seller,SELLER_00025
RING_COLLUSION_SELLER_00025,seller_buyer_collusion,buyer,BUYER_04639
RING_COLLUSION_SELLER_00025,seller_buyer_collusion,buyer,BUYER_01173
RING_COLLUSION_SELLER_00025,seller_buyer_collusion,buyer,BUYER_03008
RING_COLLUSION_SELLER_00463,seller_buyer_collusion,seller,SELLER_00463
RING_COLLUSION_SELLER_00463,seller_buyer_collusion,buyer,BUYER_03758
RING_COLLUSION_SELLER_00463,seller_buyer_collusion,buyer,BUYER_04845
RING_COLLUSION_SELLER_00463,seller_buyer_collusion,buyer,BUYER_00904
RING_COLLUSION_SELLER_00463,seller_buyer_collusion,buyer,BUYER_00307
RING_COLLUSION_SELLER_00175,seller_buyer_collusion,seller,SELLER_00175
RING_COLLUSION_SELLER_00175,seller_buyer_collusion,buyer,BUYER_00885
RING_COLLUSION_SELLER_00175,seller_buyer_collusion,buyer,BUYER_00061
RING_COLLUSION_SELLER_00175,seller_buyer_collusion,buyer,BUYER_03096
RING_COLLUSION_SELLER_00175,seller_buyer_collusion,buyer,BUYER_02147
RING_COLLUSION_SELLER_00302,seller_buyer_collusion,seller,SELLER_00302
RING_COLLUSION_SELLER_00302,seller_buyer_collusion,buyer,BUYER_04658
RING_COLLUSION_SELLER_00302,seller_buyer_collusion,buyer,BUYER_00390
RING_COLLUSION_SELLER_00302,seller_buyer_collusion,buyer,BUYER_01716
RING_COLLUSION_SELLER_00226,seller_buyer_collusion,seller,SELLER_00226
RING_COLLUSION_SELLER_00226,seller_buyer_collusion,buyer,BUYER_01765
RING_COLLUSION_SELLER_00226,seller_buyer_collusion,buyer,BUYER_00769
RING_COLLUSION_SELLER_00226,seller_buyer_collusion,buyer,BUYER_04218
RING_COLLUSION_SELLER_00226,seller_buyer_collusion,buyer,BUYER_00093
RING_COLLUSION_SELLER_00226,seller_buyer_collusion,buyer,BUYER_00358
RING_COLLUSION_SELLER_00236,seller_buyer_collusion,seller,SELLER_00236
RING_COLLUSION_SELLER_00236,seller_buyer_collusion,buyer,BUYER_04536
RING_COLLUSION_SELLER_00236,seller_buyer_collusion,buyer,BUYER_01870
RING_COLLUSION_SELLER_00236,seller_buyer_collusion,buyer,BUYER_03167
RING_COLLUSION_SELLER_00236,seller_buyer_collusion,buyer,BUYER_02772
RING_COLLUSION_SELLER_00236,seller_buyer_collusion,buyer,BUYER_00488
RING_COLLUSION_SELLER_00236,seller_buyer_collusion,buyer,BUYER_01623
RING_COLLUSION_SELLER_00206,seller_buyer_collusion,seller,SELLER_00206
RING_COLLUSION_SELLER_00206,seller_buyer_collusion,buyer,BUYER_03278
RING_COLLUSION_SELLER_00206,seller_buyer_collusion,buyer,BUYER_03047
RING_COLLUSION_SELLER_00206,seller_buyer_collusion,buyer,BUYER_04130
RING_COLLUSION_SELLER_00206,seller_buyer_collusion,buyer,BUYER_01332
RING_COLLUSION_SELLER_00153,seller_buyer_collusion,seller,SELLER_00153
RING_COLLUSION_SELLER_00153,seller_buyer_collusion,buyer,BUYER_04274
RING_COLLUSION_SELLER_00153,seller_buyer_collusion,buyer,BUYER_02352
RING_COLLUSION_SELLER_00153,seller_buyer_collusion,buyer,BUYER_04012
RING_COLLUSION_SELLER_00153,seller_buyer_collusion,buyer,BUYER_01732
RING_COLLUSION_SELLER_00153,seller_buyer_collusion,buyer,BUYER_00394
RING_COLLUSION_SELLER_00337,seller_buyer_collusion,seller,SELLER_00337
RING_COLLUSION_SELLER_00337,seller_buyer_collusion,buyer,BUYER_03386
RING_COLLUSION_SELLER_00337,seller_buyer_collusion,buyer,BUYER_00890
RING_COLLUSION_SELLER_00337,seller_buyer_collusion,buyer,BUYER_02168
RING_COLLUSION_SELLER_00337,seller_buyer_collusion,buyer,BUYER_02444
RING_COLLUSION_SELLER_00215,seller_buyer_collusion,seller,SELLER_00215
RING_COLLUSION_SELLER_00215,seller_buyer_collusion,buyer,BUYER_02925
RING_COLLUSION_SELLER_00215,seller_buyer_collusion,buyer,BUYER_04928
RING_COLLUSION_SELLER_00215,seller_buyer_collusion,buyer,BUYER_02606
RING_COLLUSION_SELLER_00215,seller_buyer_collusion,buyer,BUYER_04051
RING_COLLUSION_SELLER_00215,seller_buyer_collusion,buyer,BUYER_00618
RING_COLLUSION_SELLER_00222,seller_buyer_collusion,seller,SELLER_00222
RING_COLLUSION_SELLER_00222,seller_buyer_collusion,buyer,BUYER_04196
RING_COLLUSION_SELLER_00222,seller_buyer_collusion,buyer,BUYER_03836
RING_COLLUSION_SELLER_00222,seller_buyer_collusion,buyer,BUYER_01755
RING_COLLUSION_SELLER_00222,seller_buyer_collusion,buyer,BUYER_01499
RING_COLLUSION_SELLER_00222,seller_buyer_collusion,buyer,BUYER_01751
RING_COLLUSION_SELLER_00222,seller_buyer_collusion,buyer,BUYER_00756
RING_COLLUSION_SELLER_00287,seller_buyer_collusion,seller,SELLER_00287
RING_COLLUSION_SELLER_00287,seller_buyer_collusion,buyer,BUYER_02421
RING_COLLUSION_SELLER_00287,seller_buyer_collusion,buyer,BUYER_04519
RING_COLLUSION_SELLER_00287,seller_buyer_collusion,buyer,BUYER_04036
RING_COLLUSION_SELLER_00287,seller_buyer_collusion,buyer,BUYER_04959
RING_COLLUSION_SELLER_00287,seller_buyer_collusion,buyer,BUYER_00386
RING_COLLUSION_SELLER_00118,seller_buyer_collusion,seller,SELLER_00118
RING_COLLUSION_SELLER_00118,seller_buyer_collusion,buyer,BUYER_02163
RING_COLLUSION_SELLER_00118,seller_buyer_collusion,buyer,BUYER_01108
RING_COLLUSION_SELLER_00118,seller_buyer_collusion,buyer,BUYER_03825
RING_COLLUSION_SELLER_00118,seller_buyer_collusion,buyer,BUYER_02358
RING_COLLUSION_SELLER_00118,seller_buyer_collusion,buyer,BUYER_03229
RING_COLLUSION_SELLER_00091,seller_buyer_collusion,seller,SELLER_00091
RING_COLLUSION_SELLER_00091,seller_buyer_collusion,buyer,BUYER_01989
RING_COLLUSION_SELLER_00091,seller_buyer_collusion,buyer,BUYER_02838
RING_COLLUSION_SELLER_00091,seller_buyer_collusion,buyer,BUYER_03276
RING_COLLUSION_SELLER_00091,seller_buyer_collusion,buyer,BUYER_02772
RING_COLLUSION_SELLER_00091,seller_buyer_collusion,buyer,BUYER_04472
RING_COLLUSION_SELLER_00091,seller_buyer_collusion,buyer,BUYER_03261
RING_COLLUSION_SELLER_00412,seller_buyer_collusion,seller,SELLER_00412
RING_COLLUSION_SELLER_00412,seller_buyer_collusion,buyer,BUYER_03548
RING_COLLUSION_SELLER_00412,seller_buyer_collusion,buyer,BUYER_03405
RING_COLLUSION_SELLER_00412,seller_buyer_collusion,buyer,BUYER_01280
RING_COLLUSION_SELLER_00412,seller_buyer_collusion,buyer,BUYER_03415
RING_COLLUSION_SELLER_00412,seller_buyer_collusion,buyer,BUYER_02875
RING_COLLUSION_SELLER_00450,seller_buyer_collusion,seller,SELLER_00450
RING_COLLUSION_SELLER_00450,seller_buyer_collusion,buyer,BUYER_00666
RING_COLLUSION_SELLER_00450,seller_buyer_collusion,buyer,BUYER_03701
RING_COLLUSION_SELLER_00450,seller_buyer_collusion,buyer,BUYER_02983
RING_COLLUSION_SELLER_00450,seller_buyer_collusion,buyer,BUYER_00413
RING_COLLUSION_SELLER_00131,seller_buyer_collusion,seller,SELLER_00131
RING_COLLUSION_SELLER_00131,seller_buyer_collusion,buyer,BUYER_03603
RING_COLLUSION_SELLER_00131,seller_buyer_collusion,buyer,BUYER_00180
RING_COLLUSION_SELLER_00131,seller_buyer_collusion,buyer,BUYER_00220
RING_COLLUSION_SELLER_00128,seller_buyer_collusion,seller,SELLER_00128
RING_COLLUSION_SELLER_00128,seller_buyer_collusion,buyer,BUYER_02477
RING_COLLUSION_SELLER_00128,seller_buyer_collusion,buyer,BUYER_01233
RING_COLLUSION_SELLER_00128,seller_buyer_collusion,buyer,BUYER_03807
RING_COLLUSION_SELLER_00128,seller_buyer_collusion,buyer,BUYER_04668
RING_COLLUSION_SELLER_00128,seller_buyer_collusion,buyer,BUYER_00593
RING_COLLUSION_SELLER_00382,seller_buyer_collusion,seller,SELLER_00382
RING_COLLUSION_SELLER_00382,seller_buyer_collusion,buyer,BUYER_00779
RING_COLLUSION_SELLER_00382,seller_buyer_collusion,buyer,BUYER_01941
RING_COLLUSION_SELLER_00382,seller_buyer_collusion,buyer,BUYER_03954
RING_COLLUSION_SELLER_00382,seller_buyer_collusion,buyer,BUYER_00415
RING_COLLUSION_SELLER_00102,seller_buyer_collusion,seller,SELLER_00102
RING_COLLUSION_SELLER_00102,seller_buyer_collusion,buyer,BUYER_02824
RING_COLLUSION_SELLER_00102,seller_buyer_collusion,buyer,BUYER_01464
RING_COLLUSION_SELLER_00102,seller_buyer_collusion,buyer,BUYER_01344
RING_COLLUSION_SELLER_00102,seller_buyer_collusion,buyer,BUYER_02770
RING_COLLUSION_SELLER_00102,seller_buyer_collusion,buyer,BUYER_02052
RING_COLLUSION_SELLER_00102,seller_buyer_collusion,buyer,BUYER_00665
RING_COLLUSION_SELLER_00380,seller_buyer_collusion,seller,SELLER_00380
RING_COLLUSION_SELLER_00380,seller_buyer_collusion,buyer,BUYER_01045
RING_COLLUSION_SELLER_00380,seller_buyer_collusion,buyer,BUYER_04453
RING_COLLUSION_SELLER_00380,seller_buyer_collusion,buyer,BUYER_04007
RING_COLLUSION_SELLER_00380,seller_buyer_collusion,buyer,BUYER_03046
RING_COLLUSION_SELLER_00380,seller_buyer_collusion,buyer,BUYER_00028
RING_COLLUSION_SELLER_00114,seller_buyer_collusion,seller,SELLER_00114
RING_COLLUSION_SELLER_00114,seller_buyer_collusion,buyer,BUYER_02408
RING_COLLUSION_SELLER_00114,seller_buyer_collusion,buyer,BUYER_04232
RING_COLLUSION_SELLER_00114,seller_buyer_collusion,buyer,BUYER_01362
RING_COLLUSION_SELLER_00114,seller_buyer_collusion,buyer,BUYER_00019
RING_COLLUSION_SELLER_00480,seller_buyer_collusion,seller,SELLER_00480
RING_COLLUSION_SELLER_00480,seller_buyer_collusion,buyer,BUYER_03653
RING_COLLUSION_SELLER_00480,seller_buyer_collusion,buyer,BUYER_00936
RING_COLLUSION_SELLER_00480,seller_buyer_collusion,buyer,BUYER_01643
RING_COLLUSION_SELLER_00480,seller_buyer_collusion,buyer,BUYER_04861
RING_COLLUSION_SELLER_00480,seller_buyer_collusion,buyer,BUYER_03993
RING_COLLUSION_SELLER_00480,seller_buyer_collusion,buyer,BUYER_02516
RING_COLLUSION_SELLER_00294,seller_buyer_collusion,seller,SELLER_00294
RING_COLLUSION_SELLER_00294,seller_buyer_collusion,buyer,BUYER_04158
RING_COLLUSION_SELLER_00294,seller_buyer_collusion,buyer,BUYER_03725
RING_COLLUSION_SELLER_00294,seller_buyer_collusion,buyer,BUYER_00155
RING_COLLUSION_SELLER_00294,seller_buyer_collusion,buyer,BUYER_03951
RING_COLLUSION_SELLER_00294,seller_buyer_collusion,buyer,BUYER_00724
RING_COLLUSION_SELLER_00294,seller_buyer_collusion,buyer,BUYER_03162
RING_COLLUSION_SELLER_00036,seller_buyer_collusion,seller,SELLER_00036
RING_COLLUSION_SELLER_00036,seller_buyer_collusion,buyer,BUYER_04345
RING_COLLUSION_SELLER_00036,seller_buyer_collusion,buyer,BUYER_04574
RING_COLLUSION_SELLER_00036,seller_buyer_collusion,buyer,BUYER_03053
RING_COLLUSION_SELLER_00281,seller_buyer_collusion,seller,SELLER_00281
RING_COLLUSION_SELLER_00281,seller_buyer_collusion,buyer,BUYER_03493
RING_COLLUSION_SELLER_00281,seller_buyer_collusion,buyer,BUYER_04518
RING_COLLUSION_SELLER_00281,seller_buyer_collusion,buyer,BUYER_02961
RING_COLLUSION_SELLER_00281,seller_buyer_collusion,buyer,BUYER_01325
RING_COLLUSION_SELLER_00281,seller_buyer_collusion,buyer,BUYER_02285
RING_COLLUSION_SELLER_00235,seller_buyer_collusion,seller,SELLER_00235
RING_COLLUSION_SELLER_00235,seller_buyer_collusion,buyer,BUYER_02081
RING_COLLUSION_SELLER_00235,seller_buyer_collusion,buyer,BUYER_01864
RING_COLLUSION_SELLER_00235,seller_buyer_collusion,buyer,BUYER_02080
RING_COLLUSION_SELLER_00235,seller_buyer_collusion,buyer,BUYER_00635
RING_COLLUSION_SELLER_00235,seller_buyer_collusion,buyer,BUYER_04398
RING_COLLUSION_SELLER_00484,seller_buyer_collusion,seller,SELLER_00484
RING_COLLUSION_SELLER_00484,seller_buyer_collusion,buyer,BUYER_02933
RING_COLLUSION_SELLER_00484,seller_buyer_collusion,buyer,BUYER_02306
RING_COLLUSION_SELLER_00484,seller_buyer_collusion,buyer,BUYER_00060
RING_COLLUSION_SELLER_00364,seller_buyer_collusion,seller,SELLER_00364
RING_COLLUSION_SELLER_00364,seller_buyer_collusion,buyer,BUYER_00951
RING_COLLUSION_SELLER_00364,seller_buyer_collusion,buyer,BUYER_04524
RING_COLLUSION_SELLER_00364,seller_buyer_collusion,buyer,BUYER_03231
RING_COLLUSION_SELLER_00026,seller_buyer_collusion,seller,SELLER_00026
RING_COLLUSION_SELLER_00026,seller_buyer_collusion,buyer,BUYER_04569
RING_COLLUSION_SELLER_00026,seller_buyer_collusion,buyer,BUYER_03073
RING_COLLUSION_SELLER_00026,seller_buyer_collusion,buyer,BUYER_01773
RING_COLLUSION_SELLER_00179,seller_buyer_collusion,seller,SELLER_00179
RING_COLLUSION_SELLER_00179,seller_buyer_collusion,buyer,BUYER_02525
RING_COLLUSION_SELLER_00179,seller_buyer_collusion,buyer,BUYER_01714
RING_COLLUSION_SELLER_00179,seller_buyer_collusion,buyer,BUYER_02797
RING_COLLUSION_SELLER_00210,seller_buyer_collusion,seller,SELLER_00210
RING_COLLUSION_SELLER_00210,seller_buyer_collusion,buyer,BUYER_04417
RING_COLLUSION_SELLER_00210,seller_buyer_collusion,buyer,BUYER_01333
RING_COLLUSION_SELLER_00210,seller_buyer_collusion,buyer,BUYER_01779
RING_COLLUSION_SELLER_00449,seller_buyer_collusion,seller,SELLER_00449
RING_COLLUSION_SELLER_00449,seller_buyer_collusion,buyer,BUYER_04662
RING_COLLUSION_SELLER_00449,seller_buyer_collusion,buyer,BUYER_04707
RING_COLLUSION_SELLER_00449,seller_buyer_collusion,buyer,BUYER_03720
RING_COLLUSION_SELLER_00449,seller_buyer_collusion,buyer,BUYER_03256
RING_COLLUSION_SELLER_00449,seller_buyer_collusion,buyer,BUYER_01187
RING_COLLUSION_SELLER_00449,seller_buyer_collusion,buyer,BUYER_04960
RING_COLLUSION_SELLER_00437,seller_buyer_collusion,seller,SELLER_00437
RING_COLLUSION_SELLER_00437,seller_buyer_collusion,buyer,BUYER_04738
RING_COLLUSION_SELLER_00437,seller_buyer_collusion,buyer,BUYER_02607
RING_COLLUSION_SELLER_00437,seller_buyer_collusion,buyer,BUYER_00259
RING_COLLUSION_SELLER_00437,seller_buyer_collusion,buyer,BUYER_02860
RING_COLLUSION_SELLER_00336,seller_buyer_collusion,seller,SELLER_00336
RING_COLLUSION_SELLER_00336,seller_buyer_collusion,buyer,BUYER_04701
RING_COLLUSION_SELLER_00336,seller_buyer_collusion,buyer,BUYER_01577
RING_COLLUSION_SELLER_00336,seller_buyer_collusion,buyer,BUYER_02030
RING_COLLUSION_SELLER_00336,seller_buyer_collusion,buyer,BUYER_00378
RING_COLLUSION_SELLER_00377,seller_buyer_collusion,seller,SELLER_00377
RING_COLLUSION_SELLER_00377,seller_buyer_collusion,buyer,BUYER_03422
RING_COLLUSION_SELLER_00377,seller_buyer_collusion,buyer,BUYER_02382
RING_COLLUSION_SELLER_00377,seller_buyer_collusion,buyer,BUYER_04861
RING_COLLUSION_SELLER_00377,seller_buyer_collusion,buyer,BUYER_01352
RING_COLLUSION_SELLER_00112,seller_buyer_collusion,seller,SELLER_00112
RING_COLLUSION_SELLER_00112,seller_buyer_collusion,buyer,BUYER_00010
RING_COLLUSION_SELLER_00112,seller_buyer_collusion,buyer,BUYER_00339
RING_COLLUSION_SELLER_00112,seller_buyer_collusion,buyer,BUYER_03021
RING_COLLUSION_SELLER_00253,seller_buyer_collusion,seller,SELLER_00253
RING_COLLUSION_SELLER_00253,seller_buyer_collusion,buyer,BUYER_01478
RING_COLLUSION_SELLER_00253,seller_buyer_collusion,buyer,BUYER_04666
RING_COLLUSION_SELLER_00253,seller_buyer_collusion,buyer,BUYER_04720
RING_COLLUSION_SELLER_00253,seller_buyer_collusion,buyer,BUYER_04945
RING_COLLUSION_SELLER_00253,seller_buyer_collusion,buyer,BUYER_01856
RING_COLLUSION_SELLER_00253,seller_buyer_collusion,buyer,BUYER_02910
RING_COLLUSION_SELLER_00277,seller_buyer_collusion,seller,SELLER_00277
RING_COLLUSION_SELLER_00277,seller_buyer_collusion,buyer,BUYER_02036
RING_COLLUSION_SELLER_00277,seller_buyer_collusion,buyer,BUYER_03617
RING_COLLUSION_SELLER_00277,seller_buyer_collusion,buyer,BUYER_01065
RING_COLLUSION_SELLER_00277,seller_buyer_collusion,buyer,BUYER_04776
RING_COLLUSION_SELLER_00189,seller_buyer_collusion,seller,SELLER_00189
RING_COLLUSION_SELLER_00189,seller_buyer_collusion,buyer,BUYER_01909
RING_COLLUSION_SELLER_00189,seller_buyer_collusion,buyer,BUYER_03431
RING_COLLUSION_SELLER_00189,seller_buyer_collusion,buyer,BUYER_02410
RING_COLLUSION_SELLER_00189,seller_buyer_collusion,buyer,BUYER_02260
RING_COLLUSION_SELLER_00189,seller_buyer_collusion,buyer,BUYER_03805
RING_COLLUSION_SELLER_00451,seller_buyer_collusion,seller,SELLER_00451
RING_COLLUSION_SELLER_00451,seller_buyer_collusion,buyer,BUYER_04053
RING_COLLUSION_SELLER_00451,seller_buyer_collusion,buyer,BUYER_01263
RING_COLLUSION_SELLER_00451,seller_buyer_collusion,buyer,BUYER_04919
RING_COLLUSION_SELLER_00451,seller_buyer_collusion,buyer,BUYER_03254
RING_COLLUSION_SELLER_00451,seller_buyer_collusion,buyer,BUYER_04738
RING_COLLUSION_SELLER_00451,seller_buyer_collusion,buyer,BUYER_00816
RING_COLLUSION_SELLER_00047,seller_buyer_collusion,seller,SELLER_00047
RING_COLLUSION_SELLER_00047,seller_buyer_collusion,buyer,BUYER_02492
RING_COLLUSION_SELLER_00047,seller_buyer_collusion,buyer,BUYER_02623
RING_COLLUSION_SELLER_00047,seller_buyer_collusion,buyer,BUYER_04354
RING_COLLUSION_SELLER_00047,seller_buyer_collusion,buyer,BUYER_03474
RING_COLLUSION_SELLER_00047,seller_buyer_collusion,buyer,BUYER_02215
RING_COLLUSION_SELLER_00165,seller_buyer_collusion,seller,SELLER_00165
RING_COLLUSION_SELLER_00165,seller_buyer_collusion,buyer,BUYER_04004
RING_COLLUSION_SELLER_00165,seller_buyer_collusion,buyer,BUYER_01414
RING_COLLUSION_SELLER_00165,seller_buyer_collusion,buyer,BUYER_04193
RING_COLLUSION_SELLER_00497,seller_buyer_collusion,seller,SELLER_00497
RING_COLLUSION_SELLER_00497,seller_buyer_collusion,buyer,BUYER_01414
RING_COLLUSION_SELLER_00497,seller_buyer_collusion,buyer,BUYER_03635
RING_COLLUSION_SELLER_00497,seller_buyer_collusion,buyer,BUYER_01432
RING_COLLUSION_SELLER_00497,seller_buyer_collusion,buyer,BUYER_01612
RING_COLLUSION_SELLER_00360,seller_buyer_collusion,seller,SELLER_00360
RING_COLLUSION_SELLER_00360,seller_buyer_collusion,buyer,BUYER_00169
RING_COLLUSION_SELLER_00360,seller_buyer_collusion,buyer,BUYER_03618
RING_COLLUSION_SELLER_00360,seller_buyer_collusion,buyer,BUYER_02281
RING_COLLUSION_SELLER_00360,seller_buyer_collusion,buyer,BUYER_03659
RING_COLLUSION_SELLER_00111,seller_buyer_collusion,seller,SELLER_00111
RING_COLLUSION_SELLER_00111,seller_buyer_collusion,buyer,BUYER_04811
RING_COLLUSION_SELLER_00111,seller_buyer_collusion,buyer,BUYER_00200
RING_COLLUSION_SELLER_00111,seller_buyer_collusion,buyer,BUYER_00008
RING_COLLUSION_SELLER_00142,seller_buyer_collusion,seller,SELLER_00142
RING_COLLUSION_SELLER_00142,seller_buyer_collusion,buyer,BUYER_02579
RING_COLLUSION_SELLER_00142,seller_buyer_collusion,buyer,BUYER_02138
RING_COLLUSION_SELLER_00142,seller_buyer_collusion,buyer,BUYER_03316
RING_COLLUSION_SELLER_00142,seller_buyer_collusion,buyer,BUYER_03201
RING_COLLUSION_SELLER_00308,seller_buyer_collusion,seller,SELLER_00308
RING_COLLUSION_SELLER_00308,seller_buyer_collusion,buyer,BUYER_03314
RING_COLLUSION_SELLER_00308,seller_buyer_collusion,buyer,BUYER_01764
RING_COLLUSION_SELLER_00308,seller_buyer_collusion,buyer,BUYER_03569
RING_COLLUSION_SELLER_00011,seller_buyer_collusion,seller,SELLER_00011
RING_COLLUSION_SELLER_00011,seller_buyer_collusion,buyer,BUYER_04346
RING_COLLUSION_SELLER_00011,seller_buyer_collusion,buyer,BUYER_01547
RING_COLLUSION_SELLER_00011,seller_buyer_collusion,buyer,BUYER_04166
RING_COLLUSION_SELLER_00011,seller_buyer_collusion,buyer,BUYER_02729
RING_COLLUSION_SELLER_00011,seller_buyer_collusion,buyer,BUYER_02262
RING_COLLUSION_SELLER_00230,seller_buyer_collusion,seller,SELLER_00230
RING_COLLUSION_SELLER_00230,seller_buyer_collusion,buyer,BUYER_04243
RING_COLLUSION_SELLER_00230,seller_buyer_collusion,buyer,BUYER_03017
RING_COLLUSION_SELLER_00230,seller_buyer_collusion,buyer,BUYER_02042
RING_COLLUSION_SELLER_00230,seller_buyer_collusion,buyer,BUYER_03969
RING_COLLUSION_SELLER_00262,seller_buyer_collusion,seller,SELLER_00262
RING_COLLUSION_SELLER_00262,seller_buyer_collusion,buyer,BUYER_02711
RING_COLLUSION_SELLER_00262,seller_buyer_collusion,buyer,BUYER_03757
RING_COLLUSION_SELLER_00262,seller_buyer_collusion,buyer,BUYER_04203
RING_COLLUSION_SELLER_00262,seller_buyer_collusion,buyer,BUYER_04948
RING_COLLUSION_SELLER_00262,seller_buyer_collusion,buyer,BUYER_01457
RING_COLLUSION_SELLER_00262,seller_buyer_collusion,buyer,BUYER_04751
RING_COLLUSION_SELLER_00349,seller_buyer_collusion,seller,SELLER_00349
RING_COLLUSION_SELLER_00349,seller_buyer_collusion,buyer,BUYER_00458
RING_COLLUSION_SELLER_00349,seller_buyer_collusion,buyer,BUYER_04831
RING_COLLUSION_SELLER_00349,seller_buyer_collusion,buyer,BUYER_04393
RING_COLLUSION_SELLER_00349,seller_buyer_collusion,buyer,BUYER_03494
RING_COLLUSION_SELLER_00349,seller_buyer_collusion,buyer,BUYER_03122
RING_COLLUSION_SELLER_00349,seller_buyer_collusion,buyer,BUYER_02752
RING_COLLUSION_SELLER_00312,seller_buyer_collusion,seller,SELLER_00312
RING_COLLUSION_SELLER_00312,seller_buyer_collusion,buyer,BUYER_04734
RING_COLLUSION_SELLER_00312,seller_buyer_collusion,buyer,BUYER_00046
RING_COLLUSION_SELLER_00312,seller_buyer_collusion,buyer,BUYER_01179
RING_COLLUSION_SELLER_00312,seller_buyer_collusion,buyer,BUYER_00056
RING_COLLUSION_SELLER_00312,seller_buyer_collusion,buyer,BUYER_00140
RING_COLLUSION_SELLER_00312,seller_buyer_collusion,buyer,BUYER_00885
RING_COLLUSION_SELLER_00176,seller_buyer_collusion,seller,SELLER_00176
RING_COLLUSION_SELLER_00176,seller_buyer_collusion,buyer,BUYER_04123
RING_COLLUSION_SELLER_00176,seller_buyer_collusion,buyer,BUYER_03271
RING_COLLUSION_SELLER_00176,seller_buyer_collusion,buyer,BUYER_03737
RING_COLLUSION_SELLER_00176,seller_buyer_collusion,buyer,BUYER_01149
RING_COLLUSION_SELLER_00176,seller_buyer_collusion,buyer,BUYER_02595
RING_COLLUSION_SELLER_00176,seller_buyer_collusion,buyer,BUYER_03888
RING_COLLUSION_SELLER_00122,seller_buyer_collusion,seller,SELLER_00122
RING_COLLUSION_SELLER_00122,seller_buyer_collusion,buyer,BUYER_03075
RING_COLLUSION_SELLER_00122,seller_buyer_collusion,buyer,BUYER_00143
RING_COLLUSION_SELLER_00122,seller_buyer_collusion,buyer,BUYER_03588
RING_COLLUSION_SELLER_00122,seller_buyer_collusion,buyer,BUYER_02146
RING_COLLUSION_SELLER_00122,seller_buyer_collusion,buyer,BUYER_01412
RING_COLLUSION_SELLER_00127,seller_buyer_collusion,seller,SELLER_00127
RING_COLLUSION_SELLER_00127,seller_buyer_collusion,buyer,BUYER_03209
RING_COLLUSION_SELLER_00127,seller_buyer_collusion,buyer,BUYER_04444
RING_COLLUSION_SELLER_00127,seller_buyer_collusion,buyer,BUYER_01865
RING_COLLUSION_SELLER_00127,seller_buyer_collusion,buyer,BUYER_04982
RING_COLLUSION_SELLER_00171,seller_buyer_collusion,seller,SELLER_00171
RING_COLLUSION_SELLER_00171,seller_buyer_collusion,buyer,BUYER_00209
RING_COLLUSION_SELLER_00171,seller_buyer_collusion,buyer,BUYER_01321
RING_COLLUSION_SELLER_00171,seller_buyer_collusion,buyer,BUYER_03105
RING_COLLUSION_SELLER_00171,seller_buyer_collusion,buyer,BUYER_00489
RING_COLLUSION_SELLER_00171,seller_buyer_collusion,buyer,BUYER_02590
RING_COLLUSION_SELLER_00171,seller_buyer_collusion,buyer,BUYER_02052
RING_COLLUSION_SELLER_00241,seller_buyer_collusion,seller,SELLER_00241
RING_COLLUSION_SELLER_00241,seller_buyer_collusion,buyer,BUYER_03569
RING_COLLUSION_SELLER_00241,seller_buyer_collusion,buyer,BUYER_01472
RING_COLLUSION_SELLER_00241,seller_buyer_collusion,buyer,BUYER_04583
RING_COLLUSION_SELLER_00241,seller_buyer_collusion,buyer,BUYER_02940
RING_COLLUSION_SELLER_00241,seller_buyer_collusion,buyer,BUYER_02586
RING_COLLUSION_SELLER_00241,seller_buyer_collusion,buyer,BUYER_04457
RING_COLLUSION_SELLER_00476,seller_buyer_collusion,seller,SELLER_00476
RING_COLLUSION_SELLER_00476,seller_buyer_collusion,buyer,BUYER_04083
RING_COLLUSION_SELLER_00476,seller_buyer_collusion,buyer,BUYER_00143
RING_COLLUSION_SELLER_00476,seller_buyer_collusion,buyer,BUYER_02421
RING_COLLUSION_SELLER_00305,seller_buyer_collusion,seller,SELLER_00305
RING_COLLUSION_SELLER_00305,seller_buyer_collusion,buyer,BUYER_02625
RING_COLLUSION_SELLER_00305,seller_buyer_collusion,buyer,BUYER_01468
RING_COLLUSION_SELLER_00305,seller_buyer_collusion,buyer,BUYER_00004
RING_COLLUSION_SELLER_00305,seller_buyer_collusion,buyer,BUYER_03171
RING_COLLUSION_SELLER_00305,seller_buyer_collusion,buyer,BUYER_02457
RING_COLLUSION_SELLER_00305,seller_buyer_collusion,buyer,BUYER_01760
RING_COLLUSION_SELLER_00350,seller_buyer_collusion,seller,SELLER_00350
RING_COLLUSION_SELLER_00350,seller_buyer_collusion,buyer,BUYER_00035
RING_COLLUSION_SELLER_00350,seller_buyer_collusion,buyer,BUYER_00709
RING_COLLUSION_SELLER_00350,seller_buyer_collusion,buyer,BUYER_04597
RING_COLLUSION_SELLER_00350,seller_buyer_collusion,buyer,BUYER_01356
RING_COLLUSION_SELLER_00113,seller_buyer_collusion,seller,SELLER_00113
RING_COLLUSION_SELLER_00113,seller_buyer_collusion,buyer,BUYER_03609
RING_COLLUSION_SELLER_00113,seller_buyer_collusion,buyer,BUYER_04166
RING_COLLUSION_SELLER_00113,seller_buyer_collusion,buyer,BUYER_00330
RING_COLLUSION_SELLER_00113,seller_buyer_collusion,buyer,BUYER_02769
RING_COLLUSION_SELLER_00113,seller_buyer_collusion,buyer,BUYER_04959
RING_COLLUSION_SELLER_00000,seller_buyer_collusion,seller,SELLER_00000
RING_COLLUSION_SELLER_00000,seller_buyer_collusion,buyer,BUYER_01052
RING_COLLUSION_SELLER_00000,seller_buyer_collusion,buyer,BUYER_02994
RING_COLLUSION_SELLER_00000,seller_buyer_collusion,buyer,BUYER_04397
RING_COLLUSION_SELLER_00356,seller_buyer_collusion,seller,SELLER_00356
RING_COLLUSION_SELLER_00356,seller_buyer_collusion,buyer,BUYER_02656
RING_COLLUSION_SELLER_00356,seller_buyer_collusion,buyer,BUYER_01344
RING_COLLUSION_SELLER_00356,seller_buyer_collusion,buyer,BUYER_04615
RING_COLLUSION_SELLER_00117,seller_buyer_collusion,seller,SELLER_00117
RING_COLLUSION_SELLER_00117,seller_buyer_collusion,buyer,BUYER_02669
RING_COLLUSION_SELLER_00117,seller_buyer_collusion,buyer,BUYER_02092
RING_COLLUSION_SELLER_00117,seller_buyer_collusion,buyer,BUYER_01804
RING_COLLUSION_SELLER_00134,seller_buyer_collusion,seller,SELLER_00134
RING_COLLUSION_SELLER_00134,seller_buyer_collusion,buyer,BUYER_01488
RING_COLLUSION_SELLER_00134,seller_buyer_collusion,buyer,BUYER_04622
RING_COLLUSION_SELLER_00134,seller_buyer_collusion,buyer,BUYER_02489
RING_COLLUSION_SELLER_00134,seller_buyer_collusion,buyer,BUYER_01973
RING_COLLUSION_SELLER_00134,seller_buyer_collusion,buyer,BUYER_01104
RING_COLLUSION_SELLER_00033,seller_buyer_collusion,seller,SELLER_00033
RING_COLLUSION_SELLER_00033,seller_buyer_collusion,buyer,BUYER_01973
RING_COLLUSION_SELLER_00033,seller_buyer_collusion,buyer,BUYER_02281
RING_COLLUSION_SELLER_00033,seller_buyer_collusion,buyer,BUYER_03221
RING_COLLUSION_SELLER_00033,seller_buyer_collusion,buyer,BUYER_00377
RING_COLLUSION_SELLER_00033,seller_buyer_collusion,buyer,BUYER_04131
RING_COLLUSION_SELLER_00033,seller_buyer_collusion,buyer,BUYER_03454
RING_COLLUSION_SELLER_00070,seller_buyer_collusion,seller,SELLER_00070
RING_COLLUSION_SELLER_00070,seller_buyer_collusion,buyer,BUYER_02111
RING_COLLUSION_SELLER_00070,seller_buyer_collusion,buyer,BUYER_01773
RING_COLLUSION_SELLER_00070,seller_buyer_collusion,buyer,BUYER_02446
RING_COLLUSION_SELLER_00070,seller_buyer_collusion,buyer,BUYER_02997
RING_COLLUSION_SELLER_00352,seller_buyer_collusion,seller,SELLER_00352
RING_COLLUSION_SELLER_00352,seller_buyer_collusion,buyer,BUYER_04931
RING_COLLUSION_SELLER_00352,seller_buyer_collusion,buyer,BUYER_00215
RING_COLLUSION_SELLER_00352,seller_buyer_collusion,buyer,BUYER_03397
RING_COLLUSION_SELLER_00352,seller_buyer_collusion,buyer,BUYER_02305
RING_COLLUSION_SELLER_00280,seller_buyer_collusion,seller,SELLER_00280
RING_COLLUSION_SELLER_00280,seller_buyer_collusion,buyer,BUYER_00918
RING_COLLUSION_SELLER_00280,seller_buyer_collusion,buyer,BUYER_03754
RING_COLLUSION_SELLER_00280,seller_buyer_collusion,buyer,BUYER_00787
RING_COLLUSION_SELLER_00220,seller_buyer_collusion,seller,SELLER_00220
RING_COLLUSION_SELLER_00220,seller_buyer_collusion,buyer,BUYER_00625
RING_COLLUSION_SELLER_00220,seller_buyer_collusion,buyer,BUYER_04093
RING_COLLUSION_SELLER_00220,seller_buyer_collusion,buyer,BUYER_03811
RING_COLLUSION_SELLER_00466,seller_buyer_collusion,seller,SELLER_00466
RING_COLLUSION_SELLER_00466,seller_buyer_collusion,buyer,BUYER_03610
RING_COLLUSION_SELLER_00466,seller_buyer_collusion,buyer,BUYER_03218
RING_COLLUSION_SELLER_00466,seller_buyer_collusion,buyer,BUYER_00243
RING_COLLUSION_SELLER_00441,seller_buyer_collusion,seller,SELLER_00441
RING_COLLUSION_SELLER_00441,seller_buyer_collusion,buyer,BUYER_04767
RING_COLLUSION_SELLER_00441,seller_buyer_collusion,buyer,BUYER_01823
RING_COLLUSION_SELLER_00441,seller_buyer_collusion,buyer,BUYER_03055
RING_COLLUSION_SELLER_00441,seller_buyer_collusion,buyer,BUYER_02477
RING_COLLUSION_SELLER_00441,seller_buyer_collusion,buyer,BUYER_02785
RING_COLLUSION_SELLER_00441,seller_buyer_collusion,buyer,BUYER_03373
RING_COLLUSION_SELLER_00261,seller_buyer_collusion,seller,SELLER_00261
RING_COLLUSION_SELLER_00261,seller_buyer_collusion,buyer,BUYER_01708
RING_COLLUSION_SELLER_00261,seller_buyer_collusion,buyer,BUYER_03312
RING_COLLUSION_SELLER_00261,seller_buyer_collusion,buyer,BUYER_00691
RING_COLLUSION_SELLER_00261,seller_buyer_collusion,buyer,BUYER_02045
RING_COLLUSION_SELLER_00261,seller_buyer_collusion,buyer,BUYER_01226
RING_COLLUSION_SELLER_00357,seller_buyer_collusion,seller,SELLER_00357
RING_COLLUSION_SELLER_00357,seller_buyer_collusion,buyer,BUYER_00598
RING_COLLUSION_SELLER_00357,seller_buyer_collusion,buyer,BUYER_03321
RING_COLLUSION_SELLER_00357,seller_buyer_collusion,buyer,BUYER_04946
RING_COLLUSION_SELLER_00357,seller_buyer_collusion,buyer,BUYER_03924
RING_COLLUSION_SELLER_00471,seller_buyer_collusion,seller,SELLER_00471
RING_COLLUSION_SELLER_00471,seller_buyer_collusion,buyer,BUYER_04003
RING_COLLUSION_SELLER_00471,seller_buyer_collusion,buyer,BUYER_03021
RING_COLLUSION_SELLER_00471,seller_buyer_collusion,buyer,BUYER_01747
RING_COLLUSION_SELLER_00471,seller_buyer_collusion,buyer,BUYER_00541
RING_COLLUSION_SELLER_00471,seller_buyer_collusion,buyer,BUYER_01404
RING_COLLUSION_SELLER_00313,seller_buyer_collusion,seller,SELLER_00313
RING_COLLUSION_SELLER_00313,seller_buyer_collusion,buyer,BUYER_04900
RING_COLLUSION_SELLER_00313,seller_buyer_collusion,buyer,BUYER_01908
RING_COLLUSION_SELLER_00313,seller_buyer_collusion,buyer,BUYER_03176
RING_COLLUSION_SELLER_00313,seller_buyer_collusion,buyer,BUYER_02602
RING_COLLUSION_SELLER_00313,seller_buyer_collusion,buyer,BUYER_01973
RING_COLLUSION_SELLER_00313,seller_buyer_collusion,buyer,BUYER_03859
RING_COLLUSION_SELLER_00115,seller_buyer_collusion,seller,SELLER_00115
RING_COLLUSION_SELLER_00115,seller_buyer_collusion,buyer,BUYER_01082
RING_COLLUSION_SELLER_00115,seller_buyer_collusion,buyer,BUYER_04678
RING_COLLUSION_SELLER_00115,seller_buyer_collusion,buyer,BUYER_04437
RING_COLLUSION_SELLER_00115,seller_buyer_collusion,buyer,BUYER_02299
RING_COLLUSION_SELLER_00021,seller_buyer_collusion,seller,SELLER_00021
RING_COLLUSION_SELLER_00021,seller_buyer_collusion,buyer,BUYER_00256
RING_COLLUSION_SELLER_00021,seller_buyer_collusion,buyer,BUYER_02873
RING_COLLUSION_SELLER_00021,seller_buyer_collusion,buyer,BUYER_04060
RING_COLLUSION_SELLER_00021,seller_buyer_collusion,buyer,BUYER_04379
RING_COLLUSION_SELLER_00021,seller_buyer_collusion,buyer,BUYER_00055
RING_COLLUSION_SELLER_00021,seller_buyer_collusion,buyer,BUYER_03251
