entity_id,persona,compromise_date,entity_type
SELLER_00000,disposable,,seller
SELLER_00001,disposable,,seller
SELLER_00002,established,,seller
SELLER_00003,established,,seller
SELLER_00004,established,,seller
SELLER_00005,established,,seller
SELLER_00006,established,,seller
SELLER_00007,disposable,,seller
SELLER_00008,established,,seller
SELLER_00009,established,,seller
SELLER_00010,established,,seller
SELLER_00011,established,,seller
SELLER_00012,established,,seller
SELLER_00013,established,,seller
SELLER_00014,established,,seller
SELLER_00015,established,,seller
SELLER_00016,established,,seller
SELLER_00017,established,,seller
SELLER_00018,takeover,2025-06-05 00:00:00,seller
SELLER_00019,established,,seller
SELLER_00020,established,,seller
SELLER_00021,established,,seller
SELLER_00022,takeover,2025-09-30 00:00:00,seller
SELLER_00023,disposable,,seller
SELLER_00024,established,,seller
SELLER_00025,established,,seller
SELLER_00026,established,,seller
SELLER_00027,established,,seller
SELLER_00028,established,,seller
SELLER_00029,established,,seller
SELLER_00030,established,,seller
SELLER_00031,established,,seller
SELLER_00032,takeover,2025-09-15 00:00:00,seller
SELLER_00033,established,,seller
SELLER_00034,established,,seller
SELLER_00035,established,,seller
SELLER_00036,established,,seller
SELLER_00037,established,,seller
SELLER_00038,established,,seller
SELLER_00039,established,,seller
SELLER_00040,established,,seller
SELLER_00041,established,,seller
SELLER_00042,established,,seller
SELLER_00043,established,,seller
SELLER_00044,established,,seller
SELLER_00045,disposable,,seller
SELLER_00046,established,,seller
SELLER_00047,established,,seller
SELLER_00048,established,,seller
SELLER_00049,established,,seller
SELLER_00050,disposable,,seller
SELLER_00051,disposable,,seller
SELLER_00052,established,,seller
SELLER_00053,established,,seller
SELLER_00054,established,,seller
SELLER_00055,established,,seller
SELLER_00056,disposable,,seller
SELLER_00057,established,,seller
SELLER_00058,established,,seller
SELLER_00059,disposable,,seller
SELLER_00060,established,,seller
SELLER_00061,established,,seller
SELLER_00062,disposable,,seller
SELLER_00063,established,,seller
SELLER_00064,established,,seller
SELLER_00065,established,,seller
SELLER_00066,takeover,2025-09-10 00:00:00,seller
SELLER_00067,disposable,,seller
SELLER_00068,disposable,,seller
SELLER_00069,disposable,,seller
SELLER_00070,established,,seller
SELLER_00071,established,,seller
SELLER_00072,established,,seller
SELLER_00073,established,,seller
SELLER_00074,established,,seller
SELLER_00075,established,,seller
SELLER_00076,established,,seller
SELLER_00077,established,,seller
SELLER_00078,disposable,,seller
SELLER_00079,disposable,,seller
SELLER_00080,established,,seller
SELLER_00081,established,,seller
SELLER_00082,established,,seller
SELLER_00083,established,,seller
SELLER_00084,established,,seller
SELLER_00085,established,,seller
SELLER_00086,established,,seller
SELLER_00087,established,,seller
SELLER_00088,established,,seller
SELLER_00089,established,,seller
SELLER_00090,disposable,,seller
SELLER_00091,disposable,,seller
SELLER_00092,established,,seller
SELLER_00093,disposable,,seller
SELLER_00094,established,,seller
SELLER_00095,established,,seller
SELLER_00096,established,,seller
SELLER_00097,established,,seller
SELLER_00098,established,,seller
SELLER_00099,established,,seller
SELLER_00100,established,,seller
SELLER_00101,established,,seller
SELLER_00102,established,,seller
SELLER_00103,established,,seller
SELLER_00104,established,,seller
SELLER_00105,established,,seller
SELLER_00106,established,,seller
SELLER_00107,established,,seller
SELLER_00108,disposable,,seller
SELLER_00109,established,,seller
SELLER_00110,disposable,,seller
SELLER_00111,established,,seller
SELLER_00112,established,,seller
SELLER_00113,established,,seller
SELLER_00114,established,,seller
SELLER_00115,disposable,,seller
SELLER_00116,established,,seller
SELLER_00117,disposable,,seller
SELLER_00118,established,,seller
SELLER_00119,established,,seller
SELLER_00120,established,,seller
SELLER_00121,takeover,2025-09-08 00:00:00,seller
SELLER_00122,established,,seller
SELLER_00123,established,,seller
SELLER_00124,takeover,2025-10-03 00:00:00,seller
SELLER_00125,takeover,2025-09-08 00:00:00,seller
SELLER_00126,established,,seller
SELLER_00127,disposable,,seller
SELLER_00128,disposable,,seller
SELLER_00129,established,,seller
SELLER_00130,established,,seller
SELLER_00131,established,,seller
SELLER_00132,established,,seller
SELLER_00133,established,,seller
SELLER_00134,established,,seller
SELLER_00135,established,,seller
SELLER_00136,takeover,2025-08-04 00:00:00,seller
SELLER_00137,established,,seller
SELLER_00138,disposable,,seller
SELLER_00139,established,,seller
SELLER_00140,established,,seller
SELLER_00141,established,,seller
SELLER_00142,established,,seller
SELLER_00143,established,,seller
SELLER_00144,established,,seller
SELLER_00145,established,,seller
SELLER_00146,established,,seller
SELLER_00147,established,,seller
SELLER_00148,takeover,2025-09-07 00:00:00,seller
SELLER_00149,established,,seller
SELLER_00150,established,,seller
SELLER_00151,established,,seller
SELLER_00152,established,,seller
SELLER_00153,established,,seller
SELLER_00154,established,,seller
SELLER_00155,established,,seller
SELLER_00156,established,,seller
SELLER_00157,established,,seller
SELLER_00158,established,,seller
SELLER_00159,disposable,,seller
SELLER_00160,established,,seller
SELLER_00161,established,,seller
SELLER_00162,established,,seller
SELLER_00163,established,,seller
SELLER_00164,established,,seller
SELLER_00165,established,,seller
SELLER_00166,established,,seller
SELLER_00167,established,,seller
SELLER_00168,established,,seller
SELLER_00169,established,,seller
SELLER_00170,established,,seller
SELLER_00171,established,,seller
SELLER_00172,established,,seller
SELLER_00173,established,,seller
SELLER_00174,established,,seller
SELLER_00175,established,,seller
SELLER_00176,established,,seller
SELLER_00177,disposable,,seller
SELLER_00178,established,,seller
SELLER_00179,established,,seller
SELLER_00180,disposable,,seller
SELLER_00181,disposable,,seller
SELLER_00182,established,,seller
SELLER_00183,established,,seller
SELLER_00184,established,,seller
SELLER_00185,established,,seller
SELLER_00186,disposable,,seller
SELLER_00187,established,,seller
SELLER_00188,established,,seller
SELLER_00189,established,,seller
SELLER_00190,disposable,,seller
SELLER_00191,established,,seller
SELLER_00192,established,,seller
SELLER_00193,disposable,,seller
SELLER_00194,established,,seller
SELLER_00195,established,,seller
SELLER_00196,established,,seller
SELLER_00197,disposable,,seller
SELLER_00198,established,,seller
SELLER_00199,established,,seller
SELLER_00200,established,,seller
SELLER_00201,established,,seller
SELLER_00202,established,,seller
SELLER_00203,established,,seller
SELLER_00204,disposable,,seller
SELLER_00205,disposable,,seller
SELLER_00206,established,,seller
SELLER_00207,disposable,,seller
SELLER_00208,established,,seller
SELLER_00209,established,,seller
SELLER_00210,established,,seller
SELLER_00211,established,,seller
SELLER_00212,disposable,,seller
SELLER_00213,established,,seller
SELLER_00214,established,,seller
SELLER_00215,established,,seller
SELLER_00216,established,,seller
SELLER_00217,established,,seller
SELLER_00218,established,,seller
SELLER_00219,established,,seller
SELLER_00220,established,,seller
SELLER_00221,established,,seller
SELLER_00222,established,,seller
SELLER_00223,established,,seller
SELLER_00224,established,,seller
SELLER_00225,established,,seller
SELLER_00226,established,,seller
SELLER_00227,established,,seller
SELLER_00228,disposable,,seller
SELLER_00229,established,,seller
SELLER_00230,established,,seller
SELLER_00231,established,,seller
SELLER_00232,established,,seller
SELLER_00233,established,,seller
SELLER_00234,established,,seller
SELLER_00235,disposable,,seller
SELLER_00236,established,,seller
SELLER_00237,established,,seller
SELLER_00238,established,,seller
SELLER_00239,takeover,2025-09-16 00:00:00,seller
SELLER_00240,established,,seller
SELLER_00241,established,,seller
SELLER_00242,established,,seller
SELLER_00243,established,,seller
SELLER_00244,disposable,,seller
SELLER_00245,disposable,,seller
SELLER_00246,established,,seller
SELLER_00247,disposable,,seller
SELLER_00248,established,,seller
SELLER_00249,established,,seller
SELLER_00250,established,,seller
SELLER_00251,established,,seller
SELLER_00252,disposable,,seller
SELLER_00253,disposable,,seller
SELLER_00254,established,,seller
SELLER_00255,established,,seller
SELLER_00256,established,,seller
SELLER_00257,disposable,,seller
SELLER_00258,takeover,2025-09-28 00:00:00,seller
SELLER_00259,established,,seller
SELLER_00260,established,,seller
SELLER_00261,established,,seller
SELLER_00262,takeover,2025-06-12 00:00:00,seller
SELLER_00263,established,,seller
SELLER_00264,established,,seller
SELLER_00265,established,,seller
SELLER_00266,established,,seller
SELLER_00267,established,,seller
SELLER_00268,disposable,,seller
SELLER_00269,established,,seller
SELLER_00270,established,,seller
SELLER_00271,established,,seller
SELLER_00272,established,,seller
SELLER_00273,established,,seller
SELLER_00274,disposable,,seller
SELLER_00275,disposable,,seller
SELLER_00276,disposable,,seller
SELLER_00277,established,,seller
SELLER_00278,established,,seller
SELLER_00279,established,,seller
SELLER_00280,established,,seller
SELLER_00281,established,,seller
SELLER_00282,established,,seller
SELLER_00283,established,,seller
SELLER_00284,disposable,,seller
SELLER_00285,established,,seller
SELLER_00286,established,,seller
SELLER_00287,established,,seller
SELLER_00288,established,,seller
SELLER_00289,established,,seller
SELLER_00290,established,,seller
SELLER_00291,established,,seller
SELLER_00292,takeover,2025-08-02 00:00:00,seller
SELLER_00293,established,,seller
SELLER_00294,established,,seller
SELLER_00295,established,,seller
SELLER_00296,established,,seller
SELLER_00297,takeover,2025-08-28 00:00:00,seller
SELLER_00298,established,,seller
SELLER_00299,takeover,2025-06-29 00:00:00,seller
SELLER_00300,established,,seller
SELLER_00301,established,,seller
SELLER_00302,established,,seller
SELLER_00303,takeover,2025-08-20 00:00:00,seller
SELLER_00304,established,,seller
SELLER_00305,disposable,,seller
SELLER_00306,disposable,,seller
SELLER_00307,established,,seller
SELLER_00308,established,,seller
SELLER_00309,established,,seller
SELLER_00310,established,,seller
SELLER_00311,established,,seller
SELLER_00312,established,,seller
SELLER_00313,established,,seller
SELLER_00314,established,,seller
SELLER_00315,disposable,,seller
SELLER_00316,established,,seller
SELLER_00317,established,,seller
SELLER_00318,established,,seller
SELLER_00319,established,,seller
SELLER_00320,established,,seller
SELLER_00321,established,,seller
SELLER_00322,disposable,,seller
SELLER_00323,established,,seller
SELLER_00324,established,,seller
SELLER_00325,established,,seller
SELLER_00326,established,,seller
SELLER_00327,established,,seller
SELLER_00328,established,,seller
SELLER_00329,established,,seller
SELLER_00330,disposable,,seller
SELLER_00331,disposable,,seller
SELLER_00332,established,,seller
SELLER_00333,established,,seller
SELLER_00334,established,,seller
SELLER_00335,disposable,,seller
SELLER_00336,established,,seller
SELLER_00337,established,,seller
SELLER_00338,established,,seller
SELLER_00339,established,,seller
SELLER_00340,established,,seller
SELLER_00341,established,,seller
SELLER_00342,disposable,,seller
SELLER_00343,established,,seller
SELLER_00344,disposable,,seller
SELLER_00345,established,,seller
SELLER_00346,established,,seller
SELLER_00347,established,,seller
SELLER_00348,established,,seller
SELLER_00349,disposable,,seller
SELLER_00350,established,,seller
SELLER_00351,established,,seller
SELLER_00352,disposable,,seller
SELLER_00353,established,,seller
SELLER_00354,established,,seller
SELLER_00355,takeover,2025-09-10 00:00:00,seller
SELLER_00356,established,,seller
SELLER_00357,established,,seller
SELLER_00358,established,,seller
SELLER_00359,disposable,,seller
SELLER_00360,disposable,,seller
SELLER_00361,established,,seller
SELLER_00362,established,,seller
SELLER_00363,established,,seller
SELLER_00364,established,,seller
SELLER_00365,takeover,2025-07-09 00:00:00,seller
SELLER_00366,established,,seller
SELLER_00367,established,,seller
SELLER_00368,established,,seller
SELLER_00369,established,,seller
SELLER_00370,established,,seller
SELLER_00371,established,,seller
SELLER_00372,established,,seller
SELLER_00373,established,,seller
SELLER_00374,established,,seller
SELLER_00375,established,,seller
SELLER_00376,established,,seller
SELLER_00377,established,,seller
SELLER_00378,established,,seller
SELLER_00379,established,,seller
SELLER_00380,established,,seller
SELLER_00381,established,,seller
SELLER_00382,established,,seller
SELLER_00383,established,,seller
SELLER_00384,established,,seller
SELLER_00385,established,,seller
SELLER_00386,disposable,,seller
SELLER_00387,established,,seller
SELLER_00388,established,,seller
SELLER_00389,established,,seller
SELLER_00390,established,,seller
SELLER_00391,established,,seller
SELLER_00392,established,,seller
SELLER_00393,takeover,2025-08-21 00:00:00,seller
SELLER_00394,established,,seller
SELLER_00395,established,,seller
SELLER_00396,takeover,2025-08-08 00:00:00,seller
SELLER_00397,established,,seller
SELLER_00398,established,,seller
SELLER_00399,established,,seller
SELLER_00400,established,,seller
SELLER_00401,established,,seller
SELLER_00402,established,,seller
SELLER_00403,established,,seller
SELLER_00404,established,,seller
SELLER_00405,established,,seller
SELLER_00406,established,,seller
SELLER_00407,established,,seller
SELLER_00408,established,,seller
SELLER_00409,established,,seller
SELLER_00410,established,,seller
SELLER_00411,disposable,,seller
SELLER_00412,established,,seller
SELLER_00413,established,,seller
SELLER_00414,disposable,,seller
SELLER_00415,disposable,,seller
SELLER_00416,established,,seller
SELLER_00417,established,,seller
SELLER_00418,established,,seller
SELLER_00419,takeover,2025-06-26 00:00:00,seller
SELLER_00420,established,,seller
SELLER_00421,disposable,,seller
SELLER_00422,established,,seller
SELLER_00423,established,,seller
SELLER_00424,takeover,2025-07-19 00:00:00,seller
SELLER_00425,established,,seller
SELLER_00426,established,,seller
SELLER_00427,established,,seller
SELLER_00428,takeover,2025-09-24 00:00:00,seller
SELLER_00429,established,,seller
SELLER_00430,established,,seller
SELLER_00431,established,,seller
SELLER_00432,established,,seller
SELLER_00433,established,,seller
SELLER_00434,established,,seller
SELLER_00435,established,,seller
SELLER_00436,disposable,,seller
SELLER_00437,established,,seller
SELLER_00438,established,,seller
SELLER_00439,established,,seller
SELLER_00440,established,,seller
SELLER_00441,established,,seller
SELLER_00442,established,,seller
SELLER_00443,established,,seller
SELLER_00444,established,,seller
SELLER_00445,established,,seller
SELLER_00446,established,,seller
SELLER_00447,established,,seller
SELLER_00448,established,,seller
SELLER_00449,established,,seller
SELLER_00450,established,,seller
SELLER_00451,disposable,,seller
SELLER_00452,established,,seller
SELLER_00453,established,,seller
SELLER_00454,established,,seller
SELLER_00455,established,,seller
SELLER_00456,established,,seller
SELLER_00457,established,,seller
SELLER_00458,established,,seller
SELLER_00459,established,,seller
SELLER_00460,established,,seller
SELLER_00461,established,,seller
SELLER_00462,established,,seller
SELLER_00463,established,,seller
SELLER_00464,disposable,,seller
SELLER_00465,established,,seller
SELLER_00466,takeover,2025-08-17 00:00:00,seller
SELLER_00467,established,,seller
SELLER_00468,established,,seller
SELLER_00469,established,,seller
SELLER_00470,established,,seller
SELLER_00471,established,,seller
SELLER_00472,established,,seller
SELLER_00473,established,,seller
SELLER_00474,established,,seller
SELLER_00475,established,,seller
SELLER_00476,takeover,2025-07-19 00:00:00,seller
SELLER_00477,established,,seller
SELLER_00478,established,,seller
SELLER_00479,disposable,,seller
SELLER_00480,established,,seller
SELLER_00481,disposable,,seller
SELLER_00482,established,,seller
SELLER_00483,established,,seller
SELLER_00484,established,,seller
SELLER_00485,established,,seller
SELLER_00486,established,,seller
SELLER_00487,established,,seller
SELLER_00488,established,,seller
SELLER_00489,established,,seller
SELLER_00490,established,,seller
SELLER_00491,established,,seller
SELLER_00492,established,,seller
SELLER_00493,established,,seller
SELLER_00494,disposable,,seller
SELLER_00495,disposable,,seller
SELLER_00496,established,,seller
SELLER_00497,established,,seller
SELLER_00498,established,,seller
SELLER_00499,established,,seller
BUYER_00000,standard,,buyer
BUYER_00001,standard,,buyer
BUYER_00002,standard,,buyer
BUYER_00003,standard,,buyer
BUYER_00004,standard,,buyer
BUYER_00005,standard,,buyer
BUYER_00006,standard,,buyer
BUYER_00007,standard,,buyer
BUYER_00008,standard,,buyer
BUYER_00009,standard,,buyer
BUYER_00010,standard,,buyer
BUYER_00011,high_return_legit,,buyer
BUYER_00012,standard,,buyer
BUYER_00013,high_return_legit,,buyer
BUYER_00014,high_return_legit,,buyer
BUYER_00015,high_return_legit,,buyer
BUYER_00016,standard,,buyer
BUYER_00017,abuser,,buyer
BUYER_00018,standard,,buyer
BUYER_00019,standard,,buyer
BUYER_00020,high_return_legit,,buyer
BUYER_00021,standard,,buyer
BUYER_00022,standard,,buyer
BUYER_00023,standard,,buyer
BUYER_00024,standard,,buyer
BUYER_00025,standard,,buyer
BUYER_00026,standard,,buyer
BUYER_00027,standard,,buyer
BUYER_00028,abuser,,buyer
BUYER_00029,standard,,buyer
BUYER_00030,high_return_legit,,buyer
BUYER_00031,standard,,buyer
BUYER_00032,standard,,buyer
BUYER_00033,standard,,buyer
BUYER_00034,standard,,buyer
BUYER_00035,standard,,buyer
BUYER_00036,abuser,,buyer
BUYER_00037,standard,,buyer
BUYER_00038,standard,,buyer
BUYER_00039,standard,,buyer
BUYER_00040,standard,,buyer
BUYER_00041,abuser,,buyer
BUYER_00042,abuser,,buyer
BUYER_00043,standard,,buyer
BUYER_00044,standard,,buyer
BUYER_00045,standard,,buyer
BUYER_00046,standard,,buyer
BUYER_00047,standard,,buyer
BUYER_00048,standard,,buyer
BUYER_00049,high_return_legit,,buyer
BUYER_00050,standard,,buyer
BUYER_00051,standard,,buyer
BUYER_00052,standard,,buyer
BUYER_00053,standard,,buyer
BUYER_00054,standard,,buyer
BUYER_00055,standard,,buyer
BUYER_00056,standard,,buyer
BUYER_00057,abuser,,buyer
BUYER_00058,abuser,,buyer
BUYER_00059,high_return_legit,,buyer
BUYER_00060,standard,,buyer
BUYER_00061,standard,,buyer
BUYER_00062,standard,,buyer
BUYER_00063,standard,,buyer
BUYER_00064,standard,,buyer
BUYER_00065,standard,,buyer
BUYER_00066,standard,,buyer
BUYER_00067,standard,,buyer
BUYER_00068,standard,,buyer
BUYER_00069,abuser,,buyer
BUYER_00070,standard,,buyer
BUYER_00071,abuser,,buyer
BUYER_00072,standard,,buyer
BUYER_00073,standard,,buyer
BUYER_00074,standard,,buyer
BUYER_00075,abuser,,buyer
BUYER_00076,standard,,buyer
BUYER_00077,standard,,buyer
BUYER_00078,high_return_legit,,buyer
BUYER_00079,high_return_legit,,buyer
BUYER_00080,standard,,buyer
BUYER_00081,standard,,buyer
BUYER_00082,high_return_legit,,buyer
BUYER_00083,standard,,buyer
BUYER_00084,high_return_legit,,buyer
BUYER_00085,standard,,buyer
BUYER_00086,standard,,buyer
BUYER_00087,standard,,buyer
BUYER_00088,abuser,,buyer
BUYER_00089,high_return_legit,,buyer
BUYER_00090,high_return_legit,,buyer
BUYER_00091,high_return_legit,,buyer
BUYER_00092,standard,,buyer
BUYER_00093,standard,,buyer
BUYER_00094,standard,,buyer
BUYER_00095,standard,,buyer
BUYER_00096,high_return_legit,,buyer
BUYER_00097,standard,,buyer
BUYER_00098,standard,,buyer
BUYER_00099,high_return_legit,,buyer
BUYER_00100,standard,,buyer
BUYER_00101,high_return_legit,,buyer
BUYER_00102,standard,,buyer
BUYER_00103,standard,,buyer
BUYER_00104,standard,,buyer
BUYER_00105,abuser,,buyer
BUYER_00106,standard,,buyer
BUYER_00107,standard,,buyer
BUYER_00108,standard,,buyer
BUYER_00109,standard,,buyer
BUYER_00110,standard,,buyer
BUYER_00111,standard,,buyer
BUYER_00112,abuser,,buyer
BUYER_00113,standard,,buyer
BUYER_00114,standard,,buyer
BUYER_00115,standard,,buyer
BUYER_00116,high_return_legit,,buyer
BUYER_00117,standard,,buyer
BUYER_00118,standard,,buyer
BUYER_00119,standard,,buyer
BUYER_00120,high_return_legit,,buyer
BUYER_00121,standard,,buyer
BUYER_00122,standard,,buyer
BUYER_00123,standard,,buyer
BUYER_00124,standard,,buyer
BUYER_00125,standard,,buyer
BUYER_00126,standard,,buyer
BUYER_00127,standard,,buyer
BUYER_00128,standard,,buyer
BUYER_00129,standard,,buyer
BUYER_00130,standard,,buyer
BUYER_00131,standard,,buyer
BUYER_00132,standard,,buyer
BUYER_00133,standard,,buyer
BUYER_00134,high_return_legit,,buyer
BUYER_00135,abuser,,buyer
BUYER_00136,standard,,buyer
BUYER_00137,standard,,buyer
BUYER_00138,standard,,buyer
BUYER_00139,standard,,buyer
BUYER_00140,standard,,buyer
BUYER_00141,high_return_legit,,buyer
BUYER_00142,standard,,buyer
BUYER_00143,standard,,buyer
BUYER_00144,standard,,buyer
BUYER_00145,high_return_legit,,buyer
BUYER_00146,standard,,buyer
BUYER_00147,standard,,buyer
BUYER_00148,standard,,buyer
BUYER_00149,standard,,buyer
BUYER_00150,high_return_legit,,buyer
BUYER_00151,standard,,buyer
BUYER_00152,standard,,buyer
BUYER_00153,standard,,buyer
BUYER_00154,standard,,buyer
BUYER_00155,standard,,buyer
BUYER_00156,standard,,buyer
BUYER_00157,standard,,buyer
BUYER_00158,standard,,buyer
BUYER_00159,standard,,buyer
BUYER_00160,standard,,buyer
BUYER_00161,standard,,buyer
BUYER_00162,abuser,,buyer
BUYER_00163,standard,,buyer
BUYER_00164,high_return_legit,,buyer
BUYER_00165,standard,,buyer
BUYER_00166,standard,,buyer
BUYER_00167,standard,,buyer
BUYER_00168,high_return_legit,,buyer
BUYER_00169,standard,,buyer
BUYER_00170,standard,,buyer
BUYER_00171,standard,,buyer
BUYER_00172,standard,,buyer
BUYER_00173,abuser,,buyer
BUYER_00174,standard,,buyer
BUYER_00175,standard,,buyer
BUYER_00176,abuser,,buyer
BUYER_00177,standard,,buyer
BUYER_00178,standard,,buyer
BUYER_00179,standard,,buyer
BUYER_00180,standard,,buyer
BUYER_00181,standard,,buyer
BUYER_00182,standard,,buyer
BUYER_00183,abuser,,buyer
BUYER_00184,standard,,buyer
BUYER_00185,abuser,,buyer
BUYER_00186,standard,,buyer
BUYER_00187,standard,,buyer
BUYER_00188,standard,,buyer
BUYER_00189,standard,,buyer
BUYER_00190,standard,,buyer
BUYER_00191,standard,,buyer
BUYER_00192,standard,,buyer
BUYER_00193,standard,,buyer
BUYER_00194,abuser,,buyer
BUYER_00195,standard,,buyer
BUYER_00196,standard,,buyer
BUYER_00197,standard,,buyer
BUYER_00198,standard,,buyer
BUYER_00199,standard,,buyer
BUYER_00200,standard,,buyer
BUYER_00201,high_return_legit,,buyer
BUYER_00202,standard,,buyer
BUYER_00203,high_return_legit,,buyer
BUYER_00204,standard,,buyer
BUYER_00205,standard,,buyer
BUYER_00206,high_return_legit,,buyer
BUYER_00207,standard,,buyer
BUYER_00208,high_return_legit,,buyer
BUYER_00209,standard,,buyer
BUYER_00210,standard,,buyer
BUYER_00211,standard,,buyer
BUYER_00212,abuser,,buyer
BUYER_00213,abuser,,buyer
BUYER_00214,high_return_legit,,buyer
BUYER_00215,high_return_legit,,buyer
BUYER_00216,high_return_legit,,buyer
BUYER_00217,high_return_legit,,buyer
BUYER_00218,standard,,buyer
BUYER_00219,standard,,buyer
BUYER_00220,high_return_legit,,buyer
BUYER_00221,high_return_legit,,buyer
BUYER_00222,abuser,,buyer
BUYER_00223,standard,,buyer
BUYER_00224,high_return_legit,,buyer
BUYER_00225,high_return_legit,,buyer
BUYER_00226,standard,,buyer
BUYER_00227,high_return_legit,,buyer
BUYER_00228,standard,,buyer
BUYER_00229,high_return_legit,,buyer
BUYER_00230,standard,,buyer
BUYER_00231,standard,,buyer
BUYER_00232,standard,,buyer
BUYER_00233,standard,,buyer
BUYER_00234,standard,,buyer
BUYER_00235,standard,,buyer
BUYER_00236,standard,,buyer
BUYER_00237,abuser,,buyer
BUYER_00238,standard,,buyer
BUYER_00239,abuser,,buyer
BUYER_00240,high_return_legit,,buyer
BUYER_00241,standard,,buyer
BUYER_00242,standard,,buyer
BUYER_00243,standard,,buyer
BUYER_00244,standard,,buyer
BUYER_00245,standard,,buyer
BUYER_00246,standard,,buyer
BUYER_00247,standard,,buyer
BUYER_00248,standard,,buyer
BUYER_00249,standard,,buyer
BUYER_00250,high_return_legit,,buyer
BUYER_00251,standard,,buyer
BUYER_00252,standard,,buyer
BUYER_00253,high_return_legit,,buyer
BUYER_00254,high_return_legit,,buyer
BUYER_00255,standard,,buyer
BUYER_00256,abuser,,buyer
BUYER_00257,standard,,buyer
BUYER_00258,abuser,,buyer
BUYER_00259,high_return_legit,,buyer
BUYER_00260,standard,,buyer
BUYER_00261,standard,,buyer
BUYER_00262,standard,,buyer
BUYER_00263,standard,,buyer
BUYER_00264,high_return_legit,,buyer
BUYER_00265,standard,,buyer
BUYER_00266,standard,,buyer
BUYER_00267,standard,,buyer
BUYER_00268,standard,,buyer
BUYER_00269,standard,,buyer
BUYER_00270,standard,,buyer
BUYER_00271,high_return_legit,,buyer
BUYER_00272,standard,,buyer
BUYER_00273,standard,,buyer
BUYER_00274,standard,,buyer
BUYER_00275,standard,,buyer
BUYER_00276,standard,,buyer
BUYER_00277,high_return_legit,,buyer
BUYER_00278,high_return_legit,,buyer
BUYER_00279,standard,,buyer
BUYER_00280,standard,,buyer
BUYER_00281,high_return_legit,,buyer
BUYER_00282,standard,,buyer
BUYER_00283,high_return_legit,,buyer
BUYER_00284,high_return_legit,,buyer
BUYER_00285,standard,,buyer
BUYER_00286,standard,,buyer
BUYER_00287,standard,,buyer
BUYER_00288,abuser,,buyer
BUYER_00289,high_return_legit,,buyer
BUYER_00290,standard,,buyer
BUYER_00291,standard,,buyer
BUYER_00292,standard,,buyer
BUYER_00293,standard,,buyer
BUYER_00294,abuser,,buyer
BUYER_00295,standard,,buyer
BUYER_00296,standard,,buyer
BUYER_00297,standard,,buyer
BUYER_00298,standard,,buyer
BUYER_00299,standard,,buyer
BUYER_00300,standard,,buyer
BUYER_00301,standard,,buyer
BUYER_00302,standard,,buyer
BUYER_00303,standard,,buyer
BUYER_00304,high_return_legit,,buyer
BUYER_00305,standard,,buyer
BUYER_00306,standard,,buyer
BUYER_00307,standard,,buyer
BUYER_00308,standard,,buyer
BUYER_00309,standard,,buyer
BUYER_00310,abuser,,buyer
BUYER_00311,high_return_legit,,buyer
BUYER_00312,high_return_legit,,buyer
BUYER_00313,standard,,buyer
BUYER_00314,standard,,buyer
BUYER_00315,standard,,buyer
BUYER_00316,standard,,buyer
BUYER_00317,standard,,buyer
BUYER_00318,standard,,buyer
BUYER_00319,standard,,buyer
BUYER_00320,standard,,buyer
BUYER_00321,standard,,buyer
BUYER_00322,standard,,buyer
BUYER_00323,standard,,buyer
BUYER_00324,standard,,buyer
BUYER_00325,standard,,buyer
BUYER_00326,standard,,buyer
BUYER_00327,abuser,,buyer
BUYER_00328,standard,,buyer
BUYER_00329,standard,,buyer
BUYER_00330,standard,,buyer
BUYER_00331,standard,,buyer
BUYER_00332,high_return_legit,,buyer
BUYER_00333,high_return_legit,,buyer
BUYER_00334,standard,,buyer
BUYER_00335,abuser,,buyer
BUYER_00336,abuser,,buyer
BUYER_00337,standard,,buyer
BUYER_00338,abuser,,buyer
BUYER_00339,standard,,buyer
BUYER_00340,abuser,,buyer
BUYER_00341,standard,,buyer
BUYER_00342,high_return_legit,,buyer
BUYER_00343,standard,,buyer
BUYER_00344,high_return_legit,,buyer
BUYER_00345,high_return_legit,,buyer
BUYER_00346,standard,,buyer
BUYER_00347,standard,,buyer
BUYER_00348,standard,,buyer
BUYER_00349,standard,,buyer
BUYER_00350,standard,,buyer
BUYER_00351,high_return_legit,,buyer
BUYER_00352,standard,,buyer
BUYER_00353,standard,,buyer
BUYER_00354,abuser,,buyer
BUYER_00355,standard,,buyer
BUYER_00356,standard,,buyer
BUYER_00357,standard,,buyer
BUYER_00358,standard,,buyer
BUYER_00359,high_return_legit,,buyer
BUYER_00360,standard,,buyer
BUYER_00361,standard,,buyer
BUYER_00362,standard,,buyer
BUYER_00363,abuser,,buyer
BUYER_00364,standard,,buyer
BUYER_00365,standard,,buyer
BUYER_00366,standard,,buyer
BUYER_00367,standard,,buyer
BUYER_00368,standard,,buyer
BUYER_00369,standard,,buyer
BUYER_00370,high_return_legit,,buyer
BUYER_00371,standard,,buyer
BUYER_00372,high_return_legit,,buyer
BUYER_00373,standard,,buyer
BUYER_00374,standard,,buyer
BUYER_00375,standard,,buyer
BUYER_00376,standard,,buyer
BUYER_00377,standard,,buyer
BUYER_00378,standard,,buyer
BUYER_00379,high_return_legit,,buyer
BUYER_00380,standard,,buyer
BUYER_00381,standard,,buyer
BUYER_00382,high_return_legit,,buyer
BUYER_00383,high_return_legit,,buyer
BUYER_00384,abuser,,buyer
BUYER_00385,standard,,buyer
BUYER_00386,standard,,buyer
BUYER_00387,standard,,buyer
BUYER_00388,standard,,buyer
BUYER_00389,abuser,,buyer
BUYER_00390,standard,,buyer
BUYER_00391,standard,,buyer
BUYER_00392,standard,,buyer
BUYER_00393,standard,,buyer
BUYER_00394,standard,,buyer
BUYER_00395,standard,,buyer
BUYER_00396,abuser,,buyer
BUYER_00397,standard,,buyer
BUYER_00398,standard,,buyer
BUYER_00399,standard,,buyer
BUYER_00400,high_return_legit,,buyer
BUYER_00401,high_return_legit,,buyer
BUYER_00402,high_return_legit,,buyer
BUYER_00403,standard,,buyer
BUYER_00404,standard,,buyer
BUYER_00405,abuser,,buyer
BUYER_00406,standard,,buyer
BUYER_00407,standard,,buyer
BUYER_00408,high_return_legit,,buyer
BUYER_00409,standard,,buyer
BUYER_00410,standard,,buyer
BUYER_00411,standard,,buyer
BUYER_00412,standard,,buyer
BUYER_00413,standard,,buyer
BUYER_00414,high_return_legit,,buyer
BUYER_00415,standard,,buyer
BUYER_00416,standard,,buyer
BUYER_00417,standard,,buyer
BUYER_00418,standard,,buyer
BUYER_00419,standard,,buyer
BUYER_00420,standard,,buyer
BUYER_00421,standard,,buyer
BUYER_00422,standard,,buyer
BUYER_00423,high_return_legit,,buyer
BUYER_00424,standard,,buyer
BUYER_00425,standard,,buyer
BUYER_00426,standard,,buyer
BUYER_00427,high_return_legit,,buyer
BUYER_00428,standard,,buyer
BUYER_00429,standard,,buyer
BUYER_00430,abuser,,buyer
BUYER_00431,standard,,buyer
BUYER_00432,standard,,buyer
BUYER_00433,high_return_legit,,buyer
BUYER_00434,abuser,,buyer
BUYER_00435,abuser,,buyer
BUYER_00436,standard,,buyer
BUYER_00437,standard,,buyer
BUYER_00438,standard,,buyer
BUYER_00439,standard,,buyer
BUYER_00440,standard,,buyer
BUYER_00441,high_return_legit,,buyer
BUYER_00442,standard,,buyer
BUYER_00443,standard,,buyer
BUYER_00444,standard,,buyer
BUYER_00445,standard,,buyer
BUYER_00446,abuser,,buyer
BUYER_00447,standard,,buyer
BUYER_00448,high_return_legit,,buyer
BUYER_00449,standard,,buyer
BUYER_00450,abuser,,buyer
BUYER_00451,standard,,buyer
BUYER_00452,abuser,,buyer
BUYER_00453,standard,,buyer
BUYER_00454,standard,,buyer
BUYER_00455,high_return_legit,,buyer
BUYER_00456,standard,,buyer
BUYER_00457,high_return_legit,,buyer
BUYER_00458,standard,,buyer
BUYER_00459,standard,,buyer
BUYER_00460,standard,,buyer
BUYER_00461,standard,,buyer
BUYER_00462,standard,,buyer
BUYER_00463,standard,,buyer
BUYER_00464,standard,,buyer
BUYER_00465,standard,,buyer
BUYER_00466,high_return_legit,,buyer
BUYER_00467,abuser,,buyer
BUYER_00468,abuser,,buyer
BUYER_00469,high_return_legit,,buyer
BUYER_00470,standard,,buyer
BUYER_00471,high_return_legit,,buyer
BUYER_00472,high_return_legit,,buyer
BUYER_00473,high_return_legit,,buyer
BUYER_00474,high_return_legit,,buyer
BUYER_00475,standard,,buyer
BUYER_00476,standard,,buyer
BUYER_00477,high_return_legit,,buyer
BUYER_00478,standard,,buyer
BUYER_00479,standard,,buyer
BUYER_00480,standard,,buyer
BUYER_00481,high_return_legit,,buyer
BUYER_00482,standard,,buyer
BUYER_00483,standard,,buyer
BUYER_00484,high_return_legit,,buyer
BUYER_00485,standard,,buyer
BUYER_00486,standard,,buyer
BUYER_00487,high_return_legit,,buyer
BUYER_00488,standard,,buyer
BUYER_00489,standard,,buyer
BUYER_00490,standard,,buyer
BUYER_00491,standard,,buyer
BUYER_00492,standard,,buyer
BUYER_00493,high_return_legit,,buyer
BUYER_00494,high_return_legit,,buyer
BUYER_00495,high_return_legit,,buyer
BUYER_00496,standard,,buyer
BUYER_00497,high_return_legit,,buyer
BUYER_00498,standard,,buyer
BUYER_00499,standard,,buyer
BUYER_00500,standard,,buyer
BUYER_00501,abuser,,buyer
BUYER_00502,standard,,buyer
BUYER_00503,standard,,buyer
BUYER_00504,standard,,buyer
BUYER_00505,standard,,buyer
BUYER_00506,standard,,buyer
BUYER_00507,standard,,buyer
BUYER_00508,standard,,buyer
BUYER_00509,standard,,buyer
BUYER_00510,standard,,buyer
BUYER_00511,standard,,buyer
BUYER_00512,high_return_legit,,buyer
BUYER_00513,standard,,buyer
BUYER_00514,high_return_legit,,buyer
BUYER_00515,high_return_legit,,buyer
BUYER_00516,abuser,,buyer
BUYER_00517,standard,,buyer
BUYER_00518,high_return_legit,,buyer
BUYER_00519,standard,,buyer
BUYER_00520,standard,,buyer
BUYER_00521,standard,,buyer
BUYER_00522,standard,,buyer
BUYER_00523,high_return_legit,,buyer
BUYER_00524,high_return_legit,,buyer
BUYER_00525,high_return_legit,,buyer
BUYER_00526,standard,,buyer
BUYER_00527,standard,,buyer
BUYER_00528,standard,,buyer
BUYER_00529,standard,,buyer
BUYER_00530,high_return_legit,,buyer
BUYER_00531,high_return_legit,,buyer
BUYER_00532,abuser,,buyer
BUYER_00533,standard,,buyer
BUYER_00534,standard,,buyer
BUYER_00535,standard,,buyer
BUYER_00536,standard,,buyer
BUYER_00537,standard,,buyer
BUYER_00538,standard,,buyer
BUYER_00539,standard,,buyer
BUYER_00540,standard,,buyer
BUYER_00541,standard,,buyer
BUYER_00542,standard,,buyer
BUYER_00543,abuser,,buyer
BUYER_00544,high_return_legit,,buyer
BUYER_00545,abuser,,buyer
BUYER_00546,standard,,buyer
BUYER_00547,standard,,buyer
BUYER_00548,abuser,,buyer
BUYER_00549,standard,,buyer
BUYER_00550,standard,,buyer
BUYER_00551,high_return_legit,,buyer
BUYER_00552,high_return_legit,,buyer
BUYER_00553,standard,,buyer
BUYER_00554,standard,,buyer
BUYER_00555,abuser,,buyer
BUYER_00556,standard,,buyer
BUYER_00557,standard,,buyer
BUYER_00558,standard,,buyer
BUYER_00559,standard,,buyer
BUYER_00560,standard,,buyer
BUYER_00561,standard,,buyer
BUYER_00562,standard,,buyer
BUYER_00563,standard,,buyer
BUYER_00564,standard,,buyer
BUYER_00565,standard,,buyer
BUYER_00566,standard,,buyer
BUYER_00567,standard,,buyer
BUYER_00568,standard,,buyer
BUYER_00569,standard,,buyer
BUYER_00570,standard,,buyer
BUYER_00571,standard,,buyer
BUYER_00572,standard,,buyer
BUYER_00573,standard,,buyer
BUYER_00574,standard,,buyer
BUYER_00575,standard,,buyer
BUYER_00576,standard,,buyer
BUYER_00577,abuser,,buyer
BUYER_00578,abuser,,buyer
BUYER_00579,standard,,buyer
BUYER_00580,high_return_legit,,buyer
BUYER_00581,standard,,buyer
BUYER_00582,standard,,buyer
BUYER_00583,standard,,buyer
BUYER_00584,standard,,buyer
BUYER_00585,standard,,buyer
BUYER_00586,standard,,buyer
BUYER_00587,standard,,buyer
BUYER_00588,standard,,buyer
BUYER_00589,standard,,buyer
BUYER_00590,standard,,buyer
BUYER_00591,high_return_legit,,buyer
BUYER_00592,standard,,buyer
BUYER_00593,standard,,buyer
BUYER_00594,standard,,buyer
BUYER_00595,standard,,buyer
BUYER_00596,standard,,buyer
BUYER_00597,standard,,buyer
BUYER_00598,standard,,buyer
BUYER_00599,abuser,,buyer
BUYER_00600,standard,,buyer
BUYER_00601,standard,,buyer
BUYER_00602,standard,,buyer
BUYER_00603,standard,,buyer
BUYER_00604,standard,,buyer
BUYER_00605,standard,,buyer
BUYER_00606,abuser,,buyer
BUYER_00607,high_return_legit,,buyer
BUYER_00608,standard,,buyer
BUYER_00609,high_return_legit,,buyer
BUYER_00610,standard,,buyer
BUYER_00611,standard,,buyer
BUYER_00612,high_return_legit,,buyer
BUYER_00613,standard,,buyer
BUYER_00614,standard,,buyer
BUYER_00615,standard,,buyer
BUYER_00616,standard,,buyer
BUYER_00617,standard,,buyer
BUYER_00618,standard,,buyer
BUYER_00619,high_return_legit,,buyer
BUYER_00620,standard,,buyer
BUYER_00621,standard,,buyer
BUYER_00622,standard,,buyer
BUYER_00623,standard,,buyer
BUYER_00624,standard,,buyer
BUYER_00625,standard,,buyer
BUYER_00626,standard,,buyer
BUYER_00627,standard,,buyer
BUYER_00628,standard,,buyer
BUYER_00629,standard,,buyer
BUYER_00630,standard,,buyer
BUYER_00631,standard,,buyer
BUYER_00632,standard,,buyer
BUYER_00633,high_return_legit,,buyer
BUYER_00634,high_return_legit,,buyer
BUYER_00635,standard,,buyer
BUYER_00636,standard,,buyer
BUYER_00637,standard,,buyer
BUYER_00638,abuser,,buyer
BUYER_00639,abuser,,buyer
BUYER_00640,standard,,buyer
BUYER_00641,standard,,buyer
BUYER_00642,standard,,buyer
BUYER_00643,standard,,buyer
BUYER_00644,standard,,buyer
BUYER_00645,high_return_legit,,buyer
BUYER_00646,high_return_legit,,buyer
BUYER_00647,high_return_legit,,buyer
BUYER_00648,standard,,buyer
BUYER_00649,standard,,buyer
BUYER_00650,high_return_legit,,buyer
BUYER_00651,high_return_legit,,buyer
BUYER_00652,high_return_legit,,buyer
BUYER_00653,standard,,buyer
BUYER_00654,standard,,buyer
BUYER_00655,abuser,,buyer
BUYER_00656,high_return_legit,,buyer
BUYER_00657,abuser,,buyer
BUYER_00658,standard,,buyer
BUYER_00659,standard,,buyer
BUYER_00660,standard,,buyer
BUYER_00661,standard,,buyer
BUYER_00662,standard,,buyer
BUYER_00663,standard,,buyer
BUYER_00664,standard,,buyer
BUYER_00665,standard,,buyer
BUYER_00666,standard,,buyer
BUYER_00667,standard,,buyer
BUYER_00668,standard,,buyer
BUYER_00669,standard,,buyer
BUYER_00670,standard,,buyer
BUYER_00671,standard,,buyer
BUYER_00672,abuser,,buyer
BUYER_00673,standard,,buyer
BUYER_00674,standard,,buyer
BUYER_00675,high_return_legit,,buyer
BUYER_00676,standard,,buyer
BUYER_00677,abuser,,buyer
BUYER_00678,standard,,buyer
BUYER_00679,standard,,buyer
BUYER_00680,standard,,buyer
BUYER_00681,standard,,buyer
BUYER_00682,standard,,buyer
BUYER_00683,high_return_legit,,buyer
BUYER_00684,abuser,,buyer
BUYER_00685,high_return_legit,,buyer
BUYER_00686,standard,,buyer
BUYER_00687,standard,,buyer
BUYER_00688,standard,,buyer
BUYER_00689,standard,,buyer
BUYER_00690,standard,,buyer
BUYER_00691,high_return_legit,,buyer
BUYER_00692,standard,,buyer
BUYER_00693,standard,,buyer
BUYER_00694,standard,,buyer
BUYER_00695,standard,,buyer
BUYER_00696,high_return_legit,,buyer
BUYER_00697,standard,,buyer
BUYER_00698,standard,,buyer
BUYER_00699,standard,,buyer
BUYER_00700,standard,,buyer
BUYER_00701,standard,,buyer
BUYER_00702,standard,,buyer
BUYER_00703,standard,,buyer
BUYER_00704,standard,,buyer
BUYER_00705,standard,,buyer
BUYER_00706,high_return_legit,,buyer
BUYER_00707,standard,,buyer
BUYER_00708,standard,,buyer
BUYER_00709,standard,,buyer
BUYER_00710,high_return_legit,,buyer
BUYER_00711,standard,,buyer
BUYER_00712,standard,,buyer
BUYER_00713,standard,,buyer
BUYER_00714,standard,,buyer
BUYER_00715,standard,,buyer
BUYER_00716,standard,,buyer
BUYER_00717,standard,,buyer
BUYER_00718,standard,,buyer
BUYER_00719,standard,,buyer
BUYER_00720,high_return_legit,,buyer
BUYER_00721,standard,,buyer
BUYER_00722,standard,,buyer
BUYER_00723,standard,,buyer
BUYER_00724,standard,,buyer
BUYER_00725,high_return_legit,,buyer
BUYER_00726,abuser,,buyer
BUYER_00727,standard,,buyer
BUYER_00728,standard,,buyer
BUYER_00729,standard,,buyer
BUYER_00730,standard,,buyer
BUYER_00731,standard,,buyer
BUYER_00732,standard,,buyer
BUYER_00733,abuser,,buyer
BUYER_00734,standard,,buyer
BUYER_00735,standard,,buyer
BUYER_00736,high_return_legit,,buyer
BUYER_00737,standard,,buyer
BUYER_00738,standard,,buyer
BUYER_00739,high_return_legit,,buyer
BUYER_00740,standard,,buyer
BUYER_00741,standard,,buyer
BUYER_00742,standard,,buyer
BUYER_00743,high_return_legit,,buyer
BUYER_00744,standard,,buyer
BUYER_00745,standard,,buyer
BUYER_00746,standard,,buyer
BUYER_00747,standard,,buyer
BUYER_00748,abuser,,buyer
BUYER_00749,standard,,buyer
BUYER_00750,standard,,buyer
BUYER_00751,standard,,buyer
BUYER_00752,standard,,buyer
BUYER_00753,abuser,,buyer
BUYER_00754,abuser,,buyer
BUYER_00755,standard,,buyer
BUYER_00756,high_return_legit,,buyer
BUYER_00757,standard,,buyer
BUYER_00758,standard,,buyer
BUYER_00759,standard,,buyer
BUYER_00760,standard,,buyer
BUYER_00761,standard,,buyer
BUYER_00762,standard,,buyer
BUYER_00763,standard,,buyer
BUYER_00764,standard,,buyer
BUYER_00765,standard,,buyer
BUYER_00766,standard,,buyer
BUYER_00767,high_return_legit,,buyer
BUYER_00768,abuser,,buyer
BUYER_00769,high_return_legit,,buyer
BUYER_00770,standard,,buyer
BUYER_00771,standard,,buyer
BUYER_00772,standard,,buyer
BUYER_00773,high_return_legit,,buyer
BUYER_00774,high_return_legit,,buyer
BUYER_00775,standard,,buyer
BUYER_00776,standard,,buyer
BUYER_00777,standard,,buyer
BUYER_00778,high_return_legit,,buyer
BUYER_00779,high_return_legit,,buyer
BUYER_00780,standard,,buyer
BUYER_00781,standard,,buyer
BUYER_00782,standard,,buyer
BUYER_00783,standard,,buyer
BUYER_00784,standard,,buyer
BUYER_00785,standard,,buyer
BUYER_00786,high_return_legit,,buyer
BUYER_00787,standard,,buyer
BUYER_00788,abuser,,buyer
BUYER_00789,abuser,,buyer
BUYER_00790,standard,,buyer
BUYER_00791,standard,,buyer
BUYER_00792,abuser,,buyer
BUYER_00793,standard,,buyer
BUYER_00794,standard,,buyer
BUYER_00795,high_return_legit,,buyer
BUYER_00796,standard,,buyer
BUYER_00797,standard,,buyer
BUYER_00798,standard,,buyer
BUYER_00799,standard,,buyer
BUYER_00800,standard,,buyer
BUYER_00801,standard,,buyer
BUYER_00802,standard,,buyer
BUYER_00803,standard,,buyer
BUYER_00804,standard,,buyer
BUYER_00805,standard,,buyer
BUYER_00806,standard,,buyer
BUYER_00807,standard,,buyer
BUYER_00808,standard,,buyer
BUYER_00809,standard,,buyer
BUYER_00810,standard,,buyer
BUYER_00811,standard,,buyer
BUYER_00812,standard,,buyer
BUYER_00813,abuser,,buyer
BUYER_00814,standard,,buyer
BUYER_00815,standard,,buyer
BUYER_00816,standard,,buyer
BUYER_00817,abuser,,buyer
BUYER_00818,standard,,buyer
BUYER_00819,abuser,,buyer
BUYER_00820,standard,,buyer
BUYER_00821,standard,,buyer
BUYER_00822,abuser,,buyer
BUYER_00823,high_return_legit,,buyer
BUYER_00824,standard,,buyer
BUYER_00825,standard,,buyer
BUYER_00826,high_return_legit,,buyer
BUYER_00827,standard,,buyer
BUYER_00828,standard,,buyer
BUYER_00829,abuser,,buyer
BUYER_00830,standard,,buyer
BUYER_00831,standard,,buyer
BUYER_00832,standard,,buyer
BUYER_00833,standard,,buyer
BUYER_00834,standard,,buyer
BUYER_00835,high_return_legit,,buyer
BUYER_00836,standard,,buyer
BUYER_00837,standard,,buyer
BUYER_00838,standard,,buyer
BUYER_00839,standard,,buyer
BUYER_00840,standard,,buyer
BUYER_00841,high_return_legit,,buyer
BUYER_00842,standard,,buyer
BUYER_00843,standard,,buyer
BUYER_00844,abuser,,buyer
BUYER_00845,standard,,buyer
BUYER_00846,standard,,buyer
BUYER_00847,abuser,,buyer
BUYER_00848,standard,,buyer
BUYER_00849,standard,,buyer
BUYER_00850,standard,,buyer
BUYER_00851,standard,,buyer
BUYER_00852,standard,,buyer
BUYER_00853,high_return_legit,,buyer
BUYER_00854,standard,,buyer
BUYER_00855,standard,,buyer
BUYER_00856,standard,,buyer
BUYER_00857,standard,,buyer
BUYER_00858,standard,,buyer
BUYER_00859,standard,,buyer
BUYER_00860,standard,,buyer
BUYER_00861,standard,,buyer
BUYER_00862,standard,,buyer
BUYER_00863,abuser,,buyer
BUYER_00864,standard,,buyer
BUYER_00865,standard,,buyer
BUYER_00866,standard,,buyer
BUYER_00867,high_return_legit,,buyer
BUYER_00868,standard,,buyer
BUYER_00869,standard,,buyer
BUYER_00870,standard,,buyer
BUYER_00871,standard,,buyer
BUYER_00872,standard,,buyer
BUYER_00873,standard,,buyer
BUYER_00874,standard,,buyer
BUYER_00875,high_return_legit,,buyer
BUYER_00876,standard,,buyer
BUYER_00877,standard,,buyer
BUYER_00878,standard,,buyer
BUYER_00879,standard,,buyer
BUYER_00880,standard,,buyer
BUYER_00881,standard,,buyer
BUYER_00882,abuser,,buyer
BUYER_00883,standard,,buyer
BUYER_00884,standard,,buyer
BUYER_00885,standard,,buyer
BUYER_00886,standard,,buyer
BUYER_00887,abuser,,buyer
BUYER_00888,high_return_legit,,buyer
BUYER_00889,abuser,,buyer
BUYER_00890,standard,,buyer
BUYER_00891,standard,,buyer
BUYER_00892,standard,,buyer
BUYER_00893,abuser,,buyer
BUYER_00894,standard,,buyer
BUYER_00895,standard,,buyer
BUYER_00896,standard,,buyer
BUYER_00897,standard,,buyer
BUYER_00898,high_return_legit,,buyer
BUYER_00899,standard,,buyer
BUYER_00900,standard,,buyer
BUYER_00901,standard,,buyer
BUYER_00902,high_return_legit,,buyer
BUYER_00903,high_return_legit,,buyer
BUYER_00904,standard,,buyer
BUYER_00905,standard,,buyer
BUYER_00906,standard,,buyer
BUYER_00907,standard,,buyer
BUYER_00908,standard,,buyer
BUYER_00909,standard,,buyer
BUYER_00910,high_return_legit,,buyer
BUYER_00911,high_return_legit,,buyer
BUYER_00912,high_return_legit,,buyer
BUYER_00913,standard,,buyer
BUYER_00914,standard,,buyer
BUYER_00915,high_return_legit,,buyer
BUYER_00916,standard,,buyer
BUYER_00917,standard,,buyer
BUYER_00918,high_return_legit,,buyer
BUYER_00919,standard,,buyer
BUYER_00920,standard,,buyer
BUYER_00921,standard,,buyer
BUYER_00922,abuser,,buyer
BUYER_00923,standard,,buyer
BUYER_00924,standard,,buyer
BUYER_00925,standard,,buyer
BUYER_00926,high_return_legit,,buyer
BUYER_00927,standard,,buyer
BUYER_00928,standard,,buyer
BUYER_00929,standard,,buyer
BUYER_00930,standard,,buyer
BUYER_00931,standard,,buyer
BUYER_00932,standard,,buyer
BUYER_00933,standard,,buyer
BUYER_00934,high_return_legit,,buyer
BUYER_00935,standard,,buyer
BUYER_00936,high_return_legit,,buyer
BUYER_00937,standard,,buyer
BUYER_00938,standard,,buyer
BUYER_00939,abuser,,buyer
BUYER_00940,standard,,buyer
BUYER_00941,standard,,buyer
BUYER_00942,high_return_legit,,buyer
BUYER_00943,standard,,buyer
BUYER_00944,high_return_legit,,buyer
BUYER_00945,standard,,buyer
BUYER_00946,standard,,buyer
BUYER_00947,standard,,buyer
BUYER_00948,standard,,buyer
BUYER_00949,standard,,buyer
BUYER_00950,standard,,buyer
BUYER_00951,standard,,buyer
BUYER_00952,abuser,,buyer
BUYER_00953,standard,,buyer
BUYER_00954,standard,,buyer
BUYER_00955,standard,,buyer
BUYER_00956,high_return_legit,,buyer
BUYER_00957,standard,,buyer
BUYER_00958,standard,,buyer
BUYER_00959,standard,,buyer
BUYER_00960,standard,,buyer
BUYER_00961,standard,,buyer
BUYER_00962,standard,,buyer
BUYER_00963,standard,,buyer
BUYER_00964,standard,,buyer
BUYER_00965,standard,,buyer
BUYER_00966,standard,,buyer
BUYER_00967,standard,,buyer
BUYER_00968,high_return_legit,,buyer
BUYER_00969,standard,,buyer
BUYER_00970,standard,,buyer
BUYER_00971,standard,,buyer
BUYER_00972,standard,,buyer
BUYER_00973,abuser,,buyer
BUYER_00974,standard,,buyer
BUYER_00975,standard,,buyer
BUYER_00976,standard,,buyer
BUYER_00977,high_return_legit,,buyer
BUYER_00978,standard,,buyer
BUYER_00979,standard,,buyer
BUYER_00980,standard,,buyer
BUYER_00981,standard,,buyer
BUYER_00982,standard,,buyer
BUYER_00983,high_return_legit,,buyer
BUYER_00984,standard,,buyer
BUYER_00985,standard,,buyer
BUYER_00986,standard,,buyer
BUYER_00987,standard,,buyer
BUYER_00988,standard,,buyer
BUYER_00989,high_return_legit,,buyer
BUYER_00990,abuser,,buyer
BUYER_00991,standard,,buyer
BUYER_00992,standard,,buyer
BUYER_00993,standard,,buyer
BUYER_00994,high_return_legit,,buyer
BUYER_00995,standard,,buyer
BUYER_00996,standard,,buyer
BUYER_00997,standard,,buyer
BUYER_00998,standard,,buyer
BUYER_00999,standard,,buyer
BUYER_01000,standard,,buyer
BUYER_01001,standard,,buyer
BUYER_01002,standard,,buyer
BUYER_01003,standard,,buyer
BUYER_01004,standard,,buyer
BUYER_01005,abuser,,buyer
BUYER_01006,standard,,buyer
BUYER_01007,standard,,buyer
BUYER_01008,standard,,buyer
BUYER_01009,standard,,buyer
BUYER_01010,standard,,buyer
BUYER_01011,standard,,buyer
BUYER_01012,high_return_legit,,buyer
BUYER_01013,standard,,buyer
BUYER_01014,standard,,buyer
BUYER_01015,standard,,buyer
BUYER_01016,standard,,buyer
BUYER_01017,abuser,,buyer
BUYER_01018,standard,,buyer
BUYER_01019,standard,,buyer
BUYER_01020,standard,,buyer
BUYER_01021,high_return_legit,,buyer
BUYER_01022,standard,,buyer
BUYER_01023,standard,,buyer
BUYER_01024,standard,,buyer
BUYER_01025,high_return_legit,,buyer
BUYER_01026,abuser,,buyer
BUYER_01027,standard,,buyer
BUYER_01028,high_return_legit,,buyer
BUYER_01029,standard,,buyer
BUYER_01030,abuser,,buyer
BUYER_01031,standard,,buyer
BUYER_01032,standard,,buyer
BUYER_01033,standard,,buyer
BUYER_01034,standard,,buyer
BUYER_01035,standard,,buyer
BUYER_01036,standard,,buyer
BUYER_01037,standard,,buyer
BUYER_01038,standard,,buyer
BUYER_01039,standard,,buyer
BUYER_01040,standard,,buyer
BUYER_01041,high_return_legit,,buyer
BUYER_01042,standard,,buyer
BUYER_01043,standard,,buyer
BUYER_01044,abuser,,buyer
BUYER_01045,standard,,buyer
BUYER_01046,high_return_legit,,buyer
BUYER_01047,standard,,buyer
BUYER_01048,standard,,buyer
BUYER_01049,standard,,buyer
BUYER_01050,standard,,buyer
BUYER_01051,high_return_legit,,buyer
BUYER_01052,standard,,buyer
BUYER_01053,standard,,buyer
BUYER_01054,standard,,buyer
BUYER_01055,standard,,buyer
BUYER_01056,standard,,buyer
BUYER_01057,abuser,,buyer
BUYER_01058,standard,,buyer
BUYER_01059,standard,,buyer
BUYER_01060,standard,,buyer
BUYER_01061,standard,,buyer
BUYER_01062,standard,,buyer
BUYER_01063,standard,,buyer
BUYER_01064,high_return_legit,,buyer
BUYER_01065,standard,,buyer
BUYER_01066,standard,,buyer
BUYER_01067,standard,,buyer
BUYER_01068,standard,,buyer
BUYER_01069,standard,,buyer
BUYER_01070,standard,,buyer
BUYER_01071,high_return_legit,,buyer
BUYER_01072,high_return_legit,,buyer
BUYER_01073,standard,,buyer
BUYER_01074,standard,,buyer
BUYER_01075,standard,,buyer
BUYER_01076,standard,,buyer
BUYER_01077,high_return_legit,,buyer
BUYER_01078,high_return_legit,,buyer
BUYER_01079,standard,,buyer
BUYER_01080,standard,,buyer
BUYER_01081,standard,,buyer
BUYER_01082,standard,,buyer
BUYER_01083,high_return_legit,,buyer
BUYER_01084,standard,,buyer
BUYER_01085,standard,,buyer
BUYER_01086,standard,,buyer
BUYER_01087,standard,,buyer
BUYER_01088,standard,,buyer
BUYER_01089,standard,,buyer
BUYER_01090,standard,,buyer
BUYER_01091,high_return_legit,,buyer
BUYER_01092,abuser,,buyer
BUYER_01093,standard,,buyer
BUYER_01094,standard,,buyer
BUYER_01095,abuser,,buyer
BUYER_01096,standard,,buyer
BUYER_01097,high_return_legit,,buyer
BUYER_01098,standard,,buyer
BUYER_01099,standard,,buyer
BUYER_01100,high_return_legit,,buyer
BUYER_01101,high_return_legit,,buyer
BUYER_01102,standard,,buyer
BUYER_01103,standard,,buyer
BUYER_01104,standard,,buyer
BUYER_01105,high_return_legit,,buyer
BUYER_01106,standard,,buyer
BUYER_01107,standard,,buyer
BUYER_01108,high_return_legit,,buyer
BUYER_01109,standard,,buyer
BUYER_01110,high_return_legit,,buyer
BUYER_01111,standard,,buyer
BUYER_01112,standard,,buyer
BUYER_01113,abuser,,buyer
BUYER_01114,standard,,buyer
BUYER_01115,high_return_legit,,buyer
BUYER_01116,standard,,buyer
BUYER_01117,abuser,,buyer
BUYER_01118,abuser,,buyer
BUYER_01119,standard,,buyer
BUYER_01120,high_return_legit,,buyer
BUYER_01121,standard,,buyer
BUYER_01122,standard,,buyer
BUYER_01123,standard,,buyer
BUYER_01124,standard,,buyer
BUYER_01125,standard,,buyer
BUYER_01126,standard,,buyer
BUYER_01127,standard,,buyer
BUYER_01128,standard,,buyer
BUYER_01129,standard,,buyer
BUYER_01130,standard,,buyer
BUYER_01131,standard,,buyer
BUYER_01132,standard,,buyer
BUYER_01133,high_return_legit,,buyer
BUYER_01134,standard,,buyer
BUYER_01135,high_return_legit,,buyer
BUYER_01136,standard,,buyer
BUYER_01137,high_return_legit,,buyer
BUYER_01138,standard,,buyer
BUYER_01139,standard,,buyer
BUYER_01140,abuser,,buyer
BUYER_01141,standard,,buyer
BUYER_01142,standard,,buyer
BUYER_01143,standard,,buyer
BUYER_01144,standard,,buyer
BUYER_01145,standard,,buyer
BUYER_01146,standard,,buyer
BUYER_01147,standard,,buyer
BUYER_01148,standard,,buyer
BUYER_01149,standard,,buyer
BUYER_01150,standard,,buyer
BUYER_01151,abuser,,buyer
BUYER_01152,standard,,buyer
BUYER_01153,high_return_legit,,buyer
BUYER_01154,standard,,buyer
BUYER_01155,standard,,buyer
BUYER_01156,high_return_legit,,buyer
BUYER_01157,standard,,buyer
BUYER_01158,standard,,buyer
BUYER_01159,standard,,buyer
BUYER_01160,high_return_legit,,buyer
BUYER_01161,standard,,buyer
BUYER_01162,standard,,buyer
BUYER_01163,high_return_legit,,buyer
BUYER_01164,standard,,buyer
BUYER_01165,standard,,buyer
BUYER_01166,standard,,buyer
BUYER_01167,abuser,,buyer
BUYER_01168,standard,,buyer
BUYER_01169,standard,,buyer
BUYER_01170,standard,,buyer
BUYER_01171,abuser,,buyer
BUYER_01172,standard,,buyer
BUYER_01173,abuser,,buyer
BUYER_01174,standard,,buyer
BUYER_01175,standard,,buyer
BUYER_01176,standard,,buyer
BUYER_01177,standard,,buyer
BUYER_01178,standard,,buyer
BUYER_01179,standard,,buyer
BUYER_01180,standard,,buyer
BUYER_01181,standard,,buyer
BUYER_01182,standard,,buyer
BUYER_01183,abuser,,buyer
BUYER_01184,standard,,buyer
BUYER_01185,high_return_legit,,buyer
BUYER_01186,standard,,buyer
BUYER_01187,standard,,buyer
BUYER_01188,abuser,,buyer
BUYER_01189,high_return_legit,,buyer
BUYER_01190,standard,,buyer
BUYER_01191,standard,,buyer
BUYER_01192,abuser,,buyer
BUYER_01193,standard,,buyer
BUYER_01194,standard,,buyer
BUYER_01195,high_return_legit,,buyer
BUYER_01196,standard,,buyer
BUYER_01197,high_return_legit,,buyer
BUYER_01198,standard,,buyer
BUYER_01199,standard,,buyer
BUYER_01200,standard,,buyer
BUYER_01201,high_return_legit,,buyer
BUYER_01202,standard,,buyer
BUYER_01203,standard,,buyer
BUYER_01204,standard,,buyer
BUYER_01205,standard,,buyer
BUYER_01206,standard,,buyer
BUYER_01207,standard,,buyer
BUYER_01208,standard,,buyer
BUYER_01209,standard,,buyer
BUYER_01210,standard,,buyer
BUYER_01211,standard,,buyer
BUYER_01212,high_return_legit,,buyer
BUYER_01213,high_return_legit,,buyer
BUYER_01214,standard,,buyer
BUYER_01215,abuser,,buyer
BUYER_01216,standard,,buyer
BUYER_01217,standard,,buyer
BUYER_01218,standard,,buyer
BUYER_01219,standard,,buyer
BUYER_01220,standard,,buyer
BUYER_01221,high_return_legit,,buyer
BUYER_01222,standard,,buyer
BUYER_01223,standard,,buyer
BUYER_01224,standard,,buyer
BUYER_01225,standard,,buyer
BUYER_01226,standard,,buyer
BUYER_01227,standard,,buyer
BUYER_01228,abuser,,buyer
BUYER_01229,standard,,buyer
BUYER_01230,standard,,buyer
BUYER_01231,high_return_legit,,buyer
BUYER_01232,high_return_legit,,buyer
BUYER_01233,high_return_legit,,buyer
BUYER_01234,standard,,buyer
BUYER_01235,standard,,buyer
BUYER_01236,standard,,buyer
BUYER_01237,standard,,buyer
BUYER_01238,high_return_legit,,buyer
BUYER_01239,standard,,buyer
BUYER_01240,standard,,buyer
BUYER_01241,standard,,buyer
BUYER_01242,standard,,buyer
BUYER_01243,standard,,buyer
BUYER_01244,abuser,,buyer
BUYER_01245,standard,,buyer
BUYER_01246,standard,,buyer
BUYER_01247,standard,,buyer
BUYER_01248,high_return_legit,,buyer
BUYER_01249,abuser,,buyer
BUYER_01250,abuser,,buyer
BUYER_01251,standard,,buyer
BUYER_01252,high_return_legit,,buyer
BUYER_01253,standard,,buyer
BUYER_01254,standard,,buyer
BUYER_01255,standard,,buyer
BUYER_01256,standard,,buyer
BUYER_01257,standard,,buyer
BUYER_01258,standard,,buyer
BUYER_01259,standard,,buyer
BUYER_01260,standard,,buyer
BUYER_01261,standard,,buyer
BUYER_01262,standard,,buyer
BUYER_01263,standard,,buyer
BUYER_01264,standard,,buyer
BUYER_01265,standard,,buyer
BUYER_01266,standard,,buyer
BUYER_01267,standard,,buyer
BUYER_01268,high_return_legit,,buyer
BUYER_01269,high_return_legit,,buyer
BUYER_01270,standard,,buyer
BUYER_01271,abuser,,buyer
BUYER_01272,standard,,buyer
BUYER_01273,standard,,buyer
BUYER_01274,high_return_legit,,buyer
BUYER_01275,standard,,buyer
BUYER_01276,standard,,buyer
BUYER_01277,high_return_legit,,buyer
BUYER_01278,standard,,buyer
BUYER_01279,standard,,buyer
BUYER_01280,standard,,buyer
BUYER_01281,standard,,buyer
BUYER_01282,standard,,buyer
BUYER_01283,standard,,buyer
BUYER_01284,standard,,buyer
BUYER_01285,abuser,,buyer
BUYER_01286,abuser,,buyer
BUYER_01287,standard,,buyer
BUYER_01288,standard,,buyer
BUYER_01289,standard,,buyer
BUYER_01290,standard,,buyer
BUYER_01291,standard,,buyer
BUYER_01292,standard,,buyer
BUYER_01293,standard,,buyer
BUYER_01294,standard,,buyer
BUYER_01295,standard,,buyer
BUYER_01296,standard,,buyer
BUYER_01297,abuser,,buyer
BUYER_01298,standard,,buyer
BUYER_01299,standard,,buyer
BUYER_01300,standard,,buyer
BUYER_01301,standard,,buyer
BUYER_01302,standard,,buyer
BUYER_01303,standard,,buyer
BUYER_01304,standard,,buyer
BUYER_01305,standard,,buyer
BUYER_01306,standard,,buyer
BUYER_01307,standard,,buyer
BUYER_01308,standard,,buyer
BUYER_01309,standard,,buyer
BUYER_01310,standard,,buyer
BUYER_01311,abuser,,buyer
BUYER_01312,standard,,buyer
BUYER_01313,standard,,buyer
BUYER_01314,abuser,,buyer
BUYER_01315,standard,,buyer
BUYER_01316,standard,,buyer
BUYER_01317,standard,,buyer
BUYER_01318,standard,,buyer
BUYER_01319,abuser,,buyer
BUYER_01320,standard,,buyer
BUYER_01321,standard,,buyer
BUYER_01322,high_return_legit,,buyer
BUYER_01323,standard,,buyer
BUYER_01324,standard,,buyer
BUYER_01325,standard,,buyer
BUYER_01326,abuser,,buyer
BUYER_01327,standard,,buyer
BUYER_01328,standard,,buyer
BUYER_01329,high_return_legit,,buyer
BUYER_01330,high_return_legit,,buyer
BUYER_01331,standard,,buyer
BUYER_01332,abuser,,buyer
BUYER_01333,standard,,buyer
BUYER_01334,abuser,,buyer
BUYER_01335,standard,,buyer
BUYER_01336,high_return_legit,,buyer
BUYER_01337,high_return_legit,,buyer
BUYER_01338,abuser,,buyer
BUYER_01339,standard,,buyer
BUYER_01340,standard,,buyer
BUYER_01341,standard,,buyer
BUYER_01342,standard,,buyer
BUYER_01343,high_return_legit,,buyer
BUYER_01344,standard,,buyer
BUYER_01345,standard,,buyer
BUYER_01346,high_return_legit,,buyer
BUYER_01347,abuser,,buyer
BUYER_01348,standard,,buyer
BUYER_01349,standard,,buyer
BUYER_01350,standard,,buyer
BUYER_01351,standard,,buyer
BUYER_01352,standard,,buyer
BUYER_01353,high_return_legit,,buyer
BUYER_01354,standard,,buyer
BUYER_01355,standard,,buyer
BUYER_01356,standard,,buyer
BUYER_01357,standard,,buyer
BUYER_01358,standard,,buyer
BUYER_01359,standard,,buyer
BUYER_01360,standard,,buyer
BUYER_01361,standard,,buyer
BUYER_01362,standard,,buyer
BUYER_01363,standard,,buyer
BUYER_01364,abuser,,buyer
BUYER_01365,standard,,buyer
BUYER_01366,standard,,buyer
BUYER_01367,standard,,buyer
BUYER_01368,high_return_legit,,buyer
BUYER_01369,standard,,buyer
BUYER_01370,standard,,buyer
BUYER_01371,standard,,buyer
BUYER_01372,abuser,,buyer
BUYER_01373,standard,,buyer
BUYER_01374,standard,,buyer
BUYER_01375,standard,,buyer
BUYER_01376,standard,,buyer
BUYER_01377,standard,,buyer
BUYER_01378,abuser,,buyer
BUYER_01379,standard,,buyer
BUYER_01380,abuser,,buyer
BUYER_01381,standard,,buyer
BUYER_01382,abuser,,buyer
BUYER_01383,standard,,buyer
BUYER_01384,standard,,buyer
BUYER_01385,standard,,buyer
BUYER_01386,high_return_legit,,buyer
BUYER_01387,standard,,buyer
BUYER_01388,standard,,buyer
BUYER_01389,abuser,,buyer
BUYER_01390,standard,,buyer
BUYER_01391,standard,,buyer
BUYER_01392,high_return_legit,,buyer
BUYER_01393,standard,,buyer
BUYER_01394,standard,,buyer
BUYER_01395,standard,,buyer
BUYER_01396,standard,,buyer
BUYER_01397,standard,,buyer
BUYER_01398,standard,,buyer
BUYER_01399,standard,,buyer
BUYER_01400,standard,,buyer
BUYER_01401,abuser,,buyer
BUYER_01402,abuser,,buyer
BUYER_01403,standard,,buyer
BUYER_01404,standard,,buyer
BUYER_01405,abuser,,buyer
BUYER_01406,standard,,buyer
BUYER_01407,standard,,buyer
BUYER_01408,abuser,,buyer
BUYER_01409,standard,,buyer
BUYER_01410,standard,,buyer
BUYER_01411,standard,,buyer
BUYER_01412,standard,,buyer
BUYER_01413,abuser,,buyer
BUYER_01414,standard,,buyer
BUYER_01415,standard,,buyer
BUYER_01416,standard,,buyer
BUYER_01417,standard,,buyer
BUYER_01418,standard,,buyer
BUYER_01419,standard,,buyer
BUYER_01420,standard,,buyer
BUYER_01421,standard,,buyer
BUYER_01422,standard,,buyer
BUYER_01423,standard,,buyer
BUYER_01424,standard,,buyer
BUYER_01425,abuser,,buyer
BUYER_01426,abuser,,buyer
BUYER_01427,abuser,,buyer
BUYER_01428,high_return_legit,,buyer
BUYER_01429,high_return_legit,,buyer
BUYER_01430,standard,,buyer
BUYER_01431,standard,,buyer
BUYER_01432,standard,,buyer
BUYER_01433,standard,,buyer
BUYER_01434,high_return_legit,,buyer
BUYER_01435,standard,,buyer
BUYER_01436,high_return_legit,,buyer
BUYER_01437,standard,,buyer
BUYER_01438,high_return_legit,,buyer
BUYER_01439,standard,,buyer
BUYER_01440,high_return_legit,,buyer
BUYER_01441,standard,,buyer
BUYER_01442,abuser,,buyer
BUYER_01443,abuser,,buyer
BUYER_01444,high_return_legit,,buyer
BUYER_01445,standard,,buyer
BUYER_01446,standard,,buyer
BUYER_01447,standard,,buyer
BUYER_01448,standard,,buyer
BUYER_01449,abuser,,buyer
BUYER_01450,standard,,buyer
BUYER_01451,standard,,buyer
BUYER_01452,standard,,buyer
BUYER_01453,standard,,buyer
BUYER_01454,abuser,,buyer
BUYER_01455,standard,,buyer
BUYER_01456,standard,,buyer
BUYER_01457,standard,,buyer
BUYER_01458,standard,,buyer
BUYER_01459,standard,,buyer
BUYER_01460,standard,,buyer
BUYER_01461,high_return_legit,,buyer
BUYER_01462,abuser,,buyer
BUYER_01463,standard,,buyer
BUYER_01464,standard,,buyer
BUYER_01465,standard,,buyer
BUYER_01466,standard,,buyer
BUYER_01467,standard,,buyer
BUYER_01468,standard,,buyer
BUYER_01469,standard,,buyer
BUYER_01470,standard,,buyer
BUYER_01471,high_return_legit,,buyer
BUYER_01472,standard,,buyer
BUYER_01473,standard,,buyer
BUYER_01474,standard,,buyer
BUYER_01475,standard,,buyer
BUYER_01476,abuser,,buyer
BUYER_01477,standard,,buyer
BUYER_01478,standard,,buyer
BUYER_01479,abuser,,buyer
BUYER_01480,high_return_legit,,buyer
BUYER_01481,standard,,buyer
BUYER_01482,standard,,buyer
BUYER_01483,standard,,buyer
BUYER_01484,standard,,buyer
BUYER_01485,abuser,,buyer
BUYER_01486,high_return_legit,,buyer
BUYER_01487,standard,,buyer
BUYER_01488,standard,,buyer
BUYER_01489,high_return_legit,,buyer
BUYER_01490,standard,,buyer
BUYER_01491,standard,,buyer
BUYER_01492,standard,,buyer
BUYER_01493,standard,,buyer
BUYER_01494,standard,,buyer
BUYER_01495,standard,,buyer
BUYER_01496,standard,,buyer
BUYER_01497,standard,,buyer
BUYER_01498,standard,,buyer
BUYER_01499,standard,,buyer
BUYER_01500,abuser,,buyer
BUYER_01501,standard,,buyer
BUYER_01502,standard,,buyer
BUYER_01503,high_return_legit,,buyer
BUYER_01504,standard,,buyer
BUYER_01505,standard,,buyer
BUYER_01506,standard,,buyer
BUYER_01507,standard,,buyer
BUYER_01508,standard,,buyer
BUYER_01509,standard,,buyer
BUYER_01510,abuser,,buyer
BUYER_01511,standard,,buyer
BUYER_01512,standard,,buyer
BUYER_01513,standard,,buyer
BUYER_01514,high_return_legit,,buyer
BUYER_01515,high_return_legit,,buyer
BUYER_01516,standard,,buyer
BUYER_01517,standard,,buyer
BUYER_01518,standard,,buyer
BUYER_01519,standard,,buyer
BUYER_01520,abuser,,buyer
BUYER_01521,standard,,buyer
BUYER_01522,standard,,buyer
BUYER_01523,standard,,buyer
BUYER_01524,abuser,,buyer
BUYER_01525,standard,,buyer
BUYER_01526,standard,,buyer
BUYER_01527,abuser,,buyer
BUYER_01528,standard,,buyer
BUYER_01529,standard,,buyer
BUYER_01530,abuser,,buyer
BUYER_01531,standard,,buyer
BUYER_01532,standard,,buyer
BUYER_01533,standard,,buyer
BUYER_01534,abuser,,buyer
BUYER_01535,standard,,buyer
BUYER_01536,standard,,buyer
BUYER_01537,standard,,buyer
BUYER_01538,standard,,buyer
BUYER_01539,high_return_legit,,buyer
BUYER_01540,high_return_legit,,buyer
BUYER_01541,standard,,buyer
BUYER_01542,standard,,buyer
BUYER_01543,standard,,buyer
BUYER_01544,standard,,buyer
BUYER_01545,standard,,buyer
BUYER_01546,abuser,,buyer
BUYER_01547,abuser,,buyer
BUYER_01548,standard,,buyer
BUYER_01549,standard,,buyer
BUYER_01550,standard,,buyer
BUYER_01551,abuser,,buyer
BUYER_01552,standard,,buyer
BUYER_01553,standard,,buyer
BUYER_01554,standard,,buyer
BUYER_01555,standard,,buyer
BUYER_01556,standard,,buyer
BUYER_01557,standard,,buyer
BUYER_01558,standard,,buyer
BUYER_01559,standard,,buyer
BUYER_01560,high_return_legit,,buyer
BUYER_01561,abuser,,buyer
BUYER_01562,standard,,buyer
BUYER_01563,standard,,buyer
BUYER_01564,abuser,,buyer
BUYER_01565,standard,,buyer
BUYER_01566,standard,,buyer
BUYER_01567,standard,,buyer
BUYER_01568,standard,,buyer
BUYER_01569,standard,,buyer
BUYER_01570,high_return_legit,,buyer
BUYER_01571,standard,,buyer
BUYER_01572,standard,,buyer
BUYER_01573,standard,,buyer
BUYER_01574,standard,,buyer
BUYER_01575,abuser,,buyer
BUYER_01576,standard,,buyer
BUYER_01577,standard,,buyer
BUYER_01578,abuser,,buyer
BUYER_01579,high_return_legit,,buyer
BUYER_01580,standard,,buyer
BUYER_01581,high_return_legit,,buyer
BUYER_01582,abuser,,buyer
BUYER_01583,standard,,buyer
BUYER_01584,standard,,buyer
BUYER_01585,standard,,buyer
BUYER_01586,standard,,buyer
BUYER_01587,standard,,buyer
BUYER_01588,high_return_legit,,buyer
BUYER_01589,high_return_legit,,buyer
BUYER_01590,standard,,buyer
BUYER_01591,standard,,buyer
BUYER_01592,standard,,buyer
BUYER_01593,high_return_legit,,buyer
BUYER_01594,standard,,buyer
BUYER_01595,standard,,buyer
BUYER_01596,standard,,buyer
BUYER_01597,standard,,buyer
BUYER_01598,high_return_legit,,buyer
BUYER_01599,standard,,buyer
BUYER_01600,standard,,buyer
BUYER_01601,standard,,buyer
BUYER_01602,standard,,buyer
BUYER_01603,standard,,buyer
BUYER_01604,standard,,buyer
BUYER_01605,standard,,buyer
BUYER_01606,high_return_legit,,buyer
BUYER_01607,standard,,buyer
BUYER_01608,standard,,buyer
BUYER_01609,standard,,buyer
BUYER_01610,standard,,buyer
BUYER_01611,standard,,buyer
BUYER_01612,standard,,buyer
BUYER_01613,standard,,buyer
BUYER_01614,abuser,,buyer
BUYER_01615,standard,,buyer
BUYER_01616,standard,,buyer
BUYER_01617,standard,,buyer
BUYER_01618,standard,,buyer
BUYER_01619,abuser,,buyer
BUYER_01620,standard,,buyer
BUYER_01621,standard,,buyer
BUYER_01622,standard,,buyer
BUYER_01623,standard,,buyer
BUYER_01624,abuser,,buyer
BUYER_01625,standard,,buyer
BUYER_01626,abuser,,buyer
BUYER_01627,standard,,buyer
BUYER_01628,standard,,buyer
BUYER_01629,standard,,buyer
BUYER_01630,high_return_legit,,buyer
BUYER_01631,standard,,buyer
BUYER_01632,standard,,buyer
BUYER_01633,standard,,buyer
BUYER_01634,standard,,buyer
BUYER_01635,abuser,,buyer
BUYER_01636,standard,,buyer
BUYER_01637,high_return_legit,,buyer
BUYER_01638,high_return_legit,,buyer
BUYER_01639,standard,,buyer
BUYER_01640,standard,,buyer
BUYER_01641,standard,,buyer
BUYER_01642,standard,,buyer
BUYER_01643,standard,,buyer
BUYER_01644,standard,,buyer
BUYER_01645,abuser,,buyer
BUYER_01646,standard,,buyer
BUYER_01647,standard,,buyer
BUYER_01648,high_return_legit,,buyer
BUYER_01649,abuser,,buyer
BUYER_01650,standard,,buyer
BUYER_01651,standard,,buyer
BUYER_01652,abuser,,buyer
BUYER_01653,standard,,buyer
BUYER_01654,standard,,buyer
BUYER_01655,high_return_legit,,buyer
BUYER_01656,high_return_legit,,buyer
BUYER_01657,standard,,buyer
BUYER_01658,standard,,buyer
BUYER_01659,standard,,buyer
BUYER_01660,standard,,buyer
BUYER_01661,standard,,buyer
BUYER_01662,standard,,buyer
BUYER_01663,standard,,buyer
BUYER_01664,standard,,buyer
BUYER_01665,standard,,buyer
BUYER_01666,standard,,buyer
BUYER_01667,standard,,buyer
BUYER_01668,standard,,buyer
BUYER_01669,abuser,,buyer
BUYER_01670,standard,,buyer
BUYER_01671,abuser,,buyer
BUYER_01672,standard,,buyer
BUYER_01673,standard,,buyer
BUYER_01674,standard,,buyer
BUYER_01675,standard,,buyer
BUYER_01676,abuser,,buyer
BUYER_01677,standard,,buyer
BUYER_01678,standard,,buyer
BUYER_01679,high_return_legit,,buyer
BUYER_01680,standard,,buyer
BUYER_01681,abuser,,buyer
BUYER_01682,high_return_legit,,buyer
BUYER_01683,abuser,,buyer
BUYER_01684,standard,,buyer
BUYER_01685,standard,,buyer
BUYER_01686,standard,,buyer
BUYER_01687,high_return_legit,,buyer
BUYER_01688,standard,,buyer
BUYER_01689,standard,,buyer
BUYER_01690,standard,,buyer
BUYER_01691,standard,,buyer
BUYER_01692,standard,,buyer
BUYER_01693,standard,,buyer
BUYER_01694,high_return_legit,,buyer
BUYER_01695,standard,,buyer
BUYER_01696,high_return_legit,,buyer
BUYER_01697,abuser,,buyer
BUYER_01698,abuser,,buyer
BUYER_01699,abuser,,buyer
BUYER_01700,standard,,buyer
BUYER_01701,high_return_legit,,buyer
BUYER_01702,standard,,buyer
BUYER_01703,standard,,buyer
BUYER_01704,standard,,buyer
BUYER_01705,standard,,buyer
BUYER_01706,standard,,buyer
BUYER_01707,standard,,buyer
BUYER_01708,standard,,buyer
BUYER_01709,high_return_legit,,buyer
BUYER_01710,standard,,buyer
BUYER_01711,high_return_legit,,buyer
BUYER_01712,standard,,buyer
BUYER_01713,abuser,,buyer
BUYER_01714,standard,,buyer
BUYER_01715,standard,,buyer
BUYER_01716,standard,,buyer
BUYER_01717,standard,,buyer
BUYER_01718,standard,,buyer
BUYER_01719,standard,,buyer
BUYER_01720,standard,,buyer
BUYER_01721,standard,,buyer
BUYER_01722,standard,,buyer
BUYER_01723,abuser,,buyer
BUYER_01724,standard,,buyer
BUYER_01725,standard,,buyer
BUYER_01726,high_return_legit,,buyer
BUYER_01727,standard,,buyer
BUYER_01728,standard,,buyer
BUYER_01729,abuser,,buyer
BUYER_01730,standard,,buyer
BUYER_01731,standard,,buyer
BUYER_01732,standard,,buyer
BUYER_01733,standard,,buyer
BUYER_01734,standard,,buyer
BUYER_01735,abuser,,buyer
BUYER_01736,standard,,buyer
BUYER_01737,high_return_legit,,buyer
BUYER_01738,high_return_legit,,buyer
BUYER_01739,standard,,buyer
BUYER_01740,standard,,buyer
BUYER_01741,abuser,,buyer
BUYER_01742,abuser,,buyer
BUYER_01743,high_return_legit,,buyer
BUYER_01744,standard,,buyer
BUYER_01745,standard,,buyer
BUYER_01746,standard,,buyer
BUYER_01747,abuser,,buyer
BUYER_01748,standard,,buyer
BUYER_01749,standard,,buyer
BUYER_01750,standard,,buyer
BUYER_01751,standard,,buyer
BUYER_01752,standard,,buyer
BUYER_01753,standard,,buyer
BUYER_01754,standard,,buyer
BUYER_01755,standard,,buyer
BUYER_01756,high_return_legit,,buyer
BUYER_01757,standard,,buyer
BUYER_01758,standard,,buyer
BUYER_01759,standard,,buyer
BUYER_01760,standard,,buyer
BUYER_01761,standard,,buyer
BUYER_01762,standard,,buyer
BUYER_01763,high_return_legit,,buyer
BUYER_01764,standard,,buyer
BUYER_01765,standard,,buyer
BUYER_01766,standard,,buyer
BUYER_01767,abuser,,buyer
BUYER_01768,standard,,buyer
BUYER_01769,high_return_legit,,buyer
BUYER_01770,high_return_legit,,buyer
BUYER_01771,standard,,buyer
BUYER_01772,standard,,buyer
BUYER_01773,standard,,buyer
BUYER_01774,high_return_legit,,buyer
BUYER_01775,standard,,buyer
BUYER_01776,standard,,buyer
BUYER_01777,standard,,buyer
BUYER_01778,high_return_legit,,buyer
BUYER_01779,standard,,buyer
BUYER_01780,standard,,buyer
BUYER_01781,standard,,buyer
BUYER_01782,standard,,buyer
BUYER_01783,standard,,buyer
BUYER_01784,standard,,buyer
BUYER_01785,standard,,buyer
BUYER_01786,standard,,buyer
BUYER_01787,standard,,buyer
BUYER_01788,standard,,buyer
BUYER_01789,standard,,buyer
BUYER_01790,standard,,buyer
BUYER_01791,standard,,buyer
BUYER_01792,standard,,buyer
BUYER_01793,abuser,,buyer
BUYER_01794,abuser,,buyer
BUYER_01795,abuser,,buyer
BUYER_01796,standard,,buyer
BUYER_01797,standard,,buyer
BUYER_01798,standard,,buyer
BUYER_01799,standard,,buyer
BUYER_01800,standard,,buyer
BUYER_01801,standard,,buyer
BUYER_01802,high_return_legit,,buyer
BUYER_01803,standard,,buyer
BUYER_01804,standard,,buyer
BUYER_01805,standard,,buyer
BUYER_01806,standard,,buyer
BUYER_01807,standard,,buyer
BUYER_01808,standard,,buyer
BUYER_01809,standard,,buyer
BUYER_01810,abuser,,buyer
BUYER_01811,standard,,buyer
BUYER_01812,standard,,buyer
BUYER_01813,high_return_legit,,buyer
BUYER_01814,standard,,buyer
BUYER_01815,standard,,buyer
BUYER_01816,standard,,buyer
BUYER_01817,abuser,,buyer
BUYER_01818,standard,,buyer
BUYER_01819,standard,,buyer
BUYER_01820,standard,,buyer
BUYER_01821,high_return_legit,,buyer
BUYER_01822,standard,,buyer
BUYER_01823,high_return_legit,,buyer
BUYER_01824,high_return_legit,,buyer
BUYER_01825,standard,,buyer
BUYER_01826,standard,,buyer
BUYER_01827,standard,,buyer
BUYER_01828,high_return_legit,,buyer
BUYER_01829,standard,,buyer
BUYER_01830,standard,,buyer
BUYER_01831,standard,,buyer
BUYER_01832,standard,,buyer
BUYER_01833,standard,,buyer
BUYER_01834,high_return_legit,,buyer
BUYER_01835,standard,,buyer
BUYER_01836,standard,,buyer
BUYER_01837,high_return_legit,,buyer
BUYER_01838,standard,,buyer
BUYER_01839,standard,,buyer
BUYER_01840,high_return_legit,,buyer
BUYER_01841,standard,,buyer
BUYER_01842,standard,,buyer
BUYER_01843,standard,,buyer
BUYER_01844,standard,,buyer
BUYER_01845,standard,,buyer
BUYER_01846,standard,,buyer
BUYER_01847,standard,,buyer
BUYER_01848,abuser,,buyer
BUYER_01849,standard,,buyer
BUYER_01850,abuser,,buyer
BUYER_01851,standard,,buyer
BUYER_01852,standard,,buyer
BUYER_01853,high_return_legit,,buyer
BUYER_01854,standard,,buyer
BUYER_01855,standard,,buyer
BUYER_01856,standard,,buyer
BUYER_01857,high_return_legit,,buyer
BUYER_01858,high_return_legit,,buyer
BUYER_01859,standard,,buyer
BUYER_01860,standard,,buyer
BUYER_01861,standard,,buyer
BUYER_01862,standard,,buyer
BUYER_01863,standard,,buyer
BUYER_01864,standard,,buyer
BUYER_01865,standard,,buyer
BUYER_01866,standard,,buyer
BUYER_01867,standard,,buyer
BUYER_01868,standard,,buyer
BUYER_01869,standard,,buyer
BUYER_01870,standard,,buyer
BUYER_01871,standard,,buyer
BUYER_01872,standard,,buyer
BUYER_01873,standard,,buyer
BUYER_01874,standard,,buyer
BUYER_01875,standard,,buyer
BUYER_01876,standard,,buyer
BUYER_01877,standard,,buyer
BUYER_01878,high_return_legit,,buyer
BUYER_01879,high_return_legit,,buyer
BUYER_01880,standard,,buyer
BUYER_01881,standard,,buyer
BUYER_01882,high_return_legit,,buyer
BUYER_01883,standard,,buyer
BUYER_01884,standard,,buyer
BUYER_01885,standard,,buyer
BUYER_01886,high_return_legit,,buyer
BUYER_01887,standard,,buyer
BUYER_01888,standard,,buyer
BUYER_01889,high_return_legit,,buyer
BUYER_01890,standard,,buyer
BUYER_01891,standard,,buyer
BUYER_01892,high_return_legit,,buyer
BUYER_01893,standard,,buyer
BUYER_01894,standard,,buyer
BUYER_01895,standard,,buyer
BUYER_01896,standard,,buyer
BUYER_01897,standard,,buyer
BUYER_01898,standard,,buyer
BUYER_01899,standard,,buyer
BUYER_01900,standard,,buyer
BUYER_01901,standard,,buyer
BUYER_01902,abuser,,buyer
BUYER_01903,high_return_legit,,buyer
BUYER_01904,high_return_legit,,buyer
BUYER_01905,standard,,buyer
BUYER_01906,abuser,,buyer
BUYER_01907,abuser,,buyer
BUYER_01908,standard,,buyer
BUYER_01909,standard,,buyer
BUYER_01910,standard,,buyer
BUYER_01911,abuser,,buyer
BUYER_01912,standard,,buyer
BUYER_01913,standard,,buyer
BUYER_01914,standard,,buyer
BUYER_01915,standard,,buyer
BUYER_01916,high_return_legit,,buyer
BUYER_01917,standard,,buyer
BUYER_01918,abuser,,buyer
BUYER_01919,standard,,buyer
BUYER_01920,high_return_legit,,buyer
BUYER_01921,standard,,buyer
BUYER_01922,standard,,buyer
BUYER_01923,standard,,buyer
BUYER_01924,standard,,buyer
BUYER_01925,standard,,buyer
BUYER_01926,standard,,buyer
BUYER_01927,standard,,buyer
BUYER_01928,abuser,,buyer
BUYER_01929,standard,,buyer
BUYER_01930,high_return_legit,,buyer
BUYER_01931,standard,,buyer
BUYER_01932,standard,,buyer
BUYER_01933,standard,,buyer
BUYER_01934,standard,,buyer
BUYER_01935,standard,,buyer
BUYER_01936,high_return_legit,,buyer
BUYER_01937,standard,,buyer
BUYER_01938,high_return_legit,,buyer
BUYER_01939,standard,,buyer
BUYER_01940,standard,,buyer
BUYER_01941,standard,,buyer
BUYER_01942,standard,,buyer
BUYER_01943,standard,,buyer
BUYER_01944,standard,,buyer
BUYER_01945,standard,,buyer
BUYER_01946,abuser,,buyer
BUYER_01947,standard,,buyer
BUYER_01948,standard,,buyer
BUYER_01949,high_return_legit,,buyer
BUYER_01950,high_return_legit,,buyer
BUYER_01951,abuser,,buyer
BUYER_01952,standard,,buyer
BUYER_01953,high_return_legit,,buyer
BUYER_01954,standard,,buyer
BUYER_01955,standard,,buyer
BUYER_01956,standard,,buyer
BUYER_01957,standard,,buyer
BUYER_01958,standard,,buyer
BUYER_01959,abuser,,buyer
BUYER_01960,standard,,buyer
BUYER_01961,high_return_legit,,buyer
BUYER_01962,standard,,buyer
BUYER_01963,standard,,buyer
BUYER_01964,abuser,,buyer
BUYER_01965,standard,,buyer
BUYER_01966,abuser,,buyer
BUYER_01967,standard,,buyer
BUYER_01968,standard,,buyer
BUYER_01969,standard,,buyer
BUYER_01970,standard,,buyer
BUYER_01971,standard,,buyer
BUYER_01972,abuser,,buyer
BUYER_01973,standard,,buyer
BUYER_01974,standard,,buyer
BUYER_01975,standard,,buyer
BUYER_01976,standard,,buyer
BUYER_01977,standard,,buyer
BUYER_01978,standard,,buyer
BUYER_01979,standard,,buyer
BUYER_01980,standard,,buyer
BUYER_01981,standard,,buyer
BUYER_01982,standard,,buyer
BUYER_01983,abuser,,buyer
BUYER_01984,high_return_legit,,buyer
BUYER_01985,standard,,buyer
BUYER_01986,standard,,buyer
BUYER_01987,standard,,buyer
BUYER_01988,high_return_legit,,buyer
BUYER_01989,standard,,buyer
BUYER_01990,standard,,buyer
BUYER_01991,standard,,buyer
BUYER_01992,standard,,buyer
BUYER_01993,standard,,buyer
BUYER_01994,high_return_legit,,buyer
BUYER_01995,standard,,buyer
BUYER_01996,high_return_legit,,buyer
BUYER_01997,high_return_legit,,buyer
BUYER_01998,standard,,buyer
BUYER_01999,abuser,,buyer
BUYER_02000,standard,,buyer
BUYER_02001,standard,,buyer
BUYER_02002,standard,,buyer
BUYER_02003,standard,,buyer
BUYER_02004,standard,,buyer
BUYER_02005,standard,,buyer
BUYER_02006,standard,,buyer
BUYER_02007,standard,,buyer
BUYER_02008,standard,,buyer
BUYER_02009,high_return_legit,,buyer
BUYER_02010,standard,,buyer
BUYER_02011,standard,,buyer
BUYER_02012,standard,,buyer
BUYER_02013,standard,,buyer
BUYER_02014,standard,,buyer
BUYER_02015,standard,,buyer
BUYER_02016,standard,,buyer
BUYER_02017,standard,,buyer
BUYER_02018,standard,,buyer
BUYER_02019,standard,,buyer
BUYER_02020,standard,,buyer
BUYER_02021,standard,,buyer
BUYER_02022,standard,,buyer
BUYER_02023,standard,,buyer
BUYER_02024,standard,,buyer
BUYER_02025,abuser,,buyer
BUYER_02026,abuser,,buyer
BUYER_02027,standard,,buyer
BUYER_02028,standard,,buyer
BUYER_02029,standard,,buyer
BUYER_02030,standard,,buyer
BUYER_02031,standard,,buyer
BUYER_02032,standard,,buyer
BUYER_02033,standard,,buyer
BUYER_02034,abuser,,buyer
BUYER_02035,high_return_legit,,buyer
BUYER_02036,standard,,buyer
BUYER_02037,high_return_legit,,buyer
BUYER_02038,standard,,buyer
BUYER_02039,high_return_legit,,buyer
BUYER_02040,abuser,,buyer
BUYER_02041,abuser,,buyer
BUYER_02042,standard,,buyer
BUYER_02043,standard,,buyer
BUYER_02044,abuser,,buyer
BUYER_02045,standard,,buyer
BUYER_02046,standard,,buyer
BUYER_02047,standard,,buyer
BUYER_02048,standard,,buyer
BUYER_02049,standard,,buyer
BUYER_02050,standard,,buyer
BUYER_02051,standard,,buyer
BUYER_02052,standard,,buyer
BUYER_02053,standard,,buyer
BUYER_02054,high_return_legit,,buyer
BUYER_02055,standard,,buyer
BUYER_02056,high_return_legit,,buyer
BUYER_02057,standard,,buyer
BUYER_02058,standard,,buyer
BUYER_02059,standard,,buyer
BUYER_02060,standard,,buyer
BUYER_02061,standard,,buyer
BUYER_02062,standard,,buyer
BUYER_02063,standard,,buyer
BUYER_02064,standard,,buyer
BUYER_02065,high_return_legit,,buyer
BUYER_02066,standard,,buyer
BUYER_02067,standard,,buyer
BUYER_02068,standard,,buyer
BUYER_02069,standard,,buyer
BUYER_02070,abuser,,buyer
BUYER_02071,standard,,buyer
BUYER_02072,standard,,buyer
BUYER_02073,high_return_legit,,buyer
BUYER_02074,standard,,buyer
BUYER_02075,standard,,buyer
BUYER_02076,standard,,buyer
BUYER_02077,standard,,buyer
BUYER_02078,standard,,buyer
BUYER_02079,standard,,buyer
BUYER_02080,high_return_legit,,buyer
BUYER_02081,standard,,buyer
BUYER_02082,standard,,buyer
BUYER_02083,high_return_legit,,buyer
BUYER_02084,standard,,buyer
BUYER_02085,high_return_legit,,buyer
BUYER_02086,standard,,buyer
BUYER_02087,standard,,buyer
BUYER_02088,standard,,buyer
BUYER_02089,standard,,buyer
BUYER_02090,standard,,buyer
BUYER_02091,high_return_legit,,buyer
BUYER_02092,standard,,buyer
BUYER_02093,standard,,buyer
BUYER_02094,standard,,buyer
BUYER_02095,standard,,buyer
BUYER_02096,standard,,buyer
BUYER_02097,abuser,,buyer
BUYER_02098,standard,,buyer
BUYER_02099,high_return_legit,,buyer
BUYER_02100,standard,,buyer
BUYER_02101,abuser,,buyer
BUYER_02102,standard,,buyer
BUYER_02103,standard,,buyer
BUYER_02104,standard,,buyer
BUYER_02105,high_return_legit,,buyer
BUYER_02106,high_return_legit,,buyer
BUYER_02107,high_return_legit,,buyer
BUYER_02108,standard,,buyer
BUYER_02109,standard,,buyer
BUYER_02110,standard,,buyer
BUYER_02111,standard,,buyer
BUYER_02112,abuser,,buyer
BUYER_02113,standard,,buyer
BUYER_02114,standard,,buyer
BUYER_02115,standard,,buyer
BUYER_02116,standard,,buyer
BUYER_02117,standard,,buyer
BUYER_02118,standard,,buyer
BUYER_02119,high_return_legit,,buyer
BUYER_02120,standard,,buyer
BUYER_02121,standard,,buyer
BUYER_02122,standard,,buyer
BUYER_02123,standard,,buyer
BUYER_02124,abuser,,buyer
BUYER_02125,standard,,buyer
BUYER_02126,standard,,buyer
BUYER_02127,standard,,buyer
BUYER_02128,standard,,buyer
BUYER_02129,standard,,buyer
BUYER_02130,standard,,buyer
BUYER_02131,standard,,buyer
BUYER_02132,standard,,buyer
BUYER_02133,standard,,buyer
BUYER_02134,standard,,buyer
BUYER_02135,standard,,buyer
BUYER_02136,standard,,buyer
BUYER_02137,high_return_legit,,buyer
BUYER_02138,standard,,buyer
BUYER_02139,high_return_legit,,buyer
BUYER_02140,standard,,buyer
BUYER_02141,standard,,buyer
BUYER_02142,abuser,,buyer
BUYER_02143,abuser,,buyer
BUYER_02144,standard,,buyer
BUYER_02145,standard,,buyer
BUYER_02146,standard,,buyer
BUYER_02147,standard,,buyer
BUYER_02148,standard,,buyer
BUYER_02149,standard,,buyer
BUYER_02150,standard,,buyer
BUYER_02151,standard,,buyer
BUYER_02152,standard,,buyer
BUYER_02153,standard,,buyer
BUYER_02154,standard,,buyer
BUYER_02155,standard,,buyer
BUYER_02156,standard,,buyer
BUYER_02157,abuser,,buyer
BUYER_02158,high_return_legit,,buyer
BUYER_02159,standard,,buyer
BUYER_02160,standard,,buyer
BUYER_02161,high_return_legit,,buyer
BUYER_02162,standard,,buyer
BUYER_02163,high_return_legit,,buyer
BUYER_02164,standard,,buyer
BUYER_02165,high_return_legit,,buyer
BUYER_02166,standard,,buyer
BUYER_02167,standard,,buyer
BUYER_02168,standard,,buyer
BUYER_02169,standard,,buyer
BUYER_02170,standard,,buyer
BUYER_02171,standard,,buyer
BUYER_02172,standard,,buyer
BUYER_02173,standard,,buyer
BUYER_02174,high_return_legit,,buyer
BUYER_02175,standard,,buyer
BUYER_02176,standard,,buyer
BUYER_02177,abuser,,buyer
BUYER_02178,standard,,buyer
BUYER_02179,high_return_legit,,buyer
BUYER_02180,standard,,buyer
BUYER_02181,standard,,buyer
BUYER_02182,standard,,buyer
BUYER_02183,high_return_legit,,buyer
BUYER_02184,standard,,buyer
BUYER_02185,standard,,buyer
BUYER_02186,standard,,buyer
BUYER_02187,abuser,,buyer
BUYER_02188,high_return_legit,,buyer
BUYER_02189,standard,,buyer
BUYER_02190,standard,,buyer
BUYER_02191,standard,,buyer
BUYER_02192,standard,,buyer
BUYER_02193,standard,,buyer
BUYER_02194,standard,,buyer
BUYER_02195,standard,,buyer
BUYER_02196,abuser,,buyer
BUYER_02197,standard,,buyer
BUYER_02198,standard,,buyer
BUYER_02199,standard,,buyer
BUYER_02200,abuser,,buyer
BUYER_02201,abuser,,buyer
BUYER_02202,abuser,,buyer
BUYER_02203,high_return_legit,,buyer
BUYER_02204,standard,,buyer
BUYER_02205,standard,,buyer
BUYER_02206,standard,,buyer
BUYER_02207,standard,,buyer
BUYER_02208,standard,,buyer
BUYER_02209,abuser,,buyer
BUYER_02210,standard,,buyer
BUYER_02211,standard,,buyer
BUYER_02212,high_return_legit,,buyer
BUYER_02213,standard,,buyer
BUYER_02214,high_return_legit,,buyer
BUYER_02215,standard,,buyer
BUYER_02216,abuser,,buyer
BUYER_02217,standard,,buyer
BUYER_02218,standard,,buyer
BUYER_02219,standard,,buyer
BUYER_02220,standard,,buyer
BUYER_02221,high_return_legit,,buyer
BUYER_02222,high_return_legit,,buyer
BUYER_02223,standard,,buyer
BUYER_02224,standard,,buyer
BUYER_02225,standard,,buyer
BUYER_02226,standard,,buyer
BUYER_02227,standard,,buyer
BUYER_02228,standard,,buyer
BUYER_02229,standard,,buyer
BUYER_02230,standard,,buyer
BUYER_02231,standard,,buyer
BUYER_02232,standard,,buyer
BUYER_02233,standard,,buyer
BUYER_02234,high_return_legit,,buyer
BUYER_02235,standard,,buyer
BUYER_02236,standard,,buyer
BUYER_02237,standard,,buyer
BUYER_02238,standard,,buyer
BUYER_02239,standard,,buyer
BUYER_02240,standard,,buyer
BUYER_02241,standard,,buyer
BUYER_02242,standard,,buyer
BUYER_02243,standard,,buyer
BUYER_02244,standard,,buyer
BUYER_02245,standard,,buyer
BUYER_02246,standard,,buyer
BUYER_02247,standard,,buyer
BUYER_02248,standard,,buyer
BUYER_02249,abuser,,buyer
BUYER_02250,standard,,buyer
BUYER_02251,standard,,buyer
BUYER_02252,abuser,,buyer
BUYER_02253,high_return_legit,,buyer
BUYER_02254,standard,,buyer
BUYER_02255,high_return_legit,,buyer
BUYER_02256,high_return_legit,,buyer
BUYER_02257,high_return_legit,,buyer
BUYER_02258,abuser,,buyer
BUYER_02259,standard,,buyer
BUYER_02260,standard,,buyer
BUYER_02261,abuser,,buyer
BUYER_02262,standard,,buyer
BUYER_02263,standard,,buyer
BUYER_02264,standard,,buyer
BUYER_02265,high_return_legit,,buyer
BUYER_02266,standard,,buyer
BUYER_02267,standard,,buyer
BUYER_02268,standard,,buyer
BUYER_02269,standard,,buyer
BUYER_02270,standard,,buyer
BUYER_02271,standard,,buyer
BUYER_02272,abuser,,buyer
BUYER_02273,standard,,buyer
BUYER_02274,abuser,,buyer
BUYER_02275,standard,,buyer
BUYER_02276,standard,,buyer
BUYER_02277,standard,,buyer
BUYER_02278,standard,,buyer
BUYER_02279,high_return_legit,,buyer
BUYER_02280,standard,,buyer
BUYER_02281,standard,,buyer
BUYER_02282,standard,,buyer
BUYER_02283,abuser,,buyer
BUYER_02284,high_return_legit,,buyer
BUYER_02285,high_return_legit,,buyer
BUYER_02286,standard,,buyer
BUYER_02287,abuser,,buyer
BUYER_02288,standard,,buyer
BUYER_02289,standard,,buyer
BUYER_02290,standard,,buyer
BUYER_02291,high_return_legit,,buyer
BUYER_02292,standard,,buyer
BUYER_02293,standard,,buyer
BUYER_02294,standard,,buyer
BUYER_02295,standard,,buyer
BUYER_02296,standard,,buyer
BUYER_02297,standard,,buyer
BUYER_02298,standard,,buyer
BUYER_02299,standard,,buyer
BUYER_02300,standard,,buyer
BUYER_02301,standard,,buyer
BUYER_02302,standard,,buyer
BUYER_02303,standard,,buyer
BUYER_02304,standard,,buyer
BUYER_02305,high_return_legit,,buyer
BUYER_02306,standard,,buyer
BUYER_02307,standard,,buyer
BUYER_02308,high_return_legit,,buyer
BUYER_02309,standard,,buyer
BUYER_02310,standard,,buyer
BUYER_02311,standard,,buyer
BUYER_02312,standard,,buyer
BUYER_02313,standard,,buyer
BUYER_02314,standard,,buyer
BUYER_02315,standard,,buyer
BUYER_02316,standard,,buyer
BUYER_02317,abuser,,buyer
BUYER_02318,standard,,buyer
BUYER_02319,standard,,buyer
BUYER_02320,abuser,,buyer
BUYER_02321,standard,,buyer
BUYER_02322,standard,,buyer
BUYER_02323,standard,,buyer
BUYER_02324,standard,,buyer
BUYER_02325,standard,,buyer
BUYER_02326,standard,,buyer
BUYER_02327,high_return_legit,,buyer
BUYER_02328,high_return_legit,,buyer
BUYER_02329,standard,,buyer
BUYER_02330,standard,,buyer
BUYER_02331,high_return_legit,,buyer
BUYER_02332,abuser,,buyer
BUYER_02333,abuser,,buyer
BUYER_02334,standard,,buyer
BUYER_02335,standard,,buyer
BUYER_02336,standard,,buyer
BUYER_02337,abuser,,buyer
BUYER_02338,standard,,buyer
BUYER_02339,standard,,buyer
BUYER_02340,abuser,,buyer
BUYER_02341,high_return_legit,,buyer
BUYER_02342,standard,,buyer
BUYER_02343,high_return_legit,,buyer
BUYER_02344,standard,,buyer
BUYER_02345,abuser,,buyer
BUYER_02346,standard,,buyer
BUYER_02347,standard,,buyer
BUYER_02348,high_return_legit,,buyer
BUYER_02349,standard,,buyer
BUYER_02350,abuser,,buyer
BUYER_02351,high_return_legit,,buyer
BUYER_02352,standard,,buyer
BUYER_02353,standard,,buyer
BUYER_02354,standard,,buyer
BUYER_02355,standard,,buyer
BUYER_02356,standard,,buyer
BUYER_02357,abuser,,buyer
BUYER_02358,standard,,buyer
BUYER_02359,standard,,buyer
BUYER_02360,standard,,buyer
BUYER_02361,standard,,buyer
BUYER_02362,abuser,,buyer
BUYER_02363,high_return_legit,,buyer
BUYER_02364,standard,,buyer
BUYER_02365,standard,,buyer
BUYER_02366,standard,,buyer
BUYER_02367,standard,,buyer
BUYER_02368,standard,,buyer
BUYER_02369,standard,,buyer
BUYER_02370,standard,,buyer
BUYER_02371,standard,,buyer
BUYER_02372,standard,,buyer
BUYER_02373,standard,,buyer
BUYER_02374,standard,,buyer
BUYER_02375,standard,,buyer
BUYER_02376,standard,,buyer
BUYER_02377,abuser,,buyer
BUYER_02378,standard,,buyer
BUYER_02379,standard,,buyer
BUYER_02380,standard,,buyer
BUYER_02381,standard,,buyer
BUYER_02382,standard,,buyer
BUYER_02383,high_return_legit,,buyer
BUYER_02384,standard,,buyer
BUYER_02385,standard,,buyer
BUYER_02386,standard,,buyer
BUYER_02387,high_return_legit,,buyer
BUYER_02388,high_return_legit,,buyer
BUYER_02389,standard,,buyer
BUYER_02390,standard,,buyer
BUYER_02391,standard,,buyer
BUYER_02392,standard,,buyer
BUYER_02393,standard,,buyer
BUYER_02394,standard,,buyer
BUYER_02395,standard,,buyer
BUYER_02396,standard,,buyer
BUYER_02397,standard,,buyer
BUYER_02398,standard,,buyer
BUYER_02399,standard,,buyer
BUYER_02400,standard,,buyer
BUYER_02401,high_return_legit,,buyer
BUYER_02402,standard,,buyer
BUYER_02403,standard,,buyer
BUYER_02404,standard,,buyer
BUYER_02405,standard,,buyer
BUYER_02406,standard,,buyer
BUYER_02407,standard,,buyer
BUYER_02408,standard,,buyer
BUYER_02409,standard,,buyer
BUYER_02410,abuser,,buyer
BUYER_02411,standard,,buyer
BUYER_02412,standard,,buyer
BUYER_02413,standard,,buyer
BUYER_02414,standard,,buyer
BUYER_02415,high_return_legit,,buyer
BUYER_02416,standard,,buyer
BUYER_02417,standard,,buyer
BUYER_02418,standard,,buyer
BUYER_02419,standard,,buyer
BUYER_02420,standard,,buyer
BUYER_02421,abuser,,buyer
BUYER_02422,standard,,buyer
BUYER_02423,high_return_legit,,buyer
BUYER_02424,abuser,,buyer
BUYER_02425,standard,,buyer
BUYER_02426,standard,,buyer
BUYER_02427,high_return_legit,,buyer
BUYER_02428,standard,,buyer
BUYER_02429,standard,,buyer
BUYER_02430,standard,,buyer
BUYER_02431,standard,,buyer
BUYER_02432,standard,,buyer
BUYER_02433,standard,,buyer
BUYER_02434,high_return_legit,,buyer
BUYER_02435,standard,,buyer
BUYER_02436,abuser,,buyer
BUYER_02437,standard,,buyer
BUYER_02438,high_return_legit,,buyer
BUYER_02439,high_return_legit,,buyer
BUYER_02440,abuser,,buyer
BUYER_02441,standard,,buyer
BUYER_02442,standard,,buyer
BUYER_02443,standard,,buyer
BUYER_02444,high_return_legit,,buyer
BUYER_02445,standard,,buyer
BUYER_02446,standard,,buyer
BUYER_02447,high_return_legit,,buyer
BUYER_02448,abuser,,buyer
BUYER_02449,standard,,buyer
BUYER_02450,high_return_legit,,buyer
BUYER_02451,standard,,buyer
BUYER_02452,standard,,buyer
BUYER_02453,standard,,buyer
BUYER_02454,standard,,buyer
BUYER_02455,high_return_legit,,buyer
BUYER_02456,standard,,buyer
BUYER_02457,standard,,buyer
BUYER_02458,standard,,buyer
BUYER_02459,standard,,buyer
BUYER_02460,standard,,buyer
BUYER_02461,standard,,buyer
BUYER_02462,standard,,buyer
BUYER_02463,high_return_legit,,buyer
BUYER_02464,high_return_legit,,buyer
BUYER_02465,standard,,buyer
BUYER_02466,standard,,buyer
BUYER_02467,high_return_legit,,buyer
BUYER_02468,standard,,buyer
BUYER_02469,high_return_legit,,buyer
BUYER_02470,standard,,buyer
BUYER_02471,standard,,buyer
BUYER_02472,abuser,,buyer
BUYER_02473,standard,,buyer
BUYER_02474,standard,,buyer
BUYER_02475,standard,,buyer
BUYER_02476,standard,,buyer
BUYER_02477,standard,,buyer
BUYER_02478,high_return_legit,,buyer
BUYER_02479,abuser,,buyer
BUYER_02480,standard,,buyer
BUYER_02481,standard,,buyer
BUYER_02482,standard,,buyer
BUYER_02483,standard,,buyer
BUYER_02484,standard,,buyer
BUYER_02485,standard,,buyer
BUYER_02486,standard,,buyer
BUYER_02487,standard,,buyer
BUYER_02488,high_return_legit,,buyer
BUYER_02489,standard,,buyer
BUYER_02490,standard,,buyer
BUYER_02491,standard,,buyer
BUYER_02492,standard,,buyer
BUYER_02493,standard,,buyer
BUYER_02494,standard,,buyer
BUYER_02495,standard,,buyer
BUYER_02496,standard,,buyer
BUYER_02497,standard,,buyer
BUYER_02498,standard,,buyer
BUYER_02499,high_return_legit,,buyer
BUYER_02500,standard,,buyer
BUYER_02501,high_return_legit,,buyer
BUYER_02502,standard,,buyer
BUYER_02503,standard,,buyer
BUYER_02504,standard,,buyer
BUYER_02505,standard,,buyer
BUYER_02506,standard,,buyer
BUYER_02507,high_return_legit,,buyer
BUYER_02508,abuser,,buyer
BUYER_02509,standard,,buyer
BUYER_02510,high_return_legit,,buyer
BUYER_02511,high_return_legit,,buyer
BUYER_02512,high_return_legit,,buyer
BUYER_02513,standard,,buyer
BUYER_02514,standard,,buyer
BUYER_02515,standard,,buyer
BUYER_02516,high_return_legit,,buyer
BUYER_02517,standard,,buyer
BUYER_02518,standard,,buyer
BUYER_02519,standard,,buyer
BUYER_02520,standard,,buyer
BUYER_02521,standard,,buyer
BUYER_02522,standard,,buyer
BUYER_02523,high_return_legit,,buyer
BUYER_02524,standard,,buyer
BUYER_02525,standard,,buyer
BUYER_02526,standard,,buyer
BUYER_02527,standard,,buyer
BUYER_02528,standard,,buyer
BUYER_02529,standard,,buyer
BUYER_02530,standard,,buyer
BUYER_02531,standard,,buyer
BUYER_02532,standard,,buyer
BUYER_02533,high_return_legit,,buyer
BUYER_02534,standard,,buyer
BUYER_02535,abuser,,buyer
BUYER_02536,standard,,buyer
BUYER_02537,standard,,buyer
BUYER_02538,high_return_legit,,buyer
BUYER_02539,standard,,buyer
BUYER_02540,standard,,buyer
BUYER_02541,standard,,buyer
BUYER_02542,standard,,buyer
BUYER_02543,standard,,buyer
BUYER_02544,standard,,buyer
BUYER_02545,abuser,,buyer
BUYER_02546,standard,,buyer
BUYER_02547,high_return_legit,,buyer
BUYER_02548,high_return_legit,,buyer
BUYER_02549,standard,,buyer
BUYER_02550,standard,,buyer
BUYER_02551,high_return_legit,,buyer
BUYER_02552,standard,,buyer
BUYER_02553,high_return_legit,,buyer
BUYER_02554,high_return_legit,,buyer
BUYER_02555,standard,,buyer
BUYER_02556,standard,,buyer
BUYER_02557,standard,,buyer
BUYER_02558,standard,,buyer
BUYER_02559,standard,,buyer
BUYER_02560,standard,,buyer
BUYER_02561,standard,,buyer
BUYER_02562,standard,,buyer
BUYER_02563,high_return_legit,,buyer
BUYER_02564,standard,,buyer
BUYER_02565,standard,,buyer
BUYER_02566,standard,,buyer
BUYER_02567,standard,,buyer
BUYER_02568,high_return_legit,,buyer
BUYER_02569,standard,,buyer
BUYER_02570,standard,,buyer
BUYER_02571,standard,,buyer
BUYER_02572,standard,,buyer
BUYER_02573,standard,,buyer
BUYER_02574,abuser,,buyer
BUYER_02575,standard,,buyer
BUYER_02576,standard,,buyer
BUYER_02577,standard,,buyer
BUYER_02578,standard,,buyer
BUYER_02579,standard,,buyer
BUYER_02580,standard,,buyer
BUYER_02581,standard,,buyer
BUYER_02582,standard,,buyer
BUYER_02583,abuser,,buyer
BUYER_02584,standard,,buyer
BUYER_02585,standard,,buyer
BUYER_02586,standard,,buyer
BUYER_02587,standard,,buyer
BUYER_02588,high_return_legit,,buyer
BUYER_02589,standard,,buyer
BUYER_02590,standard,,buyer
BUYER_02591,abuser,,buyer
BUYER_02592,standard,,buyer
BUYER_02593,high_return_legit,,buyer
BUYER_02594,standard,,buyer
BUYER_02595,abuser,,buyer
BUYER_02596,standard,,buyer
BUYER_02597,standard,,buyer
BUYER_02598,high_return_legit,,buyer
BUYER_02599,standard,,buyer
BUYER_02600,standard,,buyer
BUYER_02601,high_return_legit,,buyer
BUYER_02602,standard,,buyer
BUYER_02603,standard,,buyer
BUYER_02604,standard,,buyer
BUYER_02605,standard,,buyer
BUYER_02606,standard,,buyer
BUYER_02607,abuser,,buyer
BUYER_02608,standard,,buyer
BUYER_02609,standard,,buyer
BUYER_02610,standard,,buyer
BUYER_02611,standard,,buyer
BUYER_02612,high_return_legit,,buyer
BUYER_02613,standard,,buyer
BUYER_02614,abuser,,buyer
BUYER_02615,high_return_legit,,buyer
BUYER_02616,standard,,buyer
BUYER_02617,standard,,buyer
BUYER_02618,standard,,buyer
BUYER_02619,standard,,buyer
BUYER_02620,standard,,buyer
BUYER_02621,standard,,buyer
BUYER_02622,high_return_legit,,buyer
BUYER_02623,high_return_legit,,buyer
BUYER_02624,standard,,buyer
BUYER_02625,standard,,buyer
BUYER_02626,standard,,buyer
BUYER_02627,standard,,buyer
BUYER_02628,abuser,,buyer
BUYER_02629,standard,,buyer
BUYER_02630,standard,,buyer
BUYER_02631,abuser,,buyer
BUYER_02632,standard,,buyer
BUYER_02633,standard,,buyer
BUYER_02634,standard,,buyer
BUYER_02635,standard,,buyer
BUYER_02636,standard,,buyer
BUYER_02637,standard,,buyer
BUYER_02638,standard,,buyer
BUYER_02639,standard,,buyer
BUYER_02640,standard,,buyer
BUYER_02641,standard,,buyer
BUYER_02642,standard,,buyer
BUYER_02643,standard,,buyer
BUYER_02644,high_return_legit,,buyer
BUYER_02645,standard,,buyer
BUYER_02646,standard,,buyer
BUYER_02647,standard,,buyer
BUYER_02648,standard,,buyer
BUYER_02649,standard,,buyer
BUYER_02650,standard,,buyer
BUYER_02651,high_return_legit,,buyer
BUYER_02652,standard,,buyer
BUYER_02653,standard,,buyer
BUYER_02654,standard,,buyer
BUYER_02655,standard,,buyer
BUYER_02656,standard,,buyer
BUYER_02657,abuser,,buyer
BUYER_02658,high_return_legit,,buyer
BUYER_02659,standard,,buyer
BUYER_02660,standard,,buyer
BUYER_02661,standard,,buyer
BUYER_02662,standard,,buyer
BUYER_02663,abuser,,buyer
BUYER_02664,standard,,buyer
BUYER_02665,standard,,buyer
BUYER_02666,standard,,buyer
BUYER_02667,standard,,buyer
BUYER_02668,high_return_legit,,buyer
BUYER_02669,standard,,buyer
BUYER_02670,standard,,buyer
BUYER_02671,standard,,buyer
BUYER_02672,abuser,,buyer
BUYER_02673,standard,,buyer
BUYER_02674,abuser,,buyer
BUYER_02675,standard,,buyer
BUYER_02676,standard,,buyer
BUYER_02677,abuser,,buyer
BUYER_02678,high_return_legit,,buyer
BUYER_02679,standard,,buyer
BUYER_02680,standard,,buyer
BUYER_02681,abuser,,buyer
BUYER_02682,standard,,buyer
BUYER_02683,standard,,buyer
BUYER_02684,high_return_legit,,buyer
BUYER_02685,standard,,buyer
BUYER_02686,standard,,buyer
BUYER_02687,high_return_legit,,buyer
BUYER_02688,abuser,,buyer
BUYER_02689,standard,,buyer
BUYER_02690,standard,,buyer
BUYER_02691,standard,,buyer
BUYER_02692,high_return_legit,,buyer
BUYER_02693,standard,,buyer
BUYER_02694,high_return_legit,,buyer
BUYER_02695,standard,,buyer
BUYER_02696,standard,,buyer
BUYER_02697,standard,,buyer
BUYER_02698,standard,,buyer
BUYER_02699,high_return_legit,,buyer
BUYER_02700,standard,,buyer
BUYER_02701,standard,,buyer
BUYER_02702,standard,,buyer
BUYER_02703,standard,,buyer
BUYER_02704,standard,,buyer
BUYER_02705,abuser,,buyer
BUYER_02706,standard,,buyer
BUYER_02707,standard,,buyer
BUYER_02708,abuser,,buyer
BUYER_02709,standard,,buyer
BUYER_02710,standard,,buyer
BUYER_02711,standard,,buyer
BUYER_02712,high_return_legit,,buyer
BUYER_02713,abuser,,buyer
BUYER_02714,standard,,buyer
BUYER_02715,standard,,buyer
BUYER_02716,standard,,buyer
BUYER_02717,standard,,buyer
BUYER_02718,standard,,buyer
BUYER_02719,standard,,buyer
BUYER_02720,standard,,buyer
BUYER_02721,high_return_legit,,buyer
BUYER_02722,standard,,buyer
BUYER_02723,high_return_legit,,buyer
BUYER_02724,abuser,,buyer
BUYER_02725,standard,,buyer
BUYER_02726,standard,,buyer
BUYER_02727,standard,,buyer
BUYER_02728,standard,,buyer
BUYER_02729,standard,,buyer
BUYER_02730,standard,,buyer
BUYER_02731,standard,,buyer
BUYER_02732,standard,,buyer
BUYER_02733,standard,,buyer
BUYER_02734,high_return_legit,,buyer
BUYER_02735,standard,,buyer
BUYER_02736,standard,,buyer
BUYER_02737,standard,,buyer
BUYER_02738,standard,,buyer
BUYER_02739,standard,,buyer
BUYER_02740,high_return_legit,,buyer
BUYER_02741,high_return_legit,,buyer
BUYER_02742,standard,,buyer
BUYER_02743,standard,,buyer
BUYER_02744,standard,,buyer
BUYER_02745,high_return_legit,,buyer
BUYER_02746,standard,,buyer
BUYER_02747,standard,,buyer
BUYER_02748,standard,,buyer
BUYER_02749,standard,,buyer
BUYER_02750,standard,,buyer
BUYER_02751,high_return_legit,,buyer
BUYER_02752,standard,,buyer
BUYER_02753,standard,,buyer
BUYER_02754,high_return_legit,,buyer
BUYER_02755,standard,,buyer
BUYER_02756,standard,,buyer
BUYER_02757,high_return_legit,,buyer
BUYER_02758,standard,,buyer
BUYER_02759,standard,,buyer
BUYER_02760,high_return_legit,,buyer
BUYER_02761,standard,,buyer
BUYER_02762,standard,,buyer
BUYER_02763,high_return_legit,,buyer
BUYER_02764,standard,,buyer
BUYER_02765,standard,,buyer
BUYER_02766,standard,,buyer
BUYER_02767,standard,,buyer
BUYER_02768,standard,,buyer
BUYER_02769,high_return_legit,,buyer
BUYER_02770,standard,,buyer
BUYER_02771,standard,,buyer
BUYER_02772,standard,,buyer
BUYER_02773,standard,,buyer
BUYER_02774,standard,,buyer
BUYER_02775,standard,,buyer
BUYER_02776,standard,,buyer
BUYER_02777,abuser,,buyer
BUYER_02778,standard,,buyer
BUYER_02779,standard,,buyer
BUYER_02780,high_return_legit,,buyer
BUYER_02781,high_return_legit,,buyer
BUYER_02782,standard,,buyer
BUYER_02783,high_return_legit,,buyer
BUYER_02784,standard,,buyer
BUYER_02785,standard,,buyer
BUYER_02786,standard,,buyer
BUYER_02787,standard,,buyer
BUYER_02788,high_return_legit,,buyer
BUYER_02789,standard,,buyer
BUYER_02790,standard,,buyer
BUYER_02791,standard,,buyer
BUYER_02792,abuser,,buyer
BUYER_02793,standard,,buyer
BUYER_02794,standard,,buyer
BUYER_02795,standard,,buyer
BUYER_02796,standard,,buyer
BUYER_02797,standard,,buyer
BUYER_02798,high_return_legit,,buyer
BUYER_02799,standard,,buyer
BUYER_02800,standard,,buyer
BUYER_02801,abuser,,buyer
BUYER_02802,high_return_legit,,buyer
BUYER_02803,standard,,buyer
BUYER_02804,standard,,buyer
BUYER_02805,standard,,buyer
BUYER_02806,abuser,,buyer
BUYER_02807,high_return_legit,,buyer
BUYER_02808,standard,,buyer
BUYER_02809,standard,,buyer
BUYER_02810,high_return_legit,,buyer
BUYER_02811,standard,,buyer
BUYER_02812,standard,,buyer
BUYER_02813,standard,,buyer
BUYER_02814,abuser,,buyer
BUYER_02815,standard,,buyer
BUYER_02816,standard,,buyer
BUYER_02817,standard,,buyer
BUYER_02818,standard,,buyer
BUYER_02819,standard,,buyer
BUYER_02820,high_return_legit,,buyer
BUYER_02821,standard,,buyer
BUYER_02822,abuser,,buyer
BUYER_02823,standard,,buyer
BUYER_02824,standard,,buyer
BUYER_02825,standard,,buyer
BUYER_02826,high_return_legit,,buyer
BUYER_02827,standard,,buyer
BUYER_02828,standard,,buyer
BUYER_02829,abuser,,buyer
BUYER_02830,abuser,,buyer
BUYER_02831,standard,,buyer
BUYER_02832,standard,,buyer
BUYER_02833,standard,,buyer
BUYER_02834,standard,,buyer
BUYER_02835,standard,,buyer
BUYER_02836,standard,,buyer
BUYER_02837,standard,,buyer
BUYER_02838,standard,,buyer
BUYER_02839,standard,,buyer
BUYER_02840,standard,,buyer
BUYER_02841,standard,,buyer
BUYER_02842,standard,,buyer
BUYER_02843,standard,,buyer
BUYER_02844,standard,,buyer
BUYER_02845,standard,,buyer
BUYER_02846,standard,,buyer
BUYER_02847,standard,,buyer
BUYER_02848,high_return_legit,,buyer
BUYER_02849,standard,,buyer
BUYER_02850,high_return_legit,,buyer
BUYER_02851,standard,,buyer
BUYER_02852,high_return_legit,,buyer
BUYER_02853,abuser,,buyer
BUYER_02854,abuser,,buyer
BUYER_02855,standard,,buyer
BUYER_02856,standard,,buyer
BUYER_02857,standard,,buyer
BUYER_02858,standard,,buyer
BUYER_02859,standard,,buyer
BUYER_02860,high_return_legit,,buyer
BUYER_02861,standard,,buyer
BUYER_02862,standard,,buyer
BUYER_02863,standard,,buyer
BUYER_02864,standard,,buyer
BUYER_02865,standard,,buyer
BUYER_02866,standard,,buyer
BUYER_02867,high_return_legit,,buyer
BUYER_02868,abuser,,buyer
BUYER_02869,standard,,buyer
BUYER_02870,standard,,buyer
BUYER_02871,standard,,buyer
BUYER_02872,standard,,buyer
BUYER_02873,standard,,buyer
BUYER_02874,abuser,,buyer
BUYER_02875,standard,,buyer
BUYER_02876,standard,,buyer
BUYER_02877,standard,,buyer
BUYER_02878,abuser,,buyer
BUYER_02879,standard,,buyer
BUYER_02880,standard,,buyer
BUYER_02881,standard,,buyer
BUYER_02882,standard,,buyer
BUYER_02883,high_return_legit,,buyer
BUYER_02884,standard,,buyer
BUYER_02885,abuser,,buyer
BUYER_02886,high_return_legit,,buyer
BUYER_02887,standard,,buyer
BUYER_02888,standard,,buyer
BUYER_02889,abuser,,buyer
BUYER_02890,abuser,,buyer
BUYER_02891,high_return_legit,,buyer
BUYER_02892,abuser,,buyer
BUYER_02893,standard,,buyer
BUYER_02894,standard,,buyer
BUYER_02895,standard,,buyer
BUYER_02896,high_return_legit,,buyer
BUYER_02897,standard,,buyer
BUYER_02898,standard,,buyer
BUYER_02899,standard,,buyer
BUYER_02900,standard,,buyer
BUYER_02901,standard,,buyer
BUYER_02902,standard,,buyer
BUYER_02903,standard,,buyer
BUYER_02904,high_return_legit,,buyer
BUYER_02905,standard,,buyer
BUYER_02906,standard,,buyer
BUYER_02907,high_return_legit,,buyer
BUYER_02908,standard,,buyer
BUYER_02909,standard,,buyer
BUYER_02910,standard,,buyer
BUYER_02911,standard,,buyer
BUYER_02912,high_return_legit,,buyer
BUYER_02913,standard,,buyer
BUYER_02914,standard,,buyer
BUYER_02915,standard,,buyer
BUYER_02916,standard,,buyer
BUYER_02917,high_return_legit,,buyer
BUYER_02918,standard,,buyer
BUYER_02919,standard,,buyer
BUYER_02920,standard,,buyer
BUYER_02921,high_return_legit,,buyer
BUYER_02922,abuser,,buyer
BUYER_02923,high_return_legit,,buyer
BUYER_02924,standard,,buyer
BUYER_02925,standard,,buyer
BUYER_02926,standard,,buyer
BUYER_02927,standard,,buyer
BUYER_02928,high_return_legit,,buyer
BUYER_02929,high_return_legit,,buyer
BUYER_02930,standard,,buyer
BUYER_02931,abuser,,buyer
BUYER_02932,standard,,buyer
BUYER_02933,standard,,buyer
BUYER_02934,standard,,buyer
BUYER_02935,standard,,buyer
BUYER_02936,high_return_legit,,buyer
BUYER_02937,standard,,buyer
BUYER_02938,abuser,,buyer
BUYER_02939,abuser,,buyer
BUYER_02940,standard,,buyer
BUYER_02941,standard,,buyer
BUYER_02942,abuser,,buyer
BUYER_02943,standard,,buyer
BUYER_02944,high_return_legit,,buyer
BUYER_02945,abuser,,buyer
BUYER_02946,standard,,buyer
BUYER_02947,high_return_legit,,buyer
BUYER_02948,standard,,buyer
BUYER_02949,standard,,buyer
BUYER_02950,standard,,buyer
BUYER_02951,standard,,buyer
BUYER_02952,high_return_legit,,buyer
BUYER_02953,standard,,buyer
BUYER_02954,standard,,buyer
BUYER_02955,standard,,buyer
BUYER_02956,high_return_legit,,buyer
BUYER_02957,standard,,buyer
BUYER_02958,standard,,buyer
BUYER_02959,high_return_legit,,buyer
BUYER_02960,high_return_legit,,buyer
BUYER_02961,standard,,buyer
BUYER_02962,standard,,buyer
BUYER_02963,high_return_legit,,buyer
BUYER_02964,abuser,,buyer
BUYER_02965,abuser,,buyer
BUYER_02966,abuser,,buyer
BUYER_02967,standard,,buyer
BUYER_02968,standard,,buyer
BUYER_02969,standard,,buyer
BUYER_02970,standard,,buyer
BUYER_02971,standard,,buyer
BUYER_02972,high_return_legit,,buyer
BUYER_02973,standard,,buyer
BUYER_02974,standard,,buyer
BUYER_02975,high_return_legit,,buyer
BUYER_02976,standard,,buyer
BUYER_02977,standard,,buyer
BUYER_02978,standard,,buyer
BUYER_02979,abuser,,buyer
BUYER_02980,standard,,buyer
BUYER_02981,standard,,buyer
BUYER_02982,standard,,buyer
BUYER_02983,standard,,buyer
BUYER_02984,standard,,buyer
BUYER_02985,standard,,buyer
BUYER_02986,standard,,buyer
BUYER_02987,standard,,buyer
BUYER_02988,standard,,buyer
BUYER_02989,standard,,buyer
BUYER_02990,standard,,buyer
BUYER_02991,standard,,buyer
BUYER_02992,standard,,buyer
BUYER_02993,standard,,buyer
BUYER_02994,standard,,buyer
BUYER_02995,standard,,buyer
BUYER_02996,standard,,buyer
BUYER_02997,standard,,buyer
BUYER_02998,high_return_legit,,buyer
BUYER_02999,high_return_legit,,buyer
BUYER_03000,standard,,buyer
BUYER_03001,standard,,buyer
BUYER_03002,standard,,buyer
BUYER_03003,standard,,buyer
BUYER_03004,standard,,buyer
BUYER_03005,abuser,,buyer
BUYER_03006,standard,,buyer
BUYER_03007,standard,,buyer
BUYER_03008,standard,,buyer
BUYER_03009,standard,,buyer
BUYER_03010,abuser,,buyer
BUYER_03011,abuser,,buyer
BUYER_03012,standard,,buyer
BUYER_03013,standard,,buyer
BUYER_03014,standard,,buyer
BUYER_03015,standard,,buyer
BUYER_03016,standard,,buyer
BUYER_03017,standard,,buyer
BUYER_03018,standard,,buyer
BUYER_03019,standard,,buyer
BUYER_03020,standard,,buyer
BUYER_03021,standard,,buyer
BUYER_03022,standard,,buyer
BUYER_03023,standard,,buyer
BUYER_03024,standard,,buyer
BUYER_03025,standard,,buyer
BUYER_03026,standard,,buyer
BUYER_03027,standard,,buyer
BUYER_03028,standard,,buyer
BUYER_03029,standard,,buyer
BUYER_03030,standard,,buyer
BUYER_03031,standard,,buyer
BUYER_03032,standard,,buyer
BUYER_03033,standard,,buyer
BUYER_03034,standard,,buyer
BUYER_03035,standard,,buyer
BUYER_03036,standard,,buyer
BUYER_03037,high_return_legit,,buyer
BUYER_03038,high_return_legit,,buyer
BUYER_03039,standard,,buyer
BUYER_03040,standard,,buyer
BUYER_03041,standard,,buyer
BUYER_03042,abuser,,buyer
BUYER_03043,abuser,,buyer
BUYER_03044,high_return_legit,,buyer
BUYER_03045,standard,,buyer
BUYER_03046,abuser,,buyer
BUYER_03047,standard,,buyer
BUYER_03048,standard,,buyer
BUYER_03049,standard,,buyer
BUYER_03050,standard,,buyer
BUYER_03051,high_return_legit,,buyer
BUYER_03052,abuser,,buyer
BUYER_03053,high_return_legit,,buyer
BUYER_03054,standard,,buyer
BUYER_03055,abuser,,buyer
BUYER_03056,standard,,buyer
BUYER_03057,standard,,buyer
BUYER_03058,standard,,buyer
BUYER_03059,standard,,buyer
BUYER_03060,high_return_legit,,buyer
BUYER_03061,standard,,buyer
BUYER_03062,standard,,buyer
BUYER_03063,standard,,buyer
BUYER_03064,standard,,buyer
BUYER_03065,high_return_legit,,buyer
BUYER_03066,standard,,buyer
BUYER_03067,high_return_legit,,buyer
BUYER_03068,standard,,buyer
BUYER_03069,high_return_legit,,buyer
BUYER_03070,standard,,buyer
BUYER_03071,standard,,buyer
BUYER_03072,standard,,buyer
BUYER_03073,standard,,buyer
BUYER_03074,standard,,buyer
BUYER_03075,high_return_legit,,buyer
BUYER_03076,standard,,buyer
BUYER_03077,high_return_legit,,buyer
BUYER_03078,standard,,buyer
BUYER_03079,high_return_legit,,buyer
BUYER_03080,standard,,buyer
BUYER_03081,high_return_legit,,buyer
BUYER_03082,abuser,,buyer
BUYER_03083,standard,,buyer
BUYER_03084,standard,,buyer
BUYER_03085,standard,,buyer
BUYER_03086,standard,,buyer
BUYER_03087,standard,,buyer
BUYER_03088,standard,,buyer
BUYER_03089,high_return_legit,,buyer
BUYER_03090,standard,,buyer
BUYER_03091,standard,,buyer
BUYER_03092,standard,,buyer
BUYER_03093,standard,,buyer
BUYER_03094,standard,,buyer
BUYER_03095,abuser,,buyer
BUYER_03096,abuser,,buyer
BUYER_03097,high_return_legit,,buyer
BUYER_03098,standard,,buyer
BUYER_03099,standard,,buyer
BUYER_03100,standard,,buyer
BUYER_03101,standard,,buyer
BUYER_03102,standard,,buyer
BUYER_03103,high_return_legit,,buyer
BUYER_03104,standard,,buyer
BUYER_03105,abuser,,buyer
BUYER_03106,standard,,buyer
BUYER_03107,standard,,buyer
BUYER_03108,standard,,buyer
BUYER_03109,standard,,buyer
BUYER_03110,standard,,buyer
BUYER_03111,standard,,buyer
BUYER_03112,standard,,buyer
BUYER_03113,high_return_legit,,buyer
BUYER_03114,standard,,buyer
BUYER_03115,standard,,buyer
BUYER_03116,standard,,buyer
BUYER_03117,standard,,buyer
BUYER_03118,standard,,buyer
BUYER_03119,standard,,buyer
BUYER_03120,standard,,buyer
BUYER_03121,standard,,buyer
BUYER_03122,standard,,buyer
BUYER_03123,standard,,buyer
BUYER_03124,standard,,buyer
BUYER_03125,abuser,,buyer
BUYER_03126,high_return_legit,,buyer
BUYER_03127,standard,,buyer
BUYER_03128,standard,,buyer
BUYER_03129,abuser,,buyer
BUYER_03130,standard,,buyer
BUYER_03131,standard,,buyer
BUYER_03132,standard,,buyer
BUYER_03133,high_return_legit,,buyer
BUYER_03134,high_return_legit,,buyer
BUYER_03135,standard,,buyer
BUYER_03136,standard,,buyer
BUYER_03137,standard,,buyer
BUYER_03138,high_return_legit,,buyer
BUYER_03139,standard,,buyer
BUYER_03140,abuser,,buyer
BUYER_03141,standard,,buyer
BUYER_03142,standard,,buyer
BUYER_03143,standard,,buyer
BUYER_03144,standard,,buyer
BUYER_03145,standard,,buyer
BUYER_03146,standard,,buyer
BUYER_03147,standard,,buyer
BUYER_03148,standard,,buyer
BUYER_03149,abuser,,buyer
BUYER_03150,standard,,buyer
BUYER_03151,abuser,,buyer
BUYER_03152,standard,,buyer
BUYER_03153,standard,,buyer
BUYER_03154,standard,,buyer
BUYER_03155,standard,,buyer
BUYER_03156,standard,,buyer
BUYER_03157,standard,,buyer
BUYER_03158,high_return_legit,,buyer
BUYER_03159,standard,,buyer
BUYER_03160,standard,,buyer
BUYER_03161,standard,,buyer
BUYER_03162,high_return_legit,,buyer
BUYER_03163,standard,,buyer
BUYER_03164,abuser,,buyer
BUYER_03165,standard,,buyer
BUYER_03166,standard,,buyer
BUYER_03167,standard,,buyer
BUYER_03168,standard,,buyer
BUYER_03169,standard,,buyer
BUYER_03170,standard,,buyer
BUYER_03171,standard,,buyer
BUYER_03172,standard,,buyer
BUYER_03173,standard,,buyer
BUYER_03174,abuser,,buyer
BUYER_03175,high_return_legit,,buyer
BUYER_03176,standard,,buyer
BUYER_03177,standard,,buyer
BUYER_03178,standard,,buyer
BUYER_03179,standard,,buyer
BUYER_03180,standard,,buyer
BUYER_03181,standard,,buyer
BUYER_03182,standard,,buyer
BUYER_03183,standard,,buyer
BUYER_03184,standard,,buyer
BUYER_03185,standard,,buyer
BUYER_03186,standard,,buyer
BUYER_03187,standard,,buyer
BUYER_03188,high_return_legit,,buyer
BUYER_03189,high_return_legit,,buyer
BUYER_03190,standard,,buyer
BUYER_03191,standard,,buyer
BUYER_03192,standard,,buyer
BUYER_03193,standard,,buyer
BUYER_03194,abuser,,buyer
BUYER_03195,standard,,buyer
BUYER_03196,standard,,buyer
BUYER_03197,high_return_legit,,buyer
BUYER_03198,standard,,buyer
BUYER_03199,standard,,buyer
BUYER_03200,standard,,buyer
BUYER_03201,abuser,,buyer
BUYER_03202,abuser,,buyer
BUYER_03203,standard,,buyer
BUYER_03204,high_return_legit,,buyer
BUYER_03205,standard,,buyer
BUYER_03206,standard,,buyer
BUYER_03207,standard,,buyer
BUYER_03208,high_return_legit,,buyer
BUYER_03209,standard,,buyer
BUYER_03210,standard,,buyer
BUYER_03211,standard,,buyer
BUYER_03212,standard,,buyer
BUYER_03213,standard,,buyer
BUYER_03214,standard,,buyer
BUYER_03215,standard,,buyer
BUYER_03216,standard,,buyer
BUYER_03217,standard,,buyer
BUYER_03218,abuser,,buyer
BUYER_03219,standard,,buyer
BUYER_03220,standard,,buyer
BUYER_03221,standard,,buyer
BUYER_03222,standard,,buyer
BUYER_03223,standard,,buyer
BUYER_03224,abuser,,buyer
BUYER_03225,high_return_legit,,buyer
BUYER_03226,standard,,buyer
BUYER_03227,standard,,buyer
BUYER_03228,abuser,,buyer
BUYER_03229,standard,,buyer
BUYER_03230,abuser,,buyer
BUYER_03231,standard,,buyer
BUYER_03232,standard,,buyer
BUYER_03233,standard,,buyer
BUYER_03234,standard,,buyer
BUYER_03235,standard,,buyer
BUYER_03236,high_return_legit,,buyer
BUYER_03237,standard,,buyer
BUYER_03238,standard,,buyer
BUYER_03239,standard,,buyer
BUYER_03240,standard,,buyer
BUYER_03241,high_return_legit,,buyer
BUYER_03242,standard,,buyer
BUYER_03243,standard,,buyer
BUYER_03244,standard,,buyer
BUYER_03245,high_return_legit,,buyer
BUYER_03246,high_return_legit,,buyer
BUYER_03247,standard,,buyer
BUYER_03248,standard,,buyer
BUYER_03249,abuser,,buyer
BUYER_03250,standard,,buyer
BUYER_03251,standard,,buyer
BUYER_03252,standard,,buyer
BUYER_03253,standard,,buyer
BUYER_03254,standard,,buyer
BUYER_03255,standard,,buyer
BUYER_03256,standard,,buyer
BUYER_03257,standard,,buyer
BUYER_03258,standard,,buyer
BUYER_03259,standard,,buyer
BUYER_03260,standard,,buyer
BUYER_03261,standard,,buyer
BUYER_03262,standard,,buyer
BUYER_03263,abuser,,buyer
BUYER_03264,high_return_legit,,buyer
BUYER_03265,high_return_legit,,buyer
BUYER_03266,high_return_legit,,buyer
BUYER_03267,standard,,buyer
BUYER_03268,standard,,buyer
BUYER_03269,standard,,buyer
BUYER_03270,standard,,buyer
BUYER_03271,standard,,buyer
BUYER_03272,high_return_legit,,buyer
BUYER_03273,standard,,buyer
BUYER_03274,standard,,buyer
BUYER_03275,standard,,buyer
BUYER_03276,standard,,buyer
BUYER_03277,abuser,,buyer
BUYER_03278,standard,,buyer
BUYER_03279,standard,,buyer
BUYER_03280,standard,,buyer
BUYER_03281,standard,,buyer
BUYER_03282,standard,,buyer
BUYER_03283,abuser,,buyer
BUYER_03284,high_return_legit,,buyer
BUYER_03285,standard,,buyer
BUYER_03286,standard,,buyer
BUYER_03287,standard,,buyer
BUYER_03288,standard,,buyer
BUYER_03289,abuser,,buyer
BUYER_03290,standard,,buyer
BUYER_03291,standard,,buyer
BUYER_03292,abuser,,buyer
BUYER_03293,standard,,buyer
BUYER_03294,high_return_legit,,buyer
BUYER_03295,standard,,buyer
BUYER_03296,abuser,,buyer
BUYER_03297,high_return_legit,,buyer
BUYER_03298,abuser,,buyer
BUYER_03299,high_return_legit,,buyer
BUYER_03300,standard,,buyer
BUYER_03301,standard,,buyer
BUYER_03302,high_return_legit,,buyer
BUYER_03303,high_return_legit,,buyer
BUYER_03304,standard,,buyer
BUYER_03305,standard,,buyer
BUYER_03306,standard,,buyer
BUYER_03307,abuser,,buyer
BUYER_03308,standard,,buyer
BUYER_03309,standard,,buyer
BUYER_03310,standard,,buyer
BUYER_03311,standard,,buyer
BUYER_03312,standard,,buyer
BUYER_03313,high_return_legit,,buyer
BUYER_03314,standard,,buyer
BUYER_03315,standard,,buyer
BUYER_03316,standard,,buyer
BUYER_03317,standard,,buyer
BUYER_03318,standard,,buyer
BUYER_03319,high_return_legit,,buyer
BUYER_03320,standard,,buyer
BUYER_03321,standard,,buyer
BUYER_03322,standard,,buyer
BUYER_03323,abuser,,buyer
BUYER_03324,standard,,buyer
BUYER_03325,standard,,buyer
BUYER_03326,standard,,buyer
BUYER_03327,standard,,buyer
BUYER_03328,high_return_legit,,buyer
BUYER_03329,standard,,buyer
BUYER_03330,standard,,buyer
BUYER_03331,standard,,buyer
BUYER_03332,standard,,buyer
BUYER_03333,standard,,buyer
BUYER_03334,standard,,buyer
BUYER_03335,standard,,buyer
BUYER_03336,standard,,buyer
BUYER_03337,standard,,buyer
BUYER_03338,standard,,buyer
BUYER_03339,standard,,buyer
BUYER_03340,standard,,buyer
BUYER_03341,standard,,buyer
BUYER_03342,standard,,buyer
BUYER_03343,standard,,buyer
BUYER_03344,standard,,buyer
BUYER_03345,standard,,buyer
BUYER_03346,standard,,buyer
BUYER_03347,high_return_legit,,buyer
BUYER_03348,standard,,buyer
BUYER_03349,standard,,buyer
BUYER_03350,standard,,buyer
BUYER_03351,standard,,buyer
BUYER_03352,standard,,buyer
BUYER_03353,high_return_legit,,buyer
BUYER_03354,standard,,buyer
BUYER_03355,standard,,buyer
BUYER_03356,standard,,buyer
BUYER_03357,high_return_legit,,buyer
BUYER_03358,standard,,buyer
BUYER_03359,abuser,,buyer
BUYER_03360,standard,,buyer
BUYER_03361,standard,,buyer
BUYER_03362,standard,,buyer
BUYER_03363,standard,,buyer
BUYER_03364,standard,,buyer
BUYER_03365,standard,,buyer
BUYER_03366,high_return_legit,,buyer
BUYER_03367,standard,,buyer
BUYER_03368,standard,,buyer
BUYER_03369,standard,,buyer
BUYER_03370,standard,,buyer
BUYER_03371,high_return_legit,,buyer
BUYER_03372,standard,,buyer
BUYER_03373,high_return_legit,,buyer
BUYER_03374,standard,,buyer
BUYER_03375,high_return_legit,,buyer
BUYER_03376,high_return_legit,,buyer
BUYER_03377,standard,,buyer
BUYER_03378,standard,,buyer
BUYER_03379,abuser,,buyer
BUYER_03380,standard,,buyer
BUYER_03381,standard,,buyer
BUYER_03382,standard,,buyer
BUYER_03383,standard,,buyer
BUYER_03384,standard,,buyer
BUYER_03385,abuser,,buyer
BUYER_03386,standard,,buyer
BUYER_03387,standard,,buyer
BUYER_03388,standard,,buyer
BUYER_03389,standard,,buyer
BUYER_03390,standard,,buyer
BUYER_03391,standard,,buyer
BUYER_03392,standard,,buyer
BUYER_03393,standard,,buyer
BUYER_03394,standard,,buyer
BUYER_03395,high_return_legit,,buyer
BUYER_03396,standard,,buyer
BUYER_03397,standard,,buyer
BUYER_03398,standard,,buyer
BUYER_03399,standard,,buyer
BUYER_03400,standard,,buyer
BUYER_03401,standard,,buyer
BUYER_03402,standard,,buyer
BUYER_03403,standard,,buyer
BUYER_03404,high_return_legit,,buyer
BUYER_03405,standard,,buyer
BUYER_03406,standard,,buyer
BUYER_03407,standard,,buyer
BUYER_03408,standard,,buyer
BUYER_03409,standard,,buyer
BUYER_03410,abuser,,buyer
BUYER_03411,standard,,buyer
BUYER_03412,standard,,buyer
BUYER_03413,standard,,buyer
BUYER_03414,standard,,buyer
BUYER_03415,standard,,buyer
BUYER_03416,standard,,buyer
BUYER_03417,high_return_legit,,buyer
BUYER_03418,standard,,buyer
BUYER_03419,abuser,,buyer
BUYER_03420,standard,,buyer
BUYER_03421,standard,,buyer
BUYER_03422,standard,,buyer
BUYER_03423,standard,,buyer
BUYER_03424,standard,,buyer
BUYER_03425,standard,,buyer
BUYER_03426,standard,,buyer
BUYER_03427,high_return_legit,,buyer
BUYER_03428,abuser,,buyer
BUYER_03429,standard,,buyer
BUYER_03430,standard,,buyer
BUYER_03431,standard,,buyer
BUYER_03432,high_return_legit,,buyer
BUYER_03433,standard,,buyer
BUYER_03434,standard,,buyer
BUYER_03435,standard,,buyer
BUYER_03436,abuser,,buyer
BUYER_03437,standard,,buyer
BUYER_03438,high_return_legit,,buyer
BUYER_03439,abuser,,buyer
BUYER_03440,standard,,buyer
BUYER_03441,abuser,,buyer
BUYER_03442,abuser,,buyer
BUYER_03443,high_return_legit,,buyer
BUYER_03444,standard,,buyer
BUYER_03445,standard,,buyer
BUYER_03446,standard,,buyer
BUYER_03447,standard,,buyer
BUYER_03448,high_return_legit,,buyer
BUYER_03449,standard,,buyer
BUYER_03450,high_return_legit,,buyer
BUYER_03451,standard,,buyer
BUYER_03452,standard,,buyer
BUYER_03453,standard,,buyer
BUYER_03454,high_return_legit,,buyer
BUYER_03455,standard,,buyer
BUYER_03456,standard,,buyer
BUYER_03457,high_return_legit,,buyer
BUYER_03458,standard,,buyer
BUYER_03459,standard,,buyer
BUYER_03460,standard,,buyer
BUYER_03461,standard,,buyer
BUYER_03462,standard,,buyer
BUYER_03463,standard,,buyer
BUYER_03464,standard,,buyer
BUYER_03465,high_return_legit,,buyer
BUYER_03466,standard,,buyer
BUYER_03467,standard,,buyer
BUYER_03468,standard,,buyer
BUYER_03469,standard,,buyer
BUYER_03470,standard,,buyer
BUYER_03471,abuser,,buyer
BUYER_03472,standard,,buyer
BUYER_03473,abuser,,buyer
BUYER_03474,standard,,buyer
BUYER_03475,standard,,buyer
BUYER_03476,standard,,buyer
BUYER_03477,abuser,,buyer
BUYER_03478,standard,,buyer
BUYER_03479,high_return_legit,,buyer
BUYER_03480,standard,,buyer
BUYER_03481,standard,,buyer
BUYER_03482,standard,,buyer
BUYER_03483,standard,,buyer
BUYER_03484,standard,,buyer
BUYER_03485,high_return_legit,,buyer
BUYER_03486,abuser,,buyer
BUYER_03487,standard,,buyer
BUYER_03488,standard,,buyer
BUYER_03489,standard,,buyer
BUYER_03490,high_return_legit,,buyer
BUYER_03491,abuser,,buyer
BUYER_03492,high_return_legit,,buyer
BUYER_03493,standard,,buyer
BUYER_03494,standard,,buyer
BUYER_03495,standard,,buyer
BUYER_03496,standard,,buyer
BUYER_03497,standard,,buyer
BUYER_03498,standard,,buyer
BUYER_03499,standard,,buyer
BUYER_03500,standard,,buyer
BUYER_03501,abuser,,buyer
BUYER_03502,standard,,buyer
BUYER_03503,high_return_legit,,buyer
BUYER_03504,standard,,buyer
BUYER_03505,standard,,buyer
BUYER_03506,high_return_legit,,buyer
BUYER_03507,abuser,,buyer
BUYER_03508,standard,,buyer
BUYER_03509,high_return_legit,,buyer
BUYER_03510,standard,,buyer
BUYER_03511,standard,,buyer
BUYER_03512,standard,,buyer
BUYER_03513,standard,,buyer
BUYER_03514,high_return_legit,,buyer
BUYER_03515,standard,,buyer
BUYER_03516,standard,,buyer
BUYER_03517,standard,,buyer
BUYER_03518,standard,,buyer
BUYER_03519,standard,,buyer
BUYER_03520,standard,,buyer
BUYER_03521,standard,,buyer
BUYER_03522,abuser,,buyer
BUYER_03523,standard,,buyer
BUYER_03524,standard,,buyer
BUYER_03525,abuser,,buyer
BUYER_03526,standard,,buyer
BUYER_03527,abuser,,buyer
BUYER_03528,standard,,buyer
BUYER_03529,high_return_legit,,buyer
BUYER_03530,standard,,buyer
BUYER_03531,standard,,buyer
BUYER_03532,standard,,buyer
BUYER_03533,standard,,buyer
BUYER_03534,high_return_legit,,buyer
BUYER_03535,standard,,buyer
BUYER_03536,standard,,buyer
BUYER_03537,standard,,buyer
BUYER_03538,standard,,buyer
BUYER_03539,standard,,buyer
BUYER_03540,standard,,buyer
BUYER_03541,standard,,buyer
BUYER_03542,high_return_legit,,buyer
BUYER_03543,standard,,buyer
BUYER_03544,standard,,buyer
BUYER_03545,standard,,buyer
BUYER_03546,standard,,buyer
BUYER_03547,standard,,buyer
BUYER_03548,high_return_legit,,buyer
BUYER_03549,standard,,buyer
BUYER_03550,standard,,buyer
BUYER_03551,abuser,,buyer
BUYER_03552,standard,,buyer
BUYER_03553,standard,,buyer
BUYER_03554,standard,,buyer
BUYER_03555,high_return_legit,,buyer
BUYER_03556,standard,,buyer
BUYER_03557,high_return_legit,,buyer
BUYER_03558,standard,,buyer
BUYER_03559,abuser,,buyer
BUYER_03560,standard,,buyer
BUYER_03561,standard,,buyer
BUYER_03562,standard,,buyer
BUYER_03563,abuser,,buyer
BUYER_03564,standard,,buyer
BUYER_03565,standard,,buyer
BUYER_03566,high_return_legit,,buyer
BUYER_03567,standard,,buyer
BUYER_03568,standard,,buyer
BUYER_03569,standard,,buyer
BUYER_03570,standard,,buyer
BUYER_03571,standard,,buyer
BUYER_03572,standard,,buyer
BUYER_03573,standard,,buyer
BUYER_03574,standard,,buyer
BUYER_03575,standard,,buyer
BUYER_03576,standard,,buyer
BUYER_03577,high_return_legit,,buyer
BUYER_03578,abuser,,buyer
BUYER_03579,standard,,buyer
BUYER_03580,standard,,buyer
BUYER_03581,high_return_legit,,buyer
BUYER_03582,standard,,buyer
BUYER_03583,standard,,buyer
BUYER_03584,standard,,buyer
BUYER_03585,standard,,buyer
BUYER_03586,standard,,buyer
BUYER_03587,standard,,buyer
BUYER_03588,standard,,buyer
BUYER_03589,standard,,buyer
BUYER_03590,abuser,,buyer
BUYER_03591,standard,,buyer
BUYER_03592,standard,,buyer
BUYER_03593,standard,,buyer
BUYER_03594,standard,,buyer
BUYER_03595,standard,,buyer
BUYER_03596,standard,,buyer
BUYER_03597,standard,,buyer
BUYER_03598,standard,,buyer
BUYER_03599,abuser,,buyer
BUYER_03600,standard,,buyer
BUYER_03601,standard,,buyer
BUYER_03602,standard,,buyer
BUYER_03603,standard,,buyer
BUYER_03604,abuser,,buyer
BUYER_03605,high_return_legit,,buyer
BUYER_03606,standard,,buyer
BUYER_03607,standard,,buyer
BUYER_03608,high_return_legit,,buyer
BUYER_03609,standard,,buyer
BUYER_03610,standard,,buyer
BUYER_03611,standard,,buyer
BUYER_03612,standard,,buyer
BUYER_03613,high_return_legit,,buyer
BUYER_03614,standard,,buyer
BUYER_03615,standard,,buyer
BUYER_03616,standard,,buyer
BUYER_03617,standard,,buyer
BUYER_03618,abuser,,buyer
BUYER_03619,standard,,buyer
BUYER_03620,abuser,,buyer
BUYER_03621,standard,,buyer
BUYER_03622,standard,,buyer
BUYER_03623,standard,,buyer
BUYER_03624,high_return_legit,,buyer
BUYER_03625,standard,,buyer
BUYER_03626,standard,,buyer
BUYER_03627,abuser,,buyer
BUYER_03628,standard,,buyer
BUYER_03629,high_return_legit,,buyer
BUYER_03630,standard,,buyer
BUYER_03631,standard,,buyer
BUYER_03632,standard,,buyer
BUYER_03633,standard,,buyer
BUYER_03634,high_return_legit,,buyer
BUYER_03635,standard,,buyer
BUYER_03636,standard,,buyer
BUYER_03637,standard,,buyer
BUYER_03638,standard,,buyer
BUYER_03639,standard,,buyer
BUYER_03640,standard,,buyer
BUYER_03641,standard,,buyer
BUYER_03642,standard,,buyer
BUYER_03643,standard,,buyer
BUYER_03644,standard,,buyer
BUYER_03645,standard,,buyer
BUYER_03646,standard,,buyer
BUYER_03647,high_return_legit,,buyer
BUYER_03648,standard,,buyer
BUYER_03649,standard,,buyer
BUYER_03650,standard,,buyer
BUYER_03651,abuser,,buyer
BUYER_03652,standard,,buyer
BUYER_03653,standard,,buyer
BUYER_03654,standard,,buyer
BUYER_03655,standard,,buyer
BUYER_03656,standard,,buyer
BUYER_03657,high_return_legit,,buyer
BUYER_03658,standard,,buyer
BUYER_03659,standard,,buyer
BUYER_03660,standard,,buyer
BUYER_03661,standard,,buyer
BUYER_03662,high_return_legit,,buyer
BUYER_03663,standard,,buyer
BUYER_03664,standard,,buyer
BUYER_03665,high_return_legit,,buyer
BUYER_03666,standard,,buyer
BUYER_03667,standard,,buyer
BUYER_03668,standard,,buyer
BUYER_03669,standard,,buyer
BUYER_03670,abuser,,buyer
BUYER_03671,standard,,buyer
BUYER_03672,standard,,buyer
BUYER_03673,high_return_legit,,buyer
BUYER_03674,standard,,buyer
BUYER_03675,standard,,buyer
BUYER_03676,standard,,buyer
BUYER_03677,abuser,,buyer
BUYER_03678,standard,,buyer
BUYER_03679,standard,,buyer
BUYER_03680,high_return_legit,,buyer
BUYER_03681,standard,,buyer
BUYER_03682,standard,,buyer
BUYER_03683,abuser,,buyer
BUYER_03684,standard,,buyer
BUYER_03685,standard,,buyer
BUYER_03686,standard,,buyer
BUYER_03687,standard,,buyer
BUYER_03688,abuser,,buyer
BUYER_03689,standard,,buyer
BUYER_03690,abuser,,buyer
BUYER_03691,standard,,buyer
BUYER_03692,standard,,buyer
BUYER_03693,standard,,buyer
BUYER_03694,high_return_legit,,buyer
BUYER_03695,abuser,,buyer
BUYER_03696,standard,,buyer
BUYER_03697,standard,,buyer
BUYER_03698,standard,,buyer
BUYER_03699,high_return_legit,,buyer
BUYER_03700,standard,,buyer
BUYER_03701,abuser,,buyer
BUYER_03702,standard,,buyer
BUYER_03703,standard,,buyer
BUYER_03704,abuser,,buyer
BUYER_03705,standard,,buyer
BUYER_03706,standard,,buyer
BUYER_03707,standard,,buyer
BUYER_03708,standard,,buyer
BUYER_03709,high_return_legit,,buyer
BUYER_03710,standard,,buyer
BUYER_03711,standard,,buyer
BUYER_03712,standard,,buyer
BUYER_03713,standard,,buyer
BUYER_03714,standard,,buyer
BUYER_03715,standard,,buyer
BUYER_03716,abuser,,buyer
BUYER_03717,standard,,buyer
BUYER_03718,standard,,buyer
BUYER_03719,standard,,buyer
BUYER_03720,standard,,buyer
BUYER_03721,standard,,buyer
BUYER_03722,high_return_legit,,buyer
BUYER_03723,standard,,buyer
BUYER_03724,standard,,buyer
BUYER_03725,standard,,buyer
BUYER_03726,standard,,buyer
BUYER_03727,standard,,buyer
BUYER_03728,abuser,,buyer
BUYER_03729,high_return_legit,,buyer
BUYER_03730,standard,,buyer
BUYER_03731,standard,,buyer
BUYER_03732,standard,,buyer
BUYER_03733,standard,,buyer
BUYER_03734,standard,,buyer
BUYER_03735,standard,,buyer
BUYER_03736,standard,,buyer
BUYER_03737,standard,,buyer
BUYER_03738,high_return_legit,,buyer
BUYER_03739,standard,,buyer
BUYER_03740,high_return_legit,,buyer
BUYER_03741,abuser,,buyer
BUYER_03742,standard,,buyer
BUYER_03743,standard,,buyer
BUYER_03744,standard,,buyer
BUYER_03745,standard,,buyer
BUYER_03746,standard,,buyer
BUYER_03747,standard,,buyer
BUYER_03748,standard,,buyer
BUYER_03749,standard,,buyer
BUYER_03750,high_return_legit,,buyer
BUYER_03751,standard,,buyer
BUYER_03752,standard,,buyer
BUYER_03753,high_return_legit,,buyer
BUYER_03754,standard,,buyer
BUYER_03755,standard,,buyer
BUYER_03756,standard,,buyer
BUYER_03757,standard,,buyer
BUYER_03758,standard,,buyer
BUYER_03759,standard,,buyer
BUYER_03760,standard,,buyer
BUYER_03761,high_return_legit,,buyer
BUYER_03762,standard,,buyer
BUYER_03763,standard,,buyer
BUYER_03764,high_return_legit,,buyer
BUYER_03765,high_return_legit,,buyer
BUYER_03766,standard,,buyer
BUYER_03767,standard,,buyer
BUYER_03768,standard,,buyer
BUYER_03769,standard,,buyer
BUYER_03770,abuser,,buyer
BUYER_03771,high_return_legit,,buyer
BUYER_03772,standard,,buyer
BUYER_03773,standard,,buyer
BUYER_03774,standard,,buyer
BUYER_03775,standard,,buyer
BUYER_03776,standard,,buyer
BUYER_03777,standard,,buyer
BUYER_03778,standard,,buyer
BUYER_03779,standard,,buyer
BUYER_03780,standard,,buyer
BUYER_03781,standard,,buyer
BUYER_03782,standard,,buyer
BUYER_03783,high_return_legit,,buyer
BUYER_03784,standard,,buyer
BUYER_03785,high_return_legit,,buyer
BUYER_03786,standard,,buyer
BUYER_03787,standard,,buyer
BUYER_03788,standard,,buyer
BUYER_03789,standard,,buyer
BUYER_03790,standard,,buyer
BUYER_03791,standard,,buyer
BUYER_03792,standard,,buyer
BUYER_03793,standard,,buyer
BUYER_03794,standard,,buyer
BUYER_03795,standard,,buyer
BUYER_03796,standard,,buyer
BUYER_03797,standard,,buyer
BUYER_03798,abuser,,buyer
BUYER_03799,high_return_legit,,buyer
BUYER_03800,high_return_legit,,buyer
BUYER_03801,standard,,buyer
BUYER_03802,standard,,buyer
BUYER_03803,standard,,buyer
BUYER_03804,high_return_legit,,buyer
BUYER_03805,standard,,buyer
BUYER_03806,standard,,buyer
BUYER_03807,high_return_legit,,buyer
BUYER_03808,standard,,buyer
BUYER_03809,standard,,buyer
BUYER_03810,high_return_legit,,buyer
BUYER_03811,standard,,buyer
BUYER_03812,standard,,buyer
BUYER_03813,high_return_legit,,buyer
BUYER_03814,abuser,,buyer
BUYER_03815,standard,,buyer
BUYER_03816,standard,,buyer
BUYER_03817,standard,,buyer
BUYER_03818,high_return_legit,,buyer
BUYER_03819,standard,,buyer
BUYER_03820,standard,,buyer
BUYER_03821,standard,,buyer
BUYER_03822,high_return_legit,,buyer
BUYER_03823,standard,,buyer
BUYER_03824,standard,,buyer
BUYER_03825,standard,,buyer
BUYER_03826,high_return_legit,,buyer
BUYER_03827,standard,,buyer
BUYER_03828,standard,,buyer
BUYER_03829,standard,,buyer
BUYER_03830,standard,,buyer
BUYER_03831,standard,,buyer
BUYER_03832,standard,,buyer
BUYER_03833,standard,,buyer
BUYER_03834,high_return_legit,,buyer
BUYER_03835,standard,,buyer
BUYER_03836,standard,,buyer
BUYER_03837,standard,,buyer
BUYER_03838,standard,,buyer
BUYER_03839,standard,,buyer
BUYER_03840,standard,,buyer
BUYER_03841,standard,,buyer
BUYER_03842,standard,,buyer
BUYER_03843,abuser,,buyer
BUYER_03844,standard,,buyer
BUYER_03845,standard,,buyer
BUYER_03846,standard,,buyer
BUYER_03847,standard,,buyer
BUYER_03848,high_return_legit,,buyer
BUYER_03849,standard,,buyer
BUYER_03850,standard,,buyer
BUYER_03851,standard,,buyer
BUYER_03852,standard,,buyer
BUYER_03853,standard,,buyer
BUYER_03854,standard,,buyer
BUYER_03855,standard,,buyer
BUYER_03856,standard,,buyer
BUYER_03857,standard,,buyer
BUYER_03858,standard,,buyer
BUYER_03859,standard,,buyer
BUYER_03860,abuser,,buyer
BUYER_03861,abuser,,buyer
BUYER_03862,standard,,buyer
BUYER_03863,standard,,buyer
BUYER_03864,standard,,buyer
BUYER_03865,standard,,buyer
BUYER_03866,standard,,buyer
BUYER_03867,standard,,buyer
BUYER_03868,standard,,buyer
BUYER_03869,standard,,buyer
BUYER_03870,standard,,buyer
BUYER_03871,standard,,buyer
BUYER_03872,standard,,buyer
BUYER_03873,high_return_legit,,buyer
BUYER_03874,standard,,buyer
BUYER_03875,standard,,buyer
BUYER_03876,standard,,buyer
BUYER_03877,standard,,buyer
BUYER_03878,standard,,buyer
BUYER_03879,standard,,buyer
BUYER_03880,standard,,buyer
BUYER_03881,standard,,buyer
BUYER_03882,standard,,buyer
BUYER_03883,standard,,buyer
BUYER_03884,standard,,buyer
BUYER_03885,standard,,buyer
BUYER_03886,abuser,,buyer
BUYER_03887,standard,,buyer
BUYER_03888,high_return_legit,,buyer
BUYER_03889,standard,,buyer
BUYER_03890,standard,,buyer
BUYER_03891,standard,,buyer
BUYER_03892,standard,,buyer
BUYER_03893,standard,,buyer
BUYER_03894,standard,,buyer
BUYER_03895,standard,,buyer
BUYER_03896,standard,,buyer
BUYER_03897,standard,,buyer
BUYER_03898,high_return_legit,,buyer
BUYER_03899,standard,,buyer
BUYER_03900,standard,,buyer
BUYER_03901,high_return_legit,,buyer
BUYER_03902,high_return_legit,,buyer
BUYER_03903,standard,,buyer
BUYER_03904,standard,,buyer
BUYER_03905,abuser,,buyer
BUYER_03906,standard,,buyer
BUYER_03907,standard,,buyer
BUYER_03908,standard,,buyer
BUYER_03909,standard,,buyer
BUYER_03910,abuser,,buyer
BUYER_03911,standard,,buyer
BUYER_03912,standard,,buyer
BUYER_03913,standard,,buyer
BUYER_03914,standard,,buyer
BUYER_03915,standard,,buyer
BUYER_03916,high_return_legit,,buyer
BUYER_03917,standard,,buyer
BUYER_03918,standard,,buyer
BUYER_03919,standard,,buyer
BUYER_03920,high_return_legit,,buyer
BUYER_03921,standard,,buyer
BUYER_03922,standard,,buyer
BUYER_03923,abuser,,buyer
BUYER_03924,standard,,buyer
BUYER_03925,standard,,buyer
BUYER_03926,standard,,buyer
BUYER_03927,standard,,buyer
BUYER_03928,standard,,buyer
BUYER_03929,abuser,,buyer
BUYER_03930,standard,,buyer
BUYER_03931,high_return_legit,,buyer
BUYER_03932,standard,,buyer
BUYER_03933,standard,,buyer
BUYER_03934,standard,,buyer
BUYER_03935,abuser,,buyer
BUYER_03936,abuser,,buyer
BUYER_03937,high_return_legit,,buyer
BUYER_03938,standard,,buyer
BUYER_03939,standard,,buyer
BUYER_03940,standard,,buyer
BUYER_03941,standard,,buyer
BUYER_03942,high_return_legit,,buyer
BUYER_03943,abuser,,buyer
BUYER_03944,high_return_legit,,buyer
BUYER_03945,standard,,buyer
BUYER_03946,standard,,buyer
BUYER_03947,standard,,buyer
BUYER_03948,standard,,buyer
BUYER_03949,standard,,buyer
BUYER_03950,high_return_legit,,buyer
BUYER_03951,standard,,buyer
BUYER_03952,standard,,buyer
BUYER_03953,standard,,buyer
BUYER_03954,abuser,,buyer
BUYER_03955,standard,,buyer
BUYER_03956,standard,,buyer
BUYER_03957,standard,,buyer
BUYER_03958,high_return_legit,,buyer
BUYER_03959,standard,,buyer
BUYER_03960,abuser,,buyer
BUYER_03961,high_return_legit,,buyer
BUYER_03962,standard,,buyer
BUYER_03963,standard,,buyer
BUYER_03964,standard,,buyer
BUYER_03965,standard,,buyer
BUYER_03966,standard,,buyer
BUYER_03967,standard,,buyer
BUYER_03968,standard,,buyer
BUYER_03969,standard,,buyer
BUYER_03970,standard,,buyer
BUYER_03971,standard,,buyer
BUYER_03972,standard,,buyer
BUYER_03973,standard,,buyer
BUYER_03974,standard,,buyer
BUYER_03975,standard,,buyer
BUYER_03976,standard,,buyer
BUYER_03977,standard,,buyer
BUYER_03978,standard,,buyer
BUYER_03979,standard,,buyer
BUYER_03980,standard,,buyer
BUYER_03981,standard,,buyer
BUYER_03982,standard,,buyer
BUYER_03983,standard,,buyer
BUYER_03984,standard,,buyer
BUYER_03985,standard,,buyer
BUYER_03986,standard,,buyer
BUYER_03987,standard,,buyer
BUYER_03988,abuser,,buyer
BUYER_03989,standard,,buyer
BUYER_03990,standard,,buyer
BUYER_03991,standard,,buyer
BUYER_03992,standard,,buyer
BUYER_03993,standard,,buyer
BUYER_03994,standard,,buyer
BUYER_03995,abuser,,buyer
BUYER_03996,standard,,buyer
BUYER_03997,standard,,buyer
BUYER_03998,standard,,buyer
BUYER_03999,high_return_legit,,buyer
BUYER_04000,standard,,buyer
BUYER_04001,high_return_legit,,buyer
BUYER_04002,standard,,buyer
BUYER_04003,standard,,buyer
BUYER_04004,standard,,buyer
BUYER_04005,standard,,buyer
BUYER_04006,abuser,,buyer
BUYER_04007,standard,,buyer
BUYER_04008,standard,,buyer
BUYER_04009,abuser,,buyer
BUYER_04010,standard,,buyer
BUYER_04011,standard,,buyer
BUYER_04012,standard,,buyer
BUYER_04013,standard,,buyer
BUYER_04014,standard,,buyer
BUYER_04015,standard,,buyer
BUYER_04016,high_return_legit,,buyer
BUYER_04017,abuser,,buyer
BUYER_04018,standard,,buyer
BUYER_04019,standard,,buyer
BUYER_04020,standard,,buyer
BUYER_04021,standard,,buyer
BUYER_04022,standard,,buyer
BUYER_04023,standard,,buyer
BUYER_04024,standard,,buyer
BUYER_04025,standard,,buyer
BUYER_04026,standard,,buyer
BUYER_04027,standard,,buyer
BUYER_04028,standard,,buyer
BUYER_04029,standard,,buyer
BUYER_04030,standard,,buyer
BUYER_04031,standard,,buyer
BUYER_04032,standard,,buyer
BUYER_04033,standard,,buyer
BUYER_04034,standard,,buyer
BUYER_04035,standard,,buyer
BUYER_04036,standard,,buyer
BUYER_04037,high_return_legit,,buyer
BUYER_04038,standard,,buyer
BUYER_04039,high_return_legit,,buyer
BUYER_04040,standard,,buyer
BUYER_04041,standard,,buyer
BUYER_04042,high_return_legit,,buyer
BUYER_04043,standard,,buyer
BUYER_04044,high_return_legit,,buyer
BUYER_04045,standard,,buyer
BUYER_04046,standard,,buyer
BUYER_04047,high_return_legit,,buyer
BUYER_04048,standard,,buyer
BUYER_04049,standard,,buyer
BUYER_04050,standard,,buyer
BUYER_04051,abuser,,buyer
BUYER_04052,standard,,buyer
BUYER_04053,standard,,buyer
BUYER_04054,standard,,buyer
BUYER_04055,standard,,buyer
BUYER_04056,standard,,buyer
BUYER_04057,standard,,buyer
BUYER_04058,standard,,buyer
BUYER_04059,standard,,buyer
BUYER_04060,high_return_legit,,buyer
BUYER_04061,standard,,buyer
BUYER_04062,abuser,,buyer
BUYER_04063,high_return_legit,,buyer
BUYER_04064,standard,,buyer
BUYER_04065,standard,,buyer
BUYER_04066,standard,,buyer
BUYER_04067,standard,,buyer
BUYER_04068,standard,,buyer
BUYER_04069,high_return_legit,,buyer
BUYER_04070,standard,,buyer
BUYER_04071,high_return_legit,,buyer
BUYER_04072,high_return_legit,,buyer
BUYER_04073,standard,,buyer
BUYER_04074,standard,,buyer
BUYER_04075,standard,,buyer
BUYER_04076,standard,,buyer
BUYER_04077,standard,,buyer
BUYER_04078,standard,,buyer
BUYER_04079,standard,,buyer
BUYER_04080,standard,,buyer
BUYER_04081,standard,,buyer
BUYER_04082,standard,,buyer
BUYER_04083,standard,,buyer
BUYER_04084,high_return_legit,,buyer
BUYER_04085,high_return_legit,,buyer
BUYER_04086,high_return_legit,,buyer
BUYER_04087,abuser,,buyer
BUYER_04088,standard,,buyer
BUYER_04089,abuser,,buyer
BUYER_04090,high_return_legit,,buyer
BUYER_04091,high_return_legit,,buyer
BUYER_04092,standard,,buyer
BUYER_04093,standard,,buyer
BUYER_04094,standard,,buyer
BUYER_04095,standard,,buyer
BUYER_04096,standard,,buyer
BUYER_04097,standard,,buyer
BUYER_04098,high_return_legit,,buyer
BUYER_04099,standard,,buyer
BUYER_04100,standard,,buyer
BUYER_04101,standard,,buyer
BUYER_04102,standard,,buyer
BUYER_04103,standard,,buyer
BUYER_04104,standard,,buyer
BUYER_04105,standard,,buyer
BUYER_04106,standard,,buyer
BUYER_04107,high_return_legit,,buyer
BUYER_04108,high_return_legit,,buyer
BUYER_04109,standard,,buyer
BUYER_04110,standard,,buyer
BUYER_04111,abuser,,buyer
BUYER_04112,standard,,buyer
BUYER_04113,abuser,,buyer
BUYER_04114,standard,,buyer
BUYER_04115,standard,,buyer
BUYER_04116,standard,,buyer
BUYER_04117,standard,,buyer
BUYER_04118,standard,,buyer
BUYER_04119,standard,,buyer
BUYER_04120,high_return_legit,,buyer
BUYER_04121,standard,,buyer
BUYER_04122,standard,,buyer
BUYER_04123,standard,,buyer
BUYER_04124,abuser,,buyer
BUYER_04125,standard,,buyer
BUYER_04126,high_return_legit,,buyer
BUYER_04127,standard,,buyer
BUYER_04128,standard,,buyer
BUYER_04129,standard,,buyer
BUYER_04130,standard,,buyer
BUYER_04131,standard,,buyer
BUYER_04132,standard,,buyer
BUYER_04133,high_return_legit,,buyer
BUYER_04134,standard,,buyer
BUYER_04135,standard,,buyer
BUYER_04136,standard,,buyer
BUYER_04137,high_return_legit,,buyer
BUYER_04138,standard,,buyer
BUYER_04139,standard,,buyer
BUYER_04140,standard,,buyer
BUYER_04141,standard,,buyer
BUYER_04142,standard,,buyer
BUYER_04143,high_return_legit,,buyer
BUYER_04144,standard,,buyer
BUYER_04145,standard,,buyer
BUYER_04146,standard,,buyer
BUYER_04147,abuser,,buyer
BUYER_04148,standard,,buyer
BUYER_04149,standard,,buyer
BUYER_04150,abuser,,buyer
BUYER_04151,standard,,buyer
BUYER_04152,standard,,buyer
BUYER_04153,standard,,buyer
BUYER_04154,standard,,buyer
BUYER_04155,abuser,,buyer
BUYER_04156,standard,,buyer
BUYER_04157,standard,,buyer
BUYER_04158,standard,,buyer
BUYER_04159,abuser,,buyer
BUYER_04160,standard,,buyer
BUYER_04161,abuser,,buyer
BUYER_04162,high_return_legit,,buyer
BUYER_04163,standard,,buyer
BUYER_04164,abuser,,buyer
BUYER_04165,standard,,buyer
BUYER_04166,standard,,buyer
BUYER_04167,high_return_legit,,buyer
BUYER_04168,standard,,buyer
BUYER_04169,abuser,,buyer
BUYER_04170,high_return_legit,,buyer
BUYER_04171,high_return_legit,,buyer
BUYER_04172,standard,,buyer
BUYER_04173,high_return_legit,,buyer
BUYER_04174,abuser,,buyer
BUYER_04175,standard,,buyer
BUYER_04176,high_return_legit,,buyer
BUYER_04177,standard,,buyer
BUYER_04178,standard,,buyer
BUYER_04179,standard,,buyer
BUYER_04180,standard,,buyer
BUYER_04181,standard,,buyer
BUYER_04182,standard,,buyer
BUYER_04183,standard,,buyer
BUYER_04184,standard,,buyer
BUYER_04185,standard,,buyer
BUYER_04186,standard,,buyer
BUYER_04187,standard,,buyer
BUYER_04188,standard,,buyer
BUYER_04189,abuser,,buyer
BUYER_04190,standard,,buyer
BUYER_04191,high_return_legit,,buyer
BUYER_04192,abuser,,buyer
BUYER_04193,standard,,buyer
BUYER_04194,standard,,buyer
BUYER_04195,standard,,buyer
BUYER_04196,standard,,buyer
BUYER_04197,standard,,buyer
BUYER_04198,standard,,buyer
BUYER_04199,standard,,buyer
BUYER_04200,standard,,buyer
BUYER_04201,standard,,buyer
BUYER_04202,standard,,buyer
BUYER_04203,standard,,buyer
BUYER_04204,abuser,,buyer
BUYER_04205,standard,,buyer
BUYER_04206,standard,,buyer
BUYER_04207,standard,,buyer
BUYER_04208,high_return_legit,,buyer
BUYER_04209,standard,,buyer
BUYER_04210,standard,,buyer
BUYER_04211,standard,,buyer
BUYER_04212,standard,,buyer
BUYER_04213,standard,,buyer
BUYER_04214,standard,,buyer
BUYER_04215,abuser,,buyer
BUYER_04216,standard,,buyer
BUYER_04217,standard,,buyer
BUYER_04218,abuser,,buyer
BUYER_04219,standard,,buyer
BUYER_04220,standard,,buyer
BUYER_04221,standard,,buyer
BUYER_04222,standard,,buyer
BUYER_04223,standard,,buyer
BUYER_04224,standard,,buyer
BUYER_04225,standard,,buyer
BUYER_04226,standard,,buyer
BUYER_04227,standard,,buyer
BUYER_04228,standard,,buyer
BUYER_04229,standard,,buyer
BUYER_04230,standard,,buyer
BUYER_04231,abuser,,buyer
BUYER_04232,standard,,buyer
BUYER_04233,standard,,buyer
BUYER_04234,standard,,buyer
BUYER_04235,high_return_legit,,buyer
BUYER_04236,abuser,,buyer
BUYER_04237,standard,,buyer
BUYER_04238,standard,,buyer
BUYER_04239,standard,,buyer
BUYER_04240,standard,,buyer
BUYER_04241,high_return_legit,,buyer
BUYER_04242,abuser,,buyer
BUYER_04243,standard,,buyer
BUYER_04244,abuser,,buyer
BUYER_04245,standard,,buyer
BUYER_04246,standard,,buyer
BUYER_04247,abuser,,buyer
BUYER_04248,standard,,buyer
BUYER_04249,standard,,buyer
BUYER_04250,standard,,buyer
BUYER_04251,standard,,buyer
BUYER_04252,standard,,buyer
BUYER_04253,standard,,buyer
BUYER_04254,standard,,buyer
BUYER_04255,standard,,buyer
BUYER_04256,standard,,buyer
BUYER_04257,standard,,buyer
BUYER_04258,abuser,,buyer
BUYER_04259,standard,,buyer
BUYER_04260,standard,,buyer
BUYER_04261,standard,,buyer
BUYER_04262,standard,,buyer
BUYER_04263,standard,,buyer
BUYER_04264,standard,,buyer
BUYER_04265,standard,,buyer
BUYER_04266,standard,,buyer
BUYER_04267,standard,,buyer
BUYER_04268,standard,,buyer
BUYER_04269,abuser,,buyer
BUYER_04270,standard,,buyer
BUYER_04271,standard,,buyer
BUYER_04272,standard,,buyer
BUYER_04273,standard,,buyer
BUYER_04274,standard,,buyer
BUYER_04275,standard,,buyer
BUYER_04276,high_return_legit,,buyer
BUYER_04277,standard,,buyer
BUYER_04278,standard,,buyer
BUYER_04279,high_return_legit,,buyer
BUYER_04280,standard,,buyer
BUYER_04281,standard,,buyer
BUYER_04282,abuser,,buyer
BUYER_04283,standard,,buyer
BUYER_04284,standard,,buyer
BUYER_04285,abuser,,buyer
BUYER_04286,standard,,buyer
BUYER_04287,standard,,buyer
BUYER_04288,standard,,buyer
BUYER_04289,abuser,,buyer
BUYER_04290,standard,,buyer
BUYER_04291,standard,,buyer
BUYER_04292,standard,,buyer
BUYER_04293,standard,,buyer
BUYER_04294,standard,,buyer
BUYER_04295,standard,,buyer
BUYER_04296,high_return_legit,,buyer
BUYER_04297,standard,,buyer
BUYER_04298,standard,,buyer
BUYER_04299,standard,,buyer
BUYER_04300,standard,,buyer
BUYER_04301,abuser,,buyer
BUYER_04302,standard,,buyer
BUYER_04303,standard,,buyer
BUYER_04304,standard,,buyer
BUYER_04305,standard,,buyer
BUYER_04306,high_return_legit,,buyer
BUYER_04307,standard,,buyer
BUYER_04308,standard,,buyer
BUYER_04309,standard,,buyer
BUYER_04310,high_return_legit,,buyer
BUYER_04311,standard,,buyer
BUYER_04312,standard,,buyer
BUYER_04313,standard,,buyer
BUYER_04314,standard,,buyer
BUYER_04315,standard,,buyer
BUYER_04316,standard,,buyer
BUYER_04317,high_return_legit,,buyer
BUYER_04318,standard,,buyer
BUYER_04319,standard,,buyer
BUYER_04320,standard,,buyer
BUYER_04321,standard,,buyer
BUYER_04322,standard,,buyer
BUYER_04323,high_return_legit,,buyer
BUYER_04324,abuser,,buyer
BUYER_04325,standard,,buyer
BUYER_04326,standard,,buyer
BUYER_04327,abuser,,buyer
BUYER_04328,high_return_legit,,buyer
BUYER_04329,high_return_legit,,buyer
BUYER_04330,standard,,buyer
BUYER_04331,standard,,buyer
BUYER_04332,standard,,buyer
BUYER_04333,abuser,,buyer
BUYER_04334,high_return_legit,,buyer
BUYER_04335,standard,,buyer
BUYER_04336,standard,,buyer
BUYER_04337,standard,,buyer
BUYER_04338,standard,,buyer
BUYER_04339,standard,,buyer
BUYER_04340,standard,,buyer
BUYER_04341,abuser,,buyer
BUYER_04342,standard,,buyer
BUYER_04343,standard,,buyer
BUYER_04344,standard,,buyer
BUYER_04345,standard,,buyer
BUYER_04346,standard,,buyer
BUYER_04347,standard,,buyer
BUYER_04348,abuser,,buyer
BUYER_04349,standard,,buyer
BUYER_04350,standard,,buyer
BUYER_04351,standard,,buyer
BUYER_04352,standard,,buyer
BUYER_04353,standard,,buyer
BUYER_04354,standard,,buyer
BUYER_04355,standard,,buyer
BUYER_04356,standard,,buyer
BUYER_04357,standard,,buyer
BUYER_04358,standard,,buyer
BUYER_04359,high_return_legit,,buyer
BUYER_04360,standard,,buyer
BUYER_04361,standard,,buyer
BUYER_04362,standard,,buyer
BUYER_04363,abuser,,buyer
BUYER_04364,standard,,buyer
BUYER_04365,abuser,,buyer
BUYER_04366,high_return_legit,,buyer
BUYER_04367,standard,,buyer
BUYER_04368,high_return_legit,,buyer
BUYER_04369,standard,,buyer
BUYER_04370,standard,,buyer
BUYER_04371,abuser,,buyer
BUYER_04372,standard,,buyer
BUYER_04373,standard,,buyer
BUYER_04374,high_return_legit,,buyer
BUYER_04375,high_return_legit,,buyer
BUYER_04376,standard,,buyer
BUYER_04377,high_return_legit,,buyer
BUYER_04378,standard,,buyer
BUYER_04379,standard,,buyer
BUYER_04380,standard,,buyer
BUYER_04381,standard,,buyer
BUYER_04382,standard,,buyer
BUYER_04383,standard,,buyer
BUYER_04384,high_return_legit,,buyer
BUYER_04385,standard,,buyer
BUYER_04386,high_return_legit,,buyer
BUYER_04387,standard,,buyer
BUYER_04388,standard,,buyer
BUYER_04389,standard,,buyer
BUYER_04390,high_return_legit,,buyer
BUYER_04391,standard,,buyer
BUYER_04392,standard,,buyer
BUYER_04393,standard,,buyer
BUYER_04394,abuser,,buyer
BUYER_04395,standard,,buyer
BUYER_04396,standard,,buyer
BUYER_04397,standard,,buyer
BUYER_04398,standard,,buyer
BUYER_04399,standard,,buyer
BUYER_04400,high_return_legit,,buyer
BUYER_04401,high_return_legit,,buyer
BUYER_04402,standard,,buyer
BUYER_04403,high_return_legit,,buyer
BUYER_04404,standard,,buyer
BUYER_04405,standard,,buyer
BUYER_04406,standard,,buyer
BUYER_04407,high_return_legit,,buyer
BUYER_04408,standard,,buyer
BUYER_04409,abuser,,buyer
BUYER_04410,high_return_legit,,buyer
BUYER_04411,standard,,buyer
BUYER_04412,standard,,buyer
BUYER_04413,standard,,buyer
BUYER_04414,high_return_legit,,buyer
BUYER_04415,standard,,buyer
BUYER_04416,standard,,buyer
BUYER_04417,standard,,buyer
BUYER_04418,standard,,buyer
BUYER_04419,standard,,buyer
BUYER_04420,standard,,buyer
BUYER_04421,high_return_legit,,buyer
BUYER_04422,standard,,buyer
BUYER_04423,standard,,buyer
BUYER_04424,abuser,,buyer
BUYER_04425,high_return_legit,,buyer
BUYER_04426,standard,,buyer
BUYER_04427,high_return_legit,,buyer
BUYER_04428,standard,,buyer
BUYER_04429,standard,,buyer
BUYER_04430,standard,,buyer
BUYER_04431,high_return_legit,,buyer
BUYER_04432,standard,,buyer
BUYER_04433,standard,,buyer
BUYER_04434,standard,,buyer
BUYER_04435,standard,,buyer
BUYER_04436,standard,,buyer
BUYER_04437,standard,,buyer
BUYER_04438,standard,,buyer
BUYER_04439,abuser,,buyer
BUYER_04440,high_return_legit,,buyer
BUYER_04441,abuser,,buyer
BUYER_04442,standard,,buyer
BUYER_04443,standard,,buyer
BUYER_04444,standard,,buyer
BUYER_04445,standard,,buyer
BUYER_04446,standard,,buyer
BUYER_04447,standard,,buyer
BUYER_04448,standard,,buyer
BUYER_04449,standard,,buyer
BUYER_04450,standard,,buyer
BUYER_04451,standard,,buyer
BUYER_04452,standard,,buyer
BUYER_04453,high_return_legit,,buyer
BUYER_04454,standard,,buyer
BUYER_04455,standard,,buyer
BUYER_04456,standard,,buyer
BUYER_04457,standard,,buyer
BUYER_04458,standard,,buyer
BUYER_04459,abuser,,buyer
BUYER_04460,standard,,buyer
BUYER_04461,standard,,buyer
BUYER_04462,standard,,buyer
BUYER_04463,standard,,buyer
BUYER_04464,abuser,,buyer
BUYER_04465,high_return_legit,,buyer
BUYER_04466,standard,,buyer
BUYER_04467,standard,,buyer
BUYER_04468,standard,,buyer
BUYER_04469,standard,,buyer
BUYER_04470,standard,,buyer
BUYER_04471,standard,,buyer
BUYER_04472,standard,,buyer
BUYER_04473,standard,,buyer
BUYER_04474,high_return_legit,,buyer
BUYER_04475,high_return_legit,,buyer
BUYER_04476,standard,,buyer
BUYER_04477,standard,,buyer
BUYER_04478,standard,,buyer
BUYER_04479,standard,,buyer
BUYER_04480,standard,,buyer
BUYER_04481,high_return_legit,,buyer
BUYER_04482,standard,,buyer
BUYER_04483,standard,,buyer
BUYER_04484,abuser,,buyer
BUYER_04485,standard,,buyer
BUYER_04486,standard,,buyer
BUYER_04487,standard,,buyer
BUYER_04488,standard,,buyer
BUYER_04489,standard,,buyer
BUYER_04490,standard,,buyer
BUYER_04491,standard,,buyer
BUYER_04492,standard,,buyer
BUYER_04493,high_return_legit,,buyer
BUYER_04494,standard,,buyer
BUYER_04495,standard,,buyer
BUYER_04496,standard,,buyer
BUYER_04497,standard,,buyer
BUYER_04498,standard,,buyer
BUYER_04499,standard,,buyer
BUYER_04500,standard,,buyer
BUYER_04501,standard,,buyer
BUYER_04502,standard,,buyer
BUYER_04503,high_return_legit,,buyer
BUYER_04504,standard,,buyer
BUYER_04505,standard,,buyer
BUYER_04506,high_return_legit,,buyer
BUYER_04507,standard,,buyer
BUYER_04508,standard,,buyer
BUYER_04509,standard,,buyer
BUYER_04510,standard,,buyer
BUYER_04511,high_return_legit,,buyer
BUYER_04512,standard,,buyer
BUYER_04513,high_return_legit,,buyer
BUYER_04514,standard,,buyer
BUYER_04515,standard,,buyer
BUYER_04516,standard,,buyer
BUYER_04517,abuser,,buyer
BUYER_04518,standard,,buyer
BUYER_04519,standard,,buyer
BUYER_04520,standard,,buyer
BUYER_04521,standard,,buyer
BUYER_04522,standard,,buyer
BUYER_04523,standard,,buyer
BUYER_04524,standard,,buyer
BUYER_04525,standard,,buyer
BUYER_04526,standard,,buyer
BUYER_04527,standard,,buyer
BUYER_04528,standard,,buyer
BUYER_04529,standard,,buyer
BUYER_04530,high_return_legit,,buyer
BUYER_04531,standard,,buyer
BUYER_04532,abuser,,buyer
BUYER_04533,standard,,buyer
BUYER_04534,standard,,buyer
BUYER_04535,standard,,buyer
BUYER_04536,standard,,buyer
BUYER_04537,standard,,buyer
BUYER_04538,standard,,buyer
BUYER_04539,standard,,buyer
BUYER_04540,standard,,buyer
BUYER_04541,standard,,buyer
BUYER_04542,high_return_legit,,buyer
BUYER_04543,standard,,buyer
BUYER_04544,standard,,buyer
BUYER_04545,standard,,buyer
BUYER_04546,abuser,,buyer
BUYER_04547,standard,,buyer
BUYER_04548,standard,,buyer
BUYER_04549,high_return_legit,,buyer
BUYER_04550,high_return_legit,,buyer
BUYER_04551,abuser,,buyer
BUYER_04552,standard,,buyer
BUYER_04553,high_return_legit,,buyer
BUYER_04554,standard,,buyer
BUYER_04555,standard,,buyer
BUYER_04556,standard,,buyer
BUYER_04557,standard,,buyer
BUYER_04558,high_return_legit,,buyer
BUYER_04559,standard,,buyer
BUYER_04560,standard,,buyer
BUYER_04561,standard,,buyer
BUYER_04562,standard,,buyer
BUYER_04563,high_return_legit,,buyer
BUYER_04564,high_return_legit,,buyer
BUYER_04565,standard,,buyer
BUYER_04566,high_return_legit,,buyer
BUYER_04567,standard,,buyer
BUYER_04568,standard,,buyer
BUYER_04569,standard,,buyer
BUYER_04570,standard,,buyer
BUYER_04571,standard,,buyer
BUYER_04572,standard,,buyer
BUYER_04573,standard,,buyer
BUYER_04574,standard,,buyer
BUYER_04575,standard,,buyer
BUYER_04576,high_return_legit,,buyer
BUYER_04577,standard,,buyer
BUYER_04578,high_return_legit,,buyer
BUYER_04579,standard,,buyer
BUYER_04580,standard,,buyer
BUYER_04581,standard,,buyer
BUYER_04582,standard,,buyer
BUYER_04583,high_return_legit,,buyer
BUYER_04584,standard,,buyer
BUYER_04585,standard,,buyer
BUYER_04586,standard,,buyer
BUYER_04587,standard,,buyer
BUYER_04588,standard,,buyer
BUYER_04589,standard,,buyer
BUYER_04590,high_return_legit,,buyer
BUYER_04591,standard,,buyer
BUYER_04592,high_return_legit,,buyer
BUYER_04593,standard,,buyer
BUYER_04594,standard,,buyer
BUYER_04595,standard,,buyer
BUYER_04596,standard,,buyer
BUYER_04597,high_return_legit,,buyer
BUYER_04598,high_return_legit,,buyer
BUYER_04599,standard,,buyer
BUYER_04600,standard,,buyer
BUYER_04601,abuser,,buyer
BUYER_04602,standard,,buyer
BUYER_04603,high_return_legit,,buyer
BUYER_04604,high_return_legit,,buyer
BUYER_04605,standard,,buyer
BUYER_04606,standard,,buyer
BUYER_04607,standard,,buyer
BUYER_04608,high_return_legit,,buyer
BUYER_04609,standard,,buyer
BUYER_04610,standard,,buyer
BUYER_04611,standard,,buyer
BUYER_04612,standard,,buyer
BUYER_04613,standard,,buyer
BUYER_04614,high_return_legit,,buyer
BUYER_04615,standard,,buyer
BUYER_04616,standard,,buyer
BUYER_04617,standard,,buyer
BUYER_04618,standard,,buyer
BUYER_04619,high_return_legit,,buyer
BUYER_04620,standard,,buyer
BUYER_04621,standard,,buyer
BUYER_04622,standard,,buyer
BUYER_04623,standard,,buyer
BUYER_04624,standard,,buyer
BUYER_04625,standard,,buyer
BUYER_04626,standard,,buyer
BUYER_04627,high_return_legit,,buyer
BUYER_04628,standard,,buyer
BUYER_04629,standard,,buyer
BUYER_04630,standard,,buyer
BUYER_04631,standard,,buyer
BUYER_04632,standard,,buyer
BUYER_04633,standard,,buyer
BUYER_04634,abuser,,buyer
BUYER_04635,standard,,buyer
BUYER_04636,standard,,buyer
BUYER_04637,standard,,buyer
BUYER_04638,abuser,,buyer
BUYER_04639,standard,,buyer
BUYER_04640,standard,,buyer
BUYER_04641,standard,,buyer
BUYER_04642,standard,,buyer
BUYER_04643,standard,,buyer
BUYER_04644,standard,,buyer
BUYER_04645,standard,,buyer
BUYER_04646,standard,,buyer
BUYER_04647,standard,,buyer
BUYER_04648,standard,,buyer
BUYER_04649,standard,,buyer
BUYER_04650,abuser,,buyer
BUYER_04651,standard,,buyer
BUYER_04652,standard,,buyer
BUYER_04653,high_return_legit,,buyer
BUYER_04654,standard,,buyer
BUYER_04655,standard,,buyer
BUYER_04656,standard,,buyer
BUYER_04657,standard,,buyer
BUYER_04658,standard,,buyer
BUYER_04659,high_return_legit,,buyer
BUYER_04660,high_return_legit,,buyer
BUYER_04661,abuser,,buyer
BUYER_04662,standard,,buyer
BUYER_04663,standard,,buyer
BUYER_04664,standard,,buyer
BUYER_04665,standard,,buyer
BUYER_04666,abuser,,buyer
BUYER_04667,abuser,,buyer
BUYER_04668,standard,,buyer
BUYER_04669,standard,,buyer
BUYER_04670,standard,,buyer
BUYER_04671,standard,,buyer
BUYER_04672,high_return_legit,,buyer
BUYER_04673,standard,,buyer
BUYER_04674,high_return_legit,,buyer
BUYER_04675,standard,,buyer
BUYER_04676,abuser,,buyer
BUYER_04677,standard,,buyer
BUYER_04678,standard,,buyer
BUYER_04679,standard,,buyer
BUYER_04680,standard,,buyer
BUYER_04681,standard,,buyer
BUYER_04682,standard,,buyer
BUYER_04683,standard,,buyer
BUYER_04684,standard,,buyer
BUYER_04685,abuser,,buyer
BUYER_04686,standard,,buyer
BUYER_04687,standard,,buyer
BUYER_04688,standard,,buyer
BUYER_04689,standard,,buyer
BUYER_04690,abuser,,buyer
BUYER_04691,standard,,buyer
BUYER_04692,standard,,buyer
BUYER_04693,standard,,buyer
BUYER_04694,standard,,buyer
BUYER_04695,abuser,,buyer
BUYER_04696,standard,,buyer
BUYER_04697,standard,,buyer
BUYER_04698,standard,,buyer
BUYER_04699,standard,,buyer
BUYER_04700,standard,,buyer
BUYER_04701,standard,,buyer
BUYER_04702,standard,,buyer
BUYER_04703,standard,,buyer
BUYER_04704,standard,,buyer
BUYER_04705,standard,,buyer
BUYER_04706,standard,,buyer
BUYER_04707,standard,,buyer
BUYER_04708,high_return_legit,,buyer
BUYER_04709,standard,,buyer
BUYER_04710,standard,,buyer
BUYER_04711,standard,,buyer
BUYER_04712,abuser,,buyer
BUYER_04713,high_return_legit,,buyer
BUYER_04714,standard,,buyer
BUYER_04715,standard,,buyer
BUYER_04716,standard,,buyer
BUYER_04717,high_return_legit,,buyer
BUYER_04718,standard,,buyer
BUYER_04719,standard,,buyer
BUYER_04720,standard,,buyer
BUYER_04721,standard,,buyer
BUYER_04722,standard,,buyer
BUYER_04723,standard,,buyer
BUYER_04724,high_return_legit,,buyer
BUYER_04725,standard,,buyer
BUYER_04726,standard,,buyer
BUYER_04727,standard,,buyer
BUYER_04728,abuser,,buyer
BUYER_04729,abuser,,buyer
BUYER_04730,standard,,buyer
BUYER_04731,standard,,buyer
BUYER_04732,standard,,buyer
BUYER_04733,standard,,buyer
BUYER_04734,standard,,buyer
BUYER_04735,standard,,buyer
BUYER_04736,high_return_legit,,buyer
BUYER_04737,standard,,buyer
BUYER_04738,standard,,buyer
BUYER_04739,standard,,buyer
BUYER_04740,abuser,,buyer
BUYER_04741,standard,,buyer
BUYER_04742,high_return_legit,,buyer
BUYER_04743,standard,,buyer
BUYER_04744,abuser,,buyer
BUYER_04745,standard,,buyer
BUYER_04746,standard,,buyer
BUYER_04747,abuser,,buyer
BUYER_04748,standard,,buyer
BUYER_04749,standard,,buyer
BUYER_04750,standard,,buyer
BUYER_04751,standard,,buyer
BUYER_04752,standard,,buyer
BUYER_04753,standard,,buyer
BUYER_04754,standard,,buyer
BUYER_04755,abuser,,buyer
BUYER_04756,abuser,,buyer
BUYER_04757,standard,,buyer
BUYER_04758,standard,,buyer
BUYER_04759,standard,,buyer
BUYER_04760,high_return_legit,,buyer
BUYER_04761,standard,,buyer
BUYER_04762,standard,,buyer
BUYER_04763,abuser,,buyer
BUYER_04764,standard,,buyer
BUYER_04765,standard,,buyer
BUYER_04766,standard,,buyer
BUYER_04767,standard,,buyer
BUYER_04768,standard,,buyer
BUYER_04769,standard,,buyer
BUYER_04770,standard,,buyer
BUYER_04771,standard,,buyer
BUYER_04772,standard,,buyer
BUYER_04773,standard,,buyer
BUYER_04774,standard,,buyer
BUYER_04775,standard,,buyer
BUYER_04776,standard,,buyer
BUYER_04777,standard,,buyer
BUYER_04778,standard,,buyer
BUYER_04779,standard,,buyer
BUYER_04780,high_return_legit,,buyer
BUYER_04781,standard,,buyer
BUYER_04782,standard,,buyer
BUYER_04783,abuser,,buyer
BUYER_04784,standard,,buyer
BUYER_04785,standard,,buyer
BUYER_04786,high_return_legit,,buyer
BUYER_04787,abuser,,buyer
BUYER_04788,standard,,buyer
BUYER_04789,standard,,buyer
BUYER_04790,standard,,buyer
BUYER_04791,standard,,buyer
BUYER_04792,standard,,buyer
BUYER_04793,standard,,buyer
BUYER_04794,standard,,buyer
BUYER_04795,standard,,buyer
BUYER_04796,abuser,,buyer
BUYER_04797,high_return_legit,,buyer
BUYER_04798,standard,,buyer
BUYER_04799,standard,,buyer
BUYER_04800,high_return_legit,,buyer
BUYER_04801,standard,,buyer
BUYER_04802,standard,,buyer
BUYER_04803,standard,,buyer
BUYER_04804,standard,,buyer
BUYER_04805,high_return_legit,,buyer
BUYER_04806,standard,,buyer
BUYER_04807,standard,,buyer
BUYER_04808,high_return_legit,,buyer
BUYER_04809,standard,,buyer
BUYER_04810,standard,,buyer
BUYER_04811,standard,,buyer
BUYER_04812,standard,,buyer
BUYER_04813,abuser,,buyer
BUYER_04814,standard,,buyer
BUYER_04815,high_return_legit,,buyer
BUYER_04816,standard,,buyer
BUYER_04817,standard,,buyer
BUYER_04818,abuser,,buyer
BUYER_04819,standard,,buyer
BUYER_04820,high_return_legit,,buyer
BUYER_04821,standard,,buyer
BUYER_04822,standard,,buyer
BUYER_04823,standard,,buyer
BUYER_04824,standard,,buyer
BUYER_04825,standard,,buyer
BUYER_04826,standard,,buyer
BUYER_04827,standard,,buyer
BUYER_04828,standard,,buyer
BUYER_04829,standard,,buyer
BUYER_04830,abuser,,buyer
BUYER_04831,standard,,buyer
BUYER_04832,standard,,buyer
BUYER_04833,standard,,buyer
BUYER_04834,standard,,buyer
BUYER_04835,standard,,buyer
BUYER_04836,abuser,,buyer
BUYER_04837,standard,,buyer
BUYER_04838,high_return_legit,,buyer
BUYER_04839,standard,,buyer
BUYER_04840,standard,,buyer
BUYER_04841,standard,,buyer
BUYER_04842,standard,,buyer
BUYER_04843,standard,,buyer
BUYER_04844,standard,,buyer
BUYER_04845,standard,,buyer
BUYER_04846,high_return_legit,,buyer
BUYER_04847,standard,,buyer
BUYER_04848,standard,,buyer
BUYER_04849,standard,,buyer
BUYER_04850,high_return_legit,,buyer
BUYER_04851,standard,,buyer
BUYER_04852,standard,,buyer
BUYER_04853,high_return_legit,,buyer
BUYER_04854,standard,,buyer
BUYER_04855,standard,,buyer
BUYER_04856,standard,,buyer
BUYER_04857,abuser,,buyer
BUYER_04858,standard,,buyer
BUYER_04859,standard,,buyer
BUYER_04860,abuser,,buyer
BUYER_04861,standard,,buyer
BUYER_04862,standard,,buyer
BUYER_04863,abuser,,buyer
BUYER_04864,standard,,buyer
BUYER_04865,abuser,,buyer
BUYER_04866,standard,,buyer
BUYER_04867,standard,,buyer
BUYER_04868,high_return_legit,,buyer
BUYER_04869,standard,,buyer
BUYER_04870,standard,,buyer
BUYER_04871,abuser,,buyer
BUYER_04872,standard,,buyer
BUYER_04873,standard,,buyer
BUYER_04874,standard,,buyer
BUYER_04875,standard,,buyer
BUYER_04876,standard,,buyer
BUYER_04877,standard,,buyer
BUYER_04878,standard,,buyer
BUYER_04879,high_return_legit,,buyer
BUYER_04880,standard,,buyer
BUYER_04881,standard,,buyer
BUYER_04882,abuser,,buyer
BUYER_04883,standard,,buyer
BUYER_04884,standard,,buyer
BUYER_04885,high_return_legit,,buyer
BUYER_04886,standard,,buyer
BUYER_04887,standard,,buyer
BUYER_04888,standard,,buyer
BUYER_04889,abuser,,buyer
BUYER_04890,standard,,buyer
BUYER_04891,standard,,buyer
BUYER_04892,standard,,buyer
BUYER_04893,standard,,buyer
BUYER_04894,standard,,buyer
BUYER_04895,standard,,buyer
BUYER_04896,standard,,buyer
BUYER_04897,standard,,buyer
BUYER_04898,standard,,buyer
BUYER_04899,high_return_legit,,buyer
BUYER_04900,standard,,buyer
BUYER_04901,high_return_legit,,buyer
BUYER_04902,standard,,buyer
BUYER_04903,standard,,buyer
BUYER_04904,standard,,buyer
BUYER_04905,standard,,buyer
BUYER_04906,high_return_legit,,buyer
BUYER_04907,standard,,buyer
BUYER_04908,abuser,,buyer
BUYER_04909,standard,,buyer
BUYER_04910,standard,,buyer
BUYER_04911,standard,,buyer
BUYER_04912,standard,,buyer
BUYER_04913,standard,,buyer
BUYER_04914,standard,,buyer
BUYER_04915,abuser,,buyer
BUYER_04916,standard,,buyer
BUYER_04917,standard,,buyer
BUYER_04918,standard,,buyer
BUYER_04919,high_return_legit,,buyer
BUYER_04920,standard,,buyer
BUYER_04921,standard,,buyer
BUYER_04922,standard,,buyer
BUYER_04923,high_return_legit,,buyer
BUYER_04924,standard,,buyer
BUYER_04925,standard,,buyer
BUYER_04926,standard,,buyer
BUYER_04927,standard,,buyer
BUYER_04928,standard,,buyer
BUYER_04929,standard,,buyer
BUYER_04930,standard,,buyer
BUYER_04931,standard,,buyer
BUYER_04932,standard,,buyer
BUYER_04933,abuser,,buyer
BUYER_04934,standard,,buyer
BUYER_04935,standard,,buyer
BUYER_04936,abuser,,buyer
BUYER_04937,standard,,buyer
BUYER_04938,high_return_legit,,buyer
BUYER_04939,high_return_legit,,buyer
BUYER_04940,standard,,buyer
BUYER_04941,standard,,buyer
BUYER_04942,standard,,buyer
BUYER_04943,standard,,buyer
BUYER_04944,high_return_legit,,buyer
BUYER_04945,standard,,buyer
BUYER_04946,standard,,buyer
BUYER_04947,high_return_legit,,buyer
BUYER_04948,standard,,buyer
BUYER_04949,standard,,buyer
BUYER_04950,high_return_legit,,buyer
BUYER_04951,standard,,buyer
BUYER_04952,high_return_legit,,buyer
BUYER_04953,high_return_legit,,buyer
BUYER_04954,standard,,buyer
BUYER_04955,standard,,buyer
BUYER_04956,standard,,buyer
BUYER_04957,high_return_legit,,buyer
BUYER_04958,abuser,,buyer
BUYER_04959,standard,,buyer
BUYER_04960,standard,,buyer
BUYER_04961,standard,,buyer
BUYER_04962,standard,,buyer
BUYER_04963,standard,,buyer
BUYER_04964,high_return_legit,,buyer
BUYER_04965,high_return_legit,,buyer
BUYER_04966,standard,,buyer
BUYER_04967,high_return_legit,,buyer
BUYER_04968,standard,,buyer
BUYER_04969,standard,,buyer
BUYER_04970,high_return_legit,,buyer
BUYER_04971,standard,,buyer
BUYER_04972,standard,,buyer
BUYER_04973,standard,,buyer
BUYER_04974,standard,,buyer
BUYER_04975,high_return_legit,,buyer
BUYER_04976,standard,,buyer
BUYER_04977,standard,,buyer
BUYER_04978,standard,,buyer
BUYER_04979,standard,,buyer
BUYER_04980,standard,,buyer
BUYER_04981,standard,,buyer
BUYER_04982,standard,,buyer
BUYER_04983,standard,,buyer
BUYER_04984,standard,,buyer
BUYER_04985,abuser,,buyer
BUYER_04986,standard,,buyer
BUYER_04987,standard,,buyer
BUYER_04988,standard,,buyer
BUYER_04989,standard,,buyer
BUYER_04990,standard,,buyer
BUYER_04991,standard,,buyer
BUYER_04992,abuser,,buyer
BUYER_04993,standard,,buyer
BUYER_04994,standard,,buyer
BUYER_04995,standard,,buyer
BUYER_04996,standard,,buyer
BUYER_04997,standard,,buyer
BUYER_04998,standard,,buyer
BUYER_04999,high_return_legit,,buyer
