return_id,order_id,buyer_id,seller_id,return_date,reason,status,is_fraudulent,fraud_type
RETURN_000000,ORDER_000056,BUYER_00004,SELLER_00376,2025-05-11 07:52:11.395446,defective,approved,False,
RETURN_000001,ORDER_000103,BUYER_00009,SELLER_00499,2025-02-28 22:20:35.531032,defective,approved,False,
RETURN_000002,ORDER_000125,BUYER_00011,SELLER_00305,2025-11-06 13:00:25.781909,size_issue,approved,False,
RETURN_000003,ORDER_000129,BUYER_00011,SELLER_00357,2025-09-17 05:00:07.210606,changed_mind,approved,False,
RETURN_000004,ORDER_000135,BUYER_00013,SELLER_00125,2025-06-29 07:27:18.632146,changed_mind,approved,False,
RETURN_000005,ORDER_000139,BUYER_00013,SELLER_00438,2025-12-25 10:07:37.404731,defective,approved,False,
RETURN_000006,ORDER_000141,BUYER_00013,SELLER_00423,2025-09-21 04:32:35.884621,changed_mind,approved,False,
RETURN_000007,ORDER_000142,BUYER_00013,SELLER_00026,2025-09-09 18:21:52.317488,size_issue,approved,False,
RETURN_000008,ORDER_000147,BUYER_00014,SELLER_00426,2025-12-11 20:41:21.274110,changed_mind,approved,False,
RETURN_000009,ORDER_000148,BUYER_00014,SELLER_00463,2025-11-01 06:41:38.541566,changed_mind,approved,False,
RETURN_000010,ORDER_000155,BUYER_00014,SELLER_00141,2025-10-31 11:24:38.094664,defective,approved,False,
RETURN_000011,ORDER_000158,BUYER_00015,SELLER_00080,2025-10-01 17:23:30.741682,size_issue,approved,False,
RETURN_000012,ORDER_000162,BUYER_00015,SELLER_00402,2025-11-07 10:33:25.671038,defective,approved,False,
RETURN_000013,ORDER_000163,BUYER_00015,SELLER_00430,2025-10-27 19:32:47.473968,changed_mind,approved,False,
RETURN_000014,ORDER_000168,BUYER_00016,SELLER_00072,2025-08-04 20:47:11.730017,defective,approved,False,
RETURN_000015,ORDER_000190,BUYER_00019,SELLER_00191,2025-11-02 04:15:04.237539,changed_mind,approved,False,
RETURN_000016,ORDER_000208,BUYER_00020,SELLER_00275,2025-11-30 18:33:51.003180,changed_mind,approved,False,
RETURN_000017,ORDER_000210,BUYER_00020,SELLER_00198,2025-04-27 01:08:52.728631,changed_mind,approved,False,
RETURN_000018,ORDER_000213,BUYER_00020,SELLER_00361,2025-11-04 07:50:06.111055,defective,approved,False,
RETURN_000019,ORDER_000215,BUYER_00020,SELLER_00043,2025-06-01 02:13:00.201372,size_issue,approved,False,
RETURN_000020,ORDER_000247,BUYER_00025,SELLER_00316,2025-10-04 18:37:40.035689,size_issue,approved,False,
RETURN_000021,ORDER_000292,BUYER_00030,SELLER_00020,2025-09-26 22:47:00.094762,size_issue,approved,False,
RETURN_000022,ORDER_000308,BUYER_00032,SELLER_00198,2025-12-09 18:21:56.085151,size_issue,approved,False,
RETURN_000023,ORDER_000325,BUYER_00034,SELLER_00246,2025-12-18 16:00:36.388219,changed_mind,approved,False,
RETURN_000024,ORDER_000409,BUYER_00040,SELLER_00119,2025-12-30 13:09:26.449778,defective,approved,False,
RETURN_000025,ORDER_000410,BUYER_00040,SELLER_00376,2025-12-22 02:59:08.015188,defective,approved,False,
RETURN_000026,ORDER_000459,BUYER_00044,SELLER_00123,2025-11-28 09:32:52.785443,defective,approved,False,
RETURN_000027,ORDER_000468,BUYER_00045,SELLER_00351,2025-10-01 23:22:42.753265,changed_mind,approved,False,
RETURN_000028,ORDER_000509,BUYER_00049,SELLER_00233,2025-12-27 08:15:02.191585,changed_mind,approved,False,
RETURN_000029,ORDER_000510,BUYER_00049,SELLER_00128,2025-12-30 09:36:40.958484,wrong_item_received,approved,False,
RETURN_000030,ORDER_000521,BUYER_00051,SELLER_00204,2025-11-10 07:06:08.981529,changed_mind,approved,False,
RETURN_000031,ORDER_000533,BUYER_00053,SELLER_00411,2025-03-20 05:44:15.838207,changed_mind,approved,False,
RETURN_000032,ORDER_000548,BUYER_00055,SELLER_00347,2025-08-29 22:11:07.472657,defective,approved,False,
RETURN_000033,ORDER_000594,BUYER_00060,SELLER_00065,2025-12-26 03:19:12.576725,wrong_item_received,approved,False,
RETURN_000034,ORDER_000635,BUYER_00062,SELLER_00178,2025-12-14 17:25:05.255754,size_issue,approved,False,
RETURN_000035,ORDER_000660,BUYER_00064,SELLER_00218,2025-07-17 00:42:52.938887,defective,approved,False,
RETURN_000036,ORDER_000701,BUYER_00068,SELLER_00080,2025-10-18 00:07:33.705859,changed_mind,approved,False,
RETURN_000037,ORDER_000718,BUYER_00070,SELLER_00017,2025-10-19 04:19:27.396201,wrong_item_received,approved,False,
RETURN_000038,ORDER_000785,BUYER_00078,SELLER_00016,2025-09-05 15:42:04.746845,size_issue,approved,False,
RETURN_000039,ORDER_000786,BUYER_00078,SELLER_00199,2025-11-02 09:46:28.437407,wrong_item_received,approved,False,
RETURN_000040,ORDER_000788,BUYER_00078,SELLER_00381,2025-06-27 21:51:32.649752,size_issue,approved,False,
RETURN_000041,ORDER_000789,BUYER_00078,SELLER_00067,2025-10-20 16:24:22.869372,size_issue,approved,False,
RETURN_000042,ORDER_000791,BUYER_00078,SELLER_00433,2025-11-18 05:33:18.541357,defective,approved,False,
RETURN_000043,ORDER_000793,BUYER_00078,SELLER_00170,2025-11-08 07:19:28.551860,wrong_item_received,approved,False,
RETURN_000044,ORDER_000794,BUYER_00078,SELLER_00407,2025-09-14 19:43:07.266891,changed_mind,approved,False,
RETURN_000045,ORDER_000798,BUYER_00078,SELLER_00272,2025-09-06 12:23:24.155495,defective,approved,False,
RETURN_000046,ORDER_000801,BUYER_00078,SELLER_00309,2025-12-29 16:48:02.326871,defective,approved,False,
RETURN_000047,ORDER_000809,BUYER_00079,SELLER_00099,2025-08-20 13:48:36.410767,size_issue,approved,False,
RETURN_000048,ORDER_000825,BUYER_00080,SELLER_00343,2025-10-25 09:16:20.372000,wrong_item_received,approved,False,
RETURN_000049,ORDER_000831,BUYER_00082,SELLER_00313,2025-08-16 08:11:57.504166,defective,approved,False,
RETURN_000050,ORDER_000838,BUYER_00082,SELLER_00232,2025-07-13 17:27:48.030502,defective,approved,False,
RETURN_000051,ORDER_000840,BUYER_00082,SELLER_00020,2025-11-01 07:13:12.256626,size_issue,approved,False,
RETURN_000052,ORDER_000842,BUYER_00082,SELLER_00051,2025-09-05 10:07:51.528987,wrong_item_received,approved,False,
RETURN_000053,ORDER_000846,BUYER_00083,SELLER_00290,2025-12-03 05:38:31.398614,defective,approved,False,
RETURN_000054,ORDER_000848,BUYER_00084,SELLER_00183,2025-10-12 00:22:48.285332,size_issue,approved,False,
RETURN_000055,ORDER_000850,BUYER_00084,SELLER_00381,2025-11-16 16:01:29.105269,changed_mind,approved,False,
RETURN_000056,ORDER_000884,BUYER_00089,SELLER_00385,2025-07-31 14:04:46.516773,defective,approved,False,
RETURN_000057,ORDER_000885,BUYER_00089,SELLER_00375,2025-02-01 13:28:11.390316,size_issue,approved,False,
RETURN_000058,ORDER_000888,BUYER_00090,SELLER_00143,2025-07-29 13:49:39.665281,size_issue,approved,False,
RETURN_000059,ORDER_000889,BUYER_00090,SELLER_00455,2025-06-16 23:57:53.374110,size_issue,approved,False,
RETURN_000060,ORDER_000890,BUYER_00090,SELLER_00491,2025-06-18 16:43:44.334677,defective,approved,False,
RETURN_000061,ORDER_000891,BUYER_00090,SELLER_00449,2025-11-16 14:43:13.640621,changed_mind,approved,False,
RETURN_000062,ORDER_000895,BUYER_00090,SELLER_00237,2025-12-20 03:36:59.862171,changed_mind,approved,False,
RETURN_000063,ORDER_000898,BUYER_00090,SELLER_00199,2025-07-29 17:33:05.930743,wrong_item_received,approved,False,
RETURN_000064,ORDER_000900,BUYER_00091,SELLER_00085,2025-09-02 11:45:03.318627,defective,approved,False,
RETURN_000065,ORDER_000902,BUYER_00091,SELLER_00305,2025-08-22 07:02:13.389669,changed_mind,approved,False,
RETURN_000066,ORDER_000904,BUYER_00091,SELLER_00148,2025-07-31 16:32:41.329408,wrong_item_received,approved,False,
RETURN_000067,ORDER_000906,BUYER_00091,SELLER_00469,2025-07-20 09:31:20.908046,changed_mind,approved,False,
RETURN_000068,ORDER_000908,BUYER_00091,SELLER_00332,2025-07-05 20:46:52.544594,defective,approved,False,
RETURN_000069,ORDER_000910,BUYER_00091,SELLER_00153,2025-08-15 13:18:26.969005,changed_mind,approved,False,
RETURN_000070,ORDER_000911,BUYER_00091,SELLER_00178,2025-11-20 23:38:31.107975,size_issue,approved,False,
RETURN_000071,ORDER_000912,BUYER_00091,SELLER_00186,2025-10-30 09:23:34.287312,changed_mind,approved,False,
RETURN_000072,ORDER_000933,BUYER_00093,SELLER_00150,2025-10-19 22:59:54.682364,wrong_item_received,approved,False,
RETURN_000073,ORDER_000977,BUYER_00095,SELLER_00271,2025-11-07 21:32:40.325759,wrong_item_received,approved,False,
RETURN_000074,ORDER_000989,BUYER_00095,SELLER_00012,2025-12-10 20:39:09.652586,changed_mind,approved,False,
RETURN_000075,ORDER_001015,BUYER_00099,SELLER_00320,2025-12-19 21:07:15.974209,size_issue,approved,False,
RETURN_000076,ORDER_001091,BUYER_00109,SELLER_00100,2025-07-01 14:54:54.273239,defective,approved,False,
RETURN_000077,ORDER_001112,BUYER_00110,SELLER_00066,2025-03-05 13:29:59.001958,size_issue,approved,False,
RETURN_000078,ORDER_001132,BUYER_00112,SELLER_00449,2025-04-03 12:27:38.380122,changed_mind,approved,False,
RETURN_000079,ORDER_001134,BUYER_00112,SELLER_00435,2025-04-14 23:33:25.418084,size_issue,approved,True,return_abuse
RETURN_000080,ORDER_001146,BUYER_00115,SELLER_00309,2025-11-30 10:28:02.211722,defective,approved,False,
RETURN_000081,ORDER_001154,BUYER_00115,SELLER_00198,2025-05-25 16:26:06.620546,size_issue,approved,False,
RETURN_000082,ORDER_001167,BUYER_00116,SELLER_00093,2025-10-22 11:28:43.678495,size_issue,approved,False,
RETURN_000083,ORDER_001168,BUYER_00116,SELLER_00183,2025-09-02 04:09:32.081645,changed_mind,approved,False,
RETURN_000084,ORDER_001209,BUYER_00119,SELLER_00077,2025-09-13 14:21:39.199085,defective,approved,False,
RETURN_000085,ORDER_001217,BUYER_00120,SELLER_00399,2025-08-20 11:52:15.758123,changed_mind,approved,False,
RETURN_000086,ORDER_001219,BUYER_00120,SELLER_00437,2025-09-14 10:17:47.088831,defective,approved,False,
RETURN_000087,ORDER_001222,BUYER_00120,SELLER_00471,2025-11-10 08:33:54.597646,size_issue,approved,False,
RETURN_000088,ORDER_001225,BUYER_00120,SELLER_00281,2025-09-28 11:25:21.279450,defective,approved,False,
RETURN_000089,ORDER_001227,BUYER_00120,SELLER_00199,2025-07-21 11:32:34.528266,changed_mind,approved,False,
RETURN_000090,ORDER_001230,BUYER_00120,SELLER_00243,2025-10-21 20:01:02.966938,defective,approved,False,
RETURN_000091,ORDER_001231,BUYER_00120,SELLER_00169,2025-12-29 10:42:09.539755,changed_mind,approved,False,
RETURN_000092,ORDER_001234,BUYER_00120,SELLER_00221,2025-10-29 11:05:11.400999,defective,approved,False,
RETURN_000093,ORDER_001236,BUYER_00120,SELLER_00309,2025-08-21 12:35:42.370449,changed_mind,approved,False,
RETURN_000094,ORDER_001253,BUYER_00123,SELLER_00051,2025-10-24 17:54:01.786157,changed_mind,approved,False,
RETURN_000095,ORDER_001262,BUYER_00125,SELLER_00233,2025-09-15 16:03:40.496992,defective,approved,False,
RETURN_000096,ORDER_001310,BUYER_00129,SELLER_00472,2025-12-03 10:57:22.823043,wrong_item_received,approved,False,
RETURN_000097,ORDER_001332,BUYER_00130,SELLER_00488,2025-12-02 06:40:04.167364,defective,approved,False,
RETURN_000098,ORDER_001355,BUYER_00134,SELLER_00146,2025-05-19 18:37:18.533880,changed_mind,approved,False,
RETURN_000099,ORDER_001356,BUYER_00134,SELLER_00301,2025-06-06 03:42:14.785872,size_issue,approved,False,
RETURN_000100,ORDER_001358,BUYER_00134,SELLER_00104,2025-07-07 05:08:31.966944,defective,approved,False,
RETURN_000101,ORDER_001360,BUYER_00134,SELLER_00353,2025-06-02 21:29:52.851563,wrong_item_received,approved,False,
RETURN_000102,ORDER_001361,BUYER_00134,SELLER_00112,2025-11-15 21:12:42.148996,defective,approved,False,
RETURN_000103,ORDER_001363,BUYER_00134,SELLER_00401,2025-06-30 12:55:32.207334,size_issue,approved,False,
RETURN_000104,ORDER_001364,BUYER_00134,SELLER_00478,2025-06-01 03:58:01.196349,changed_mind,approved,False,
RETURN_000105,ORDER_001367,BUYER_00134,SELLER_00344,2025-05-19 10:11:31.733731,size_issue,approved,False,
RETURN_000106,ORDER_001370,BUYER_00134,SELLER_00126,2025-12-15 10:43:21.669378,defective,approved,False,
RETURN_000107,ORDER_001371,BUYER_00134,SELLER_00167,2025-08-14 04:23:37.615985,changed_mind,approved,False,
RETURN_000108,ORDER_001376,BUYER_00134,SELLER_00016,2025-09-27 18:40:43.461922,size_issue,approved,False,
RETURN_000109,ORDER_001381,BUYER_00134,SELLER_00150,2025-07-28 06:17:01.197598,changed_mind,approved,False,
RETURN_000110,ORDER_001387,BUYER_00134,SELLER_00178,2025-11-21 20:01:29.444568,size_issue,approved,False,
RETURN_000111,ORDER_001388,BUYER_00134,SELLER_00174,2025-05-07 20:16:09.544858,defective,approved,False,
RETURN_000112,ORDER_001389,BUYER_00134,SELLER_00438,2025-09-28 04:26:02.267649,changed_mind,approved,False,
RETURN_000113,ORDER_001392,BUYER_00134,SELLER_00040,2025-09-19 18:13:09.959349,changed_mind,approved,False,
RETURN_000114,ORDER_001397,BUYER_00134,SELLER_00455,2025-06-18 05:35:18.444061,size_issue,approved,False,
RETURN_000115,ORDER_001398,BUYER_00134,SELLER_00089,2025-08-21 10:15:03.835486,size_issue,approved,False,
RETURN_000116,ORDER_001403,BUYER_00134,SELLER_00467,2025-11-06 11:55:34.865020,wrong_item_received,approved,False,
RETURN_000117,ORDER_001420,BUYER_00134,SELLER_00347,2025-08-01 09:38:16.808447,changed_mind,approved,False,
RETURN_000118,ORDER_001424,BUYER_00134,SELLER_00175,2025-08-15 22:45:05.879496,defective,approved,False,
RETURN_000119,ORDER_001425,BUYER_00134,SELLER_00354,2025-05-24 18:01:49.595201,defective,approved,False,
RETURN_000120,ORDER_001427,BUYER_00134,SELLER_00377,2025-11-29 10:07:50.720236,wrong_item_received,approved,False,
RETURN_000121,ORDER_001437,BUYER_00134,SELLER_00326,2025-09-17 19:52:10.207793,changed_mind,approved,False,
RETURN_000122,ORDER_001439,BUYER_00134,SELLER_00271,2025-08-12 23:10:45.844203,size_issue,approved,False,
RETURN_000123,ORDER_001464,BUYER_00138,SELLER_00019,2025-08-22 21:07:58.991624,defective,approved,False,
RETURN_000124,ORDER_001494,BUYER_00139,SELLER_00122,2025-12-25 05:45:08.425806,changed_mind,approved,False,
RETURN_000125,ORDER_001499,BUYER_00139,SELLER_00309,2025-12-02 13:45:42.439811,changed_mind,approved,False,
RETURN_000126,ORDER_001520,BUYER_00140,SELLER_00041,2025-11-05 06:31:15.855947,changed_mind,approved,False,
RETURN_000127,ORDER_001524,BUYER_00141,SELLER_00025,2025-10-08 15:09:15.698127,changed_mind,approved,False,
RETURN_000128,ORDER_001525,BUYER_00141,SELLER_00442,2025-10-03 04:13:40.556627,wrong_item_received,approved,False,
RETURN_000129,ORDER_001528,BUYER_00141,SELLER_00124,2025-06-10 23:30:29.608683,wrong_item_received,approved,False,
RETURN_000130,ORDER_001531,BUYER_00141,SELLER_00399,2025-10-25 05:15:53.358998,changed_mind,approved,False,
RETURN_000131,ORDER_001532,BUYER_00141,SELLER_00265,2025-07-01 22:39:41.126860,changed_mind,approved,False,
RETURN_000132,ORDER_001551,BUYER_00141,SELLER_00219,2025-05-11 03:28:44.214570,wrong_item_received,approved,False,
RETURN_000133,ORDER_001560,BUYER_00143,SELLER_00026,2025-08-16 01:25:29.911160,defective,approved,False,
RETURN_000134,ORDER_001568,BUYER_00143,SELLER_00244,2025-08-18 07:52:58.502485,wrong_item_received,approved,False,
RETURN_000135,ORDER_001581,BUYER_00143,SELLER_00065,2025-04-22 17:16:12.880057,size_issue,approved,False,
RETURN_000136,ORDER_001590,BUYER_00145,SELLER_00305,2025-07-08 13:22:33.176680,changed_mind,approved,False,
RETURN_000137,ORDER_001592,BUYER_00145,SELLER_00114,2025-06-14 16:35:11.644271,wrong_item_received,approved,False,
RETURN_000138,ORDER_001594,BUYER_00145,SELLER_00024,2025-06-01 15:54:07.890121,defective,approved,False,
RETURN_000139,ORDER_001597,BUYER_00145,SELLER_00087,2025-12-29 08:39:26.809831,defective,approved,False,
RETURN_000140,ORDER_001598,BUYER_00145,SELLER_00427,2025-09-18 16:54:25.356643,defective,approved,False,
RETURN_000141,ORDER_001599,BUYER_00145,SELLER_00091,2025-05-08 20:47:22.945081,defective,approved,False,
RETURN_000142,ORDER_001601,BUYER_00145,SELLER_00437,2025-07-09 17:29:44.230120,changed_mind,approved,False,
RETURN_000143,ORDER_001602,BUYER_00145,SELLER_00304,2025-04-05 04:48:03.823516,defective,approved,False,
RETURN_000144,ORDER_001611,BUYER_00145,SELLER_00491,2025-04-09 14:24:41.452653,changed_mind,approved,False,
RETURN_000145,ORDER_001633,BUYER_00146,SELLER_00460,2025-12-21 08:09:39.266874,defective,approved,False,
RETURN_000146,ORDER_001640,BUYER_00148,SELLER_00482,2025-12-05 01:29:36.201324,wrong_item_received,approved,False,
RETURN_000147,ORDER_001643,BUYER_00148,SELLER_00413,2025-12-24 13:48:17.720763,defective,approved,False,
RETURN_000148,ORDER_001658,BUYER_00150,SELLER_00302,2025-08-31 03:05:50.859465,size_issue,approved,False,
RETURN_000149,ORDER_001669,BUYER_00153,SELLER_00494,2025-12-13 17:50:48.072876,size_issue,approved,False,
RETURN_000150,ORDER_001672,BUYER_00154,SELLER_00061,2025-12-28 07:11:31.821894,changed_mind,approved,False,
RETURN_000151,ORDER_001677,BUYER_00154,SELLER_00405,2025-10-27 14:31:23.086741,changed_mind,approved,False,
RETURN_000152,ORDER_001686,BUYER_00155,SELLER_00016,2025-08-21 20:13:28.724164,wrong_item_received,approved,False,
RETURN_000153,ORDER_001714,BUYER_00158,SELLER_00468,2025-10-01 02:24:49.798222,changed_mind,approved,False,
RETURN_000154,ORDER_001718,BUYER_00158,SELLER_00438,2025-11-15 17:49:46.233560,changed_mind,approved,False,
RETURN_000155,ORDER_001732,BUYER_00160,SELLER_00450,2025-12-02 12:53:12.279225,defective,approved,False,
RETURN_000156,ORDER_001733,BUYER_00160,SELLER_00323,2025-07-25 05:55:07.474158,changed_mind,approved,False,
RETURN_000157,ORDER_001759,BUYER_00162,SELLER_00089,2025-07-17 00:00:26.895234,changed_mind,approved,False,
RETURN_000158,ORDER_001803,BUYER_00168,SELLER_00009,2025-09-23 04:27:36.982547,defective,approved,False,
RETURN_000159,ORDER_001805,BUYER_00168,SELLER_00297,2025-10-11 10:50:18.897942,wrong_item_received,approved,False,
RETURN_000160,ORDER_001823,BUYER_00171,SELLER_00246,2025-08-18 22:06:54.875402,defective,approved,False,
RETURN_000161,ORDER_001826,BUYER_00171,SELLER_00038,2025-12-12 09:02:52.121511,size_issue,approved,False,
RETURN_000162,ORDER_001855,BUYER_00174,SELLER_00191,2025-11-04 15:50:05.686580,changed_mind,approved,False,
RETURN_000163,ORDER_001908,BUYER_00176,SELLER_00231,2025-11-26 05:49:35.577844,defective,approved,False,
RETURN_000164,ORDER_001917,BUYER_00176,SELLER_00272,2025-12-24 14:45:46.077445,wrong_item_received,approved,True,return_abuse
RETURN_000165,ORDER_001929,BUYER_00177,SELLER_00017,2025-12-23 12:10:00.962880,defective,approved,False,
RETURN_000166,ORDER_001936,BUYER_00178,SELLER_00147,2025-12-29 22:07:54.545117,defective,approved,False,
RETURN_000167,ORDER_001961,BUYER_00180,SELLER_00051,2025-12-07 01:50:19.540433,size_issue,approved,False,
RETURN_000168,ORDER_001975,BUYER_00180,SELLER_00152,2025-12-08 05:39:53.872928,changed_mind,approved,False,
RETURN_000169,ORDER_002015,BUYER_00183,SELLER_00470,2025-04-07 10:51:34.613819,changed_mind,approved,False,
RETURN_000170,ORDER_002060,BUYER_00190,SELLER_00046,2025-08-28 03:26:47.923814,wrong_item_received,approved,False,
RETURN_000171,ORDER_002068,BUYER_00190,SELLER_00263,2025-06-15 08:55:50.102114,defective,approved,False,
RETURN_000172,ORDER_002101,BUYER_00194,SELLER_00481,2025-05-05 11:35:35.680093,defective,approved,False,
RETURN_000173,ORDER_002107,BUYER_00195,SELLER_00294,2025-09-05 02:18:31.601100,defective,approved,False,
RETURN_000174,ORDER_002112,BUYER_00197,SELLER_00130,2025-12-29 21:02:36.630132,changed_mind,approved,False,
RETURN_000175,ORDER_002127,BUYER_00198,SELLER_00316,2025-11-09 15:50:37.686830,changed_mind,approved,False,
RETURN_000176,ORDER_002149,BUYER_00199,SELLER_00209,2025-09-02 18:28:24.789437,changed_mind,approved,False,
RETURN_000177,ORDER_002158,BUYER_00201,SELLER_00269,2025-11-22 07:44:06.348723,defective,approved,False,
RETURN_000178,ORDER_002161,BUYER_00201,SELLER_00033,2025-11-10 13:28:57.035937,changed_mind,approved,False,
RETURN_000179,ORDER_002163,BUYER_00201,SELLER_00370,2025-10-28 03:19:59.702886,changed_mind,approved,False,
RETURN_000180,ORDER_002164,BUYER_00201,SELLER_00022,2025-12-10 12:27:16.121869,defective,approved,False,
RETURN_000181,ORDER_002167,BUYER_00201,SELLER_00491,2025-11-30 17:27:49.155328,defective,approved,False,
RETURN_000182,ORDER_002170,BUYER_00201,SELLER_00209,2025-11-14 09:41:09.691431,defective,approved,False,
RETURN_000183,ORDER_002174,BUYER_00203,SELLER_00459,2025-10-02 19:24:25.781422,defective,approved,False,
RETURN_000184,ORDER_002176,BUYER_00203,SELLER_00411,2025-07-05 15:27:12.545567,size_issue,approved,False,
RETURN_000185,ORDER_002177,BUYER_00203,SELLER_00046,2025-11-17 00:07:55.276644,changed_mind,approved,False,
RETURN_000186,ORDER_002201,BUYER_00206,SELLER_00065,2025-12-25 06:50:37.089271,size_issue,approved,False,
RETURN_000187,ORDER_002207,BUYER_00206,SELLER_00091,2025-12-06 06:33:32.596385,changed_mind,approved,False,
RETURN_000188,ORDER_002212,BUYER_00208,SELLER_00036,2025-11-09 05:01:04.750441,defective,approved,False,
RETURN_000189,ORDER_002214,BUYER_00208,SELLER_00468,2025-11-03 13:23:50.031791,wrong_item_received,approved,False,
RETURN_000190,ORDER_002215,BUYER_00208,SELLER_00372,2025-12-29 19:30:45.275402,changed_mind,approved,False,
RETURN_000191,ORDER_002217,BUYER_00208,SELLER_00449,2025-11-04 05:57:41.368137,changed_mind,approved,False,
RETURN_000192,ORDER_002221,BUYER_00208,SELLER_00376,2025-12-15 18:38:12.144584,changed_mind,approved,False,
RETURN_000193,ORDER_002222,BUYER_00208,SELLER_00107,2025-10-29 17:07:20.099249,size_issue,approved,False,
RETURN_000194,ORDER_002224,BUYER_00209,SELLER_00426,2025-09-06 02:55:19.177055,size_issue,approved,False,
RETURN_000195,ORDER_002262,BUYER_00212,SELLER_00047,2025-05-19 14:43:55.637872,changed_mind,approved,False,
RETURN_000196,ORDER_002274,BUYER_00213,SELLER_00368,2025-08-29 01:32:44.753150,changed_mind,approved,False,
RETURN_000197,ORDER_002279,BUYER_00214,SELLER_00427,2025-11-29 14:25:24.013591,wrong_item_received,approved,False,
RETURN_000198,ORDER_002283,BUYER_00214,SELLER_00237,2025-07-01 08:13:29.142358,defective,approved,False,
RETURN_000199,ORDER_002298,BUYER_00215,SELLER_00214,2025-05-23 20:14:22.127058,changed_mind,approved,False,
RETURN_000200,ORDER_002311,BUYER_00215,SELLER_00231,2025-09-08 10:24:12.757934,wrong_item_received,approved,False,
RETURN_000201,ORDER_002312,BUYER_00215,SELLER_00123,2025-06-04 13:08:39.002331,size_issue,approved,False,
RETURN_000202,ORDER_002313,BUYER_00215,SELLER_00020,2025-12-06 02:35:42.160637,changed_mind,approved,False,
RETURN_000203,ORDER_002314,BUYER_00215,SELLER_00377,2025-08-12 02:37:44.931523,size_issue,approved,False,
RETURN_000204,ORDER_002321,BUYER_00217,SELLER_00206,2025-12-05 00:41:50.675009,changed_mind,approved,False,
RETURN_000205,ORDER_002323,BUYER_00217,SELLER_00350,2025-06-16 04:22:38.366210,changed_mind,approved,False,
RETURN_000206,ORDER_002324,BUYER_00217,SELLER_00387,2025-06-15 08:08:38.622881,changed_mind,approved,False,
RETURN_000207,ORDER_002327,BUYER_00217,SELLER_00229,2025-06-07 21:37:54.321441,wrong_item_received,approved,False,
RETURN_000208,ORDER_002331,BUYER_00217,SELLER_00012,2025-12-13 02:29:26.163954,wrong_item_received,approved,False,
RETURN_000209,ORDER_002333,BUYER_00217,SELLER_00317,2025-12-13 13:19:05.616646,changed_mind,approved,False,
RETURN_000210,ORDER_002366,BUYER_00219,SELLER_00405,2025-10-07 14:16:24.141529,wrong_item_received,approved,False,
RETURN_000211,ORDER_002367,BUYER_00220,SELLER_00100,2025-10-24 00:10:31.187532,wrong_item_received,approved,False,
RETURN_000212,ORDER_002372,BUYER_00220,SELLER_00386,2025-11-22 21:29:30.269932,size_issue,approved,False,
RETURN_000213,ORDER_002375,BUYER_00220,SELLER_00170,2025-11-26 22:55:36.554952,defective,approved,False,
RETURN_000214,ORDER_002378,BUYER_00221,SELLER_00426,2025-08-14 08:45:49.255500,size_issue,approved,False,
RETURN_000215,ORDER_002379,BUYER_00221,SELLER_00487,2025-08-30 02:46:53.412768,defective,approved,False,
RETURN_000216,ORDER_002383,BUYER_00221,SELLER_00003,2025-10-01 02:49:06.563511,defective,approved,False,
RETURN_000217,ORDER_002385,BUYER_00221,SELLER_00046,2025-09-22 03:27:49.580492,changed_mind,approved,False,
RETURN_000218,ORDER_002389,BUYER_00221,SELLER_00298,2025-10-22 07:12:26.740130,defective,approved,False,
RETURN_000219,ORDER_002390,BUYER_00221,SELLER_00084,2025-11-01 03:19:36.086365,changed_mind,approved,False,
RETURN_000220,ORDER_002391,BUYER_00221,SELLER_00470,2025-09-27 19:01:52.262898,changed_mind,approved,False,
RETURN_000221,ORDER_002395,BUYER_00222,SELLER_00206,2025-12-04 23:46:42.187182,defective,approved,False,
RETURN_000222,ORDER_002401,BUYER_00224,SELLER_00026,2025-07-17 03:14:33.655211,size_issue,approved,False,
RETURN_000223,ORDER_002403,BUYER_00224,SELLER_00015,2025-07-27 12:14:25.049828,size_issue,approved,False,
RETURN_000224,ORDER_002409,BUYER_00224,SELLER_00226,2025-11-14 10:12:32.521474,size_issue,approved,False,
RETURN_000225,ORDER_002413,BUYER_00225,SELLER_00067,2025-11-26 00:55:34.197168,defective,approved,False,
RETURN_000226,ORDER_002416,BUYER_00225,SELLER_00173,2025-11-22 19:51:32.460217,changed_mind,approved,False,
RETURN_000227,ORDER_002420,BUYER_00225,SELLER_00052,2025-11-27 07:56:09.748714,wrong_item_received,approved,False,
RETURN_000228,ORDER_002438,BUYER_00227,SELLER_00016,2025-07-24 13:15:15.281177,defective,approved,False,
RETURN_000229,ORDER_002441,BUYER_00227,SELLER_00206,2025-05-20 04:46:07.485101,wrong_item_received,approved,False,
RETURN_000230,ORDER_002446,BUYER_00227,SELLER_00481,2025-09-25 23:56:36.337688,defective,approved,False,
RETURN_000231,ORDER_002447,BUYER_00227,SELLER_00354,2025-05-28 16:16:45.253820,wrong_item_received,approved,False,
RETURN_000232,ORDER_002449,BUYER_00227,SELLER_00478,2025-03-13 23:29:02.380695,changed_mind,approved,False,
RETURN_000233,ORDER_002460,BUYER_00229,SELLER_00143,2025-11-02 23:57:00.622080,wrong_item_received,approved,False,
RETURN_000234,ORDER_002461,BUYER_00229,SELLER_00434,2025-09-11 06:53:36.911390,size_issue,approved,False,
RETURN_000235,ORDER_002464,BUYER_00229,SELLER_00400,2025-03-26 15:08:12.219895,defective,approved,False,
RETURN_000236,ORDER_002515,BUYER_00236,SELLER_00455,2025-07-24 19:40:44.698768,changed_mind,approved,False,
RETURN_000237,ORDER_002535,BUYER_00239,SELLER_00185,2025-10-05 10:13:41.734797,size_issue,approved,False,
RETURN_000238,ORDER_002538,BUYER_00239,SELLER_00116,2025-12-30 13:33:40.095609,changed_mind,approved,False,
RETURN_000239,ORDER_002548,BUYER_00239,SELLER_00387,2025-12-15 09:12:07.668206,size_issue,approved,False,
RETURN_000240,ORDER_002550,BUYER_00239,SELLER_00080,2025-12-13 23:37:12.869967,changed_mind,approved,False,
RETURN_000241,ORDER_002554,BUYER_00240,SELLER_00107,2025-11-03 22:31:14.974540,defective,approved,False,
RETURN_000242,ORDER_002555,BUYER_00240,SELLER_00488,2025-08-16 03:30:59.650870,defective,approved,False,
RETURN_000243,ORDER_002556,BUYER_00240,SELLER_00184,2025-08-12 14:31:44.660409,changed_mind,approved,False,
RETURN_000244,ORDER_002560,BUYER_00240,SELLER_00054,2025-09-04 05:44:08.202638,changed_mind,approved,False,
RETURN_000245,ORDER_002590,BUYER_00243,SELLER_00348,2025-08-19 00:57:25.283802,wrong_item_received,approved,False,
RETURN_000246,ORDER_002592,BUYER_00244,SELLER_00108,2025-10-11 21:58:02.408334,size_issue,approved,False,
RETURN_000247,ORDER_002631,BUYER_00246,SELLER_00317,2025-10-22 19:54:18.292045,defective,approved,False,
RETURN_000248,ORDER_002646,BUYER_00249,SELLER_00471,2025-10-11 02:32:36.173561,changed_mind,approved,False,
RETURN_000249,ORDER_002652,BUYER_00250,SELLER_00288,2025-12-06 10:16:37.319629,defective,approved,False,
RETURN_000250,ORDER_002658,BUYER_00250,SELLER_00489,2025-09-17 03:21:17.662984,defective,approved,False,
RETURN_000251,ORDER_002660,BUYER_00250,SELLER_00173,2025-12-07 14:02:54.360823,defective,approved,False,
RETURN_000252,ORDER_002661,BUYER_00250,SELLER_00138,2025-10-20 14:50:07.488962,size_issue,approved,False,
RETURN_000253,ORDER_002663,BUYER_00250,SELLER_00171,2025-07-04 16:40:19.231725,defective,approved,False,
RETURN_000254,ORDER_002664,BUYER_00250,SELLER_00337,2025-07-09 01:27:52.160789,defective,approved,False,
RETURN_000255,ORDER_002666,BUYER_00250,SELLER_00108,2025-06-25 05:59:59.534323,defective,approved,False,
RETURN_000256,ORDER_002693,BUYER_00253,SELLER_00431,2025-11-14 22:34:28.676375,changed_mind,approved,False,
RETURN_000257,ORDER_002700,BUYER_00254,SELLER_00427,2025-09-13 15:51:19.143579,defective,approved,False,
RETURN_000258,ORDER_002709,BUYER_00254,SELLER_00177,2025-12-04 17:36:17.199135,wrong_item_received,approved,False,
RETURN_000259,ORDER_002714,BUYER_00255,SELLER_00100,2025-05-21 01:06:46.174159,defective,approved,False,
RETURN_000260,ORDER_002730,BUYER_00257,SELLER_00079,2025-12-28 04:02:36.525253,defective,approved,False,
RETURN_000261,ORDER_002739,BUYER_00258,SELLER_00125,2025-03-15 12:30:36.226127,defective,approved,False,
RETURN_000262,ORDER_002744,BUYER_00259,SELLER_00143,2025-04-26 20:05:38.981655,changed_mind,approved,False,
RETURN_000263,ORDER_002754,BUYER_00259,SELLER_00056,2025-05-04 21:37:12.964095,defective,approved,False,
RETURN_000264,ORDER_002759,BUYER_00259,SELLER_00302,2025-06-27 23:13:30.484447,size_issue,approved,False,
RETURN_000265,ORDER_002760,BUYER_00260,SELLER_00345,2025-11-12 22:17:21.372806,wrong_item_received,approved,False,
RETURN_000266,ORDER_002782,BUYER_00263,SELLER_00168,2025-09-21 07:39:50.153521,changed_mind,approved,False,
RETURN_000267,ORDER_002793,BUYER_00264,SELLER_00233,2025-07-29 20:02:27.580867,defective,approved,False,
RETURN_000268,ORDER_002795,BUYER_00264,SELLER_00244,2025-09-01 03:11:37.133514,changed_mind,approved,False,
RETURN_000269,ORDER_002796,BUYER_00264,SELLER_00195,2025-11-15 06:37:41.063205,size_issue,approved,False,
RETURN_000270,ORDER_002808,BUYER_00267,SELLER_00007,2025-11-18 04:21:44.932921,defective,approved,False,
RETURN_000271,ORDER_002813,BUYER_00268,SELLER_00275,2025-11-03 20:01:16.263812,changed_mind,approved,False,
RETURN_000272,ORDER_002819,BUYER_00268,SELLER_00123,2025-12-14 11:34:41.420214,defective,approved,False,
RETURN_000273,ORDER_002831,BUYER_00268,SELLER_00113,2025-07-04 02:32:45.959826,defective,approved,False,
RETURN_000274,ORDER_002848,BUYER_00271,SELLER_00456,2025-12-29 12:03:08.859463,changed_mind,approved,False,
RETURN_000275,ORDER_002856,BUYER_00272,SELLER_00467,2025-05-06 20:51:41.104736,defective,approved,False,
RETURN_000276,ORDER_002880,BUYER_00275,SELLER_00129,2025-10-05 22:49:43.203585,size_issue,approved,False,
RETURN_000277,ORDER_002898,BUYER_00277,SELLER_00438,2025-12-29 15:47:34.161762,changed_mind,approved,False,
RETURN_000278,ORDER_002899,BUYER_00277,SELLER_00290,2025-12-18 08:42:39.429650,defective,approved,False,
RETURN_000279,ORDER_002900,BUYER_00277,SELLER_00122,2025-12-21 22:07:20.053136,defective,approved,False,
RETURN_000280,ORDER_002906,BUYER_00277,SELLER_00153,2025-12-25 02:52:03.542275,changed_mind,approved,False,
RETURN_000281,ORDER_002909,BUYER_00277,SELLER_00348,2025-12-26 10:49:51.189681,defective,approved,False,
RETURN_000282,ORDER_002915,BUYER_00277,SELLER_00023,2025-12-22 18:01:54.286838,wrong_item_received,approved,False,
RETURN_000283,ORDER_002928,BUYER_00278,SELLER_00122,2025-11-11 16:50:55.629302,changed_mind,approved,False,
RETURN_000284,ORDER_002931,BUYER_00278,SELLER_00423,2025-10-11 18:29:47.774563,defective,approved,False,
RETURN_000285,ORDER_002933,BUYER_00278,SELLER_00324,2025-11-11 09:51:54.797236,defective,approved,False,
RETURN_000286,ORDER_002934,BUYER_00278,SELLER_00169,2025-10-16 06:59:26.409019,defective,approved,False,
RETURN_000287,ORDER_002936,BUYER_00278,SELLER_00344,2025-11-12 14:32:58.346403,defective,approved,False,
RETURN_000288,ORDER_002937,BUYER_00278,SELLER_00403,2025-10-12 07:43:27.836428,wrong_item_received,approved,False,
RETURN_000289,ORDER_002974,BUYER_00283,SELLER_00143,2025-11-09 00:40:53.301617,changed_mind,approved,False,
RETURN_000290,ORDER_002977,BUYER_00283,SELLER_00460,2025-06-29 16:24:21.396054,defective,approved,False,
RETURN_000291,ORDER_002979,BUYER_00284,SELLER_00232,2025-04-10 11:31:02.655353,defective,approved,False,
RETURN_000292,ORDER_002981,BUYER_00284,SELLER_00034,2025-12-11 11:29:40.206407,size_issue,approved,False,
RETURN_000293,ORDER_002982,BUYER_00284,SELLER_00343,2025-07-16 02:49:41.855459,changed_mind,approved,False,
RETURN_000294,ORDER_002983,BUYER_00284,SELLER_00309,2025-04-09 09:51:46.425350,defective,approved,False,
RETURN_000295,ORDER_002984,BUYER_00284,SELLER_00021,2025-03-04 02:05:58.840517,defective,approved,False,
RETURN_000296,ORDER_002985,BUYER_00284,SELLER_00464,2025-10-12 15:34:23.800895,defective,approved,False,
RETURN_000297,ORDER_002999,BUYER_00287,SELLER_00071,2025-11-14 13:18:58.050183,wrong_item_received,approved,False,
RETURN_000298,ORDER_003000,BUYER_00287,SELLER_00263,2025-08-23 18:37:45.466855,wrong_item_received,approved,False,
RETURN_000299,ORDER_003020,BUYER_00287,SELLER_00339,2025-08-20 22:41:33.416200,changed_mind,approved,False,
RETURN_000300,ORDER_003027,BUYER_00289,SELLER_00258,2025-11-18 18:27:01.499176,changed_mind,approved,False,
RETURN_000301,ORDER_003028,BUYER_00289,SELLER_00275,2025-11-07 07:21:00.995267,changed_mind,approved,False,
RETURN_000302,ORDER_003029,BUYER_00289,SELLER_00426,2025-12-16 10:40:11.118992,size_issue,approved,False,
RETURN_000303,ORDER_003030,BUYER_00290,SELLER_00307,2025-11-20 04:44:42.322406,defective,approved,False,
RETURN_000304,ORDER_003063,BUYER_00290,SELLER_00163,2025-06-10 14:36:48.087922,defective,approved,False,
RETURN_000305,ORDER_003066,BUYER_00290,SELLER_00420,2025-04-03 03:41:49.186945,changed_mind,approved,False,
RETURN_000306,ORDER_003082,BUYER_00292,SELLER_00179,2025-08-29 22:56:38.433915,wrong_item_received,approved,False,
RETURN_000307,ORDER_003111,BUYER_00295,SELLER_00229,2025-10-01 19:26:24.515165,wrong_item_received,approved,False,
RETURN_000308,ORDER_003153,BUYER_00300,SELLER_00496,2025-08-17 10:28:23.422191,defective,approved,False,
RETURN_000309,ORDER_003236,BUYER_00307,SELLER_00016,2025-11-24 04:42:25.852080,changed_mind,approved,False,
RETURN_000310,ORDER_003270,BUYER_00311,SELLER_00310,2025-07-16 06:47:17.782377,size_issue,approved,False,
RETURN_000311,ORDER_003272,BUYER_00311,SELLER_00203,2025-10-06 09:28:00.752767,size_issue,approved,False,
RETURN_000312,ORDER_003273,BUYER_00311,SELLER_00350,2025-10-16 13:07:47.876643,size_issue,approved,False,
RETURN_000313,ORDER_003303,BUYER_00316,SELLER_00431,2025-11-23 12:07:40.773925,changed_mind,approved,False,
RETURN_000314,ORDER_003311,BUYER_00316,SELLER_00413,2025-12-17 17:42:12.524067,changed_mind,approved,False,
RETURN_000315,ORDER_003397,BUYER_00326,SELLER_00017,2025-09-12 06:05:44.130338,defective,approved,False,
RETURN_000316,ORDER_003455,BUYER_00333,SELLER_00374,2025-08-20 11:46:42.687619,defective,approved,False,
RETURN_000317,ORDER_003456,BUYER_00333,SELLER_00210,2025-03-20 12:51:15.389727,defective,approved,False,
RETURN_000318,ORDER_003460,BUYER_00333,SELLER_00358,2025-08-12 20:48:18.567080,wrong_item_received,approved,False,
RETURN_000319,ORDER_003476,BUYER_00335,SELLER_00275,2025-11-20 00:07:43.588629,changed_mind,approved,False,
RETURN_000320,ORDER_003516,BUYER_00338,SELLER_00423,2025-10-01 18:21:42.628700,changed_mind,approved,False,
RETURN_000321,ORDER_003534,BUYER_00340,SELLER_00494,2025-08-07 12:26:32.263259,size_issue,approved,True,return_abuse
RETURN_000322,ORDER_003538,BUYER_00340,SELLER_00185,2025-07-19 21:07:38.483602,changed_mind,approved,True,return_abuse
RETURN_000323,ORDER_003594,BUYER_00340,SELLER_00206,2025-07-08 05:35:41.853061,defective,approved,True,return_abuse
RETURN_000324,ORDER_003595,BUYER_00340,SELLER_00185,2025-11-22 16:26:49.298187,defective,approved,False,
RETURN_000325,ORDER_003607,BUYER_00342,SELLER_00044,2025-11-29 09:26:43.399148,changed_mind,approved,False,
RETURN_000326,ORDER_003627,BUYER_00343,SELLER_00472,2025-04-12 08:27:48.153881,size_issue,approved,False,
RETURN_000327,ORDER_003640,BUYER_00344,SELLER_00206,2025-12-03 22:41:35.651408,changed_mind,approved,False,
RETURN_000328,ORDER_003649,BUYER_00345,SELLER_00290,2025-12-15 21:38:27.622113,defective,approved,False,
RETURN_000329,ORDER_003657,BUYER_00345,SELLER_00243,2025-07-27 12:13:09.152658,wrong_item_received,approved,False,
RETURN_000330,ORDER_003659,BUYER_00346,SELLER_00230,2025-12-27 12:48:13.847016,size_issue,approved,False,
RETURN_000331,ORDER_003671,BUYER_00347,SELLER_00437,2025-11-21 12:20:08.946487,changed_mind,approved,False,
RETURN_000332,ORDER_003675,BUYER_00348,SELLER_00477,2025-03-14 21:18:38.396984,changed_mind,approved,False,
RETURN_000333,ORDER_003686,BUYER_00351,SELLER_00084,2025-10-18 13:08:03.181707,defective,approved,False,
RETURN_000334,ORDER_003688,BUYER_00352,SELLER_00398,2025-11-21 05:57:47.139564,changed_mind,approved,False,
RETURN_000335,ORDER_003714,BUYER_00354,SELLER_00240,2025-05-26 16:30:11.754455,changed_mind,approved,False,
RETURN_000336,ORDER_003723,BUYER_00355,SELLER_00475,2025-09-23 06:52:33.502483,wrong_item_received,approved,False,
RETURN_000337,ORDER_003753,BUYER_00358,SELLER_00329,2025-12-07 06:16:11.178538,defective,approved,False,
RETURN_000338,ORDER_003786,BUYER_00361,SELLER_00253,2025-11-12 23:13:44.147786,size_issue,approved,False,
RETURN_000339,ORDER_003796,BUYER_00362,SELLER_00274,2025-12-15 13:20:16.999795,size_issue,approved,False,
RETURN_000340,ORDER_003808,BUYER_00362,SELLER_00311,2025-10-23 23:01:58.248559,changed_mind,approved,False,
RETURN_000341,ORDER_003835,BUYER_00368,SELLER_00276,2025-12-28 13:21:55.332234,changed_mind,approved,False,
RETURN_000342,ORDER_003838,BUYER_00368,SELLER_00399,2025-11-28 15:46:26.098970,changed_mind,approved,False,
RETURN_000343,ORDER_003856,BUYER_00369,SELLER_00079,2025-12-20 09:52:35.975824,size_issue,approved,False,
RETURN_000344,ORDER_003864,BUYER_00370,SELLER_00382,2025-12-18 05:19:35.120640,changed_mind,approved,False,
RETURN_000345,ORDER_003865,BUYER_00370,SELLER_00472,2025-12-19 02:02:49.638482,changed_mind,approved,False,
RETURN_000346,ORDER_003880,BUYER_00371,SELLER_00477,2025-03-19 16:38:34.279184,changed_mind,approved,False,
RETURN_000347,ORDER_003896,BUYER_00372,SELLER_00347,2025-08-17 23:38:19.238693,defective,approved,False,
RETURN_000348,ORDER_003903,BUYER_00375,SELLER_00120,2025-11-11 12:41:11.420275,defective,approved,False,
RETURN_000349,ORDER_003942,BUYER_00379,SELLER_00016,2025-11-26 09:41:41.029080,defective,approved,False,
RETURN_000350,ORDER_003944,BUYER_00379,SELLER_00289,2025-11-16 03:14:49.223256,size_issue,approved,False,
RETURN_000351,ORDER_003951,BUYER_00379,SELLER_00233,2025-11-29 02:53:15.185518,changed_mind,approved,False,
RETURN_000352,ORDER_003960,BUYER_00380,SELLER_00141,2025-12-29 00:53:38.966788,defective,approved,False,
RETURN_000353,ORDER_003982,BUYER_00382,SELLER_00460,2025-05-23 15:23:31.907618,changed_mind,approved,False,
RETURN_000354,ORDER_003983,BUYER_00382,SELLER_00009,2025-12-18 13:56:21.044944,changed_mind,approved,False,
RETURN_000355,ORDER_003986,BUYER_00383,SELLER_00468,2025-08-13 21:31:33.726353,defective,approved,False,
RETURN_000356,ORDER_003991,BUYER_00383,SELLER_00015,2025-10-31 05:30:58.252337,changed_mind,approved,False,
RETURN_000357,ORDER_003995,BUYER_00384,SELLER_00434,2025-05-26 20:48:11.155172,defective,approved,False,
RETURN_000358,ORDER_004030,BUYER_00388,SELLER_00101,2025-12-16 06:57:19.409655,wrong_item_received,approved,False,
RETURN_000359,ORDER_004046,BUYER_00389,SELLER_00471,2025-09-23 01:27:30.101995,defective,approved,False,
RETURN_000360,ORDER_004068,BUYER_00390,SELLER_00256,2025-08-15 03:12:38.907554,wrong_item_received,approved,False,
RETURN_000361,ORDER_004082,BUYER_00391,SELLER_00122,2025-04-24 08:51:40.057359,changed_mind,approved,False,
RETURN_000362,ORDER_004101,BUYER_00393,SELLER_00485,2025-10-30 03:04:57.929577,wrong_item_received,approved,False,
RETURN_000363,ORDER_004118,BUYER_00396,SELLER_00377,2025-06-03 13:05:02.370422,size_issue,approved,False,
RETURN_000364,ORDER_004131,BUYER_00398,SELLER_00425,2025-11-08 04:59:54.908100,changed_mind,approved,False,
RETURN_000365,ORDER_004143,BUYER_00399,SELLER_00275,2025-11-17 17:46:51.848862,changed_mind,approved,False,
RETURN_000366,ORDER_004154,BUYER_00400,SELLER_00480,2025-10-12 03:12:05.300612,wrong_item_received,approved,False,
RETURN_000367,ORDER_004156,BUYER_00400,SELLER_00399,2025-09-20 19:37:09.025823,defective,approved,False,
RETURN_000368,ORDER_004157,BUYER_00400,SELLER_00020,2025-09-22 08:38:55.615837,wrong_item_received,approved,False,
RETURN_000369,ORDER_004158,BUYER_00400,SELLER_00016,2025-11-29 04:26:03.817503,changed_mind,approved,False,
RETURN_000370,ORDER_004163,BUYER_00401,SELLER_00206,2025-12-30 18:51:22.303654,changed_mind,approved,False,
RETURN_000371,ORDER_004164,BUYER_00401,SELLER_00360,2025-12-12 00:30:28.736369,defective,approved,False,
RETURN_000372,ORDER_004167,BUYER_00401,SELLER_00107,2025-12-16 05:09:48.613905,defective,approved,False,
RETURN_000373,ORDER_004171,BUYER_00402,SELLER_00316,2025-11-18 19:41:15.841580,changed_mind,approved,False,
RETURN_000374,ORDER_004172,BUYER_00402,SELLER_00155,2025-07-31 09:33:04.646614,changed_mind,approved,False,
RETURN_000375,ORDER_004173,BUYER_00402,SELLER_00356,2025-05-05 04:49:56.805618,changed_mind,approved,False,
RETURN_000376,ORDER_004177,BUYER_00402,SELLER_00178,2025-07-17 07:43:19.908152,size_issue,approved,False,
RETURN_000377,ORDER_004184,BUYER_00402,SELLER_00155,2025-02-22 07:03:39.262936,defective,approved,False,
RETURN_000378,ORDER_004186,BUYER_00402,SELLER_00288,2025-04-05 05:50:31.730615,defective,approved,False,
RETURN_000379,ORDER_004199,BUYER_00403,SELLER_00368,2025-12-14 13:30:49.040968,size_issue,approved,False,
RETURN_000380,ORDER_004239,BUYER_00408,SELLER_00451,2025-12-26 16:40:28.212559,changed_mind,approved,False,
RETURN_000381,ORDER_004242,BUYER_00408,SELLER_00126,2025-10-29 14:49:08.687961,defective,approved,False,
RETURN_000382,ORDER_004243,BUYER_00408,SELLER_00492,2025-06-17 06:58:35.999092,changed_mind,approved,False,
RETURN_000383,ORDER_004245,BUYER_00408,SELLER_00115,2025-08-15 04:13:21.681443,size_issue,approved,False,
RETURN_000384,ORDER_004250,BUYER_00408,SELLER_00082,2025-05-29 00:48:52.770186,wrong_item_received,approved,False,
RETURN_000385,ORDER_004252,BUYER_00408,SELLER_00113,2025-05-22 01:22:32.509081,changed_mind,approved,False,
RETURN_000386,ORDER_004253,BUYER_00408,SELLER_00388,2025-06-19 01:33:12.179006,size_issue,approved,False,
RETURN_000387,ORDER_004257,BUYER_00408,SELLER_00126,2025-06-26 08:44:29.953893,wrong_item_received,approved,False,
RETURN_000388,ORDER_004259,BUYER_00408,SELLER_00065,2025-12-12 19:07:51.123506,defective,approved,False,
RETURN_000389,ORDER_004260,BUYER_00408,SELLER_00058,2025-08-15 18:03:06.142796,changed_mind,approved,False,
RETURN_000390,ORDER_004261,BUYER_00408,SELLER_00285,2025-06-22 08:25:24.509768,size_issue,approved,False,
RETURN_000391,ORDER_004301,BUYER_00413,SELLER_00483,2025-10-18 21:51:53.508213,defective,approved,False,
RETURN_000392,ORDER_004325,BUYER_00414,SELLER_00214,2025-09-15 11:47:38.425157,changed_mind,approved,False,
RETURN_000393,ORDER_004328,BUYER_00414,SELLER_00439,2025-10-06 07:27:37.567520,defective,approved,False,
RETURN_000394,ORDER_004329,BUYER_00414,SELLER_00328,2025-12-07 02:09:05.741917,defective,approved,False,
RETURN_000395,ORDER_004347,BUYER_00415,SELLER_00178,2025-12-20 16:41:28.099548,changed_mind,approved,False,
RETURN_000396,ORDER_004354,BUYER_00417,SELLER_00032,2025-09-28 04:31:13.003708,changed_mind,approved,False,
RETURN_000397,ORDER_004369,BUYER_00418,SELLER_00316,2025-05-20 21:33:15.128497,defective,approved,False,
RETURN_000398,ORDER_004378,BUYER_00419,SELLER_00243,2025-08-21 18:08:56.868177,changed_mind,approved,False,
RETURN_000399,ORDER_004380,BUYER_00419,SELLER_00474,2025-07-31 08:28:25.339365,changed_mind,approved,False,
RETURN_000400,ORDER_004394,BUYER_00421,SELLER_00335,2025-07-19 08:23:30.715663,defective,approved,False,
RETURN_000401,ORDER_004413,BUYER_00423,SELLER_00126,2025-09-20 20:08:59.112111,defective,approved,False,
RETURN_000402,ORDER_004419,BUYER_00424,SELLER_00437,2025-10-28 08:15:03.880494,defective,approved,False,
RETURN_000403,ORDER_004442,BUYER_00427,SELLER_00108,2025-10-01 14:42:42.110763,changed_mind,approved,False,
RETURN_000404,ORDER_004447,BUYER_00427,SELLER_00157,2025-11-10 16:48:00.429040,changed_mind,approved,False,
RETURN_000405,ORDER_004451,BUYER_00428,SELLER_00023,2025-07-08 16:13:03.419981,size_issue,approved,False,
RETURN_000406,ORDER_004504,BUYER_00433,SELLER_00368,2025-11-08 02:37:47.285055,wrong_item_received,approved,False,
RETURN_000407,ORDER_004509,BUYER_00433,SELLER_00016,2025-11-22 04:18:29.792307,defective,approved,False,
RETURN_000408,ORDER_004531,BUYER_00436,SELLER_00016,2025-12-08 04:35:20.615439,wrong_item_received,approved,False,
RETURN_000409,ORDER_004541,BUYER_00437,SELLER_00269,2025-10-15 07:09:48.119359,changed_mind,approved,False,
RETURN_000410,ORDER_004582,BUYER_00440,SELLER_00232,2025-10-01 12:14:31.356642,changed_mind,approved,False,
RETURN_000411,ORDER_004598,BUYER_00441,SELLER_00313,2025-11-27 09:57:36.912152,defective,approved,False,
RETURN_000412,ORDER_004601,BUYER_00441,SELLER_00454,2025-12-30 06:11:45.386254,defective,approved,False,
RETURN_000413,ORDER_004603,BUYER_00441,SELLER_00071,2025-12-23 05:03:50.405486,wrong_item_received,approved,False,
RETURN_000414,ORDER_004607,BUYER_00441,SELLER_00275,2025-11-24 02:20:10.076504,defective,approved,False,
RETURN_000415,ORDER_004610,BUYER_00441,SELLER_00212,2025-12-23 20:55:01.417999,changed_mind,approved,False,
RETURN_000416,ORDER_004611,BUYER_00441,SELLER_00388,2025-11-02 15:36:35.791779,changed_mind,approved,False,
RETURN_000417,ORDER_004613,BUYER_00441,SELLER_00204,2025-11-12 23:53:14.246323,size_issue,approved,False,
RETURN_000418,ORDER_004618,BUYER_00442,SELLER_00021,2025-09-09 16:18:43.350733,changed_mind,approved,False,
RETURN_000419,ORDER_004693,BUYER_00447,SELLER_00092,2025-12-28 00:03:59.532044,changed_mind,approved,False,
RETURN_000420,ORDER_004697,BUYER_00448,SELLER_00289,2025-11-18 08:04:43.517804,changed_mind,approved,False,
RETURN_000421,ORDER_004698,BUYER_00448,SELLER_00167,2025-04-06 01:14:36.882290,size_issue,approved,False,
RETURN_000422,ORDER_004738,BUYER_00451,SELLER_00107,2025-08-04 20:28:07.048633,changed_mind,approved,False,
RETURN_000423,ORDER_004743,BUYER_00452,SELLER_00192,2025-06-04 22:14:16.367966,wrong_item_received,approved,False,
RETURN_000424,ORDER_004771,BUYER_00457,SELLER_00317,2025-11-30 17:34:37.917157,changed_mind,approved,False,
RETURN_000425,ORDER_004789,BUYER_00460,SELLER_00285,2025-10-17 09:56:04.138250,defective,approved,False,
RETURN_000426,ORDER_004795,BUYER_00461,SELLER_00171,2025-11-30 18:50:16.600550,defective,approved,False,
RETURN_000427,ORDER_004826,BUYER_00466,SELLER_00153,2025-12-07 17:37:29.878137,size_issue,approved,False,
RETURN_000428,ORDER_004827,BUYER_00466,SELLER_00300,2025-12-12 00:50:35.125779,changed_mind,approved,False,
RETURN_000429,ORDER_004833,BUYER_00466,SELLER_00016,2025-12-19 01:03:27.624900,changed_mind,approved,False,
RETURN_000430,ORDER_004840,BUYER_00466,SELLER_00421,2025-12-29 08:49:53.621005,size_issue,approved,False,
RETURN_000431,ORDER_004855,BUYER_00469,SELLER_00368,2025-10-11 08:03:05.480962,changed_mind,approved,False,
RETURN_000432,ORDER_004860,BUYER_00469,SELLER_00185,2025-10-07 13:32:58.351097,size_issue,approved,False,
RETURN_000433,ORDER_004868,BUYER_00469,SELLER_00344,2025-11-18 03:13:07.144335,wrong_item_received,approved,False,
RETURN_000434,ORDER_004869,BUYER_00469,SELLER_00096,2025-12-10 23:22:27.930396,size_issue,approved,False,
RETURN_000435,ORDER_004877,BUYER_00469,SELLER_00356,2025-11-06 10:55:43.867222,defective,approved,False,
RETURN_000436,ORDER_004878,BUYER_00469,SELLER_00258,2025-11-11 21:25:03.626697,defective,approved,False,
RETURN_000437,ORDER_004879,BUYER_00470,SELLER_00358,2025-10-08 02:47:14.180836,defective,approved,False,
RETURN_000438,ORDER_004895,BUYER_00471,SELLER_00445,2025-12-22 04:10:27.851355,size_issue,approved,False,
RETURN_000439,ORDER_004896,BUYER_00471,SELLER_00147,2025-12-14 07:54:39.730535,wrong_item_received,approved,False,
RETURN_000440,ORDER_004900,BUYER_00471,SELLER_00247,2025-12-24 06:42:04.593849,defective,approved,False,
RETURN_000441,ORDER_004902,BUYER_00471,SELLER_00123,2025-12-13 02:39:43.088297,changed_mind,approved,False,
RETURN_000442,ORDER_004908,BUYER_00472,SELLER_00100,2025-12-15 23:11:21.267485,size_issue,approved,False,
RETURN_000443,ORDER_004911,BUYER_00472,SELLER_00113,2025-10-24 10:03:00.503007,defective,approved,False,
RETURN_000444,ORDER_004912,BUYER_00472,SELLER_00007,2025-11-18 18:31:10.381107,changed_mind,approved,False,
RETURN_000445,ORDER_004913,BUYER_00472,SELLER_00347,2025-10-13 18:21:24.633354,changed_mind,approved,False,
RETURN_000446,ORDER_004917,BUYER_00473,SELLER_00381,2025-11-15 22:11:02.477755,changed_mind,approved,False,
RETURN_000447,ORDER_004918,BUYER_00473,SELLER_00225,2025-12-05 11:11:45.235779,changed_mind,approved,False,
RETURN_000448,ORDER_004925,BUYER_00473,SELLER_00399,2025-11-29 12:19:49.390701,size_issue,approved,False,
RETURN_000449,ORDER_004932,BUYER_00474,SELLER_00317,2025-06-14 09:42:02.416973,size_issue,approved,False,
RETURN_000450,ORDER_004970,BUYER_00481,SELLER_00423,2025-10-11 06:50:30.518249,changed_mind,approved,False,
RETURN_000451,ORDER_004988,BUYER_00484,SELLER_00138,2025-11-18 08:36:23.845968,size_issue,approved,False,
RETURN_000452,ORDER_005001,BUYER_00487,SELLER_00017,2025-12-24 07:07:38.156117,defective,approved,False,
RETURN_000453,ORDER_005024,BUYER_00490,SELLER_00087,2025-04-29 02:53:58.227298,changed_mind,approved,False,
RETURN_000454,ORDER_005037,BUYER_00491,SELLER_00431,2025-07-27 11:27:00.365089,size_issue,approved,False,
RETURN_000455,ORDER_005041,BUYER_00491,SELLER_00001,2025-07-25 11:10:08.730424,wrong_item_received,approved,False,
RETURN_000456,ORDER_005056,BUYER_00492,SELLER_00241,2025-08-16 07:49:49.500248,changed_mind,approved,False,
RETURN_000457,ORDER_005060,BUYER_00493,SELLER_00491,2025-10-16 14:26:01.136839,changed_mind,approved,False,
RETURN_000458,ORDER_005061,BUYER_00493,SELLER_00433,2025-12-03 16:17:08.891499,wrong_item_received,approved,False,
RETURN_000459,ORDER_005062,BUYER_00493,SELLER_00336,2025-10-31 21:42:15.865518,changed_mind,approved,False,
RETURN_000460,ORDER_005064,BUYER_00493,SELLER_00143,2025-08-05 05:20:18.887782,changed_mind,approved,False,
RETURN_000461,ORDER_005068,BUYER_00494,SELLER_00076,2025-11-17 10:47:58.863745,size_issue,approved,False,
RETURN_000462,ORDER_005072,BUYER_00494,SELLER_00109,2025-10-16 12:17:39.179311,changed_mind,approved,False,
RETURN_000463,ORDER_005077,BUYER_00494,SELLER_00376,2025-07-24 17:57:38.675390,changed_mind,approved,False,
RETURN_000464,ORDER_005080,BUYER_00495,SELLER_00000,2025-12-26 01:29:20.094280,changed_mind,approved,False,
RETURN_000465,ORDER_005086,BUYER_00495,SELLER_00265,2025-12-30 21:46:39.781963,size_issue,approved,False,
RETURN_000466,ORDER_005087,BUYER_00495,SELLER_00102,2025-12-22 08:16:25.599913,size_issue,approved,False,
RETURN_000467,ORDER_005088,BUYER_00495,SELLER_00446,2025-12-23 04:05:50.854345,changed_mind,approved,False,
RETURN_000468,ORDER_005099,BUYER_00497,SELLER_00150,2025-12-03 00:05:10.586148,wrong_item_received,approved,False,
RETURN_000469,ORDER_005109,BUYER_00498,SELLER_00207,2025-12-13 04:46:26.561634,defective,approved,False,
RETURN_000470,ORDER_005117,BUYER_00499,SELLER_00053,2025-12-07 04:41:55.766602,size_issue,approved,False,
RETURN_000471,ORDER_005124,BUYER_00500,SELLER_00413,2025-12-01 08:06:34.206778,wrong_item_received,approved,False,
RETURN_000472,ORDER_005171,BUYER_00507,SELLER_00057,2025-11-07 23:30:29.014586,wrong_item_received,approved,False,
RETURN_000473,ORDER_005172,BUYER_00507,SELLER_00271,2025-07-31 04:49:19.406054,size_issue,approved,False,
RETURN_000474,ORDER_005178,BUYER_00508,SELLER_00277,2025-12-28 07:04:07.062245,wrong_item_received,approved,False,
RETURN_000475,ORDER_005181,BUYER_00508,SELLER_00272,2025-11-23 19:37:58.905908,changed_mind,approved,False,
RETURN_000476,ORDER_005182,BUYER_00508,SELLER_00377,2025-09-13 10:29:56.198696,wrong_item_received,approved,False,
RETURN_000477,ORDER_005193,BUYER_00509,SELLER_00202,2025-10-15 10:54:07.975462,size_issue,approved,False,
RETURN_000478,ORDER_005214,BUYER_00510,SELLER_00055,2025-12-30 11:03:08.610739,changed_mind,approved,False,
RETURN_000479,ORDER_005227,BUYER_00512,SELLER_00271,2025-02-15 09:35:00.547342,defective,approved,False,
RETURN_000480,ORDER_005253,BUYER_00515,SELLER_00123,2025-07-28 12:40:00.659930,changed_mind,approved,False,
RETURN_000481,ORDER_005254,BUYER_00515,SELLER_00331,2025-12-05 00:19:16.086216,changed_mind,approved,False,
RETURN_000482,ORDER_005255,BUYER_00515,SELLER_00417,2025-05-28 06:55:53.392078,changed_mind,approved,False,
RETURN_000483,ORDER_005256,BUYER_00515,SELLER_00314,2025-02-21 01:04:01.557900,changed_mind,approved,False,
RETURN_000484,ORDER_005259,BUYER_00515,SELLER_00472,2025-10-06 19:50:10.051021,defective,approved,False,
RETURN_000485,ORDER_005261,BUYER_00515,SELLER_00494,2025-10-06 23:48:37.789309,changed_mind,approved,False,
RETURN_000486,ORDER_005265,BUYER_00517,SELLER_00183,2025-09-23 16:06:15.020936,changed_mind,approved,False,
RETURN_000487,ORDER_005270,BUYER_00518,SELLER_00082,2025-10-17 21:51:12.506054,size_issue,approved,False,
RETURN_000488,ORDER_005278,BUYER_00519,SELLER_00213,2025-10-19 19:10:37.714601,changed_mind,approved,False,
RETURN_000489,ORDER_005296,BUYER_00520,SELLER_00387,2025-05-08 06:24:46.244554,changed_mind,approved,False,
RETURN_000490,ORDER_005298,BUYER_00520,SELLER_00288,2025-06-15 20:06:23.347381,size_issue,approved,False,
RETURN_000491,ORDER_005303,BUYER_00520,SELLER_00164,2025-06-21 18:36:41.517915,defective,approved,False,
RETURN_000492,ORDER_005319,BUYER_00523,SELLER_00491,2025-05-03 22:26:26.788735,changed_mind,approved,False,
RETURN_000493,ORDER_005321,BUYER_00523,SELLER_00017,2025-09-25 18:35:23.223477,wrong_item_received,approved,False,
RETURN_000494,ORDER_005323,BUYER_00523,SELLER_00178,2025-06-18 21:50:28.743991,size_issue,approved,False,
RETURN_000495,ORDER_005326,BUYER_00524,SELLER_00168,2025-07-30 07:21:58.821847,size_issue,approved,False,
RETURN_000496,ORDER_005329,BUYER_00524,SELLER_00211,2025-09-17 23:30:30.785269,changed_mind,approved,False,
RETURN_000497,ORDER_005335,BUYER_00525,SELLER_00001,2025-12-19 16:51:40.119494,wrong_item_received,approved,False,
RETURN_000498,ORDER_005338,BUYER_00525,SELLER_00463,2025-12-27 17:14:45.128242,wrong_item_received,approved,False,
RETURN_000499,ORDER_005363,BUYER_00529,SELLER_00455,2025-04-27 03:33:38.345642,defective,approved,False,
RETURN_000500,ORDER_005375,BUYER_00529,SELLER_00455,2025-03-18 12:47:26.131604,wrong_item_received,approved,False,
RETURN_000501,ORDER_005377,BUYER_00530,SELLER_00302,2025-12-03 01:07:50.140222,size_issue,approved,False,
RETURN_000502,ORDER_005378,BUYER_00530,SELLER_00012,2025-06-29 01:44:11.687809,wrong_item_received,approved,False,
RETURN_000503,ORDER_005380,BUYER_00530,SELLER_00213,2025-07-11 00:38:21.776187,size_issue,approved,False,
RETURN_000504,ORDER_005383,BUYER_00530,SELLER_00164,2025-09-01 14:54:54.075592,defective,approved,False,
RETURN_000505,ORDER_005386,BUYER_00531,SELLER_00178,2025-12-09 23:10:15.167624,defective,approved,False,
RETURN_000506,ORDER_005388,BUYER_00531,SELLER_00007,2025-11-20 13:36:07.163433,size_issue,approved,False,
RETURN_000507,ORDER_005402,BUYER_00532,SELLER_00472,2025-11-08 02:11:55.366506,changed_mind,approved,False,
RETURN_000508,ORDER_005446,BUYER_00536,SELLER_00459,2025-07-03 10:07:42.298474,wrong_item_received,approved,False,
RETURN_000509,ORDER_005494,BUYER_00540,SELLER_00128,2025-11-29 22:30:23.669481,changed_mind,approved,False,
RETURN_000510,ORDER_005506,BUYER_00543,SELLER_00233,2025-12-22 00:14:11.727318,defective,approved,True,return_abuse
RETURN_000511,ORDER_005509,BUYER_00543,SELLER_00123,2025-11-09 17:23:20.553468,wrong_item_received,approved,False,
RETURN_000512,ORDER_005516,BUYER_00544,SELLER_00370,2025-08-29 19:21:00.361879,changed_mind,approved,False,
RETURN_000513,ORDER_005518,BUYER_00544,SELLER_00250,2025-03-07 03:31:20.798347,changed_mind,approved,False,
RETURN_000514,ORDER_005521,BUYER_00544,SELLER_00173,2025-05-30 21:33:05.681727,changed_mind,approved,False,
RETURN_000515,ORDER_005522,BUYER_00544,SELLER_00473,2025-05-15 15:19:09.660924,changed_mind,approved,False,
RETURN_000516,ORDER_005525,BUYER_00544,SELLER_00088,2025-10-27 16:25:53.934731,wrong_item_received,approved,False,
RETURN_000517,ORDER_005532,BUYER_00544,SELLER_00010,2025-11-01 18:06:47.144378,wrong_item_received,approved,False,
RETURN_000518,ORDER_005541,BUYER_00545,SELLER_00001,2025-06-23 05:37:41.617602,changed_mind,approved,False,
RETURN_000519,ORDER_005548,BUYER_00547,SELLER_00214,2025-08-22 15:08:13.096638,defective,approved,False,
RETURN_000520,ORDER_005555,BUYER_00547,SELLER_00049,2025-05-08 05:08:27.444785,changed_mind,approved,False,
RETURN_000521,ORDER_005558,BUYER_00547,SELLER_00248,2025-05-03 23:34:38.933434,size_issue,approved,False,
RETURN_000522,ORDER_005575,BUYER_00547,SELLER_00327,2025-07-18 19:45:05.095108,defective,approved,False,
RETURN_000523,ORDER_005587,BUYER_00549,SELLER_00126,2025-08-17 09:39:04.224338,changed_mind,approved,False,
RETURN_000524,ORDER_005604,BUYER_00550,SELLER_00199,2025-07-17 00:01:02.525320,changed_mind,approved,False,
RETURN_000525,ORDER_005605,BUYER_00550,SELLER_00065,2025-09-05 16:50:38.129071,defective,approved,False,
RETURN_000526,ORDER_005626,BUYER_00551,SELLER_00418,2025-08-08 21:10:33.776724,changed_mind,approved,False,
RETURN_000527,ORDER_005633,BUYER_00552,SELLER_00494,2025-12-29 00:25:25.298459,size_issue,approved,False,
RETURN_000528,ORDER_005636,BUYER_00552,SELLER_00487,2025-12-30 17:01:02.196656,size_issue,approved,False,
RETURN_000529,ORDER_005638,BUYER_00552,SELLER_00026,2025-12-25 01:13:47.230071,defective,approved,False,
RETURN_000530,ORDER_005640,BUYER_00553,SELLER_00478,2025-03-25 22:30:04.950613,changed_mind,approved,False,
RETURN_000531,ORDER_005690,BUYER_00556,SELLER_00016,2025-08-05 10:26:17.024216,defective,approved,False,
RETURN_000532,ORDER_005709,BUYER_00557,SELLER_00068,2025-12-01 00:24:05.822097,wrong_item_received,approved,False,
RETURN_000533,ORDER_005725,BUYER_00559,SELLER_00346,2025-09-04 06:27:36.952999,changed_mind,approved,False,
RETURN_000534,ORDER_005747,BUYER_00563,SELLER_00420,2025-05-25 21:03:21.145056,defective,approved,False,
RETURN_000535,ORDER_005775,BUYER_00565,SELLER_00140,2025-12-02 10:20:51.087795,size_issue,approved,False,
RETURN_000536,ORDER_005804,BUYER_00569,SELLER_00260,2025-09-28 04:51:25.656600,changed_mind,approved,False,
RETURN_000537,ORDER_005817,BUYER_00569,SELLER_00232,2025-11-24 16:51:06.689925,defective,approved,False,
RETURN_000538,ORDER_005831,BUYER_00571,SELLER_00167,2025-12-05 18:11:29.990683,size_issue,approved,False,
RETURN_000539,ORDER_005883,BUYER_00576,SELLER_00460,2025-10-20 07:16:22.629314,wrong_item_received,approved,False,
RETURN_000540,ORDER_005887,BUYER_00576,SELLER_00129,2025-11-05 19:41:56.333670,defective,approved,False,
RETURN_000541,ORDER_005907,BUYER_00578,SELLER_00172,2025-05-06 04:35:18.323581,defective,approved,False,
RETURN_000542,ORDER_005936,BUYER_00580,SELLER_00438,2025-11-22 16:39:47.432915,wrong_item_received,approved,False,
RETURN_000543,ORDER_005942,BUYER_00580,SELLER_00450,2025-12-04 13:48:00.340947,changed_mind,approved,False,
RETURN_000544,ORDER_005954,BUYER_00581,SELLER_00488,2025-05-16 14:48:09.129873,changed_mind,approved,False,
RETURN_000545,ORDER_005960,BUYER_00582,SELLER_00290,2025-12-14 09:07:45.606388,defective,approved,False,
RETURN_000546,ORDER_005965,BUYER_00583,SELLER_00387,2025-08-18 04:35:03.118586,defective,approved,False,
RETURN_000547,ORDER_006024,BUYER_00588,SELLER_00123,2025-11-28 00:07:52.760856,wrong_item_received,approved,False,
RETURN_000548,ORDER_006045,BUYER_00589,SELLER_00024,2025-12-05 07:58:43.160831,wrong_item_received,approved,False,
RETURN_000549,ORDER_006058,BUYER_00591,SELLER_00468,2025-11-03 08:01:01.823714,defective,approved,False,
RETURN_000550,ORDER_006059,BUYER_00591,SELLER_00459,2025-11-22 11:10:53.372804,changed_mind,approved,False,
RETURN_000551,ORDER_006063,BUYER_00591,SELLER_00305,2025-11-20 20:17:05.476781,defective,approved,False,
RETURN_000552,ORDER_006065,BUYER_00591,SELLER_00123,2025-12-30 02:10:24.787304,wrong_item_received,approved,False,
RETURN_000553,ORDER_006071,BUYER_00592,SELLER_00036,2025-12-22 07:37:51.357844,changed_mind,approved,False,
RETURN_000554,ORDER_006098,BUYER_00595,SELLER_00338,2025-12-26 00:22:08.363959,defective,approved,False,
RETURN_000555,ORDER_006127,BUYER_00599,SELLER_00466,2025-10-05 11:47:19.885487,changed_mind,approved,False,
RETURN_000556,ORDER_006133,BUYER_00599,SELLER_00024,2025-07-25 12:46:01.578219,changed_mind,approved,True,return_abuse
RETURN_000557,ORDER_006160,BUYER_00603,SELLER_00068,2025-10-27 06:58:43.686356,changed_mind,approved,False,
RETURN_000558,ORDER_006205,BUYER_00606,SELLER_00017,2025-10-10 23:30:42.989293,size_issue,approved,True,return_abuse
RETURN_000559,ORDER_006207,BUYER_00606,SELLER_00077,2025-09-15 18:47:41.932395,defective,approved,False,
RETURN_000560,ORDER_006210,BUYER_00606,SELLER_00241,2025-10-22 15:05:56.999794,defective,approved,False,
RETURN_000561,ORDER_006219,BUYER_00609,SELLER_00126,2025-03-20 15:05:42.892759,wrong_item_received,approved,False,
RETURN_000562,ORDER_006220,BUYER_00609,SELLER_00271,2025-05-23 00:46:05.964033,defective,approved,False,
RETURN_000563,ORDER_006221,BUYER_00609,SELLER_00143,2025-07-05 01:21:11.464823,changed_mind,approved,False,
RETURN_000564,ORDER_006244,BUYER_00612,SELLER_00237,2025-09-28 01:29:31.006991,defective,approved,False,
RETURN_000565,ORDER_006250,BUYER_00612,SELLER_00291,2025-11-28 18:25:19.723668,defective,approved,False,
RETURN_000566,ORDER_006251,BUYER_00612,SELLER_00210,2025-10-11 17:28:03.231094,wrong_item_received,approved,False,
RETURN_000567,ORDER_006253,BUYER_00612,SELLER_00256,2025-12-13 23:42:19.508806,wrong_item_received,approved,False,
RETURN_000568,ORDER_006293,BUYER_00617,SELLER_00308,2025-07-12 18:44:41.534596,changed_mind,approved,False,
RETURN_000569,ORDER_006300,BUYER_00617,SELLER_00213,2025-03-27 13:37:21.058020,changed_mind,approved,False,
RETURN_000570,ORDER_006328,BUYER_00619,SELLER_00054,2025-09-02 20:22:04.994278,size_issue,approved,False,
RETURN_000571,ORDER_006366,BUYER_00623,SELLER_00498,2025-12-25 17:14:16.490291,defective,approved,False,
RETURN_000572,ORDER_006369,BUYER_00623,SELLER_00185,2025-09-24 07:23:49.996247,changed_mind,approved,False,
RETURN_000573,ORDER_006372,BUYER_00623,SELLER_00354,2025-09-15 20:58:45.752048,size_issue,approved,False,
RETURN_000574,ORDER_006423,BUYER_00627,SELLER_00439,2025-12-21 01:33:22.007303,wrong_item_received,approved,False,
RETURN_000575,ORDER_006436,BUYER_00628,SELLER_00277,2025-02-11 15:49:16.909709,changed_mind,approved,False,
RETURN_000576,ORDER_006449,BUYER_00630,SELLER_00313,2025-10-22 10:44:43.335861,size_issue,approved,False,
RETURN_000577,ORDER_006465,BUYER_00633,SELLER_00246,2025-09-29 09:01:51.843194,size_issue,approved,False,
RETURN_000578,ORDER_006466,BUYER_00633,SELLER_00218,2025-09-10 06:46:50.223673,size_issue,approved,False,
RETURN_000579,ORDER_006476,BUYER_00634,SELLER_00181,2025-10-02 10:45:09.291166,size_issue,approved,False,
RETURN_000580,ORDER_006499,BUYER_00638,SELLER_00045,2025-09-25 07:18:16.069929,changed_mind,approved,False,
RETURN_000581,ORDER_006507,BUYER_00638,SELLER_00437,2025-10-26 07:55:21.574200,defective,approved,False,
RETURN_000582,ORDER_006510,BUYER_00639,SELLER_00387,2025-08-07 21:39:06.934471,size_issue,approved,False,
RETURN_000583,ORDER_006511,BUYER_00639,SELLER_00387,2025-06-25 13:49:41.526904,size_issue,approved,False,
RETURN_000584,ORDER_006514,BUYER_00639,SELLER_00335,2025-07-10 15:01:53.503353,defective,approved,True,return_abuse
RETURN_000585,ORDER_006539,BUYER_00642,SELLER_00107,2025-04-29 13:27:47.097610,changed_mind,approved,False,
RETURN_000586,ORDER_006546,BUYER_00642,SELLER_00091,2025-08-24 09:12:55.614357,changed_mind,approved,False,
RETURN_000587,ORDER_006568,BUYER_00645,SELLER_00376,2025-11-02 21:35:54.834722,defective,approved,False,
RETURN_000588,ORDER_006573,BUYER_00645,SELLER_00065,2025-12-26 08:20:40.688401,defective,approved,False,
RETURN_000589,ORDER_006574,BUYER_00646,SELLER_00065,2025-10-23 11:33:10.504017,changed_mind,approved,False,
RETURN_000590,ORDER_006578,BUYER_00646,SELLER_00313,2025-08-03 10:06:12.369514,size_issue,approved,False,
RETURN_000591,ORDER_006581,BUYER_00646,SELLER_00316,2025-09-18 20:20:58.906203,changed_mind,approved,False,
RETURN_000592,ORDER_006583,BUYER_00647,SELLER_00399,2025-10-07 20:07:18.063180,size_issue,approved,False,
RETURN_000593,ORDER_006585,BUYER_00647,SELLER_00351,2025-12-07 11:29:18.040151,wrong_item_received,approved,False,
RETURN_000594,ORDER_006599,BUYER_00649,SELLER_00160,2025-09-27 22:07:02.589764,changed_mind,approved,False,
RETURN_000595,ORDER_006614,BUYER_00650,SELLER_00467,2025-12-22 13:18:14.866165,wrong_item_received,approved,False,
RETURN_000596,ORDER_006616,BUYER_00650,SELLER_00462,2025-12-29 12:18:08.361543,defective,approved,False,
RETURN_000597,ORDER_006621,BUYER_00650,SELLER_00491,2025-12-27 02:15:25.006140,defective,approved,False,
RETURN_000598,ORDER_006623,BUYER_00651,SELLER_00040,2025-11-29 22:50:49.429855,size_issue,approved,False,
RETURN_000599,ORDER_006626,BUYER_00651,SELLER_00013,2025-05-25 03:59:43.838251,size_issue,approved,False,
RETURN_000600,ORDER_006627,BUYER_00651,SELLER_00289,2025-08-28 20:16:56.333222,changed_mind,approved,False,
RETURN_000601,ORDER_006629,BUYER_00652,SELLER_00484,2025-04-22 08:34:34.187350,defective,approved,False,
RETURN_000602,ORDER_006630,BUYER_00652,SELLER_00107,2025-09-01 15:52:50.813575,wrong_item_received,approved,False,
RETURN_000603,ORDER_006637,BUYER_00652,SELLER_00290,2025-06-14 18:38:35.999987,defective,approved,False,
RETURN_000604,ORDER_006646,BUYER_00652,SELLER_00164,2025-07-25 18:54:19.059679,defective,approved,False,
RETURN_000605,ORDER_006647,BUYER_00652,SELLER_00473,2025-12-08 23:59:31.040651,defective,approved,False,
RETURN_000606,ORDER_006652,BUYER_00653,SELLER_00113,2025-01-27 23:59:43.785160,defective,approved,False,
RETURN_000607,ORDER_006673,BUYER_00656,SELLER_00344,2025-10-27 05:35:22.909616,size_issue,approved,False,
RETURN_000608,ORDER_006675,BUYER_00656,SELLER_00244,2025-11-21 06:19:35.641618,changed_mind,approved,False,
RETURN_000609,ORDER_006679,BUYER_00657,SELLER_00460,2025-08-09 11:30:28.182502,defective,approved,False,
RETURN_000610,ORDER_006702,BUYER_00658,SELLER_00232,2025-12-11 08:38:41.993923,size_issue,approved,False,
RETURN_000611,ORDER_006745,BUYER_00659,SELLER_00468,2025-12-16 07:22:35.818998,wrong_item_received,approved,False,
RETURN_000612,ORDER_006759,BUYER_00660,SELLER_00210,2025-09-26 16:27:52.481924,defective,approved,False,
RETURN_000613,ORDER_006769,BUYER_00661,SELLER_00343,2025-03-05 10:15:03.966493,wrong_item_received,approved,False,
RETURN_000614,ORDER_006773,BUYER_00661,SELLER_00473,2025-03-30 13:13:11.362156,defective,approved,False,
RETURN_000615,ORDER_006779,BUYER_00661,SELLER_00054,2025-05-18 06:14:34.496123,defective,approved,False,
RETURN_000616,ORDER_006794,BUYER_00661,SELLER_00326,2025-10-13 23:14:13.995027,changed_mind,approved,False,
RETURN_000617,ORDER_006806,BUYER_00664,SELLER_00049,2025-08-05 07:17:26.810524,defective,approved,False,
RETURN_000618,ORDER_006814,BUYER_00665,SELLER_00058,2025-08-24 13:43:37.634427,changed_mind,approved,False,
RETURN_000619,ORDER_006862,BUYER_00669,SELLER_00054,2025-12-22 03:43:24.214012,defective,approved,False,
RETURN_000620,ORDER_006865,BUYER_00669,SELLER_00126,2025-06-19 15:12:30.877462,defective,approved,False,
RETURN_000621,ORDER_006867,BUYER_00669,SELLER_00105,2025-04-27 07:02:48.590038,wrong_item_received,approved,False,
RETURN_000622,ORDER_006874,BUYER_00669,SELLER_00210,2025-06-12 14:38:16.809358,changed_mind,approved,False,
RETURN_000623,ORDER_006876,BUYER_00669,SELLER_00175,2025-07-12 14:07:03.253030,changed_mind,approved,False,
RETURN_000624,ORDER_006880,BUYER_00670,SELLER_00081,2025-05-26 23:02:09.118339,changed_mind,approved,False,
RETURN_000625,ORDER_006906,BUYER_00671,SELLER_00042,2025-06-22 12:50:52.253431,changed_mind,approved,False,
RETURN_000626,ORDER_006914,BUYER_00672,SELLER_00004,2025-12-20 16:39:37.481381,size_issue,approved,True,return_abuse
RETURN_000627,ORDER_006934,BUYER_00673,SELLER_00209,2025-08-19 11:54:04.938589,wrong_item_received,approved,False,
RETURN_000628,ORDER_006949,BUYER_00674,SELLER_00376,2025-09-11 10:07:26.596952,defective,approved,False,
RETURN_000629,ORDER_006974,BUYER_00676,SELLER_00065,2025-10-31 17:53:29.771550,wrong_item_received,approved,False,
RETURN_000630,ORDER_007022,BUYER_00680,SELLER_00044,2025-12-12 10:51:23.758825,changed_mind,approved,False,
RETURN_000631,ORDER_007031,BUYER_00681,SELLER_00411,2025-12-25 06:27:42.514896,changed_mind,approved,False,
RETURN_000632,ORDER_007039,BUYER_00683,SELLER_00089,2025-10-23 09:17:35.152425,changed_mind,approved,False,
RETURN_000633,ORDER_007046,BUYER_00683,SELLER_00265,2025-12-27 22:53:29.595634,size_issue,approved,False,
RETURN_000634,ORDER_007058,BUYER_00685,SELLER_00312,2025-11-23 12:07:53.552841,changed_mind,approved,False,
RETURN_000635,ORDER_007061,BUYER_00685,SELLER_00298,2025-12-26 01:27:09.274361,size_issue,approved,False,
RETURN_000636,ORDER_007063,BUYER_00685,SELLER_00087,2025-12-17 19:28:10.028242,wrong_item_received,approved,False,
RETURN_000637,ORDER_007066,BUYER_00685,SELLER_00170,2025-12-09 23:50:02.170326,defective,approved,False,
RETURN_000638,ORDER_007103,BUYER_00690,SELLER_00183,2025-10-11 07:50:07.071954,size_issue,approved,False,
RETURN_000639,ORDER_007107,BUYER_00691,SELLER_00178,2025-12-09 01:13:50.889146,changed_mind,approved,False,
RETURN_000640,ORDER_007112,BUYER_00691,SELLER_00381,2025-12-28 07:02:57.497204,changed_mind,approved,False,
RETURN_000641,ORDER_007113,BUYER_00691,SELLER_00494,2025-11-13 18:44:47.767627,changed_mind,approved,False,
RETURN_000642,ORDER_007114,BUYER_00691,SELLER_00226,2025-11-19 16:18:36.433669,defective,approved,False,
RETURN_000643,ORDER_007116,BUYER_00691,SELLER_00175,2025-12-23 15:21:20.893882,changed_mind,approved,False,
RETURN_000644,ORDER_007117,BUYER_00691,SELLER_00087,2025-12-24 21:33:32.359555,size_issue,approved,False,
RETURN_000645,ORDER_007123,BUYER_00691,SELLER_00177,2025-11-23 16:36:21.216701,defective,approved,False,
RETURN_000646,ORDER_007127,BUYER_00691,SELLER_00302,2025-11-21 01:07:48.333738,changed_mind,approved,False,
RETURN_000647,ORDER_007152,BUYER_00693,SELLER_00095,2025-11-18 03:25:19.491833,defective,approved,False,
RETURN_000648,ORDER_007169,BUYER_00696,SELLER_00413,2025-05-05 21:26:30.936435,size_issue,approved,False,
RETURN_000649,ORDER_007213,BUYER_00702,SELLER_00405,2025-04-02 22:11:55.354837,changed_mind,approved,False,
RETURN_000650,ORDER_007245,BUYER_00703,SELLER_00478,2025-04-21 18:42:08.854449,changed_mind,approved,False,
RETURN_000651,ORDER_007260,BUYER_00706,SELLER_00087,2025-11-30 14:18:13.023859,wrong_item_received,approved,False,
RETURN_000652,ORDER_007264,BUYER_00706,SELLER_00077,2025-03-09 22:01:02.206547,changed_mind,approved,False,
RETURN_000653,ORDER_007265,BUYER_00706,SELLER_00024,2025-06-11 08:25:48.846814,size_issue,approved,False,
RETURN_000654,ORDER_007266,BUYER_00706,SELLER_00191,2025-02-17 15:25:10.986207,size_issue,approved,False,
RETURN_000655,ORDER_007275,BUYER_00707,SELLER_00296,2025-12-18 20:25:24.284942,size_issue,approved,False,
RETURN_000656,ORDER_007278,BUYER_00708,SELLER_00473,2025-12-17 19:29:38.150844,defective,approved,False,
RETURN_000657,ORDER_007283,BUYER_00709,SELLER_00077,2025-05-26 14:08:21.218883,size_issue,approved,False,
RETURN_000658,ORDER_007294,BUYER_00709,SELLER_00316,2025-11-27 06:23:59.594163,changed_mind,approved,False,
RETURN_000659,ORDER_007304,BUYER_00710,SELLER_00141,2025-10-04 07:07:07.284219,size_issue,approved,False,
RETURN_000660,ORDER_007309,BUYER_00710,SELLER_00160,2025-10-17 19:38:02.874037,wrong_item_received,approved,False,
RETURN_000661,ORDER_007310,BUYER_00710,SELLER_00355,2025-09-22 03:15:57.310718,size_issue,approved,False,
RETURN_000662,ORDER_007313,BUYER_00711,SELLER_00143,2025-09-17 21:54:22.851416,wrong_item_received,approved,False,
RETURN_000663,ORDER_007328,BUYER_00712,SELLER_00127,2025-12-02 19:13:10.303994,size_issue,approved,False,
RETURN_000664,ORDER_007347,BUYER_00716,SELLER_00316,2025-11-22 01:35:05.888048,size_issue,approved,False,
RETURN_000665,ORDER_007372,BUYER_00718,SELLER_00481,2025-08-08 16:42:10.517244,changed_mind,approved,False,
RETURN_000666,ORDER_007376,BUYER_00718,SELLER_00189,2025-12-22 18:41:49.162340,defective,approved,False,
RETURN_000667,ORDER_007380,BUYER_00718,SELLER_00061,2025-12-17 17:41:42.718612,changed_mind,approved,False,
RETURN_000668,ORDER_007389,BUYER_00719,SELLER_00275,2025-12-25 08:59:18.286281,changed_mind,approved,False,
RETURN_000669,ORDER_007396,BUYER_00720,SELLER_00051,2025-12-02 11:49:16.917015,defective,approved,False,
RETURN_000670,ORDER_007452,BUYER_00723,SELLER_00269,2025-08-07 13:19:58.233834,defective,approved,False,
RETURN_000671,ORDER_007465,BUYER_00725,SELLER_00192,2025-10-03 21:19:59.360775,changed_mind,approved,False,
RETURN_000672,ORDER_007470,BUYER_00725,SELLER_00277,2025-09-11 01:44:30.005504,defective,approved,False,
RETURN_000673,ORDER_007478,BUYER_00725,SELLER_00024,2025-09-29 01:53:39.111600,wrong_item_received,approved,False,
RETURN_000674,ORDER_007479,BUYER_00725,SELLER_00143,2025-09-21 02:53:22.936414,size_issue,approved,False,
RETURN_000675,ORDER_007481,BUYER_00725,SELLER_00244,2025-09-26 03:46:23.600609,defective,approved,False,
RETURN_000676,ORDER_007485,BUYER_00725,SELLER_00135,2025-09-26 04:37:13.843821,changed_mind,approved,False,
RETURN_000677,ORDER_007486,BUYER_00725,SELLER_00211,2025-09-21 14:02:57.195840,defective,approved,False,
RETURN_000678,ORDER_007489,BUYER_00727,SELLER_00260,2025-08-12 07:00:53.567123,defective,approved,False,
RETURN_000679,ORDER_007516,BUYER_00729,SELLER_00001,2025-12-13 23:44:09.783747,wrong_item_received,approved,False,
RETURN_000680,ORDER_007526,BUYER_00729,SELLER_00082,2025-06-19 18:57:55.332252,size_issue,approved,False,
RETURN_000681,ORDER_007536,BUYER_00731,SELLER_00164,2025-11-03 12:55:57.792172,defective,approved,False,
RETURN_000682,ORDER_007557,BUYER_00735,SELLER_00488,2025-11-15 20:42:33.187303,changed_mind,approved,False,
RETURN_000683,ORDER_007563,BUYER_00736,SELLER_00324,2025-12-06 09:14:54.467462,defective,approved,False,
RETURN_000684,ORDER_007566,BUYER_00738,SELLER_00432,2025-09-14 18:33:36.040547,changed_mind,approved,False,
RETURN_000685,ORDER_007581,BUYER_00739,SELLER_00325,2025-04-15 08:56:03.220422,changed_mind,approved,False,
RETURN_000686,ORDER_007584,BUYER_00740,SELLER_00070,2025-11-23 10:24:15.588516,wrong_item_received,approved,False,
RETURN_000687,ORDER_007600,BUYER_00741,SELLER_00426,2025-09-28 04:50:42.043014,changed_mind,approved,False,
RETURN_000688,ORDER_007610,BUYER_00742,SELLER_00158,2025-08-20 11:23:00.105384,defective,approved,False,
RETURN_000689,ORDER_007617,BUYER_00743,SELLER_00233,2025-02-12 21:42:05.114923,changed_mind,approved,False,
RETURN_000690,ORDER_007621,BUYER_00744,SELLER_00413,2025-09-18 02:38:12.958844,size_issue,approved,False,
RETURN_000691,ORDER_007624,BUYER_00744,SELLER_00020,2025-09-12 02:27:27.724919,defective,approved,False,
RETURN_000692,ORDER_007630,BUYER_00744,SELLER_00398,2025-11-10 01:53:41.380370,wrong_item_received,approved,False,
RETURN_000693,ORDER_007647,BUYER_00746,SELLER_00483,2025-11-07 16:14:49.788982,wrong_item_received,approved,False,
RETURN_000694,ORDER_007664,BUYER_00748,SELLER_00155,2025-08-04 05:02:42.157621,defective,approved,True,return_abuse
RETURN_000695,ORDER_007713,BUYER_00754,SELLER_00453,2025-10-28 09:04:20.271421,changed_mind,approved,False,
RETURN_000696,ORDER_007721,BUYER_00755,SELLER_00314,2025-08-15 23:09:00.171751,size_issue,approved,False,
RETURN_000697,ORDER_007732,BUYER_00756,SELLER_00323,2025-11-11 04:59:39.323570,changed_mind,approved,False,
RETURN_000698,ORDER_007733,BUYER_00756,SELLER_00288,2025-10-25 16:20:54.479991,size_issue,approved,False,
RETURN_000699,ORDER_007735,BUYER_00756,SELLER_00369,2025-10-29 21:35:01.273857,changed_mind,approved,False,
RETURN_000700,ORDER_007759,BUYER_00759,SELLER_00330,2025-11-01 14:19:03.761479,changed_mind,approved,False,
RETURN_000701,ORDER_007780,BUYER_00760,SELLER_00430,2025-12-24 18:46:15.914445,changed_mind,approved,False,
RETURN_000702,ORDER_007784,BUYER_00760,SELLER_00138,2025-12-11 15:02:25.383549,defective,approved,False,
RETURN_000703,ORDER_007833,BUYER_00767,SELLER_00175,2025-05-01 01:20:50.531802,wrong_item_received,approved,False,
RETURN_000704,ORDER_007844,BUYER_00768,SELLER_00347,2025-11-04 10:41:11.907766,wrong_item_received,approved,False,
RETURN_000705,ORDER_007849,BUYER_00769,SELLER_00438,2025-11-26 07:32:23.363821,changed_mind,approved,False,
RETURN_000706,ORDER_007851,BUYER_00769,SELLER_00275,2025-10-28 05:05:57.540753,defective,approved,False,
RETURN_000707,ORDER_007854,BUYER_00769,SELLER_00365,2025-11-12 07:07:36.389181,size_issue,approved,False,
RETURN_000708,ORDER_007856,BUYER_00769,SELLER_00016,2025-12-14 11:36:35.831129,size_issue,approved,False,
RETURN_000709,ORDER_007857,BUYER_00769,SELLER_00017,2025-11-11 16:57:18.799535,defective,approved,False,
RETURN_000710,ORDER_007859,BUYER_00769,SELLER_00200,2025-12-14 10:57:15.299649,defective,approved,False,
RETURN_000711,ORDER_007860,BUYER_00769,SELLER_00313,2025-12-06 10:57:13.363026,size_issue,approved,False,
RETURN_000712,ORDER_007879,BUYER_00771,SELLER_00366,2025-10-15 01:10:02.274379,changed_mind,approved,False,
RETURN_000713,ORDER_007891,BUYER_00773,SELLER_00326,2025-10-26 10:59:58.425115,defective,approved,False,
RETURN_000714,ORDER_007892,BUYER_00773,SELLER_00173,2025-09-24 21:46:55.578847,defective,approved,False,
RETURN_000715,ORDER_007893,BUYER_00773,SELLER_00108,2025-11-06 15:41:15.602468,wrong_item_received,approved,False,
RETURN_000716,ORDER_007897,BUYER_00773,SELLER_00016,2025-12-13 11:08:11.046637,changed_mind,approved,False,
RETURN_000717,ORDER_007901,BUYER_00773,SELLER_00065,2025-11-11 02:51:16.620514,size_issue,approved,False,
RETURN_000718,ORDER_007902,BUYER_00773,SELLER_00244,2025-09-23 05:01:40.793712,defective,approved,False,
RETURN_000719,ORDER_007906,BUYER_00774,SELLER_00028,2025-10-16 05:05:12.017196,changed_mind,approved,False,
RETURN_000720,ORDER_007929,BUYER_00777,SELLER_00483,2025-11-25 08:54:25.534489,wrong_item_received,approved,False,
RETURN_000721,ORDER_007934,BUYER_00778,SELLER_00100,2025-05-10 21:33:25.937868,defective,approved,False,
RETURN_000722,ORDER_007935,BUYER_00778,SELLER_00481,2025-05-09 17:43:04.091459,size_issue,approved,False,
RETURN_000723,ORDER_007938,BUYER_00778,SELLER_00007,2025-08-26 20:47:01.267332,size_issue,approved,False,
RETURN_000724,ORDER_007939,BUYER_00778,SELLER_00100,2025-06-14 02:36:44.367928,changed_mind,approved,False,
RETURN_000725,ORDER_007944,BUYER_00778,SELLER_00191,2025-04-09 07:11:01.920484,size_issue,approved,False,
RETURN_000726,ORDER_007954,BUYER_00778,SELLER_00343,2025-09-21 08:01:46.902599,defective,approved,False,
RETURN_000727,ORDER_007957,BUYER_00778,SELLER_00191,2025-04-05 01:44:45.216283,changed_mind,approved,False,
RETURN_000728,ORDER_007964,BUYER_00778,SELLER_00481,2025-07-22 21:11:51.606387,changed_mind,approved,False,
RETURN_000729,ORDER_007967,BUYER_00778,SELLER_00316,2025-08-07 22:24:30.713458,size_issue,approved,False,
RETURN_000730,ORDER_007970,BUYER_00778,SELLER_00455,2025-04-16 17:34:33.205906,defective,approved,False,
RETURN_000731,ORDER_007971,BUYER_00778,SELLER_00333,2025-06-01 01:51:07.611560,changed_mind,approved,False,
RETURN_000732,ORDER_007976,BUYER_00779,SELLER_00347,2025-06-25 00:23:46.696163,defective,approved,False,
RETURN_000733,ORDER_007983,BUYER_00779,SELLER_00169,2025-07-05 10:21:52.727570,size_issue,approved,False,
RETURN_000734,ORDER_007984,BUYER_00779,SELLER_00358,2025-11-28 17:47:40.642543,size_issue,approved,False,
RETURN_000735,ORDER_007995,BUYER_00780,SELLER_00312,2025-09-05 17:00:37.024097,defective,approved,False,
RETURN_000736,ORDER_008004,BUYER_00780,SELLER_00290,2025-12-15 10:37:01.886315,wrong_item_received,approved,False,
RETURN_000737,ORDER_008042,BUYER_00784,SELLER_00265,2025-11-01 17:56:29.057788,defective,approved,False,
RETURN_000738,ORDER_008044,BUYER_00784,SELLER_00371,2025-10-09 10:57:46.011926,changed_mind,approved,False,
RETURN_000739,ORDER_008060,BUYER_00786,SELLER_00227,2025-06-26 03:10:55.774242,changed_mind,approved,False,
RETURN_000740,ORDER_008066,BUYER_00787,SELLER_00294,2025-11-17 17:36:09.162670,changed_mind,approved,False,
RETURN_000741,ORDER_008095,BUYER_00787,SELLER_00119,2025-11-29 10:58:02.919820,wrong_item_received,approved,False,
RETURN_000742,ORDER_008097,BUYER_00787,SELLER_00183,2025-12-16 23:15:02.590758,defective,approved,False,
RETURN_000743,ORDER_008121,BUYER_00787,SELLER_00441,2025-11-25 13:32:22.042715,wrong_item_received,approved,False,
RETURN_000744,ORDER_008123,BUYER_00787,SELLER_00100,2025-11-05 13:27:10.351919,wrong_item_received,approved,False,
RETURN_000745,ORDER_008151,BUYER_00788,SELLER_00455,2025-12-30 20:10:59.052030,size_issue,approved,False,
RETURN_000746,ORDER_008169,BUYER_00790,SELLER_00243,2025-11-14 07:07:44.766521,wrong_item_received,approved,False,
RETURN_000747,ORDER_008196,BUYER_00794,SELLER_00013,2025-02-11 21:18:04.822070,changed_mind,approved,False,
RETURN_000748,ORDER_008198,BUYER_00795,SELLER_00269,2025-10-10 13:04:12.904065,defective,approved,False,
RETURN_000749,ORDER_008201,BUYER_00795,SELLER_00468,2025-09-24 20:55:26.520934,changed_mind,approved,False,
RETURN_000750,ORDER_008206,BUYER_00795,SELLER_00123,2025-12-25 18:09:21.124191,size_issue,approved,False,
RETURN_000751,ORDER_008213,BUYER_00795,SELLER_00400,2025-10-18 14:23:36.654100,changed_mind,approved,False,
RETURN_000752,ORDER_008223,BUYER_00796,SELLER_00078,2025-12-30 01:44:33.099686,changed_mind,approved,False,
RETURN_000753,ORDER_008241,BUYER_00796,SELLER_00206,2025-12-17 17:52:21.642880,size_issue,approved,False,
RETURN_000754,ORDER_008308,BUYER_00805,SELLER_00399,2025-10-15 08:20:11.162383,size_issue,approved,False,
RETURN_000755,ORDER_008311,BUYER_00806,SELLER_00455,2025-02-18 11:27:18.179902,size_issue,approved,False,
RETURN_000756,ORDER_008336,BUYER_00808,SELLER_00059,2025-09-08 21:06:58.773315,defective,approved,False,
RETURN_000757,ORDER_008341,BUYER_00808,SELLER_00450,2025-08-30 10:39:49.074507,changed_mind,approved,False,
RETURN_000758,ORDER_008386,BUYER_00813,SELLER_00067,2025-10-18 06:53:15.606517,changed_mind,approved,False,
RETURN_000759,ORDER_008391,BUYER_00813,SELLER_00455,2025-12-25 05:03:10.903576,size_issue,approved,True,return_abuse
RETURN_000760,ORDER_008403,BUYER_00814,SELLER_00392,2025-05-13 12:30:43.261779,size_issue,approved,False,
RETURN_000761,ORDER_008431,BUYER_00815,SELLER_00016,2025-07-19 03:39:18.244579,defective,approved,False,
RETURN_000762,ORDER_008435,BUYER_00816,SELLER_00275,2025-11-06 00:22:03.477631,changed_mind,approved,False,
RETURN_000763,ORDER_008489,BUYER_00818,SELLER_00399,2025-02-18 08:00:36.103781,size_issue,approved,False,
RETURN_000764,ORDER_008491,BUYER_00819,SELLER_00233,2025-10-12 22:46:21.613134,changed_mind,approved,True,return_abuse
RETURN_000765,ORDER_008518,BUYER_00822,SELLER_00209,2025-08-12 17:27:57.656759,size_issue,approved,False,
RETURN_000766,ORDER_008534,BUYER_00825,SELLER_00316,2025-07-02 19:57:52.083848,changed_mind,approved,False,
RETURN_000767,ORDER_008540,BUYER_00826,SELLER_00466,2025-12-14 13:36:27.910794,wrong_item_received,approved,False,
RETURN_000768,ORDER_008544,BUYER_00826,SELLER_00088,2025-12-19 17:59:40.532606,changed_mind,approved,False,
RETURN_000769,ORDER_008552,BUYER_00826,SELLER_00150,2025-12-29 07:12:56.038511,size_issue,approved,False,
RETURN_000770,ORDER_008554,BUYER_00826,SELLER_00016,2025-12-09 13:07:19.191556,size_issue,approved,False,
RETURN_000771,ORDER_008566,BUYER_00826,SELLER_00112,2025-12-27 09:42:11.893709,defective,approved,False,
RETURN_000772,ORDER_008569,BUYER_00826,SELLER_00430,2025-12-24 13:57:50.814517,defective,approved,False,
RETURN_000773,ORDER_008572,BUYER_00826,SELLER_00021,2025-12-18 00:25:53.489659,changed_mind,approved,False,
RETURN_000774,ORDER_008574,BUYER_00826,SELLER_00185,2025-12-24 01:03:42.171335,size_issue,approved,False,
RETURN_000775,ORDER_008577,BUYER_00826,SELLER_00026,2025-12-26 06:30:56.664080,changed_mind,approved,False,
RETURN_000776,ORDER_008579,BUYER_00826,SELLER_00423,2025-12-22 03:48:09.683283,defective,approved,False,
RETURN_000777,ORDER_008581,BUYER_00826,SELLER_00007,2025-12-30 23:48:20.385191,changed_mind,approved,False,
RETURN_000778,ORDER_008588,BUYER_00826,SELLER_00074,2025-12-20 20:28:33.265078,wrong_item_received,approved,False,
RETURN_000779,ORDER_008595,BUYER_00826,SELLER_00302,2025-12-21 02:02:09.762007,size_issue,approved,False,
RETURN_000780,ORDER_008602,BUYER_00826,SELLER_00256,2025-12-29 00:29:43.135018,changed_mind,approved,False,
RETURN_000781,ORDER_008603,BUYER_00826,SELLER_00454,2025-12-10 22:58:36.200345,defective,approved,False,
RETURN_000782,ORDER_008606,BUYER_00826,SELLER_00233,2025-12-15 20:56:06.020707,defective,approved,False,
RETURN_000783,ORDER_008609,BUYER_00827,SELLER_00288,2025-09-07 00:44:19.391254,defective,approved,False,
RETURN_000784,ORDER_008648,BUYER_00831,SELLER_00277,2025-05-28 03:12:56.900266,size_issue,approved,False,
RETURN_000785,ORDER_008655,BUYER_00832,SELLER_00353,2025-12-01 12:01:12.049829,changed_mind,approved,False,
RETURN_000786,ORDER_008672,BUYER_00835,SELLER_00397,2025-11-29 00:52:41.576033,size_issue,approved,False,
RETURN_000787,ORDER_008726,BUYER_00841,SELLER_00134,2025-11-07 06:27:48.900050,changed_mind,approved,False,
RETURN_000788,ORDER_008735,BUYER_00841,SELLER_00069,2025-12-25 19:51:05.034088,defective,approved,False,
RETURN_000789,ORDER_008736,BUYER_00841,SELLER_00083,2025-10-22 16:49:26.114559,size_issue,approved,False,
RETURN_000790,ORDER_008739,BUYER_00841,SELLER_00258,2025-11-20 15:36:28.895017,changed_mind,approved,False,
RETURN_000791,ORDER_008750,BUYER_00843,SELLER_00092,2025-12-19 03:46:23.781933,defective,approved,False,
RETURN_000792,ORDER_008760,BUYER_00843,SELLER_00463,2025-12-14 13:32:23.612992,changed_mind,approved,False,
RETURN_000793,ORDER_008787,BUYER_00848,SELLER_00231,2025-12-12 10:43:10.622532,changed_mind,approved,False,
RETURN_000794,ORDER_008791,BUYER_00848,SELLER_00455,2025-12-22 21:16:27.553490,wrong_item_received,approved,False,
RETURN_000795,ORDER_008819,BUYER_00849,SELLER_00017,2025-12-15 17:07:58.161631,changed_mind,approved,False,
RETURN_000796,ORDER_008827,BUYER_00850,SELLER_00348,2025-12-08 20:53:00.054996,size_issue,approved,False,
RETURN_000797,ORDER_008841,BUYER_00852,SELLER_00304,2025-02-24 00:29:42.052187,defective,approved,False,
RETURN_000798,ORDER_008843,BUYER_00853,SELLER_00304,2025-12-01 05:20:17.687023,changed_mind,approved,False,
RETURN_000799,ORDER_008845,BUYER_00853,SELLER_00447,2025-09-21 17:45:56.513344,changed_mind,approved,False,
RETURN_000800,ORDER_008846,BUYER_00853,SELLER_00309,2025-06-24 16:28:03.455412,defective,approved,False,
RETURN_000801,ORDER_008864,BUYER_00854,SELLER_00016,2025-08-29 02:02:59.355385,changed_mind,approved,False,
RETURN_000802,ORDER_008883,BUYER_00857,SELLER_00123,2025-12-23 04:58:50.357764,changed_mind,approved,False,
RETURN_000803,ORDER_008917,BUYER_00860,SELLER_00446,2025-06-15 22:29:58.808314,changed_mind,approved,False,
RETURN_000804,ORDER_008952,BUYER_00865,SELLER_00368,2025-12-03 06:59:41.815180,changed_mind,approved,False,
RETURN_000805,ORDER_008964,BUYER_00867,SELLER_00150,2025-12-18 12:03:07.329066,changed_mind,approved,False,
RETURN_000806,ORDER_008969,BUYER_00867,SELLER_00112,2025-12-27 07:46:18.962122,changed_mind,approved,False,
RETURN_000807,ORDER_008973,BUYER_00869,SELLER_00202,2025-05-30 07:47:20.804334,changed_mind,approved,False,
RETURN_000808,ORDER_008987,BUYER_00869,SELLER_00271,2025-03-10 23:18:54.009531,changed_mind,approved,False,
RETURN_000809,ORDER_009014,BUYER_00872,SELLER_00357,2025-05-30 03:59:41.629125,changed_mind,approved,False,
RETURN_000810,ORDER_009036,BUYER_00875,SELLER_00455,2025-05-16 10:22:12.309484,wrong_item_received,approved,False,
RETURN_000811,ORDER_009057,BUYER_00877,SELLER_00141,2025-12-02 16:15:47.128219,defective,approved,False,
RETURN_000812,ORDER_009171,BUYER_00886,SELLER_00277,2025-12-24 10:25:12.221495,changed_mind,approved,False,
RETURN_000813,ORDER_009185,BUYER_00888,SELLER_00176,2025-12-29 19:55:01.319548,changed_mind,approved,False,
RETURN_000814,ORDER_009187,BUYER_00888,SELLER_00466,2025-10-16 20:26:04.554934,size_issue,approved,False,
RETURN_000815,ORDER_009191,BUYER_00888,SELLER_00492,2025-11-20 02:33:10.414021,size_issue,approved,False,
RETURN_000816,ORDER_009194,BUYER_00888,SELLER_00270,2025-09-17 04:42:36.793802,changed_mind,approved,False,
RETURN_000817,ORDER_009202,BUYER_00890,SELLER_00016,2025-07-17 09:56:59.799281,size_issue,approved,False,
RETURN_000818,ORDER_009208,BUYER_00890,SELLER_00431,2025-12-14 10:25:21.092559,changed_mind,approved,False,
RETURN_000819,ORDER_009210,BUYER_00890,SELLER_00016,2025-05-05 10:15:22.304431,wrong_item_received,approved,False,
RETURN_000820,ORDER_009229,BUYER_00891,SELLER_00313,2025-11-27 08:15:10.004299,defective,approved,False,
RETURN_000821,ORDER_009242,BUYER_00893,SELLER_00455,2025-10-17 21:21:56.513862,wrong_item_received,approved,False,
RETURN_000822,ORDER_009299,BUYER_00902,SELLER_00172,2025-12-16 13:55:51.208472,defective,approved,False,
RETURN_000823,ORDER_009300,BUYER_00902,SELLER_00050,2025-12-02 01:38:29.859119,defective,approved,False,
RETURN_000824,ORDER_009303,BUYER_00903,SELLER_00131,2025-10-24 09:00:15.338794,changed_mind,approved,False,
RETURN_000825,ORDER_009308,BUYER_00903,SELLER_00438,2025-09-17 13:51:11.656119,wrong_item_received,approved,False,
RETURN_000826,ORDER_009317,BUYER_00903,SELLER_00272,2025-10-20 08:53:52.849381,defective,approved,False,
RETURN_000827,ORDER_009318,BUYER_00903,SELLER_00338,2025-12-07 12:35:54.642696,wrong_item_received,approved,False,
RETURN_000828,ORDER_009330,BUYER_00905,SELLER_00080,2025-07-13 22:25:15.041086,size_issue,approved,False,
RETURN_000829,ORDER_009343,BUYER_00906,SELLER_00275,2025-12-20 23:48:24.687792,wrong_item_received,approved,False,
RETURN_000830,ORDER_009350,BUYER_00907,SELLER_00039,2025-09-20 07:28:58.171861,changed_mind,approved,False,
RETURN_000831,ORDER_009362,BUYER_00907,SELLER_00189,2025-07-24 23:59:06.194457,changed_mind,approved,False,
RETURN_000832,ORDER_009377,BUYER_00909,SELLER_00399,2025-07-22 12:35:24.141347,size_issue,approved,False,
RETURN_000833,ORDER_009380,BUYER_00910,SELLER_00245,2025-12-05 22:55:17.061076,defective,approved,False,
RETURN_000834,ORDER_009388,BUYER_00911,SELLER_00478,2025-04-11 15:56:40.998036,changed_mind,approved,False,
RETURN_000835,ORDER_009398,BUYER_00911,SELLER_00158,2025-12-05 06:13:14.136245,defective,approved,False,
RETURN_000836,ORDER_009401,BUYER_00912,SELLER_00237,2025-12-16 07:22:05.403412,size_issue,approved,False,
RETURN_000837,ORDER_009422,BUYER_00916,SELLER_00049,2025-10-06 21:45:05.286120,size_issue,approved,False,
RETURN_000838,ORDER_009446,BUYER_00918,SELLER_00141,2025-12-09 04:16:07.908651,changed_mind,approved,False,
RETURN_000839,ORDER_009475,BUYER_00921,SELLER_00233,2025-11-17 03:16:26.594457,changed_mind,approved,False,
RETURN_000840,ORDER_009481,BUYER_00922,SELLER_00352,2025-11-05 17:56:51.461774,changed_mind,approved,False,
RETURN_000841,ORDER_009486,BUYER_00922,SELLER_00155,2025-12-03 05:53:32.033370,wrong_item_received,approved,False,
RETURN_000842,ORDER_009499,BUYER_00924,SELLER_00115,2025-09-15 04:20:02.058689,size_issue,approved,False,
RETURN_000843,ORDER_009512,BUYER_00925,SELLER_00272,2025-06-20 11:20:21.912835,changed_mind,approved,False,
RETURN_000844,ORDER_009514,BUYER_00925,SELLER_00459,2025-06-25 15:23:18.519738,wrong_item_received,approved,False,
RETURN_000845,ORDER_009519,BUYER_00926,SELLER_00318,2025-05-14 01:44:04.778437,changed_mind,approved,False,
RETURN_000846,ORDER_009524,BUYER_00926,SELLER_00445,2025-09-07 04:18:19.644072,wrong_item_received,approved,False,
RETURN_000847,ORDER_009528,BUYER_00926,SELLER_00473,2025-10-26 21:04:28.465450,wrong_item_received,approved,False,
RETURN_000848,ORDER_009560,BUYER_00932,SELLER_00259,2025-08-08 10:19:28.412059,defective,approved,False,
RETURN_000849,ORDER_009589,BUYER_00936,SELLER_00282,2025-12-20 23:31:25.496128,changed_mind,approved,False,
RETURN_000850,ORDER_009591,BUYER_00936,SELLER_00021,2025-12-19 12:11:24.017310,size_issue,approved,False,
RETURN_000851,ORDER_009595,BUYER_00936,SELLER_00421,2025-12-27 15:40:32.243171,changed_mind,approved,False,
RETURN_000852,ORDER_009596,BUYER_00936,SELLER_00364,2025-11-22 08:37:27.156000,defective,approved,False,
RETURN_000853,ORDER_009598,BUYER_00936,SELLER_00326,2025-11-02 20:17:38.775798,size_issue,approved,False,
RETURN_000854,ORDER_009600,BUYER_00936,SELLER_00426,2025-11-10 07:09:51.659460,wrong_item_received,approved,False,
RETURN_000855,ORDER_009607,BUYER_00936,SELLER_00123,2025-12-21 05:54:58.338068,defective,approved,False,
RETURN_000856,ORDER_009657,BUYER_00941,SELLER_00323,2025-12-27 02:19:04.304019,changed_mind,approved,False,
RETURN_000857,ORDER_009672,BUYER_00942,SELLER_00215,2025-03-24 10:53:27.609658,defective,approved,False,
RETURN_000858,ORDER_009673,BUYER_00942,SELLER_00108,2025-07-08 22:35:59.381408,wrong_item_received,approved,False,
RETURN_000859,ORDER_009682,BUYER_00942,SELLER_00329,2025-07-05 17:12:33.113777,wrong_item_received,approved,False,
RETURN_000860,ORDER_009690,BUYER_00942,SELLER_00174,2025-12-28 08:25:16.159618,size_issue,approved,False,
RETURN_000861,ORDER_009693,BUYER_00943,SELLER_00232,2025-12-03 17:08:05.219718,wrong_item_received,approved,False,
RETURN_000862,ORDER_009696,BUYER_00943,SELLER_00096,2025-12-11 14:03:30.566963,changed_mind,approved,False,
RETURN_000863,ORDER_009700,BUYER_00944,SELLER_00450,2025-12-02 11:42:28.315350,changed_mind,approved,False,
RETURN_000864,ORDER_009701,BUYER_00944,SELLER_00473,2025-08-01 10:17:56.624292,defective,approved,False,
RETURN_000865,ORDER_009704,BUYER_00944,SELLER_00325,2025-06-17 08:14:21.922138,defective,approved,False,
RETURN_000866,ORDER_009705,BUYER_00944,SELLER_00170,2025-11-23 02:08:14.926456,defective,approved,False,
RETURN_000867,ORDER_009707,BUYER_00944,SELLER_00471,2025-07-12 15:56:55.119297,changed_mind,approved,False,
RETURN_000868,ORDER_009708,BUYER_00944,SELLER_00203,2025-06-03 22:11:11.849821,defective,approved,False,
RETURN_000869,ORDER_009712,BUYER_00944,SELLER_00191,2025-10-31 03:07:28.142413,defective,approved,False,
RETURN_000870,ORDER_009713,BUYER_00944,SELLER_00072,2025-11-20 14:45:57.242074,wrong_item_received,approved,False,
RETURN_000871,ORDER_009714,BUYER_00944,SELLER_00314,2025-06-20 11:58:54.157799,changed_mind,approved,False,
RETURN_000872,ORDER_009736,BUYER_00947,SELLER_00381,2025-12-28 20:28:22.420155,changed_mind,approved,False,
RETURN_000873,ORDER_009761,BUYER_00950,SELLER_00021,2025-12-24 23:48:50.948525,changed_mind,approved,False,
RETURN_000874,ORDER_009785,BUYER_00952,SELLER_00314,2025-08-31 02:26:25.583695,wrong_item_received,approved,False,
RETURN_000875,ORDER_009791,BUYER_00953,SELLER_00077,2025-10-02 04:26:22.010425,defective,approved,False,
RETURN_000876,ORDER_009828,BUYER_00956,SELLER_00460,2025-06-12 10:17:40.132808,changed_mind,approved,False,
RETURN_000877,ORDER_009834,BUYER_00957,SELLER_00438,2025-08-28 13:47:35.785403,size_issue,approved,False,
RETURN_000878,ORDER_009855,BUYER_00958,SELLER_00155,2025-11-07 09:00:55.564315,defective,approved,False,
RETURN_000879,ORDER_009894,BUYER_00964,SELLER_00188,2025-02-05 22:07:06.597350,size_issue,approved,False,
RETURN_000880,ORDER_009911,BUYER_00968,SELLER_00233,2025-10-06 18:00:20.193962,defective,approved,False,
RETURN_000881,ORDER_009934,BUYER_00971,SELLER_00472,2025-10-21 22:15:24.176692,wrong_item_received,approved,False,
RETURN_000882,ORDER_009947,BUYER_00971,SELLER_00253,2025-11-08 14:50:45.148390,size_issue,approved,False,
RETURN_000883,ORDER_009957,BUYER_00973,SELLER_00210,2025-11-28 05:51:08.389947,size_issue,approved,False,
RETURN_000884,ORDER_009984,BUYER_00977,SELLER_00123,2025-06-11 10:36:28.649322,wrong_item_received,approved,False,
RETURN_000885,ORDER_009987,BUYER_00977,SELLER_00021,2025-11-30 14:46:10.239226,changed_mind,approved,False,
RETURN_000886,ORDER_009992,BUYER_00977,SELLER_00442,2025-09-19 06:56:23.880423,changed_mind,approved,False,
RETURN_000887,ORDER_009995,BUYER_00977,SELLER_00077,2025-10-23 05:10:14.933774,defective,approved,False,
RETURN_000888,ORDER_010008,BUYER_00979,SELLER_00231,2025-07-23 19:59:34.521114,defective,approved,False,
RETURN_000889,ORDER_010042,BUYER_00982,SELLER_00316,2025-11-11 16:39:32.419407,changed_mind,approved,False,
RETURN_000890,ORDER_010051,BUYER_00983,SELLER_00019,2025-03-30 19:58:19.801258,defective,approved,False,
RETURN_000891,ORDER_010054,BUYER_00984,SELLER_00021,2025-11-06 22:51:37.471352,size_issue,approved,False,
RETURN_000892,ORDER_010063,BUYER_00985,SELLER_00024,2025-12-05 06:39:31.320365,size_issue,approved,False,
RETURN_000893,ORDER_010064,BUYER_00985,SELLER_00313,2025-10-29 00:12:28.241399,defective,approved,False,
RETURN_000894,ORDER_010082,BUYER_00987,SELLER_00007,2025-08-11 19:54:46.291106,changed_mind,approved,False,
RETURN_000895,ORDER_010096,BUYER_00988,SELLER_00176,2025-10-14 12:15:08.573966,wrong_item_received,approved,False,
RETURN_000896,ORDER_010102,BUYER_00989,SELLER_00402,2025-09-20 01:11:03.296515,changed_mind,approved,False,
RETURN_000897,ORDER_010124,BUYER_00992,SELLER_00036,2025-10-04 21:43:42.929189,size_issue,approved,False,
RETURN_000898,ORDER_010133,BUYER_00994,SELLER_00040,2025-06-18 10:37:55.222873,defective,approved,False,
RETURN_000899,ORDER_010140,BUYER_00994,SELLER_00483,2025-11-03 01:43:26.246189,defective,approved,False,
RETURN_000900,ORDER_010142,BUYER_00994,SELLER_00432,2025-12-21 19:03:42.486855,defective,approved,False,
RETURN_000901,ORDER_010143,BUYER_00994,SELLER_00376,2025-12-26 10:35:59.366480,size_issue,approved,False,
RETURN_000902,ORDER_010146,BUYER_00994,SELLER_00192,2025-10-11 01:05:10.957161,changed_mind,approved,False,
RETURN_000903,ORDER_010147,BUYER_00994,SELLER_00366,2025-10-29 11:31:41.471505,defective,approved,False,
RETURN_000904,ORDER_010148,BUYER_00994,SELLER_00101,2025-09-20 22:34:30.667616,changed_mind,approved,False,
RETURN_000905,ORDER_010214,BUYER_01001,SELLER_00344,2025-06-03 10:01:46.037723,size_issue,approved,False,
RETURN_000906,ORDER_010217,BUYER_01001,SELLER_00024,2025-02-10 15:52:41.330984,defective,approved,False,
RETURN_000907,ORDER_010233,BUYER_01002,SELLER_00130,2025-08-06 13:07:36.406408,defective,approved,False,
RETURN_000908,ORDER_010261,BUYER_01003,SELLER_00490,2025-09-15 09:36:48.815767,defective,approved,False,
RETURN_000909,ORDER_010300,BUYER_01004,SELLER_00450,2025-09-08 11:59:31.674087,wrong_item_received,approved,False,
RETURN_000910,ORDER_010344,BUYER_01012,SELLER_00376,2025-10-15 12:56:10.747041,defective,approved,False,
RETURN_000911,ORDER_010348,BUYER_01012,SELLER_00439,2025-08-02 20:07:41.209800,size_issue,approved,False,
RETURN_000912,ORDER_010350,BUYER_01012,SELLER_00066,2025-10-09 05:33:12.522367,wrong_item_received,approved,False,
RETURN_000913,ORDER_010352,BUYER_01012,SELLER_00479,2025-10-22 18:15:18.677980,wrong_item_received,approved,False,
RETURN_000914,ORDER_010421,BUYER_01021,SELLER_00077,2025-09-16 12:31:34.890644,defective,approved,False,
RETURN_000915,ORDER_010429,BUYER_01021,SELLER_00451,2025-10-03 23:40:17.798249,changed_mind,approved,False,
RETURN_000916,ORDER_010430,BUYER_01021,SELLER_00464,2025-12-05 06:01:01.879233,defective,approved,False,
RETURN_000917,ORDER_010443,BUYER_01024,SELLER_00347,2025-04-07 22:40:55.038399,wrong_item_received,approved,False,
RETURN_000918,ORDER_010444,BUYER_01025,SELLER_00267,2025-10-31 11:49:55.800763,defective,approved,False,
RETURN_000919,ORDER_010445,BUYER_01025,SELLER_00346,2025-11-12 02:57:16.380300,changed_mind,approved,False,
RETURN_000920,ORDER_010447,BUYER_01025,SELLER_00164,2025-06-24 07:31:56.264855,size_issue,approved,False,
RETURN_000921,ORDER_010451,BUYER_01025,SELLER_00107,2025-07-16 09:34:13.796374,defective,approved,False,
RETURN_000922,ORDER_010458,BUYER_01026,SELLER_00113,2025-11-01 07:12:27.134688,defective,approved,False,
RETURN_000923,ORDER_010467,BUYER_01027,SELLER_00455,2025-12-11 03:17:25.631447,changed_mind,approved,False,
RETURN_000924,ORDER_010473,BUYER_01028,SELLER_00413,2025-12-18 22:36:33.988256,wrong_item_received,approved,False,
RETURN_000925,ORDER_010475,BUYER_01028,SELLER_00470,2025-09-22 22:06:29.461802,defective,approved,False,
RETURN_000926,ORDER_010511,BUYER_01031,SELLER_00238,2025-06-06 23:24:12.041804,size_issue,approved,False,
RETURN_000927,ORDER_010522,BUYER_01031,SELLER_00016,2025-07-13 15:20:47.696254,size_issue,approved,False,
RETURN_000928,ORDER_010528,BUYER_01032,SELLER_00473,2025-10-25 02:25:22.745146,wrong_item_received,approved,False,
RETURN_000929,ORDER_010566,BUYER_01034,SELLER_00091,2025-09-04 19:32:34.712543,changed_mind,approved,False,
RETURN_000930,ORDER_010592,BUYER_01037,SELLER_00045,2025-10-19 14:50:53.519262,changed_mind,approved,False,
RETURN_000931,ORDER_010607,BUYER_01038,SELLER_00309,2025-06-11 21:30:11.752381,defective,approved,False,
RETURN_000932,ORDER_010620,BUYER_01039,SELLER_00417,2025-11-21 21:20:42.225786,size_issue,approved,False,
RETURN_000933,ORDER_010652,BUYER_01041,SELLER_00007,2025-10-23 14:39:54.113405,defective,approved,False,
RETURN_000934,ORDER_010653,BUYER_01041,SELLER_00155,2025-02-23 19:13:12.323266,changed_mind,approved,False,
RETURN_000935,ORDER_010654,BUYER_01041,SELLER_00137,2025-11-09 23:27:09.567658,size_issue,approved,False,
RETURN_000936,ORDER_010656,BUYER_01041,SELLER_00081,2025-11-04 14:35:46.820221,changed_mind,approved,False,
RETURN_000937,ORDER_010675,BUYER_01044,SELLER_00065,2025-09-16 06:19:42.933608,defective,approved,False,
RETURN_000938,ORDER_010676,BUYER_01044,SELLER_00009,2025-08-22 22:30:27.348728,changed_mind,approved,False,
RETURN_000939,ORDER_010694,BUYER_01046,SELLER_00409,2025-10-07 23:05:38.843054,size_issue,approved,False,
RETURN_000940,ORDER_010707,BUYER_01047,SELLER_00225,2025-10-30 16:03:50.068624,size_issue,approved,False,
RETURN_000941,ORDER_010713,BUYER_01048,SELLER_00368,2025-12-01 23:56:59.845255,changed_mind,approved,False,
RETURN_000942,ORDER_010716,BUYER_01048,SELLER_00181,2025-11-24 06:00:38.298471,changed_mind,approved,False,
RETURN_000943,ORDER_010731,BUYER_01049,SELLER_00308,2025-07-15 22:05:06.764474,size_issue,approved,False,
RETURN_000944,ORDER_010742,BUYER_01051,SELLER_00299,2025-08-11 20:27:25.322912,size_issue,approved,False,
RETURN_000945,ORDER_010743,BUYER_01051,SELLER_00478,2025-10-13 05:44:59.517406,defective,approved,False,
RETURN_000946,ORDER_010744,BUYER_01051,SELLER_00470,2025-08-22 20:01:10.825635,changed_mind,approved,False,
RETURN_000947,ORDER_010765,BUYER_01054,SELLER_00405,2025-08-23 19:56:07.809017,defective,approved,False,
RETURN_000948,ORDER_010774,BUYER_01056,SELLER_00098,2025-04-12 22:36:36.971023,size_issue,approved,False,
RETURN_000949,ORDER_010797,BUYER_01059,SELLER_00233,2025-03-04 05:36:03.617800,changed_mind,approved,False,
RETURN_000950,ORDER_010800,BUYER_01059,SELLER_00080,2025-12-08 00:57:39.537035,changed_mind,approved,False,
RETURN_000951,ORDER_010828,BUYER_01062,SELLER_00136,2025-12-04 16:04:53.519458,defective,approved,False,
RETURN_000952,ORDER_010836,BUYER_01064,SELLER_00475,2025-12-30 09:55:13.981008,wrong_item_received,approved,False,
RETURN_000953,ORDER_010838,BUYER_01064,SELLER_00354,2025-08-23 16:58:31.446069,changed_mind,approved,False,
RETURN_000954,ORDER_010840,BUYER_01064,SELLER_00026,2025-12-17 01:37:46.718737,size_issue,approved,False,
RETURN_000955,ORDER_010842,BUYER_01064,SELLER_00183,2025-12-04 08:57:45.418435,size_issue,approved,False,
RETURN_000956,ORDER_010844,BUYER_01065,SELLER_00455,2025-09-11 06:48:42.485123,changed_mind,approved,False,
RETURN_000957,ORDER_010857,BUYER_01066,SELLER_00305,2025-10-16 02:09:14.652555,defective,approved,False,
RETURN_000958,ORDER_010862,BUYER_01067,SELLER_00123,2025-08-04 16:16:20.736818,size_issue,approved,False,
RETURN_000959,ORDER_010873,BUYER_01069,SELLER_00036,2025-11-19 11:32:52.236960,size_issue,approved,False,
RETURN_000960,ORDER_010895,BUYER_01072,SELLER_00426,2025-09-30 18:06:00.138941,changed_mind,approved,False,
RETURN_000961,ORDER_010897,BUYER_01072,SELLER_00154,2025-06-01 06:28:26.588808,changed_mind,approved,False,
RETURN_000962,ORDER_010932,BUYER_01077,SELLER_00100,2025-12-11 19:40:58.577170,changed_mind,approved,False,
RETURN_000963,ORDER_010939,BUYER_01078,SELLER_00152,2025-07-11 14:45:59.253668,size_issue,approved,False,
RETURN_000964,ORDER_010940,BUYER_01078,SELLER_00040,2025-07-31 00:32:00.006996,defective,approved,False,
RETURN_000965,ORDER_010941,BUYER_01078,SELLER_00363,2025-10-08 11:35:34.634975,defective,approved,False,
RETURN_000966,ORDER_010942,BUYER_01078,SELLER_00185,2025-10-13 01:57:45.062383,defective,approved,False,
RETURN_000967,ORDER_010947,BUYER_01078,SELLER_00498,2025-07-03 17:14:02.448257,wrong_item_received,approved,False,
RETURN_000968,ORDER_010948,BUYER_01078,SELLER_00057,2025-07-09 10:44:55.756160,changed_mind,approved,False,
RETURN_000969,ORDER_010952,BUYER_01078,SELLER_00258,2025-05-27 20:57:48.155854,changed_mind,approved,False,
RETURN_000970,ORDER_010953,BUYER_01078,SELLER_00377,2025-10-19 11:42:41.606231,wrong_item_received,approved,False,
RETURN_000971,ORDER_010959,BUYER_01078,SELLER_00276,2025-10-06 15:02:19.146559,size_issue,approved,False,
RETURN_000972,ORDER_010967,BUYER_01080,SELLER_00411,2025-03-31 05:07:01.572988,changed_mind,approved,False,
RETURN_000973,ORDER_010979,BUYER_01082,SELLER_00109,2025-07-15 14:35:27.172618,changed_mind,approved,False,
RETURN_000974,ORDER_011007,BUYER_01086,SELLER_00231,2025-06-21 08:02:57.314476,changed_mind,approved,False,
RETURN_000975,ORDER_011008,BUYER_01086,SELLER_00455,2025-08-14 10:47:58.584338,defective,approved,False,
RETURN_000976,ORDER_011010,BUYER_01087,SELLER_00237,2025-10-07 19:09:45.382244,defective,approved,False,
RETURN_000977,ORDER_011025,BUYER_01087,SELLER_00186,2025-10-20 11:54:25.705538,changed_mind,approved,False,
RETURN_000978,ORDER_011026,BUYER_01087,SELLER_00324,2025-10-19 12:47:17.412013,changed_mind,approved,False,
RETURN_000979,ORDER_011036,BUYER_01087,SELLER_00258,2025-12-30 20:16:57.949006,changed_mind,approved,False,
RETURN_000980,ORDER_011055,BUYER_01089,SELLER_00178,2025-09-18 08:09:38.744665,changed_mind,approved,False,
RETURN_000981,ORDER_011072,BUYER_01091,SELLER_00037,2025-10-22 09:13:44.185157,changed_mind,approved,False,
RETURN_000982,ORDER_011076,BUYER_01091,SELLER_00423,2025-11-10 12:29:48.138299,defective,approved,False,
RETURN_000983,ORDER_011077,BUYER_01091,SELLER_00388,2025-11-08 08:03:46.077678,defective,approved,False,
RETURN_000984,ORDER_011093,BUYER_01094,SELLER_00089,2025-05-05 06:33:19.211154,defective,approved,False,
RETURN_000985,ORDER_011096,BUYER_01095,SELLER_00367,2025-11-22 20:05:13.844537,changed_mind,approved,True,return_abuse
RETURN_000986,ORDER_011099,BUYER_01096,SELLER_00317,2025-09-28 11:00:04.709027,wrong_item_received,approved,False,
RETURN_000987,ORDER_011105,BUYER_01096,SELLER_00472,2025-09-15 15:20:22.176980,changed_mind,approved,False,
RETURN_000988,ORDER_011119,BUYER_01097,SELLER_00304,2025-10-10 09:49:44.161505,size_issue,approved,False,
RETURN_000989,ORDER_011121,BUYER_01098,SELLER_00314,2025-12-25 09:01:12.881257,changed_mind,approved,False,
RETURN_000990,ORDER_011124,BUYER_01098,SELLER_00386,2025-12-29 01:37:14.322453,wrong_item_received,approved,False,
RETURN_000991,ORDER_011139,BUYER_01100,SELLER_00169,2025-10-05 11:49:35.062456,defective,approved,False,
RETURN_000992,ORDER_011141,BUYER_01100,SELLER_00354,2025-09-25 08:36:54.016316,changed_mind,approved,False,
RETURN_000993,ORDER_011149,BUYER_01101,SELLER_00498,2025-12-04 19:51:43.198357,defective,approved,False,
RETURN_000994,ORDER_011151,BUYER_01101,SELLER_00138,2025-12-05 03:15:55.002920,defective,approved,False,
RETURN_000995,ORDER_011153,BUYER_01101,SELLER_00105,2025-11-24 20:56:45.259228,wrong_item_received,approved,False,
RETURN_000996,ORDER_011158,BUYER_01101,SELLER_00462,2025-11-16 15:40:59.793844,changed_mind,approved,False,
RETURN_000997,ORDER_011160,BUYER_01101,SELLER_00305,2025-12-29 08:01:22.369956,defective,approved,False,
RETURN_000998,ORDER_011162,BUYER_01101,SELLER_00109,2025-12-10 16:10:21.013378,size_issue,approved,False,
RETURN_000999,ORDER_011167,BUYER_01101,SELLER_00316,2025-11-20 05:16:25.462705,wrong_item_received,approved,False,
RETURN_001000,ORDER_011193,BUYER_01104,SELLER_00026,2025-12-14 08:24:53.561711,changed_mind,approved,False,
RETURN_001001,ORDER_011219,BUYER_01108,SELLER_00332,2025-09-19 07:13:04.526733,changed_mind,approved,False,
RETURN_001002,ORDER_011220,BUYER_01108,SELLER_00049,2025-08-12 21:30:49.733731,wrong_item_received,approved,False,
RETURN_001003,ORDER_011222,BUYER_01108,SELLER_00246,2025-05-01 07:03:48.042449,changed_mind,approved,False,
RETURN_001004,ORDER_011229,BUYER_01108,SELLER_00077,2025-08-18 12:10:10.348949,changed_mind,approved,False,
RETURN_001005,ORDER_011231,BUYER_01108,SELLER_00115,2025-12-08 04:08:38.944154,changed_mind,approved,False,
RETURN_001006,ORDER_011232,BUYER_01108,SELLER_00453,2025-10-06 14:28:59.033736,changed_mind,approved,False,
RETURN_001007,ORDER_011252,BUYER_01110,SELLER_00455,2025-12-14 15:52:12.022787,defective,approved,False,
RETURN_001008,ORDER_011257,BUYER_01110,SELLER_00331,2025-12-13 09:33:29.468299,defective,approved,False,
RETURN_001009,ORDER_011264,BUYER_01111,SELLER_00243,2025-11-04 05:36:49.812681,defective,approved,False,
RETURN_001010,ORDER_011278,BUYER_01111,SELLER_00234,2025-12-12 15:02:52.821889,defective,approved,False,
RETURN_001011,ORDER_011309,BUYER_01114,SELLER_00071,2025-09-26 16:52:27.566831,wrong_item_received,approved,False,
RETURN_001012,ORDER_011320,BUYER_01115,SELLER_00051,2025-06-19 02:24:28.257070,changed_mind,approved,False,
RETURN_001013,ORDER_011331,BUYER_01117,SELLER_00137,2025-04-06 01:46:42.628664,defective,approved,False,
RETURN_001014,ORDER_011333,BUYER_01118,SELLER_00031,2025-10-16 12:06:04.861423,changed_mind,approved,False,
RETURN_001015,ORDER_011337,BUYER_01119,SELLER_00123,2025-11-26 07:04:22.293178,wrong_item_received,approved,False,
RETURN_001016,ORDER_011338,BUYER_01119,SELLER_00114,2025-08-21 05:55:12.220138,size_issue,approved,False,
RETURN_001017,ORDER_011343,BUYER_01120,SELLER_00157,2025-12-29 03:18:22.597613,changed_mind,approved,False,
RETURN_001018,ORDER_011362,BUYER_01122,SELLER_00114,2025-12-23 18:45:44.228177,defective,approved,False,
RETURN_001019,ORDER_011382,BUYER_01124,SELLER_00493,2025-07-15 15:41:13.113255,wrong_item_received,approved,False,
RETURN_001020,ORDER_011390,BUYER_01125,SELLER_00480,2025-07-11 17:30:02.713454,defective,approved,False,
RETURN_001021,ORDER_011400,BUYER_01126,SELLER_00036,2025-06-20 00:01:25.193115,defective,approved,False,
RETURN_001022,ORDER_011411,BUYER_01129,SELLER_00036,2025-11-27 22:43:17.645764,size_issue,approved,False,
RETURN_001023,ORDER_011426,BUYER_01132,SELLER_00185,2025-10-21 20:01:28.232447,changed_mind,approved,False,
RETURN_001024,ORDER_011429,BUYER_01133,SELLER_00056,2025-11-05 01:45:30.728981,changed_mind,approved,False,
RETURN_001025,ORDER_011431,BUYER_01133,SELLER_00044,2025-12-13 04:09:17.014181,defective,approved,False,
RETURN_001026,ORDER_011440,BUYER_01135,SELLER_00175,2025-12-01 01:53:23.684188,defective,approved,False,
RETURN_001027,ORDER_011460,BUYER_01137,SELLER_00177,2025-12-16 19:52:05.961827,size_issue,approved,False,
RETURN_001028,ORDER_011470,BUYER_01137,SELLER_00408,2025-12-25 08:05:36.333715,wrong_item_received,approved,False,
RETURN_001029,ORDER_011471,BUYER_01137,SELLER_00112,2025-12-23 13:04:17.741359,size_issue,approved,False,
RETURN_001030,ORDER_011472,BUYER_01137,SELLER_00062,2025-12-20 07:00:01.702199,size_issue,approved,False,
RETURN_001031,ORDER_011480,BUYER_01139,SELLER_00157,2025-11-01 00:28:17.963678,defective,approved,False,
RETURN_001032,ORDER_011486,BUYER_01139,SELLER_00137,2025-08-10 02:24:09.692898,size_issue,approved,False,
RETURN_001033,ORDER_011490,BUYER_01139,SELLER_00138,2025-12-05 17:59:26.413998,defective,approved,False,
RETURN_001034,ORDER_011493,BUYER_01139,SELLER_00399,2025-08-20 10:26:16.095051,changed_mind,approved,False,
RETURN_001035,ORDER_011521,BUYER_01145,SELLER_00007,2025-11-05 04:02:37.235920,size_issue,approved,False,
RETURN_001036,ORDER_011530,BUYER_01146,SELLER_00313,2025-10-08 10:37:25.762019,defective,approved,False,
RETURN_001037,ORDER_011565,BUYER_01150,SELLER_00108,2025-06-24 22:26:36.057988,size_issue,approved,False,
RETURN_001038,ORDER_011574,BUYER_01151,SELLER_00184,2025-11-01 15:20:13.659497,changed_mind,approved,False,
RETURN_001039,ORDER_011577,BUYER_01151,SELLER_00057,2025-10-23 11:26:16.707522,size_issue,approved,True,return_abuse
RETURN_001040,ORDER_011590,BUYER_01153,SELLER_00307,2025-12-14 02:54:39.174109,changed_mind,approved,False,
RETURN_001041,ORDER_011591,BUYER_01153,SELLER_00380,2025-12-08 05:49:09.258545,changed_mind,approved,False,
RETURN_001042,ORDER_011595,BUYER_01153,SELLER_00324,2025-12-07 00:16:05.162347,changed_mind,approved,False,
RETURN_001043,ORDER_011611,BUYER_01155,SELLER_00269,2025-10-25 11:38:03.760242,defective,approved,False,
RETURN_001044,ORDER_011615,BUYER_01155,SELLER_00016,2025-08-28 22:32:20.698745,size_issue,approved,False,
RETURN_001045,ORDER_011618,BUYER_01155,SELLER_00382,2025-11-17 15:12:34.592855,defective,approved,False,
RETURN_001046,ORDER_011624,BUYER_01156,SELLER_00128,2025-12-21 19:13:26.469868,size_issue,approved,False,
RETURN_001047,ORDER_011645,BUYER_01160,SELLER_00060,2025-10-26 10:49:36.769604,size_issue,approved,False,
RETURN_001048,ORDER_011650,BUYER_01160,SELLER_00100,2025-09-03 01:37:36.842190,changed_mind,approved,False,
RETURN_001049,ORDER_011651,BUYER_01160,SELLER_00123,2025-10-02 05:40:34.327324,size_issue,approved,False,
RETURN_001050,ORDER_011655,BUYER_01160,SELLER_00224,2025-06-14 14:01:10.068465,changed_mind,approved,False,
RETURN_001051,ORDER_011658,BUYER_01160,SELLER_00491,2025-09-12 22:34:49.426423,size_issue,approved,False,
RETURN_001052,ORDER_011659,BUYER_01160,SELLER_00291,2025-12-23 00:04:42.899335,size_issue,approved,False,
RETURN_001053,ORDER_011660,BUYER_01160,SELLER_00181,2025-08-01 08:48:27.175242,changed_mind,approved,False,
RETURN_001054,ORDER_011666,BUYER_01161,SELLER_00470,2025-12-11 11:31:37.780232,defective,approved,False,
RETURN_001055,ORDER_011673,BUYER_01163,SELLER_00285,2025-10-18 22:50:33.826422,changed_mind,approved,False,
RETURN_001056,ORDER_011674,BUYER_01163,SELLER_00123,2025-08-17 06:11:05.783219,wrong_item_received,approved,False,
RETURN_001057,ORDER_011675,BUYER_01163,SELLER_00002,2025-05-09 05:33:55.503290,changed_mind,approved,False,
RETURN_001058,ORDER_011677,BUYER_01163,SELLER_00441,2025-09-03 10:07:47.287728,size_issue,approved,False,
RETURN_001059,ORDER_011678,BUYER_01163,SELLER_00277,2025-10-01 19:38:16.372134,defective,approved,False,
RETURN_001060,ORDER_011690,BUYER_01165,SELLER_00438,2025-08-27 01:51:12.091363,defective,approved,False,
RETURN_001061,ORDER_011719,BUYER_01171,SELLER_00418,2025-04-25 13:39:14.204127,defective,approved,False,
RETURN_001062,ORDER_011737,BUYER_01175,SELLER_00036,2025-10-18 21:38:49.364575,changed_mind,approved,False,
RETURN_001063,ORDER_011741,BUYER_01175,SELLER_00043,2025-10-14 21:58:42.852248,wrong_item_received,approved,False,
RETURN_001064,ORDER_011748,BUYER_01176,SELLER_00110,2025-11-26 22:43:32.907570,defective,approved,False,
RETURN_001065,ORDER_011764,BUYER_01177,SELLER_00449,2025-05-01 17:34:49.031325,size_issue,approved,False,
RETURN_001066,ORDER_011794,BUYER_01177,SELLER_00476,2025-09-22 11:33:20.361705,changed_mind,approved,False,
RETURN_001067,ORDER_011810,BUYER_01177,SELLER_00329,2025-03-04 16:54:44.259203,changed_mind,approved,False,
RETURN_001068,ORDER_011811,BUYER_01177,SELLER_00457,2025-05-07 09:31:27.032337,defective,approved,False,
RETURN_001069,ORDER_011846,BUYER_01182,SELLER_00218,2025-07-10 11:00:43.716378,defective,approved,False,
RETURN_001070,ORDER_011855,BUYER_01183,SELLER_00439,2025-09-13 12:47:17.933606,size_issue,approved,True,return_abuse
RETURN_001071,ORDER_011860,BUYER_01183,SELLER_00277,2025-09-26 05:04:30.039203,changed_mind,approved,True,return_abuse
RETURN_001072,ORDER_011868,BUYER_01185,SELLER_00403,2025-10-08 15:01:34.611246,defective,approved,False,
RETURN_001073,ORDER_011881,BUYER_01186,SELLER_00443,2025-11-18 10:42:44.558165,changed_mind,approved,False,
RETURN_001074,ORDER_011882,BUYER_01186,SELLER_00234,2025-04-10 06:26:45.832519,changed_mind,approved,False,
RETURN_001075,ORDER_011890,BUYER_01187,SELLER_00178,2025-11-10 21:06:23.824571,wrong_item_received,approved,False,
RETURN_001076,ORDER_011904,BUYER_01188,SELLER_00152,2025-10-09 14:48:56.757885,size_issue,approved,True,return_abuse
RETURN_001077,ORDER_011926,BUYER_01191,SELLER_00277,2025-11-07 07:21:26.257394,size_issue,approved,False,
RETURN_001078,ORDER_011950,BUYER_01195,SELLER_00279,2025-07-08 12:30:23.383998,wrong_item_received,approved,False,
RETURN_001079,ORDER_011952,BUYER_01195,SELLER_00148,2025-09-13 08:08:50.937707,defective,approved,False,
RETURN_001080,ORDER_011960,BUYER_01197,SELLER_00213,2025-07-05 10:25:39.131242,wrong_item_received,approved,False,
RETURN_001081,ORDER_011964,BUYER_01197,SELLER_00174,2025-11-01 18:59:53.295531,defective,approved,False,
RETURN_001082,ORDER_011966,BUYER_01197,SELLER_00214,2025-08-19 03:07:16.160962,size_issue,approved,False,
RETURN_001083,ORDER_011984,BUYER_01201,SELLER_00246,2025-11-02 19:44:32.785633,changed_mind,approved,False,
RETURN_001084,ORDER_012027,BUYER_01207,SELLER_00430,2025-11-06 13:04:00.165692,wrong_item_received,approved,False,
RETURN_001085,ORDER_012039,BUYER_01208,SELLER_00424,2025-07-27 21:51:51.395553,defective,approved,False,
RETURN_001086,ORDER_012063,BUYER_01211,SELLER_00476,2025-05-23 21:33:53.198589,defective,approved,False,
RETURN_001087,ORDER_012071,BUYER_01212,SELLER_00232,2025-11-04 15:00:18.512906,defective,approved,False,
RETURN_001088,ORDER_012074,BUYER_01212,SELLER_00468,2025-11-14 07:18:28.081199,defective,approved,False,
RETURN_001089,ORDER_012075,BUYER_01212,SELLER_00091,2025-11-05 01:47:20.300212,size_issue,approved,False,
RETURN_001090,ORDER_012076,BUYER_01212,SELLER_00032,2025-10-22 07:50:56.604379,changed_mind,approved,False,
RETURN_001091,ORDER_012078,BUYER_01212,SELLER_00150,2025-10-25 19:45:39.768710,changed_mind,approved,False,
RETURN_001092,ORDER_012082,BUYER_01213,SELLER_00086,2025-12-01 14:48:09.858622,size_issue,approved,False,
RETURN_001093,ORDER_012104,BUYER_01216,SELLER_00017,2025-10-24 06:09:43.965481,wrong_item_received,approved,False,
RETURN_001094,ORDER_012120,BUYER_01219,SELLER_00015,2025-08-28 08:01:27.794884,size_issue,approved,False,
RETURN_001095,ORDER_012134,BUYER_01221,SELLER_00054,2025-06-06 22:43:15.916419,changed_mind,approved,False,
RETURN_001096,ORDER_012140,BUYER_01221,SELLER_00108,2025-08-26 19:18:18.061838,changed_mind,approved,False,
RETURN_001097,ORDER_012161,BUYER_01225,SELLER_00241,2025-12-07 13:00:26.951864,size_issue,approved,False,
RETURN_001098,ORDER_012173,BUYER_01226,SELLER_00126,2025-12-10 16:42:53.714271,changed_mind,approved,False,
RETURN_001099,ORDER_012176,BUYER_01226,SELLER_00123,2025-10-15 20:39:42.725175,size_issue,approved,False,
RETURN_001100,ORDER_012185,BUYER_01227,SELLER_00381,2025-10-05 11:09:00.499033,changed_mind,approved,False,
RETURN_001101,ORDER_012200,BUYER_01229,SELLER_00214,2025-05-30 17:33:25.646283,size_issue,approved,False,
RETURN_001102,ORDER_012215,BUYER_01232,SELLER_00387,2025-12-05 00:05:23.362785,changed_mind,approved,False,
RETURN_001103,ORDER_012220,BUYER_01232,SELLER_00005,2025-03-10 22:51:29.543868,size_issue,approved,False,
RETURN_001104,ORDER_012227,BUYER_01232,SELLER_00170,2025-09-04 21:33:37.007615,changed_mind,approved,False,
RETURN_001105,ORDER_012230,BUYER_01232,SELLER_00470,2025-03-27 00:48:58.063539,defective,approved,False,
RETURN_001106,ORDER_012232,BUYER_01232,SELLER_00023,2025-07-24 14:52:40.364426,changed_mind,approved,False,
RETURN_001107,ORDER_012233,BUYER_01232,SELLER_00258,2025-07-23 20:34:18.218733,defective,approved,False,
RETURN_001108,ORDER_012234,BUYER_01232,SELLER_00438,2025-11-20 15:33:46.661114,defective,approved,False,
RETURN_001109,ORDER_012242,BUYER_01233,SELLER_00262,2025-11-25 12:51:52.463924,wrong_item_received,approved,False,
RETURN_001110,ORDER_012247,BUYER_01233,SELLER_00431,2025-12-03 00:42:12.068759,size_issue,approved,False,
RETURN_001111,ORDER_012249,BUYER_01233,SELLER_00289,2025-11-23 02:37:43.166936,size_issue,approved,False,
RETURN_001112,ORDER_012250,BUYER_01233,SELLER_00238,2025-11-16 08:41:59.905171,defective,approved,False,
RETURN_001113,ORDER_012256,BUYER_01233,SELLER_00080,2025-11-09 15:03:19.265484,size_issue,approved,False,
RETURN_001114,ORDER_012259,BUYER_01233,SELLER_00084,2025-11-27 23:17:48.138566,wrong_item_received,approved,False,
RETURN_001115,ORDER_012260,BUYER_01233,SELLER_00263,2025-11-28 17:32:43.880940,defective,approved,False,
RETURN_001116,ORDER_012263,BUYER_01233,SELLER_00305,2025-12-08 16:56:20.825134,changed_mind,approved,False,
RETURN_001117,ORDER_012286,BUYER_01236,SELLER_00164,2025-12-18 23:30:13.566619,defective,approved,False,
RETURN_001118,ORDER_012294,BUYER_01238,SELLER_00076,2025-12-15 14:22:22.134918,defective,approved,False,
RETURN_001119,ORDER_012297,BUYER_01238,SELLER_00376,2025-12-20 00:01:00.000000,size_issue,approved,False,
RETURN_001120,ORDER_012299,BUYER_01238,SELLER_00211,2025-12-21 23:45:32.449669,changed_mind,approved,False,
RETURN_001121,ORDER_012303,BUYER_01238,SELLER_00449,2025-12-16 16:38:24.799318,wrong_item_received,approved,False,
RETURN_001122,ORDER_012367,BUYER_01245,SELLER_00214,2025-07-26 15:54:00.403982,changed_mind,approved,False,
RETURN_001123,ORDER_012405,BUYER_01248,SELLER_00047,2025-09-07 23:51:50.698870,defective,approved,False,
RETURN_001124,ORDER_012419,BUYER_01249,SELLER_00011,2025-10-04 02:52:14.933572,defective,approved,True,return_abuse
RETURN_001125,ORDER_012423,BUYER_01250,SELLER_00152,2025-12-22 22:50:34.488566,changed_mind,approved,True,return_abuse
RETURN_001126,ORDER_012440,BUYER_01252,SELLER_00001,2025-05-26 17:51:24.834154,changed_mind,approved,False,
RETURN_001127,ORDER_012444,BUYER_01252,SELLER_00024,2025-06-08 23:02:01.413085,size_issue,approved,False,
RETURN_001128,ORDER_012447,BUYER_01252,SELLER_00092,2025-07-05 15:47:30.030380,changed_mind,approved,False,
RETURN_001129,ORDER_012482,BUYER_01256,SELLER_00157,2025-10-28 21:47:28.020972,changed_mind,approved,False,
RETURN_001130,ORDER_012555,BUYER_01262,SELLER_00166,2025-05-20 18:00:20.715721,changed_mind,approved,False,
RETURN_001131,ORDER_012568,BUYER_01263,SELLER_00089,2025-12-21 20:16:14.035396,defective,approved,False,
RETURN_001132,ORDER_012573,BUYER_01264,SELLER_00221,2025-12-01 03:12:50.001790,changed_mind,approved,False,
RETURN_001133,ORDER_012592,BUYER_01267,SELLER_00326,2025-06-04 11:15:04.634692,changed_mind,approved,False,
RETURN_001134,ORDER_012606,BUYER_01267,SELLER_00032,2025-11-17 15:14:12.926120,changed_mind,approved,False,
RETURN_001135,ORDER_012616,BUYER_01267,SELLER_00002,2025-09-27 07:13:23.435472,wrong_item_received,approved,False,
RETURN_001136,ORDER_012626,BUYER_01267,SELLER_00036,2025-12-21 17:24:15.266048,size_issue,approved,False,
RETURN_001137,ORDER_012635,BUYER_01267,SELLER_00341,2025-06-03 11:45:40.274400,changed_mind,approved,False,
RETURN_001138,ORDER_012636,BUYER_01267,SELLER_00363,2025-08-29 03:14:58.924120,size_issue,approved,False,
RETURN_001139,ORDER_012643,BUYER_01267,SELLER_00204,2025-06-06 05:56:54.016918,changed_mind,approved,False,
RETURN_001140,ORDER_012657,BUYER_01268,SELLER_00275,2025-11-08 09:11:54.694321,changed_mind,approved,False,
RETURN_001141,ORDER_012667,BUYER_01268,SELLER_00148,2025-10-07 02:32:46.455413,size_issue,approved,False,
RETURN_001142,ORDER_012669,BUYER_01269,SELLER_00358,2025-12-01 09:59:20.197154,defective,approved,False,
RETURN_001143,ORDER_012672,BUYER_01269,SELLER_00016,2025-12-12 05:20:48.749770,changed_mind,approved,False,
RETURN_001144,ORDER_012702,BUYER_01272,SELLER_00246,2025-12-19 03:52:09.921651,changed_mind,approved,False,
RETURN_001145,ORDER_012737,BUYER_01274,SELLER_00413,2025-06-12 08:15:40.203668,size_issue,approved,False,
RETURN_001146,ORDER_012739,BUYER_01274,SELLER_00277,2025-10-25 02:16:59.348729,size_issue,approved,False,
RETURN_001147,ORDER_012740,BUYER_01274,SELLER_00423,2025-09-07 19:39:48.960493,changed_mind,approved,False,
RETURN_001148,ORDER_012742,BUYER_01274,SELLER_00169,2025-06-02 13:41:52.125061,defective,approved,False,
RETURN_001149,ORDER_012743,BUYER_01274,SELLER_00016,2025-10-13 05:43:31.963826,defective,approved,False,
RETURN_001150,ORDER_012745,BUYER_01274,SELLER_00342,2025-08-01 02:42:51.346888,defective,approved,False,
RETURN_001151,ORDER_012749,BUYER_01274,SELLER_00316,2025-10-24 01:22:18.950084,wrong_item_received,approved,False,
RETURN_001152,ORDER_012751,BUYER_01274,SELLER_00063,2025-08-28 17:05:58.430364,defective,approved,False,
RETURN_001153,ORDER_012758,BUYER_01275,SELLER_00204,2025-06-11 07:06:57.392550,defective,approved,False,
RETURN_001154,ORDER_012829,BUYER_01283,SELLER_00148,2025-08-20 23:05:02.800478,defective,approved,False,
RETURN_001155,ORDER_012839,BUYER_01285,SELLER_00275,2025-12-28 04:13:36.527548,changed_mind,approved,False,
RETURN_001156,ORDER_012846,BUYER_01286,SELLER_00246,2025-03-14 20:53:00.547866,defective,approved,False,
RETURN_001157,ORDER_012858,BUYER_01286,SELLER_00481,2025-04-25 18:05:29.209743,defective,approved,False,
RETURN_001158,ORDER_012864,BUYER_01287,SELLER_00327,2025-10-30 12:16:39.208536,size_issue,approved,False,
RETURN_001159,ORDER_012866,BUYER_01288,SELLER_00152,2025-10-17 02:56:40.827524,wrong_item_received,approved,False,
RETURN_001160,ORDER_012900,BUYER_01292,SELLER_00124,2025-12-19 10:27:51.110257,defective,approved,False,
RETURN_001161,ORDER_012917,BUYER_01294,SELLER_00227,2025-07-18 09:37:49.687038,defective,approved,False,
RETURN_001162,ORDER_012921,BUYER_01294,SELLER_00143,2025-04-28 13:25:54.688074,size_issue,approved,False,
RETURN_001163,ORDER_012925,BUYER_01294,SELLER_00424,2025-10-24 09:02:03.335637,changed_mind,approved,False,
RETURN_001164,ORDER_013001,BUYER_01306,SELLER_00016,2025-11-05 05:45:42.931456,size_issue,approved,False,
RETURN_001165,ORDER_013005,BUYER_01306,SELLER_00010,2025-10-02 19:16:45.651522,defective,approved,False,
RETURN_001166,ORDER_013052,BUYER_01312,SELLER_00246,2025-09-12 23:07:54.881806,changed_mind,approved,False,
RETURN_001167,ORDER_013074,BUYER_01314,SELLER_00141,2025-12-19 02:55:47.891016,wrong_item_received,approved,False,
RETURN_001168,ORDER_013093,BUYER_01317,SELLER_00113,2025-11-18 20:34:29.790036,defective,approved,False,
RETURN_001169,ORDER_013118,BUYER_01319,SELLER_00288,2025-10-13 04:49:36.201756,changed_mind,approved,False,
RETURN_001170,ORDER_013122,BUYER_01320,SELLER_00088,2025-10-17 20:28:54.813658,defective,approved,False,
RETURN_001171,ORDER_013138,BUYER_01320,SELLER_00100,2025-10-05 08:59:41.639338,wrong_item_received,approved,False,
RETURN_001172,ORDER_013144,BUYER_01320,SELLER_00411,2025-05-07 23:55:53.704485,changed_mind,approved,False,
RETURN_001173,ORDER_013157,BUYER_01321,SELLER_00267,2025-12-27 21:55:12.182344,defective,approved,False,
RETURN_001174,ORDER_013160,BUYER_01322,SELLER_00326,2025-12-16 12:20:37.490007,defective,approved,False,
RETURN_001175,ORDER_013163,BUYER_01322,SELLER_00067,2025-11-20 13:45:09.927966,changed_mind,approved,False,
RETURN_001176,ORDER_013168,BUYER_01322,SELLER_00376,2025-12-29 04:52:05.237130,size_issue,approved,False,
RETURN_001177,ORDER_013169,BUYER_01322,SELLER_00114,2025-12-08 17:09:59.313605,changed_mind,approved,False,
RETURN_001178,ORDER_013182,BUYER_01322,SELLER_00128,2025-12-21 08:16:26.760994,size_issue,approved,False,
RETURN_001179,ORDER_013198,BUYER_01324,SELLER_00441,2025-11-22 05:00:25.999777,changed_mind,approved,False,
RETURN_001180,ORDER_013231,BUYER_01325,SELLER_00091,2025-12-28 19:04:21.665307,changed_mind,approved,False,
RETURN_001181,ORDER_013238,BUYER_01325,SELLER_00275,2025-12-04 06:03:06.642127,size_issue,approved,False,
RETURN_001182,ORDER_013265,BUYER_01329,SELLER_00099,2025-10-13 23:35:18.412707,size_issue,approved,False,
RETURN_001183,ORDER_013277,BUYER_01330,SELLER_00097,2025-12-13 01:11:01.817328,defective,approved,False,
RETURN_001184,ORDER_013325,BUYER_01332,SELLER_00203,2025-06-24 02:46:19.156236,defective,approved,False,
RETURN_001185,ORDER_013326,BUYER_01332,SELLER_00201,2025-08-03 01:58:09.566312,changed_mind,approved,False,
RETURN_001186,ORDER_013327,BUYER_01332,SELLER_00227,2025-04-18 23:08:55.090429,changed_mind,approved,True,return_abuse
RETURN_001187,ORDER_013339,BUYER_01332,SELLER_00209,2025-07-26 05:27:47.171299,defective,approved,False,
RETURN_001188,ORDER_013343,BUYER_01332,SELLER_00494,2025-07-01 21:49:02.804035,wrong_item_received,approved,True,return_abuse
RETURN_001189,ORDER_013372,BUYER_01334,SELLER_00006,2025-10-03 15:17:18.224778,size_issue,approved,False,
RETURN_001190,ORDER_013377,BUYER_01334,SELLER_00177,2025-11-29 07:49:11.627225,defective,approved,True,return_abuse
RETURN_001191,ORDER_013390,BUYER_01336,SELLER_00411,2025-06-17 19:59:22.857231,changed_mind,approved,False,
RETURN_001192,ORDER_013393,BUYER_01336,SELLER_00132,2025-06-04 11:51:17.397158,defective,approved,False,
RETURN_001193,ORDER_013395,BUYER_01336,SELLER_00231,2025-11-24 14:44:42.614974,wrong_item_received,approved,False,
RETURN_001194,ORDER_013397,BUYER_01336,SELLER_00463,2025-07-17 13:05:06.521013,wrong_item_received,approved,False,
RETURN_001195,ORDER_013401,BUYER_01337,SELLER_00438,2025-07-22 00:48:09.792534,changed_mind,approved,False,
RETURN_001196,ORDER_013410,BUYER_01337,SELLER_00178,2025-05-28 05:06:24.279705,changed_mind,approved,False,
RETURN_001197,ORDER_013413,BUYER_01337,SELLER_00374,2025-12-16 21:13:47.873565,wrong_item_received,approved,False,
RETURN_001198,ORDER_013416,BUYER_01338,SELLER_00289,2025-11-07 03:03:44.678908,changed_mind,approved,False,
RETURN_001199,ORDER_013453,BUYER_01341,SELLER_00006,2025-10-18 23:41:28.674263,wrong_item_received,approved,False,
RETURN_001200,ORDER_013479,BUYER_01344,SELLER_00031,2025-12-23 02:28:13.573752,size_issue,approved,False,
RETURN_001201,ORDER_013484,BUYER_01344,SELLER_00031,2025-06-02 14:39:47.549346,size_issue,approved,False,
RETURN_001202,ORDER_013494,BUYER_01346,SELLER_00248,2025-04-15 14:38:16.400077,defective,approved,False,
RETURN_001203,ORDER_013497,BUYER_01346,SELLER_00225,2025-10-23 23:20:04.844342,size_issue,approved,False,
RETURN_001204,ORDER_013508,BUYER_01346,SELLER_00288,2025-10-29 18:46:11.124898,wrong_item_received,approved,False,
RETURN_001205,ORDER_013522,BUYER_01349,SELLER_00078,2025-12-22 20:00:07.062854,wrong_item_received,approved,False,
RETURN_001206,ORDER_013539,BUYER_01350,SELLER_00064,2025-11-11 13:47:25.896349,defective,approved,False,
RETURN_001207,ORDER_013544,BUYER_01351,SELLER_00056,2025-06-01 18:05:38.143667,changed_mind,approved,False,
RETURN_001208,ORDER_013576,BUYER_01353,SELLER_00222,2025-11-22 11:20:44.234728,changed_mind,approved,False,
RETURN_001209,ORDER_013601,BUYER_01355,SELLER_00395,2025-07-03 21:15:55.284672,size_issue,approved,False,
RETURN_001210,ORDER_013645,BUYER_01358,SELLER_00417,2025-12-10 06:27:12.380648,changed_mind,approved,False,
RETURN_001211,ORDER_013649,BUYER_01358,SELLER_00367,2025-12-07 01:53:53.118343,changed_mind,approved,False,
RETURN_001212,ORDER_013655,BUYER_01359,SELLER_00391,2025-03-09 00:18:50.749157,size_issue,approved,False,
RETURN_001213,ORDER_013677,BUYER_01364,SELLER_00455,2025-06-26 05:56:24.776750,wrong_item_received,approved,False,
RETURN_001214,ORDER_013756,BUYER_01379,SELLER_00185,2025-11-29 17:31:08.753089,defective,approved,False,
RETURN_001215,ORDER_013758,BUYER_01379,SELLER_00076,2025-12-09 06:15:25.281419,size_issue,approved,False,
RETURN_001216,ORDER_013786,BUYER_01383,SELLER_00036,2025-07-31 01:51:16.320201,changed_mind,approved,False,
RETURN_001217,ORDER_013818,BUYER_01386,SELLER_00016,2025-06-14 19:22:08.619854,size_issue,approved,False,
RETURN_001218,ORDER_013850,BUYER_01389,SELLER_00191,2025-06-01 02:12:35.751724,defective,approved,False,
RETURN_001219,ORDER_013858,BUYER_01390,SELLER_00000,2025-09-02 13:16:35.724303,size_issue,approved,False,
RETURN_001220,ORDER_013867,BUYER_01390,SELLER_00218,2025-12-02 11:45:08.604594,changed_mind,approved,False,
RETURN_001221,ORDER_013883,BUYER_01392,SELLER_00460,2025-12-22 12:58:17.532094,changed_mind,approved,False,
RETURN_001222,ORDER_013885,BUYER_01392,SELLER_00232,2025-12-24 20:16:20.461876,defective,approved,False,
RETURN_001223,ORDER_013890,BUYER_01392,SELLER_00107,2025-12-27 20:55:56.284232,wrong_item_received,approved,False,
RETURN_001224,ORDER_013909,BUYER_01394,SELLER_00016,2025-08-22 23:34:38.191405,changed_mind,approved,False,
RETURN_001225,ORDER_013924,BUYER_01395,SELLER_00006,2025-12-08 14:20:43.701056,defective,approved,False,
RETURN_001226,ORDER_013930,BUYER_01396,SELLER_00046,2025-08-15 15:18:58.020075,wrong_item_received,approved,False,
RETURN_001227,ORDER_013937,BUYER_01398,SELLER_00317,2025-12-02 03:35:46.559335,size_issue,approved,False,
RETURN_001228,ORDER_013966,BUYER_01402,SELLER_00317,2025-07-27 08:28:21.850832,size_issue,approved,False,
RETURN_001229,ORDER_013971,BUYER_01402,SELLER_00308,2025-04-14 09:26:00.040769,defective,approved,False,
RETURN_001230,ORDER_013982,BUYER_01403,SELLER_00399,2025-11-29 08:55:28.545340,defective,approved,False,
RETURN_001231,ORDER_014009,BUYER_01406,SELLER_00399,2025-12-22 00:51:11.391518,size_issue,approved,False,
RETURN_001232,ORDER_014066,BUYER_01409,SELLER_00294,2025-11-25 00:50:50.601053,size_issue,approved,False,
RETURN_001233,ORDER_014124,BUYER_01415,SELLER_00172,2025-08-28 01:43:51.579015,defective,approved,False,
RETURN_001234,ORDER_014154,BUYER_01419,SELLER_00135,2025-12-06 01:04:22.582713,wrong_item_received,approved,False,
RETURN_001235,ORDER_014168,BUYER_01422,SELLER_00376,2025-12-23 00:09:12.529687,wrong_item_received,approved,False,
RETURN_001236,ORDER_014208,BUYER_01428,SELLER_00400,2025-11-02 06:53:19.547605,changed_mind,approved,False,
RETURN_001237,ORDER_014209,BUYER_01428,SELLER_00390,2025-07-28 10:20:08.831270,size_issue,approved,False,
RETURN_001238,ORDER_014215,BUYER_01429,SELLER_00017,2025-03-06 21:03:14.229891,changed_mind,approved,False,
RETURN_001239,ORDER_014254,BUYER_01432,SELLER_00155,2025-09-23 19:36:59.264807,defective,approved,False,
RETURN_001240,ORDER_014265,BUYER_01434,SELLER_00065,2025-10-27 11:08:00.704398,wrong_item_received,approved,False,
RETURN_001241,ORDER_014267,BUYER_01434,SELLER_00409,2025-12-09 15:02:14.740622,changed_mind,approved,False,
RETURN_001242,ORDER_014271,BUYER_01434,SELLER_00399,2025-06-28 19:59:57.869227,changed_mind,approved,False,
RETURN_001243,ORDER_014282,BUYER_01436,SELLER_00032,2025-09-26 03:00:39.873675,changed_mind,approved,False,
RETURN_001244,ORDER_014290,BUYER_01436,SELLER_00436,2025-10-24 01:28:54.040320,changed_mind,approved,False,
RETURN_001245,ORDER_014299,BUYER_01438,SELLER_00499,2025-05-20 13:20:34.992741,defective,approved,False,
RETURN_001246,ORDER_014302,BUYER_01438,SELLER_00200,2025-05-15 02:46:21.182401,defective,approved,False,
RETURN_001247,ORDER_014311,BUYER_01440,SELLER_00037,2025-08-13 13:37:28.949305,wrong_item_received,approved,False,
RETURN_001248,ORDER_014314,BUYER_01440,SELLER_00142,2025-09-24 01:34:01.059180,changed_mind,approved,False,
RETURN_001249,ORDER_014316,BUYER_01440,SELLER_00013,2025-08-10 18:17:32.219097,changed_mind,approved,False,
RETURN_001250,ORDER_014320,BUYER_01441,SELLER_00471,2025-02-07 21:51:10.326548,wrong_item_received,approved,False,
RETURN_001251,ORDER_014323,BUYER_01442,SELLER_00352,2025-12-08 08:36:13.592274,size_issue,approved,False,
RETURN_001252,ORDER_014327,BUYER_01444,SELLER_00108,2025-08-30 03:26:28.292241,wrong_item_received,approved,False,
RETURN_001253,ORDER_014335,BUYER_01444,SELLER_00113,2025-05-31 22:17:29.301734,defective,approved,False,
RETURN_001254,ORDER_014336,BUYER_01444,SELLER_00222,2025-05-28 23:35:45.091764,changed_mind,approved,False,
RETURN_001255,ORDER_014338,BUYER_01444,SELLER_00436,2025-07-03 10:41:27.559724,size_issue,approved,False,
RETURN_001256,ORDER_014339,BUYER_01445,SELLER_00120,2025-10-19 16:25:38.628106,changed_mind,approved,False,
RETURN_001257,ORDER_014351,BUYER_01446,SELLER_00400,2025-03-02 08:46:02.796632,changed_mind,approved,False,
RETURN_001258,ORDER_014362,BUYER_01448,SELLER_00163,2025-11-26 00:58:55.884925,changed_mind,approved,False,
RETURN_001259,ORDER_014371,BUYER_01449,SELLER_00097,2025-12-24 13:02:04.344481,changed_mind,approved,False,
RETURN_001260,ORDER_014388,BUYER_01450,SELLER_00210,2025-10-14 06:03:00.147024,wrong_item_received,approved,False,
RETURN_001261,ORDER_014442,BUYER_01455,SELLER_00271,2025-09-24 14:49:04.295266,size_issue,approved,False,
RETURN_001262,ORDER_014451,BUYER_01456,SELLER_00470,2025-09-05 12:09:51.348856,defective,approved,False,
RETURN_001263,ORDER_014482,BUYER_01461,SELLER_00393,2025-09-09 16:52:33.683740,size_issue,approved,False,
RETURN_001264,ORDER_014484,BUYER_01461,SELLER_00492,2025-11-17 21:53:56.775080,changed_mind,approved,False,
RETURN_001265,ORDER_014491,BUYER_01461,SELLER_00085,2025-07-14 02:12:34.167170,changed_mind,approved,False,
RETURN_001266,ORDER_014494,BUYER_01461,SELLER_00488,2025-07-27 02:28:29.186546,defective,approved,False,
RETURN_001267,ORDER_014496,BUYER_01461,SELLER_00012,2025-12-14 23:16:18.831913,changed_mind,approved,False,
RETURN_001268,ORDER_014497,BUYER_01461,SELLER_00246,2025-10-08 12:02:38.604459,changed_mind,approved,False,
RETURN_001269,ORDER_014499,BUYER_01461,SELLER_00092,2025-09-20 05:19:08.617452,changed_mind,approved,False,
RETURN_001270,ORDER_014500,BUYER_01461,SELLER_00357,2025-11-11 02:52:35.364084,changed_mind,approved,False,
RETURN_001271,ORDER_014550,BUYER_01469,SELLER_00409,2025-03-17 06:04:07.416412,defective,approved,False,
RETURN_001272,ORDER_014557,BUYER_01471,SELLER_00056,2025-09-13 21:43:46.199763,defective,approved,False,
RETURN_001273,ORDER_014559,BUYER_01471,SELLER_00136,2025-09-03 17:32:00.907979,defective,approved,False,
RETURN_001274,ORDER_014563,BUYER_01471,SELLER_00016,2025-11-11 06:19:19.580617,defective,approved,False,
RETURN_001275,ORDER_014576,BUYER_01473,SELLER_00067,2025-11-04 12:24:10.052378,changed_mind,approved,False,
RETURN_001276,ORDER_014597,BUYER_01474,SELLER_00037,2025-11-08 21:29:02.143799,defective,approved,False,
RETURN_001277,ORDER_014608,BUYER_01474,SELLER_00424,2025-08-24 05:00:52.700484,wrong_item_received,approved,False,
RETURN_001278,ORDER_014669,BUYER_01482,SELLER_00259,2025-10-08 00:12:53.665738,wrong_item_received,approved,False,
RETURN_001279,ORDER_014691,BUYER_01484,SELLER_00305,2025-07-06 00:45:26.569097,changed_mind,approved,False,
RETURN_001280,ORDER_014702,BUYER_01486,SELLER_00153,2025-10-30 17:43:06.394807,size_issue,approved,False,
RETURN_001281,ORDER_014714,BUYER_01487,SELLER_00238,2025-12-16 20:05:52.566853,changed_mind,approved,False,
RETURN_001282,ORDER_014724,BUYER_01489,SELLER_00204,2025-08-21 18:49:43.326955,wrong_item_received,approved,False,
RETURN_001283,ORDER_014725,BUYER_01489,SELLER_00000,2025-09-20 02:05:55.969120,changed_mind,approved,False,
RETURN_001284,ORDER_014731,BUYER_01489,SELLER_00347,2025-12-30 22:27:14.247631,wrong_item_received,approved,False,
RETURN_001285,ORDER_014739,BUYER_01490,SELLER_00454,2025-12-18 12:05:29.698052,changed_mind,approved,False,
RETURN_001286,ORDER_014742,BUYER_01490,SELLER_00451,2025-12-22 22:18:44.440035,changed_mind,approved,False,
RETURN_001287,ORDER_014746,BUYER_01491,SELLER_00078,2025-10-30 03:01:56.583655,changed_mind,approved,False,
RETURN_001288,ORDER_014748,BUYER_01491,SELLER_00199,2025-10-13 09:07:47.557715,changed_mind,approved,False,
RETURN_001289,ORDER_014776,BUYER_01493,SELLER_00018,2025-10-08 01:34:23.534080,defective,approved,False,
RETURN_001290,ORDER_014868,BUYER_01499,SELLER_00100,2025-08-21 08:23:50.384114,changed_mind,approved,False,
RETURN_001291,ORDER_014886,BUYER_01499,SELLER_00189,2025-08-06 19:29:05.031354,size_issue,approved,False,
RETURN_001292,ORDER_014945,BUYER_01505,SELLER_00123,2025-05-12 14:15:58.062648,size_issue,approved,False,
RETURN_001293,ORDER_014962,BUYER_01507,SELLER_00100,2025-12-04 01:27:29.570018,defective,approved,False,
RETURN_001294,ORDER_014971,BUYER_01509,SELLER_00246,2025-04-16 09:18:04.649815,defective,approved,False,
RETURN_001295,ORDER_015011,BUYER_01513,SELLER_00152,2025-09-21 08:19:18.941542,defective,approved,False,
RETURN_001296,ORDER_015015,BUYER_01514,SELLER_00483,2025-12-11 15:31:42.082224,size_issue,approved,False,
RETURN_001297,ORDER_015016,BUYER_01514,SELLER_00277,2025-12-29 19:20:00.880621,changed_mind,approved,False,
RETURN_001298,ORDER_015019,BUYER_01514,SELLER_00192,2025-12-03 03:13:46.845570,changed_mind,approved,False,
RETURN_001299,ORDER_015022,BUYER_01514,SELLER_00214,2025-12-20 12:03:36.534988,size_issue,approved,False,
RETURN_001300,ORDER_015028,BUYER_01515,SELLER_00100,2025-03-14 09:13:22.693793,changed_mind,approved,False,
RETURN_001301,ORDER_015029,BUYER_01515,SELLER_00326,2025-07-07 15:38:22.818197,size_issue,approved,False,
RETURN_001302,ORDER_015031,BUYER_01515,SELLER_00107,2025-12-27 19:35:58.375528,size_issue,approved,False,
RETURN_001303,ORDER_015037,BUYER_01515,SELLER_00409,2025-09-26 17:50:31.375538,changed_mind,approved,False,
RETURN_001304,ORDER_015044,BUYER_01517,SELLER_00447,2025-03-31 11:03:18.208929,wrong_item_received,approved,False,
RETURN_001305,ORDER_015055,BUYER_01519,SELLER_00416,2025-06-12 19:32:38.121364,changed_mind,approved,False,
RETURN_001306,ORDER_015061,BUYER_01520,SELLER_00294,2025-09-13 14:48:48.654337,defective,approved,False,
RETURN_001307,ORDER_015072,BUYER_01520,SELLER_00435,2025-11-06 16:07:25.824966,changed_mind,approved,True,return_abuse
RETURN_001308,ORDER_015081,BUYER_01521,SELLER_00347,2025-10-26 02:51:34.473030,changed_mind,approved,False,
RETURN_001309,ORDER_015082,BUYER_01521,SELLER_00313,2025-11-25 12:30:34.107589,changed_mind,approved,False,
RETURN_001310,ORDER_015098,BUYER_01522,SELLER_00175,2025-09-03 15:38:45.976509,changed_mind,approved,False,
RETURN_001311,ORDER_015157,BUYER_01526,SELLER_00192,2025-12-01 19:16:37.294092,defective,approved,False,
RETURN_001312,ORDER_015172,BUYER_01529,SELLER_00214,2025-01-27 17:18:38.644390,wrong_item_received,approved,False,
RETURN_001313,ORDER_015180,BUYER_01529,SELLER_00090,2025-08-11 02:46:40.784279,defective,approved,False,
RETURN_001314,ORDER_015190,BUYER_01529,SELLER_00455,2025-11-22 12:57:15.559280,changed_mind,approved,False,
RETURN_001315,ORDER_015203,BUYER_01530,SELLER_00209,2025-11-08 06:44:33.285883,defective,approved,True,return_abuse
RETURN_001316,ORDER_015205,BUYER_01530,SELLER_00325,2025-06-22 14:04:50.407044,changed_mind,approved,False,
RETURN_001317,ORDER_015241,BUYER_01535,SELLER_00278,2025-10-08 01:56:47.358746,defective,approved,False,
RETURN_001318,ORDER_015282,BUYER_01539,SELLER_00155,2025-08-17 16:54:25.976069,changed_mind,approved,False,
RETURN_001319,ORDER_015289,BUYER_01539,SELLER_00441,2025-10-24 18:18:58.567401,defective,approved,False,
RETURN_001320,ORDER_015290,BUYER_01539,SELLER_00017,2025-09-25 04:00:36.767572,defective,approved,False,
RETURN_001321,ORDER_015293,BUYER_01539,SELLER_00476,2025-12-08 08:26:38.467290,changed_mind,approved,False,
RETURN_001322,ORDER_015295,BUYER_01539,SELLER_00101,2025-11-14 08:36:20.975900,size_issue,approved,False,
RETURN_001323,ORDER_015296,BUYER_01539,SELLER_00418,2025-08-04 07:32:44.225116,changed_mind,approved,False,
RETURN_001324,ORDER_015299,BUYER_01540,SELLER_00154,2025-11-15 23:35:49.999938,defective,approved,False,
RETURN_001325,ORDER_015303,BUYER_01540,SELLER_00132,2025-11-03 06:54:46.867735,changed_mind,approved,False,
RETURN_001326,ORDER_015307,BUYER_01540,SELLER_00143,2025-09-26 12:18:21.064010,changed_mind,approved,False,
RETURN_001327,ORDER_015310,BUYER_01540,SELLER_00347,2025-12-20 12:03:28.488675,defective,approved,False,
RETURN_001328,ORDER_015311,BUYER_01540,SELLER_00455,2025-12-04 04:14:55.481633,changed_mind,approved,False,
RETURN_001329,ORDER_015323,BUYER_01541,SELLER_00492,2025-12-11 05:19:26.440416,defective,approved,False,
RETURN_001330,ORDER_015332,BUYER_01544,SELLER_00059,2025-11-04 14:12:17.982514,size_issue,approved,False,
RETURN_001331,ORDER_015376,BUYER_01547,SELLER_00162,2025-07-31 04:43:11.703127,size_issue,approved,True,return_abuse
RETURN_001332,ORDER_015389,BUYER_01547,SELLER_00037,2025-09-21 21:32:27.969099,defective,approved,True,return_abuse
RETURN_001333,ORDER_015452,BUYER_01548,SELLER_00343,2025-11-09 11:10:55.092457,defective,approved,False,
RETURN_001334,ORDER_015454,BUYER_01548,SELLER_00231,2025-11-03 04:26:32.200144,changed_mind,approved,False,
RETURN_001335,ORDER_015456,BUYER_01548,SELLER_00301,2025-12-04 15:27:27.170214,changed_mind,approved,False,
RETURN_001336,ORDER_015472,BUYER_01549,SELLER_00314,2025-03-27 16:01:12.028844,changed_mind,approved,False,
RETURN_001337,ORDER_015473,BUYER_01550,SELLER_00038,2025-05-29 12:34:41.045524,wrong_item_received,approved,False,
RETURN_001338,ORDER_015480,BUYER_01551,SELLER_00316,2025-12-15 13:13:05.052708,wrong_item_received,approved,False,
RETURN_001339,ORDER_015503,BUYER_01554,SELLER_00468,2025-09-18 02:06:41.115751,size_issue,approved,False,
RETURN_001340,ORDER_015558,BUYER_01560,SELLER_00147,2025-09-09 20:44:29.773869,wrong_item_received,approved,False,
RETURN_001341,ORDER_015559,BUYER_01560,SELLER_00018,2025-11-10 01:13:31.792287,defective,approved,False,
RETURN_001342,ORDER_015569,BUYER_01560,SELLER_00123,2025-11-30 19:05:58.431317,defective,approved,False,
RETURN_001343,ORDER_015584,BUYER_01562,SELLER_00329,2025-06-17 18:31:22.831934,defective,approved,False,
RETURN_001344,ORDER_015587,BUYER_01563,SELLER_00138,2025-12-08 09:26:54.821807,changed_mind,approved,False,
RETURN_001345,ORDER_015590,BUYER_01564,SELLER_00265,2025-12-19 14:16:31.033429,defective,approved,False,
RETURN_001346,ORDER_015597,BUYER_01565,SELLER_00269,2025-09-05 08:10:36.553181,size_issue,approved,False,
RETURN_001347,ORDER_015611,BUYER_01567,SELLER_00150,2025-12-27 09:11:56.663485,wrong_item_received,approved,False,
RETURN_001348,ORDER_015656,BUYER_01575,SELLER_00225,2025-09-11 02:59:38.253496,defective,approved,False,
RETURN_001349,ORDER_015659,BUYER_01575,SELLER_00405,2025-06-26 18:00:00.053835,size_issue,approved,False,
RETURN_001350,ORDER_015664,BUYER_01576,SELLER_00028,2025-12-09 05:52:30.121616,size_issue,approved,False,
RETURN_001351,ORDER_015681,BUYER_01577,SELLER_00472,2025-10-30 14:17:43.655818,size_issue,approved,False,
RETURN_001352,ORDER_015691,BUYER_01578,SELLER_00185,2025-10-18 05:04:34.920994,changed_mind,approved,False,
RETURN_001353,ORDER_015698,BUYER_01579,SELLER_00328,2025-10-07 05:03:24.377533,size_issue,approved,False,
RETURN_001354,ORDER_015701,BUYER_01579,SELLER_00196,2025-11-22 07:48:28.859296,changed_mind,approved,False,
RETURN_001355,ORDER_015702,BUYER_01580,SELLER_00139,2025-12-24 05:51:35.867480,changed_mind,approved,False,
RETURN_001356,ORDER_015709,BUYER_01580,SELLER_00380,2025-12-30 11:39:45.882933,changed_mind,approved,False,
RETURN_001357,ORDER_015717,BUYER_01581,SELLER_00399,2025-06-28 10:19:20.055136,changed_mind,approved,False,
RETURN_001358,ORDER_015771,BUYER_01586,SELLER_00409,2025-12-22 18:03:21.878424,defective,approved,False,
RETURN_001359,ORDER_015779,BUYER_01586,SELLER_00375,2025-11-20 16:21:56.628947,changed_mind,approved,False,
RETURN_001360,ORDER_015788,BUYER_01586,SELLER_00101,2025-12-24 04:38:20.076965,wrong_item_received,approved,False,
RETURN_001361,ORDER_015798,BUYER_01587,SELLER_00263,2025-11-28 09:11:09.585361,defective,approved,False,
RETURN_001362,ORDER_015809,BUYER_01588,SELLER_00392,2025-12-15 18:51:17.644961,size_issue,approved,False,
RETURN_001363,ORDER_015825,BUYER_01589,SELLER_00320,2025-05-04 00:14:20.251346,changed_mind,approved,False,
RETURN_001364,ORDER_015827,BUYER_01589,SELLER_00499,2025-02-09 20:59:59.927592,wrong_item_received,approved,False,
RETURN_001365,ORDER_015830,BUYER_01589,SELLER_00166,2025-12-11 00:46:48.759653,changed_mind,approved,False,
RETURN_001366,ORDER_015832,BUYER_01589,SELLER_00491,2025-03-29 19:38:01.296510,wrong_item_received,approved,False,
RETURN_001367,ORDER_015837,BUYER_01590,SELLER_00039,2025-06-30 22:09:36.260900,size_issue,approved,False,
RETURN_001368,ORDER_015861,BUYER_01593,SELLER_00169,2025-10-30 06:14:56.818641,changed_mind,approved,False,
RETURN_001369,ORDER_015862,BUYER_01593,SELLER_00095,2025-10-19 08:37:50.174395,changed_mind,approved,False,
RETURN_001370,ORDER_015867,BUYER_01594,SELLER_00081,2025-12-22 12:23:12.848487,defective,approved,False,
RETURN_001371,ORDER_015883,BUYER_01596,SELLER_00009,2025-05-07 23:22:27.812035,wrong_item_received,approved,False,
RETURN_001372,ORDER_015886,BUYER_01597,SELLER_00439,2025-04-27 02:06:14.584677,size_issue,approved,False,
RETURN_001373,ORDER_015891,BUYER_01598,SELLER_00276,2025-10-08 19:13:52.521475,changed_mind,approved,False,
RETURN_001374,ORDER_015908,BUYER_01602,SELLER_00289,2025-10-18 16:37:12.780972,changed_mind,approved,False,
RETURN_001375,ORDER_015927,BUYER_01605,SELLER_00392,2025-06-27 15:30:35.569420,wrong_item_received,approved,False,
RETURN_001376,ORDER_015941,BUYER_01606,SELLER_00186,2025-08-30 23:13:16.969712,size_issue,approved,False,
RETURN_001377,ORDER_015942,BUYER_01606,SELLER_00148,2025-10-03 10:51:54.638611,size_issue,approved,False,
RETURN_001378,ORDER_015944,BUYER_01606,SELLER_00056,2025-08-10 22:20:56.852884,changed_mind,approved,False,
RETURN_001379,ORDER_015950,BUYER_01606,SELLER_00195,2025-12-01 17:53:54.638101,defective,approved,False,
RETURN_001380,ORDER_015966,BUYER_01610,SELLER_00305,2025-11-04 20:39:00.788150,wrong_item_received,approved,False,
RETURN_001381,ORDER_016022,BUYER_01614,SELLER_00341,2025-05-22 03:44:22.113182,wrong_item_received,approved,True,return_abuse
RETURN_001382,ORDER_016041,BUYER_01614,SELLER_00058,2025-12-02 05:01:03.794816,wrong_item_received,approved,True,return_abuse
RETURN_001383,ORDER_016047,BUYER_01614,SELLER_00233,2025-09-19 13:59:07.954257,wrong_item_received,approved,False,
RETURN_001384,ORDER_016081,BUYER_01620,SELLER_00148,2025-10-12 09:30:19.146765,defective,approved,False,
RETURN_001385,ORDER_016092,BUYER_01621,SELLER_00280,2025-12-02 07:28:52.474646,wrong_item_received,approved,False,
RETURN_001386,ORDER_016109,BUYER_01622,SELLER_00153,2025-05-13 12:06:50.210100,wrong_item_received,approved,False,
RETURN_001387,ORDER_016146,BUYER_01625,SELLER_00389,2025-11-01 09:45:34.458310,changed_mind,approved,False,
RETURN_001388,ORDER_016151,BUYER_01625,SELLER_00095,2025-09-24 07:32:18.144842,defective,approved,False,
RETURN_001389,ORDER_016159,BUYER_01628,SELLER_00077,2025-09-01 17:20:57.413583,changed_mind,approved,False,
RETURN_001390,ORDER_016167,BUYER_01629,SELLER_00033,2025-10-21 15:06:54.990356,wrong_item_received,approved,False,
RETURN_001391,ORDER_016169,BUYER_01630,SELLER_00241,2025-06-25 17:20:38.026651,defective,approved,False,
RETURN_001392,ORDER_016172,BUYER_01630,SELLER_00164,2025-11-12 05:25:01.106469,changed_mind,approved,False,
RETURN_001393,ORDER_016181,BUYER_01631,SELLER_00077,2025-02-14 06:51:01.830824,size_issue,approved,False,
RETURN_001394,ORDER_016215,BUYER_01637,SELLER_00196,2025-12-22 07:38:01.859848,changed_mind,approved,False,
RETURN_001395,ORDER_016221,BUYER_01637,SELLER_00333,2025-11-23 04:06:35.849377,defective,approved,False,
RETURN_001396,ORDER_016287,BUYER_01643,SELLER_00369,2025-12-28 04:31:35.986060,defective,approved,False,
RETURN_001397,ORDER_016295,BUYER_01643,SELLER_00148,2025-07-08 22:48:58.182296,wrong_item_received,approved,False,
RETURN_001398,ORDER_016323,BUYER_01648,SELLER_00231,2025-10-20 11:07:16.240463,changed_mind,approved,False,
RETURN_001399,ORDER_016336,BUYER_01650,SELLER_00141,2025-11-11 20:07:07.470186,wrong_item_received,approved,False,
RETURN_001400,ORDER_016361,BUYER_01655,SELLER_00459,2025-12-14 15:37:00.567636,changed_mind,approved,False,
RETURN_001401,ORDER_016364,BUYER_01655,SELLER_00437,2025-12-23 08:16:31.682853,size_issue,approved,False,
RETURN_001402,ORDER_016367,BUYER_01655,SELLER_00309,2025-12-14 19:01:21.785824,defective,approved,False,
RETURN_001403,ORDER_016374,BUYER_01656,SELLER_00151,2025-10-05 03:02:59.760356,size_issue,approved,False,
RETURN_001404,ORDER_016390,BUYER_01659,SELLER_00009,2025-05-30 14:01:45.453078,changed_mind,approved,False,
RETURN_001405,ORDER_016407,BUYER_01662,SELLER_00467,2025-10-14 16:50:35.175925,defective,approved,False,
RETURN_001406,ORDER_016452,BUYER_01668,SELLER_00357,2025-08-13 07:23:19.865523,size_issue,approved,False,
RETURN_001407,ORDER_016474,BUYER_01668,SELLER_00263,2025-03-29 19:45:31.624820,changed_mind,approved,False,
RETURN_001408,ORDER_016483,BUYER_01669,SELLER_00388,2025-11-16 22:30:28.375882,changed_mind,approved,False,
RETURN_001409,ORDER_016499,BUYER_01672,SELLER_00316,2025-11-03 00:22:29.051527,wrong_item_received,approved,False,
RETURN_001410,ORDER_016512,BUYER_01674,SELLER_00428,2025-12-12 06:56:51.913999,changed_mind,approved,False,
RETURN_001411,ORDER_016513,BUYER_01674,SELLER_00479,2025-10-29 06:58:09.979917,defective,approved,False,
RETURN_001412,ORDER_016537,BUYER_01678,SELLER_00100,2025-06-26 23:03:58.379717,defective,approved,False,
RETURN_001413,ORDER_016541,BUYER_01678,SELLER_00309,2025-12-30 05:08:16.630719,changed_mind,approved,False,
RETURN_001414,ORDER_016546,BUYER_01679,SELLER_00356,2025-07-23 07:16:59.480263,defective,approved,False,
RETURN_001415,ORDER_016552,BUYER_01679,SELLER_00304,2025-05-05 12:17:48.180131,defective,approved,False,
RETURN_001416,ORDER_016555,BUYER_01679,SELLER_00148,2025-09-05 12:20:11.973986,changed_mind,approved,False,
RETURN_001417,ORDER_016558,BUYER_01679,SELLER_00277,2025-04-02 23:41:45.070087,size_issue,approved,False,
RETURN_001418,ORDER_016560,BUYER_01679,SELLER_00368,2025-07-10 15:50:51.692938,size_issue,approved,False,
RETURN_001419,ORDER_016566,BUYER_01679,SELLER_00344,2025-08-16 11:20:05.967323,wrong_item_received,approved,False,
RETURN_001420,ORDER_016568,BUYER_01679,SELLER_00374,2025-12-09 23:21:56.938300,defective,approved,False,
RETURN_001421,ORDER_016572,BUYER_01679,SELLER_00185,2025-11-29 14:32:24.503165,changed_mind,approved,False,
RETURN_001422,ORDER_016576,BUYER_01679,SELLER_00459,2025-09-22 14:32:17.501984,defective,approved,False,
RETURN_001423,ORDER_016594,BUYER_01682,SELLER_00393,2025-12-09 04:53:12.686789,wrong_item_received,approved,False,
RETURN_001424,ORDER_016614,BUYER_01684,SELLER_00150,2025-11-13 17:03:54.478578,changed_mind,approved,False,
RETURN_001425,ORDER_016624,BUYER_01685,SELLER_00472,2025-10-09 18:45:02.321277,changed_mind,approved,False,
RETURN_001426,ORDER_016633,BUYER_01687,SELLER_00096,2025-05-08 18:03:23.777141,size_issue,approved,False,
RETURN_001427,ORDER_016641,BUYER_01687,SELLER_00246,2025-03-07 02:30:17.352266,defective,approved,False,
RETURN_001428,ORDER_016642,BUYER_01687,SELLER_00106,2025-11-04 07:24:48.306265,changed_mind,approved,False,
RETURN_001429,ORDER_016651,BUYER_01688,SELLER_00415,2025-12-04 19:47:05.448312,wrong_item_received,approved,False,
RETURN_001430,ORDER_016659,BUYER_01688,SELLER_00192,2025-09-28 06:23:50.134706,changed_mind,approved,False,
RETURN_001431,ORDER_016661,BUYER_01689,SELLER_00308,2025-04-07 11:01:48.109522,defective,approved,False,
RETURN_001432,ORDER_016668,BUYER_01691,SELLER_00213,2025-08-04 03:50:06.970867,defective,approved,False,
RETURN_001433,ORDER_016672,BUYER_01691,SELLER_00485,2025-11-19 05:18:26.639015,defective,approved,False,
RETURN_001434,ORDER_016673,BUYER_01692,SELLER_00343,2025-10-12 20:11:46.348997,changed_mind,approved,False,
RETURN_001435,ORDER_016698,BUYER_01694,SELLER_00172,2025-08-08 10:07:13.360609,defective,approved,False,
RETURN_001436,ORDER_016702,BUYER_01695,SELLER_00388,2025-11-24 14:16:09.085497,changed_mind,approved,False,
RETURN_001437,ORDER_016704,BUYER_01695,SELLER_00471,2025-11-06 05:11:51.604805,wrong_item_received,approved,False,
RETURN_001438,ORDER_016707,BUYER_01696,SELLER_00056,2025-05-19 11:21:37.453595,changed_mind,approved,False,
RETURN_001439,ORDER_016711,BUYER_01696,SELLER_00368,2025-08-07 02:00:02.410220,defective,approved,False,
RETURN_001440,ORDER_016733,BUYER_01699,SELLER_00468,2025-08-28 01:21:46.938668,defective,approved,False,
RETURN_001441,ORDER_016738,BUYER_01699,SELLER_00458,2025-10-13 22:27:05.992835,defective,approved,False,
RETURN_001442,ORDER_016751,BUYER_01700,SELLER_00397,2025-12-30 21:04:39.702704,size_issue,approved,False,
RETURN_001443,ORDER_016761,BUYER_01701,SELLER_00232,2025-12-04 03:33:27.238691,changed_mind,approved,False,
RETURN_001444,ORDER_016765,BUYER_01701,SELLER_00244,2025-09-08 21:29:57.644749,changed_mind,approved,False,
RETURN_001445,ORDER_016767,BUYER_01701,SELLER_00042,2025-07-27 06:52:18.225380,changed_mind,approved,False,
RETURN_001446,ORDER_016768,BUYER_01701,SELLER_00214,2025-08-08 17:50:19.619062,defective,approved,False,
RETURN_001447,ORDER_016769,BUYER_01701,SELLER_00083,2025-08-20 05:30:23.726921,changed_mind,approved,False,
RETURN_001448,ORDER_016773,BUYER_01701,SELLER_00277,2025-12-22 23:27:58.734050,defective,approved,False,
RETURN_001449,ORDER_016774,BUYER_01701,SELLER_00088,2025-12-22 03:02:58.662547,wrong_item_received,approved,False,
RETURN_001450,ORDER_016777,BUYER_01702,SELLER_00381,2025-11-06 23:14:45.560446,changed_mind,approved,False,
RETURN_001451,ORDER_016797,BUYER_01703,SELLER_00232,2025-10-02 12:12:22.842892,changed_mind,approved,False,
RETURN_001452,ORDER_016799,BUYER_01703,SELLER_00049,2025-11-28 04:57:04.812676,size_issue,approved,False,
RETURN_001453,ORDER_016803,BUYER_01704,SELLER_00022,2025-11-08 08:00:27.801619,size_issue,approved,False,
RETURN_001454,ORDER_016816,BUYER_01705,SELLER_00489,2025-12-19 07:05:56.366073,defective,approved,False,
RETURN_001455,ORDER_016828,BUYER_01706,SELLER_00199,2025-12-09 14:17:40.337006,wrong_item_received,approved,False,
RETURN_001456,ORDER_016891,BUYER_01711,SELLER_00146,2025-09-25 07:33:07.691723,defective,approved,False,
RETURN_001457,ORDER_016892,BUYER_01711,SELLER_00388,2025-10-09 08:35:49.044608,wrong_item_received,approved,False,
RETURN_001458,ORDER_016894,BUYER_01712,SELLER_00023,2025-12-16 17:54:17.429059,size_issue,approved,False,
RETURN_001459,ORDER_016924,BUYER_01714,SELLER_00399,2025-12-25 19:39:01.827223,changed_mind,approved,False,
RETURN_001460,ORDER_016929,BUYER_01714,SELLER_00036,2025-12-28 16:02:21.171597,changed_mind,approved,False,
RETURN_001461,ORDER_016987,BUYER_01715,SELLER_00451,2025-12-08 00:45:48.871524,size_issue,approved,False,
RETURN_001462,ORDER_017004,BUYER_01715,SELLER_00399,2025-04-11 17:58:03.160119,changed_mind,approved,False,
RETURN_001463,ORDER_017022,BUYER_01716,SELLER_00393,2025-08-23 23:07:00.935493,wrong_item_received,approved,False,
RETURN_001464,ORDER_017041,BUYER_01716,SELLER_00064,2025-09-08 22:15:51.289527,changed_mind,approved,False,
RETURN_001465,ORDER_017050,BUYER_01716,SELLER_00316,2025-12-18 09:28:57.189185,changed_mind,approved,False,
RETURN_001466,ORDER_017058,BUYER_01716,SELLER_00140,2025-10-31 13:55:37.535642,changed_mind,approved,False,
RETURN_001467,ORDER_017076,BUYER_01718,SELLER_00308,2025-07-29 10:32:29.482452,changed_mind,approved,False,
RETURN_001468,ORDER_017113,BUYER_01723,SELLER_00467,2025-03-31 03:10:17.280687,wrong_item_received,approved,False,
RETURN_001469,ORDER_017134,BUYER_01724,SELLER_00243,2025-11-18 12:11:50.709699,size_issue,approved,False,
RETURN_001470,ORDER_017155,BUYER_01727,SELLER_00271,2025-09-01 22:56:14.999980,size_issue,approved,False,
RETURN_001471,ORDER_017164,BUYER_01728,SELLER_00183,2025-11-17 14:56:56.133912,defective,approved,False,
RETURN_001472,ORDER_017190,BUYER_01730,SELLER_00026,2025-12-23 10:19:29.121731,changed_mind,approved,False,
RETURN_001473,ORDER_017197,BUYER_01731,SELLER_00263,2025-12-01 13:21:34.986410,size_issue,approved,False,
RETURN_001474,ORDER_017201,BUYER_01731,SELLER_00368,2025-12-11 00:27:28.543898,changed_mind,approved,False,
RETURN_001475,ORDER_017208,BUYER_01732,SELLER_00413,2025-10-25 04:01:35.387772,size_issue,approved,False,
RETURN_001476,ORDER_017220,BUYER_01734,SELLER_00233,2025-12-30 05:50:40.512243,defective,approved,False,
RETURN_001477,ORDER_017237,BUYER_01736,SELLER_00390,2025-10-25 20:47:26.920360,size_issue,approved,False,
RETURN_001478,ORDER_017241,BUYER_01736,SELLER_00041,2025-11-11 09:06:46.775605,defective,approved,False,
RETURN_001479,ORDER_017250,BUYER_01737,SELLER_00494,2025-12-29 21:04:40.397204,changed_mind,approved,False,
RETURN_001480,ORDER_017253,BUYER_01737,SELLER_00439,2025-11-20 13:17:58.958848,changed_mind,approved,False,
RETURN_001481,ORDER_017256,BUYER_01737,SELLER_00358,2025-12-03 11:54:17.711779,size_issue,approved,False,
RETURN_001482,ORDER_017258,BUYER_01738,SELLER_00305,2025-12-08 22:14:55.719165,defective,approved,False,
RETURN_001483,ORDER_017261,BUYER_01738,SELLER_00038,2025-12-06 02:17:24.154980,changed_mind,approved,False,
RETURN_001484,ORDER_017262,BUYER_01739,SELLER_00077,2025-12-19 14:52:45.171406,changed_mind,approved,False,
RETURN_001485,ORDER_017263,BUYER_01739,SELLER_00436,2025-10-22 14:51:36.200857,changed_mind,approved,False,
RETURN_001486,ORDER_017286,BUYER_01741,SELLER_00232,2025-11-23 02:39:03.845558,size_issue,approved,False,
RETURN_001487,ORDER_017295,BUYER_01743,SELLER_00126,2025-10-21 16:20:23.271018,changed_mind,approved,False,
RETURN_001488,ORDER_017296,BUYER_01743,SELLER_00138,2025-10-24 23:38:46.065419,defective,approved,False,
RETURN_001489,ORDER_017297,BUYER_01743,SELLER_00153,2025-10-29 08:03:02.121977,changed_mind,approved,False,
RETURN_001490,ORDER_017299,BUYER_01743,SELLER_00276,2025-12-28 19:06:39.374264,size_issue,approved,False,
RETURN_001491,ORDER_017300,BUYER_01743,SELLER_00138,2025-10-20 11:38:55.238989,changed_mind,approved,False,
RETURN_001492,ORDER_017339,BUYER_01748,SELLER_00354,2025-12-10 00:22:32.089697,size_issue,approved,False,
RETURN_001493,ORDER_017378,BUYER_01754,SELLER_00277,2025-07-19 21:54:34.554848,wrong_item_received,approved,False,
RETURN_001494,ORDER_017384,BUYER_01754,SELLER_00488,2025-10-26 20:08:36.100377,defective,approved,False,
RETURN_001495,ORDER_017396,BUYER_01755,SELLER_00452,2025-11-19 06:38:36.069896,size_issue,approved,False,
RETURN_001496,ORDER_017400,BUYER_01756,SELLER_00023,2025-10-11 02:22:42.175017,wrong_item_received,approved,False,
RETURN_001497,ORDER_017401,BUYER_01756,SELLER_00123,2025-11-07 13:00:15.580699,changed_mind,approved,False,
RETURN_001498,ORDER_017418,BUYER_01760,SELLER_00148,2025-12-12 04:24:58.397921,defective,approved,False,
RETURN_001499,ORDER_017433,BUYER_01761,SELLER_00179,2025-05-09 10:10:29.951679,wrong_item_received,approved,False,
RETURN_001500,ORDER_017445,BUYER_01763,SELLER_00233,2025-12-28 06:20:07.167120,changed_mind,approved,False,
RETURN_001501,ORDER_017449,BUYER_01763,SELLER_00377,2025-09-15 01:37:04.972102,changed_mind,approved,False,
RETURN_001502,ORDER_017450,BUYER_01763,SELLER_00183,2025-12-07 18:59:58.319316,wrong_item_received,approved,False,
RETURN_001503,ORDER_017455,BUYER_01763,SELLER_00265,2025-07-20 03:16:03.462819,defective,approved,False,
RETURN_001504,ORDER_017457,BUYER_01763,SELLER_00289,2025-08-16 20:21:54.456252,changed_mind,approved,False,
RETURN_001505,ORDER_017459,BUYER_01763,SELLER_00028,2025-11-09 12:58:02.091060,wrong_item_received,approved,False,
RETURN_001506,ORDER_017464,BUYER_01763,SELLER_00462,2025-11-23 18:00:08.056540,defective,approved,False,
RETURN_001507,ORDER_017469,BUYER_01763,SELLER_00449,2025-08-10 10:23:29.643092,size_issue,approved,False,
RETURN_001508,ORDER_017471,BUYER_01763,SELLER_00309,2025-10-15 07:46:51.959583,wrong_item_received,approved,False,
RETURN_001509,ORDER_017478,BUYER_01764,SELLER_00296,2025-09-03 08:36:33.418970,size_issue,approved,False,
RETURN_001510,ORDER_017493,BUYER_01764,SELLER_00152,2025-10-18 04:25:59.005093,defective,approved,False,
RETURN_001511,ORDER_017518,BUYER_01768,SELLER_00175,2025-07-27 16:24:32.279192,defective,approved,False,
RETURN_001512,ORDER_017531,BUYER_01769,SELLER_00017,2025-08-09 00:10:06.117065,defective,approved,False,
RETURN_001513,ORDER_017538,BUYER_01769,SELLER_00082,2025-07-27 17:19:15.108972,changed_mind,approved,False,
RETURN_001514,ORDER_017542,BUYER_01770,SELLER_00294,2025-09-05 15:07:13.814216,defective,approved,False,
RETURN_001515,ORDER_017559,BUYER_01772,SELLER_00049,2025-07-25 02:56:02.146947,defective,approved,False,
RETURN_001516,ORDER_017582,BUYER_01773,SELLER_00091,2025-05-12 11:45:36.775835,changed_mind,approved,False,
RETURN_001517,ORDER_017607,BUYER_01778,SELLER_00328,2025-12-14 14:50:00.645340,changed_mind,approved,False,
RETURN_001518,ORDER_017634,BUYER_01780,SELLER_00472,2025-12-21 17:18:12.799174,changed_mind,approved,False,
RETURN_001519,ORDER_017640,BUYER_01781,SELLER_00478,2025-10-30 08:46:53.792232,changed_mind,approved,False,
RETURN_001520,ORDER_017684,BUYER_01786,SELLER_00483,2025-08-30 22:42:49.993925,changed_mind,approved,False,
RETURN_001521,ORDER_017689,BUYER_01787,SELLER_00123,2025-12-20 13:09:31.063320,size_issue,approved,False,
RETURN_001522,ORDER_017727,BUYER_01792,SELLER_00038,2025-10-15 06:58:47.902837,wrong_item_received,approved,False,
RETURN_001523,ORDER_017728,BUYER_01792,SELLER_00231,2025-09-01 16:33:45.947681,size_issue,approved,False,
RETURN_001524,ORDER_017730,BUYER_01792,SELLER_00309,2025-11-21 08:22:15.141748,defective,approved,False,
RETURN_001525,ORDER_017746,BUYER_01795,SELLER_00464,2025-11-15 10:51:38.706809,changed_mind,approved,False,
RETURN_001526,ORDER_017754,BUYER_01797,SELLER_00410,2025-08-19 20:41:12.849429,changed_mind,approved,False,
RETURN_001527,ORDER_017797,BUYER_01800,SELLER_00455,2025-07-07 11:17:42.763722,size_issue,approved,False,
RETURN_001528,ORDER_017806,BUYER_01801,SELLER_00441,2025-09-14 15:22:02.144644,defective,approved,False,
RETURN_001529,ORDER_017808,BUYER_01802,SELLER_00183,2025-10-13 09:51:02.927941,defective,approved,False,
RETURN_001530,ORDER_017811,BUYER_01802,SELLER_00263,2025-12-17 04:32:33.674242,wrong_item_received,approved,False,
RETURN_001531,ORDER_017837,BUYER_01804,SELLER_00394,2025-05-09 15:17:49.015412,changed_mind,approved,False,
RETURN_001532,ORDER_017884,BUYER_01809,SELLER_00341,2025-11-27 04:16:43.404615,defective,approved,False,
RETURN_001533,ORDER_017909,BUYER_01811,SELLER_00423,2025-12-25 07:23:48.730549,changed_mind,approved,False,
RETURN_001534,ORDER_017916,BUYER_01811,SELLER_00489,2025-12-28 22:30:13.592916,defective,approved,False,
RETURN_001535,ORDER_017935,BUYER_01813,SELLER_00206,2025-08-30 12:39:00.564875,defective,approved,False,
RETURN_001536,ORDER_017939,BUYER_01813,SELLER_00100,2025-10-16 13:21:10.023017,defective,approved,False,
RETURN_001537,ORDER_017940,BUYER_01813,SELLER_00328,2025-05-13 02:28:13.839509,defective,approved,False,
RETURN_001538,ORDER_017952,BUYER_01813,SELLER_00224,2025-10-19 01:35:05.078634,wrong_item_received,approved,False,
RETURN_001539,ORDER_017953,BUYER_01813,SELLER_00017,2025-04-11 23:04:42.153404,defective,approved,False,
RETURN_001540,ORDER_017962,BUYER_01813,SELLER_00089,2025-03-23 10:49:22.055320,wrong_item_received,approved,False,
RETURN_001541,ORDER_017964,BUYER_01813,SELLER_00418,2025-03-03 22:50:52.054982,defective,approved,False,
RETURN_001542,ORDER_018025,BUYER_01818,SELLER_00232,2025-08-16 09:21:50.313511,size_issue,approved,False,
RETURN_001543,ORDER_018050,BUYER_01821,SELLER_00381,2025-10-06 01:46:20.995060,defective,approved,False,
RETURN_001544,ORDER_018051,BUYER_01821,SELLER_00016,2025-12-28 09:53:16.465023,changed_mind,approved,False,
RETURN_001545,ORDER_018054,BUYER_01821,SELLER_00345,2025-09-17 15:01:09.239208,defective,approved,False,
RETURN_001546,ORDER_018059,BUYER_01823,SELLER_00022,2025-10-11 04:02:25.131953,changed_mind,approved,False,
RETURN_001547,ORDER_018071,BUYER_01824,SELLER_00463,2025-12-12 21:24:41.289508,size_issue,approved,False,
RETURN_001548,ORDER_018072,BUYER_01824,SELLER_00333,2025-09-30 23:44:42.969627,defective,approved,False,
RETURN_001549,ORDER_018097,BUYER_01826,SELLER_00477,2025-12-03 12:17:19.830868,size_issue,approved,False,
RETURN_001550,ORDER_018120,BUYER_01828,SELLER_00313,2025-09-05 02:51:15.051898,wrong_item_received,approved,False,
RETURN_001551,ORDER_018128,BUYER_01828,SELLER_00145,2025-12-30 14:42:00.512389,changed_mind,approved,False,
RETURN_001552,ORDER_018129,BUYER_01828,SELLER_00138,2025-08-22 11:05:33.220529,defective,approved,False,
RETURN_001553,ORDER_018132,BUYER_01829,SELLER_00067,2025-09-17 19:18:24.378359,changed_mind,approved,False,
RETURN_001554,ORDER_018158,BUYER_01830,SELLER_00114,2025-05-25 07:44:10.920655,defective,approved,False,
RETURN_001555,ORDER_018181,BUYER_01832,SELLER_00390,2025-12-30 07:28:55.648315,changed_mind,approved,False,
RETURN_001556,ORDER_018192,BUYER_01834,SELLER_00455,2025-11-22 21:06:36.959719,changed_mind,approved,False,
RETURN_001557,ORDER_018194,BUYER_01834,SELLER_00320,2025-06-16 05:38:28.018932,changed_mind,approved,False,
RETURN_001558,ORDER_018227,BUYER_01838,SELLER_00007,2025-08-20 14:36:34.563125,wrong_item_received,approved,False,
RETURN_001559,ORDER_018242,BUYER_01841,SELLER_00313,2025-11-15 06:43:49.882960,defective,approved,False,
RETURN_001560,ORDER_018252,BUYER_01842,SELLER_00313,2025-10-19 16:31:04.573013,size_issue,approved,False,
RETURN_001561,ORDER_018258,BUYER_01844,SELLER_00188,2025-05-25 11:29:40.077523,size_issue,approved,False,
RETURN_001562,ORDER_018271,BUYER_01846,SELLER_00017,2025-06-23 04:37:29.502971,changed_mind,approved,False,
RETURN_001563,ORDER_018280,BUYER_01847,SELLER_00295,2025-09-27 06:26:15.950340,defective,approved,False,
RETURN_001564,ORDER_018288,BUYER_01848,SELLER_00365,2025-09-25 21:43:35.214449,changed_mind,approved,False,
RETURN_001565,ORDER_018292,BUYER_01848,SELLER_00202,2025-09-07 18:36:39.760014,size_issue,approved,False,
RETURN_001566,ORDER_018312,BUYER_01850,SELLER_00233,2025-04-06 18:40:24.393227,defective,approved,False,
RETURN_001567,ORDER_018319,BUYER_01850,SELLER_00316,2025-05-20 07:04:47.270735,defective,approved,False,
RETURN_001568,ORDER_018344,BUYER_01850,SELLER_00277,2025-09-09 02:04:21.706940,size_issue,approved,True,return_abuse
RETURN_001569,ORDER_018348,BUYER_01851,SELLER_00280,2025-06-14 08:32:55.360340,size_issue,approved,False,
RETURN_001570,ORDER_018360,BUYER_01851,SELLER_00474,2025-03-11 04:10:00.968471,defective,approved,False,
RETURN_001571,ORDER_018362,BUYER_01852,SELLER_00024,2025-11-05 09:28:54.071307,changed_mind,approved,False,
RETURN_001572,ORDER_018375,BUYER_01852,SELLER_00077,2025-10-19 20:13:34.486448,defective,approved,False,
RETURN_001573,ORDER_018384,BUYER_01852,SELLER_00393,2025-10-06 04:26:31.405592,changed_mind,approved,False,
RETURN_001574,ORDER_018386,BUYER_01853,SELLER_00172,2025-09-11 23:28:46.094147,defective,approved,False,
RETURN_001575,ORDER_018387,BUYER_01853,SELLER_00356,2025-09-24 08:24:15.194496,defective,approved,False,
RETURN_001576,ORDER_018388,BUYER_01853,SELLER_00175,2025-11-30 18:50:06.570771,defective,approved,False,
RETURN_001577,ORDER_018389,BUYER_01853,SELLER_00393,2025-12-14 13:26:48.113141,defective,approved,False,
RETURN_001578,ORDER_018392,BUYER_01853,SELLER_00451,2025-12-04 20:08:41.030630,defective,approved,False,
RETURN_001579,ORDER_018403,BUYER_01853,SELLER_00078,2025-10-05 21:37:33.715511,defective,approved,False,
RETURN_001580,ORDER_018441,BUYER_01856,SELLER_00316,2025-09-30 16:51:34.248921,size_issue,approved,False,
RETURN_001581,ORDER_018445,BUYER_01856,SELLER_00016,2025-12-11 02:54:33.058192,size_issue,approved,False,
RETURN_001582,ORDER_018450,BUYER_01856,SELLER_00436,2025-11-11 07:41:57.944254,changed_mind,approved,False,
RETURN_001583,ORDER_018482,BUYER_01857,SELLER_00128,2025-11-15 17:08:15.692585,changed_mind,approved,False,
RETURN_001584,ORDER_018489,BUYER_01857,SELLER_00181,2025-12-12 03:09:03.517582,size_issue,approved,False,
RETURN_001585,ORDER_018490,BUYER_01857,SELLER_00386,2025-12-04 04:39:51.533805,defective,approved,False,
RETURN_001586,ORDER_018492,BUYER_01857,SELLER_00237,2025-11-28 08:22:32.021744,changed_mind,approved,False,
RETURN_001587,ORDER_018495,BUYER_01857,SELLER_00176,2025-11-25 11:27:15.169642,defective,approved,False,
RETURN_001588,ORDER_018522,BUYER_01860,SELLER_00374,2025-12-26 16:00:19.740962,defective,approved,False,
RETURN_001589,ORDER_018531,BUYER_01860,SELLER_00486,2025-09-16 12:11:55.830515,size_issue,approved,False,
RETURN_001590,ORDER_018583,BUYER_01864,SELLER_00470,2025-12-10 03:27:43.057707,changed_mind,approved,False,
RETURN_001591,ORDER_018613,BUYER_01867,SELLER_00421,2025-11-23 19:50:48.480701,size_issue,approved,False,
RETURN_001592,ORDER_018629,BUYER_01869,SELLER_00473,2025-11-13 19:50:22.363936,changed_mind,approved,False,
RETURN_001593,ORDER_018632,BUYER_01869,SELLER_00109,2025-11-13 09:23:33.258839,changed_mind,approved,False,
RETURN_001594,ORDER_018635,BUYER_01870,SELLER_00152,2025-09-14 21:43:37.284218,size_issue,approved,False,
RETURN_001595,ORDER_018666,BUYER_01871,SELLER_00290,2025-12-23 13:48:00.992263,wrong_item_received,approved,False,
RETURN_001596,ORDER_018694,BUYER_01874,SELLER_00128,2025-11-30 01:22:32.188399,changed_mind,approved,False,
RETURN_001597,ORDER_018718,BUYER_01878,SELLER_00054,2025-10-04 19:29:22.243925,defective,approved,False,
RETURN_001598,ORDER_018719,BUYER_01878,SELLER_00198,2025-02-25 11:35:02.846614,defective,approved,False,
RETURN_001599,ORDER_018726,BUYER_01879,SELLER_00041,2025-11-04 09:55:24.669365,changed_mind,approved,False,
RETURN_001600,ORDER_018744,BUYER_01882,SELLER_00314,2025-12-13 15:04:44.856038,changed_mind,approved,False,
RETURN_001601,ORDER_018750,BUYER_01882,SELLER_00122,2025-11-26 09:59:26.901457,changed_mind,approved,False,
RETURN_001602,ORDER_018752,BUYER_01882,SELLER_00305,2025-12-03 15:41:47.640196,changed_mind,approved,False,
RETURN_001603,ORDER_018753,BUYER_01882,SELLER_00117,2025-11-29 11:09:30.983893,wrong_item_received,approved,False,
RETURN_001604,ORDER_018768,BUYER_01884,SELLER_00438,2025-12-15 06:20:51.445344,wrong_item_received,approved,False,
RETURN_001605,ORDER_018782,BUYER_01885,SELLER_00401,2025-04-29 13:21:08.040430,size_issue,approved,False,
RETURN_001606,ORDER_018802,BUYER_01886,SELLER_00173,2025-06-15 07:38:57.056964,changed_mind,approved,False,
RETURN_001607,ORDER_018815,BUYER_01889,SELLER_00178,2025-04-27 23:16:46.446124,size_issue,approved,False,
RETURN_001608,ORDER_018820,BUYER_01889,SELLER_00468,2025-07-22 05:27:54.244178,changed_mind,approved,False,
RETURN_001609,ORDER_018825,BUYER_01889,SELLER_00153,2025-07-19 21:00:36.938534,size_issue,approved,False,
RETURN_001610,ORDER_018829,BUYER_01889,SELLER_00123,2025-08-12 08:48:20.250467,changed_mind,approved,False,
RETURN_001611,ORDER_018830,BUYER_01889,SELLER_00150,2025-04-17 10:04:41.339045,changed_mind,approved,False,
RETURN_001612,ORDER_018832,BUYER_01889,SELLER_00265,2025-11-05 05:04:57.042572,defective,approved,False,
RETURN_001613,ORDER_018833,BUYER_01889,SELLER_00478,2025-07-17 00:50:14.418553,defective,approved,False,
RETURN_001614,ORDER_018843,BUYER_01890,SELLER_00314,2025-10-09 12:56:11.346175,changed_mind,approved,False,
RETURN_001615,ORDER_018871,BUYER_01891,SELLER_00463,2025-12-07 01:50:57.175038,defective,approved,False,
RETURN_001616,ORDER_018872,BUYER_01891,SELLER_00455,2025-04-04 01:44:43.355015,changed_mind,approved,False,
RETURN_001617,ORDER_018876,BUYER_01892,SELLER_00413,2025-11-17 22:15:30.389613,wrong_item_received,approved,False,
RETURN_001618,ORDER_018878,BUYER_01892,SELLER_00208,2025-10-01 14:47:33.860881,changed_mind,approved,False,
RETURN_001619,ORDER_018881,BUYER_01892,SELLER_00454,2025-10-13 09:45:13.745172,size_issue,approved,False,
RETURN_001620,ORDER_018887,BUYER_01892,SELLER_00133,2025-11-02 17:53:35.601308,defective,approved,False,
RETURN_001621,ORDER_018936,BUYER_01896,SELLER_00426,2025-11-21 15:55:44.591520,size_issue,approved,False,
RETURN_001622,ORDER_018945,BUYER_01896,SELLER_00368,2025-10-29 03:03:57.713934,defective,approved,False,
RETURN_001623,ORDER_019022,BUYER_01900,SELLER_00232,2025-07-20 08:56:34.459500,changed_mind,approved,False,
RETURN_001624,ORDER_019036,BUYER_01902,SELLER_00137,2025-04-08 13:52:14.660783,size_issue,approved,True,return_abuse
RETURN_001625,ORDER_019041,BUYER_01903,SELLER_00445,2025-11-25 08:31:30.073545,changed_mind,approved,False,
RETURN_001626,ORDER_019042,BUYER_01903,SELLER_00283,2025-10-20 22:46:50.048470,size_issue,approved,False,
RETURN_001627,ORDER_019043,BUYER_01903,SELLER_00141,2025-11-23 17:46:31.172924,wrong_item_received,approved,False,
RETURN_001628,ORDER_019046,BUYER_01903,SELLER_00311,2025-10-03 19:15:25.996595,wrong_item_received,approved,False,
RETURN_001629,ORDER_019049,BUYER_01903,SELLER_00253,2025-10-23 16:43:57.906019,changed_mind,approved,False,
RETURN_001630,ORDER_019052,BUYER_01903,SELLER_00198,2025-12-08 03:54:11.995958,changed_mind,approved,False,
RETURN_001631,ORDER_019057,BUYER_01903,SELLER_00083,2025-11-15 22:54:00.688004,size_issue,approved,False,
RETURN_001632,ORDER_019058,BUYER_01904,SELLER_00304,2025-07-12 14:10:18.115093,wrong_item_received,approved,False,
RETURN_001633,ORDER_019086,BUYER_01907,SELLER_00388,2025-12-15 23:40:59.508968,changed_mind,approved,True,return_abuse
RETURN_001634,ORDER_019091,BUYER_01907,SELLER_00478,2025-12-22 04:17:25.821147,defective,approved,True,return_abuse
RETURN_001635,ORDER_019131,BUYER_01911,SELLER_00309,2025-10-19 10:05:48.575328,defective,approved,False,
RETURN_001636,ORDER_019164,BUYER_01916,SELLER_00202,2025-12-16 23:02:34.081307,changed_mind,approved,False,
RETURN_001637,ORDER_019174,BUYER_01916,SELLER_00065,2025-11-04 15:21:56.422513,defective,approved,False,
RETURN_001638,ORDER_019177,BUYER_01916,SELLER_00358,2025-11-29 17:42:37.657530,changed_mind,approved,False,
RETURN_001639,ORDER_019180,BUYER_01917,SELLER_00470,2025-12-13 06:27:39.919438,wrong_item_received,approved,False,
RETURN_001640,ORDER_019210,BUYER_01920,SELLER_00233,2025-11-10 08:19:32.073828,changed_mind,approved,False,
RETURN_001641,ORDER_019211,BUYER_01920,SELLER_00299,2025-10-06 02:20:55.677060,defective,approved,False,
RETURN_001642,ORDER_019241,BUYER_01924,SELLER_00473,2025-11-03 23:28:34.955760,size_issue,approved,False,
RETURN_001643,ORDER_019259,BUYER_01925,SELLER_00376,2025-11-02 09:16:58.370344,wrong_item_received,approved,False,
RETURN_001644,ORDER_019276,BUYER_01927,SELLER_00175,2025-11-11 14:21:54.544715,defective,approved,False,
RETURN_001645,ORDER_019277,BUYER_01927,SELLER_00321,2025-08-20 18:28:41.869684,changed_mind,approved,False,
RETURN_001646,ORDER_019280,BUYER_01929,SELLER_00113,2025-11-18 08:03:26.942409,defective,approved,False,
RETURN_001647,ORDER_019295,BUYER_01930,SELLER_00123,2025-11-28 05:22:08.080889,defective,approved,False,
RETURN_001648,ORDER_019302,BUYER_01930,SELLER_00254,2025-11-24 00:23:04.421822,changed_mind,approved,False,
RETURN_001649,ORDER_019324,BUYER_01932,SELLER_00246,2025-09-17 11:08:01.286073,defective,approved,False,
RETURN_001650,ORDER_019352,BUYER_01936,SELLER_00093,2025-12-08 00:38:07.534829,defective,approved,False,
RETURN_001651,ORDER_019368,BUYER_01938,SELLER_00155,2025-07-25 00:36:09.239418,changed_mind,approved,False,
RETURN_001652,ORDER_019371,BUYER_01938,SELLER_00388,2025-11-07 14:55:53.769608,changed_mind,approved,False,
RETURN_001653,ORDER_019375,BUYER_01938,SELLER_00481,2025-07-07 23:25:59.147640,changed_mind,approved,False,
RETURN_001654,ORDER_019378,BUYER_01938,SELLER_00178,2025-12-27 11:11:18.075479,changed_mind,approved,False,
RETURN_001655,ORDER_019426,BUYER_01946,SELLER_00158,2025-10-22 01:31:27.682077,defective,approved,False,
RETURN_001656,ORDER_019431,BUYER_01947,SELLER_00124,2025-04-07 13:51:37.515904,defective,approved,False,
RETURN_001657,ORDER_019435,BUYER_01947,SELLER_00291,2025-09-28 23:17:51.391900,wrong_item_received,approved,False,
RETURN_001658,ORDER_019456,BUYER_01948,SELLER_00423,2025-05-08 13:35:55.708470,changed_mind,approved,False,
RETURN_001659,ORDER_019459,BUYER_01950,SELLER_00049,2025-07-05 04:13:13.593324,defective,approved,False,
RETURN_001660,ORDER_019460,BUYER_01950,SELLER_00260,2025-06-07 02:03:17.175945,size_issue,approved,False,
RETURN_001661,ORDER_019466,BUYER_01950,SELLER_00024,2025-06-21 13:03:14.633563,defective,approved,False,
RETURN_001662,ORDER_019469,BUYER_01950,SELLER_00016,2025-08-14 02:19:03.519988,defective,approved,False,
RETURN_001663,ORDER_019470,BUYER_01950,SELLER_00290,2025-10-15 00:16:37.405481,size_issue,approved,False,
RETURN_001664,ORDER_019490,BUYER_01953,SELLER_00454,2025-12-14 12:33:16.648602,defective,approved,False,
RETURN_001665,ORDER_019493,BUYER_01953,SELLER_00326,2025-11-21 07:07:30.943593,defective,approved,False,
RETURN_001666,ORDER_019558,BUYER_01961,SELLER_00478,2025-08-14 13:08:10.597388,defective,approved,False,
RETURN_001667,ORDER_019559,BUYER_01961,SELLER_00376,2025-11-19 16:37:16.394720,changed_mind,approved,False,
RETURN_001668,ORDER_019561,BUYER_01962,SELLER_00300,2025-10-05 00:14:44.455387,size_issue,approved,False,
RETURN_001669,ORDER_019587,BUYER_01965,SELLER_00405,2025-05-08 14:31:05.696920,changed_mind,approved,False,
RETURN_001670,ORDER_019608,BUYER_01968,SELLER_00051,2025-12-02 08:50:09.080544,size_issue,approved,False,
RETURN_001671,ORDER_019623,BUYER_01970,SELLER_00140,2025-05-12 10:44:54.205326,defective,approved,False,
RETURN_001672,ORDER_019663,BUYER_01974,SELLER_00393,2025-12-13 02:22:58.511995,wrong_item_received,approved,False,
RETURN_001673,ORDER_019699,BUYER_01978,SELLER_00330,2025-10-28 02:55:05.253287,changed_mind,approved,False,
RETURN_001674,ORDER_019705,BUYER_01978,SELLER_00167,2025-10-20 11:23:26.129748,wrong_item_received,approved,False,
RETURN_001675,ORDER_019709,BUYER_01979,SELLER_00407,2025-11-09 12:01:31.802197,defective,approved,False,
RETURN_001676,ORDER_019741,BUYER_01984,SELLER_00314,2025-07-12 16:26:48.038076,changed_mind,approved,False,
RETURN_001677,ORDER_019744,BUYER_01984,SELLER_00204,2025-11-10 19:10:18.601967,size_issue,approved,False,
RETURN_001678,ORDER_019745,BUYER_01984,SELLER_00164,2025-06-25 11:42:43.004440,wrong_item_received,approved,False,
RETURN_001679,ORDER_019776,BUYER_01988,SELLER_00232,2025-08-19 14:23:57.620200,defective,approved,False,
RETURN_001680,ORDER_019796,BUYER_01990,SELLER_00020,2025-08-25 23:33:03.644553,defective,approved,False,
RETURN_001681,ORDER_019815,BUYER_01992,SELLER_00494,2025-06-17 06:54:10.382425,size_issue,approved,False,
RETURN_001682,ORDER_019831,BUYER_01994,SELLER_00211,2025-08-21 11:51:18.593159,wrong_item_received,approved,False,
RETURN_001683,ORDER_019837,BUYER_01996,SELLER_00488,2025-12-26 17:46:20.112884,wrong_item_received,approved,False,
RETURN_001684,ORDER_019842,BUYER_01996,SELLER_00333,2025-12-10 20:16:06.412508,defective,approved,False,
RETURN_001685,ORDER_019846,BUYER_01996,SELLER_00387,2025-12-22 23:42:46.503426,defective,approved,False,
RETURN_001686,ORDER_019855,BUYER_01997,SELLER_00205,2025-04-18 10:44:43.408888,changed_mind,approved,False,
RETURN_001687,ORDER_019860,BUYER_01997,SELLER_00231,2025-08-28 16:12:22.921085,defective,approved,False,
RETURN_001688,ORDER_019861,BUYER_01997,SELLER_00018,2025-05-19 18:19:25.645312,wrong_item_received,approved,False,
RETURN_001689,ORDER_019896,BUYER_02000,SELLER_00289,2025-11-12 17:50:00.033408,defective,approved,False,
RETURN_001690,ORDER_019897,BUYER_02000,SELLER_00387,2025-11-13 15:41:29.057748,wrong_item_received,approved,False,
RETURN_001691,ORDER_019931,BUYER_02004,SELLER_00183,2025-09-09 13:55:30.115967,wrong_item_received,approved,False,
RETURN_001692,ORDER_019946,BUYER_02005,SELLER_00143,2025-05-11 09:16:48.552114,defective,approved,False,
RETURN_001693,ORDER_019980,BUYER_02009,SELLER_00353,2025-06-18 18:47:52.086166,defective,approved,False,
RETURN_001694,ORDER_019982,BUYER_02009,SELLER_00418,2025-07-16 12:23:51.308356,defective,approved,False,
RETURN_001695,ORDER_019986,BUYER_02009,SELLER_00275,2025-11-25 11:20:46.063406,defective,approved,False,
RETURN_001696,ORDER_019994,BUYER_02010,SELLER_00031,2025-12-21 02:52:39.601732,changed_mind,approved,False,
RETURN_001697,ORDER_020029,BUYER_02012,SELLER_00159,2025-08-09 08:52:05.851714,wrong_item_received,approved,False,
RETURN_001698,ORDER_020030,BUYER_02012,SELLER_00026,2025-10-04 05:21:57.906990,changed_mind,approved,False,
RETURN_001699,ORDER_020042,BUYER_02015,SELLER_00352,2025-11-12 03:47:25.845861,defective,approved,False,
RETURN_001700,ORDER_020075,BUYER_02021,SELLER_00065,2025-08-23 02:18:31.390287,defective,approved,False,
RETURN_001701,ORDER_020093,BUYER_02023,SELLER_00259,2025-08-25 08:15:06.516323,size_issue,approved,False,
RETURN_001702,ORDER_020104,BUYER_02023,SELLER_00100,2025-09-07 07:03:05.673157,changed_mind,approved,False,
RETURN_001703,ORDER_020105,BUYER_02023,SELLER_00458,2025-09-01 05:08:23.724678,wrong_item_received,approved,False,
RETURN_001704,ORDER_020122,BUYER_02025,SELLER_00155,2025-03-05 05:07:47.567343,changed_mind,approved,True,return_abuse
RETURN_001705,ORDER_020136,BUYER_02027,SELLER_00079,2025-10-31 23:05:39.581057,changed_mind,approved,False,
RETURN_001706,ORDER_020149,BUYER_02027,SELLER_00376,2025-09-18 08:41:01.150190,changed_mind,approved,False,
RETURN_001707,ORDER_020156,BUYER_02027,SELLER_00126,2025-06-10 10:34:23.534359,size_issue,approved,False,
RETURN_001708,ORDER_020182,BUYER_02029,SELLER_00100,2025-09-11 08:59:11.375477,changed_mind,approved,False,
RETURN_001709,ORDER_020191,BUYER_02030,SELLER_00474,2025-02-01 11:48:35.492136,changed_mind,approved,False,
RETURN_001710,ORDER_020215,BUYER_02030,SELLER_00233,2025-01-22 12:04:31.168672,changed_mind,approved,False,
RETURN_001711,ORDER_020228,BUYER_02030,SELLER_00285,2025-03-06 01:52:54.237885,defective,approved,False,
RETURN_001712,ORDER_020229,BUYER_02030,SELLER_00169,2025-08-05 23:55:12.550139,defective,approved,False,
RETURN_001713,ORDER_020240,BUYER_02030,SELLER_00233,2025-11-14 20:46:51.786412,size_issue,approved,False,
RETURN_001714,ORDER_020268,BUYER_02033,SELLER_00326,2025-07-03 16:16:27.400411,defective,approved,False,
RETURN_001715,ORDER_020281,BUYER_02035,SELLER_00316,2025-10-10 10:07:07.902494,size_issue,approved,False,
RETURN_001716,ORDER_020289,BUYER_02037,SELLER_00152,2025-12-13 19:15:22.627034,size_issue,approved,False,
RETURN_001717,ORDER_020292,BUYER_02037,SELLER_00188,2025-04-27 13:31:51.460003,defective,approved,False,
RETURN_001718,ORDER_020293,BUYER_02037,SELLER_00259,2025-11-21 15:03:55.748547,defective,approved,False,
RETURN_001719,ORDER_020296,BUYER_02037,SELLER_00112,2025-09-06 21:01:38.689078,size_issue,approved,False,
RETURN_001720,ORDER_020298,BUYER_02037,SELLER_00408,2025-09-20 17:31:20.727955,wrong_item_received,approved,False,
RETURN_001721,ORDER_020306,BUYER_02037,SELLER_00444,2025-11-01 02:27:33.405831,wrong_item_received,approved,False,
RETURN_001722,ORDER_020310,BUYER_02037,SELLER_00155,2025-05-14 01:38:57.320184,defective,approved,False,
RETURN_001723,ORDER_020313,BUYER_02037,SELLER_00411,2025-08-16 08:20:57.927541,defective,approved,False,
RETURN_001724,ORDER_020354,BUYER_02042,SELLER_00051,2025-11-01 07:02:30.076344,defective,approved,False,
RETURN_001725,ORDER_020367,BUYER_02043,SELLER_00409,2025-11-02 14:39:35.353636,changed_mind,approved,False,
RETURN_001726,ORDER_020368,BUYER_02043,SELLER_00170,2025-12-01 15:58:21.029273,size_issue,approved,False,
RETURN_001727,ORDER_020387,BUYER_02045,SELLER_00271,2025-12-22 00:50:20.445609,defective,approved,False,
RETURN_001728,ORDER_020399,BUYER_02046,SELLER_00444,2025-11-01 23:20:06.940008,changed_mind,approved,False,
RETURN_001729,ORDER_020422,BUYER_02048,SELLER_00165,2025-11-19 11:19:40.889902,size_issue,approved,False,
RETURN_001730,ORDER_020424,BUYER_02048,SELLER_00175,2025-11-15 11:08:56.115000,changed_mind,approved,False,
RETURN_001731,ORDER_020432,BUYER_02050,SELLER_00177,2025-12-15 13:15:27.076980,size_issue,approved,False,
RETURN_001732,ORDER_020448,BUYER_02052,SELLER_00474,2025-04-19 19:49:38.351969,size_issue,approved,False,
RETURN_001733,ORDER_020485,BUYER_02054,SELLER_00455,2025-04-01 04:05:27.288960,wrong_item_received,approved,False,
RETURN_001734,ORDER_020486,BUYER_02054,SELLER_00405,2025-03-13 23:05:12.147974,wrong_item_received,approved,False,
RETURN_001735,ORDER_020493,BUYER_02056,SELLER_00077,2025-10-17 05:15:10.332538,changed_mind,approved,False,
RETURN_001736,ORDER_020499,BUYER_02056,SELLER_00411,2025-07-24 14:35:44.577395,size_issue,approved,False,
RETURN_001737,ORDER_020529,BUYER_02062,SELLER_00316,2025-11-15 19:20:45.354970,changed_mind,approved,False,
RETURN_001738,ORDER_020554,BUYER_02065,SELLER_00183,2025-06-15 10:23:55.502825,changed_mind,approved,False,
RETURN_001739,ORDER_020576,BUYER_02070,SELLER_00455,2025-11-13 08:32:22.377667,wrong_item_received,approved,False,
RETURN_001740,ORDER_020578,BUYER_02070,SELLER_00444,2025-10-16 03:09:11.415831,changed_mind,approved,False,
RETURN_001741,ORDER_020584,BUYER_02070,SELLER_00460,2025-11-30 14:55:36.594752,defective,approved,False,
RETURN_001742,ORDER_020597,BUYER_02070,SELLER_00152,2025-11-07 08:36:53.068591,defective,approved,False,
RETURN_001743,ORDER_020612,BUYER_02072,SELLER_00313,2025-11-15 00:42:51.888945,wrong_item_received,approved,False,
RETURN_001744,ORDER_020625,BUYER_02075,SELLER_00064,2025-12-09 01:20:21.055241,defective,approved,False,
RETURN_001745,ORDER_020665,BUYER_02080,SELLER_00204,2025-11-30 12:17:43.717864,size_issue,approved,False,
RETURN_001746,ORDER_020667,BUYER_02080,SELLER_00054,2025-12-10 16:37:22.275134,wrong_item_received,approved,False,
RETURN_001747,ORDER_020674,BUYER_02080,SELLER_00447,2025-12-09 00:24:50.384633,changed_mind,approved,False,
RETURN_001748,ORDER_020676,BUYER_02080,SELLER_00178,2025-12-07 21:16:13.673119,changed_mind,approved,False,
RETURN_001749,ORDER_020677,BUYER_02080,SELLER_00275,2025-12-11 03:26:18.764059,changed_mind,approved,False,
RETURN_001750,ORDER_020684,BUYER_02080,SELLER_00082,2025-12-04 16:50:17.682813,changed_mind,approved,False,
RETURN_001751,ORDER_020687,BUYER_02080,SELLER_00472,2025-12-07 07:58:36.183364,defective,approved,False,
RETURN_001752,ORDER_020697,BUYER_02080,SELLER_00016,2025-12-20 21:06:25.094977,wrong_item_received,approved,False,
RETURN_001753,ORDER_020699,BUYER_02080,SELLER_00032,2025-12-26 13:18:47.115297,defective,approved,False,
RETURN_001754,ORDER_020712,BUYER_02081,SELLER_00163,2025-12-10 06:28:00.226438,defective,approved,False,
RETURN_001755,ORDER_020713,BUYER_02081,SELLER_00332,2025-11-19 22:32:32.479106,wrong_item_received,approved,False,
RETURN_001756,ORDER_020716,BUYER_02081,SELLER_00143,2025-12-25 05:47:55.578099,wrong_item_received,approved,False,
RETURN_001757,ORDER_020731,BUYER_02083,SELLER_00026,2025-06-25 09:32:21.252122,wrong_item_received,approved,False,
RETURN_001758,ORDER_020745,BUYER_02084,SELLER_00429,2025-11-18 23:05:42.728560,changed_mind,approved,False,
RETURN_001759,ORDER_020748,BUYER_02085,SELLER_00024,2025-04-16 15:47:29.688132,size_issue,approved,False,
RETURN_001760,ORDER_020780,BUYER_02088,SELLER_00331,2025-12-03 14:36:29.311486,changed_mind,approved,False,
RETURN_001761,ORDER_020787,BUYER_02088,SELLER_00052,2025-12-20 05:54:11.295526,defective,approved,False,
RETURN_001762,ORDER_020791,BUYER_02089,SELLER_00123,2025-11-20 10:43:48.539337,changed_mind,approved,False,
RETURN_001763,ORDER_020813,BUYER_02090,SELLER_00314,2025-08-22 21:44:44.869605,defective,approved,False,
RETURN_001764,ORDER_020817,BUYER_02091,SELLER_00486,2025-09-05 03:16:35.906479,defective,approved,False,
RETURN_001765,ORDER_020873,BUYER_02097,SELLER_00206,2025-12-09 06:32:46.843490,defective,approved,False,
RETURN_001766,ORDER_020886,BUYER_02099,SELLER_00096,2025-08-28 04:23:54.148846,wrong_item_received,approved,False,
RETURN_001767,ORDER_020887,BUYER_02099,SELLER_00320,2025-07-08 23:20:28.543742,defective,approved,False,
RETURN_001768,ORDER_020888,BUYER_02099,SELLER_00024,2025-10-29 05:41:34.521802,changed_mind,approved,False,
RETURN_001769,ORDER_020890,BUYER_02099,SELLER_00377,2025-09-04 08:48:27.236685,wrong_item_received,approved,False,
RETURN_001770,ORDER_020898,BUYER_02099,SELLER_00309,2025-10-30 23:33:47.766421,changed_mind,approved,False,
RETURN_001771,ORDER_020899,BUYER_02099,SELLER_00164,2025-10-23 08:42:31.881668,defective,approved,False,
RETURN_001772,ORDER_020922,BUYER_02105,SELLER_00329,2025-04-20 00:37:04.542694,wrong_item_received,approved,False,
RETURN_001773,ORDER_020928,BUYER_02106,SELLER_00049,2025-06-05 17:46:21.661521,changed_mind,approved,False,
RETURN_001774,ORDER_020933,BUYER_02107,SELLER_00237,2025-12-27 01:16:01.148326,size_issue,approved,False,
RETURN_001775,ORDER_020935,BUYER_02107,SELLER_00380,2025-12-10 04:06:45.426691,wrong_item_received,approved,False,
RETURN_001776,ORDER_020956,BUYER_02110,SELLER_00275,2025-11-28 00:48:17.041109,defective,approved,False,
RETURN_001777,ORDER_020969,BUYER_02112,SELLER_00017,2025-10-06 20:12:15.215991,changed_mind,approved,False,
RETURN_001778,ORDER_020998,BUYER_02113,SELLER_00308,2025-11-05 19:50:30.880437,changed_mind,approved,False,
RETURN_001779,ORDER_021006,BUYER_02114,SELLER_00289,2025-10-18 23:31:14.899683,defective,approved,False,
RETURN_001780,ORDER_021012,BUYER_02116,SELLER_00054,2025-08-23 15:23:18.156765,changed_mind,approved,False,
RETURN_001781,ORDER_021019,BUYER_02116,SELLER_00331,2025-09-20 18:27:45.702713,defective,approved,False,
RETURN_001782,ORDER_021025,BUYER_02117,SELLER_00201,2025-10-07 02:33:47.795389,changed_mind,approved,False,
RETURN_001783,ORDER_021042,BUYER_02119,SELLER_00120,2025-12-14 02:18:55.358036,size_issue,approved,False,
RETURN_001784,ORDER_021044,BUYER_02119,SELLER_00017,2025-12-09 03:02:16.722479,changed_mind,approved,False,
RETURN_001785,ORDER_021045,BUYER_02119,SELLER_00093,2025-11-22 22:24:30.791505,defective,approved,False,
RETURN_001786,ORDER_021051,BUYER_02119,SELLER_00413,2025-12-24 22:59:40.533121,defective,approved,False,
RETURN_001787,ORDER_021055,BUYER_02119,SELLER_00153,2025-11-26 13:47:47.492729,defective,approved,False,
RETURN_001788,ORDER_021062,BUYER_02121,SELLER_00183,2025-10-06 14:16:14.476884,wrong_item_received,approved,False,
RETURN_001789,ORDER_021082,BUYER_02123,SELLER_00315,2025-12-08 17:58:26.291197,defective,approved,False,
RETURN_001790,ORDER_021092,BUYER_02124,SELLER_00275,2025-10-29 11:11:11.592710,wrong_item_received,approved,False,
RETURN_001791,ORDER_021121,BUYER_02129,SELLER_00070,2025-12-12 19:55:48.462576,wrong_item_received,approved,False,
RETURN_001792,ORDER_021139,BUYER_02130,SELLER_00227,2025-06-28 00:09:51.406265,size_issue,approved,False,
RETURN_001793,ORDER_021158,BUYER_02131,SELLER_00436,2025-12-28 06:24:07.389721,changed_mind,approved,False,
RETURN_001794,ORDER_021168,BUYER_02133,SELLER_00016,2025-12-15 16:47:18.355052,defective,approved,False,
RETURN_001795,ORDER_021205,BUYER_02137,SELLER_00452,2025-06-23 15:26:52.314855,wrong_item_received,approved,False,
RETURN_001796,ORDER_021239,BUYER_02139,SELLER_00153,2025-10-01 18:18:36.745929,changed_mind,approved,False,
RETURN_001797,ORDER_021240,BUYER_02139,SELLER_00459,2025-10-29 05:36:34.709701,size_issue,approved,False,
RETURN_001798,ORDER_021243,BUYER_02139,SELLER_00487,2025-08-24 00:44:03.894932,size_issue,approved,False,
RETURN_001799,ORDER_021244,BUYER_02139,SELLER_00191,2025-08-18 12:08:43.561393,changed_mind,approved,False,
RETURN_001800,ORDER_021249,BUYER_02140,SELLER_00016,2025-06-04 12:27:52.494792,changed_mind,approved,False,
RETURN_001801,ORDER_021272,BUYER_02140,SELLER_00470,2025-06-05 03:27:16.844853,defective,approved,False,
RETURN_001802,ORDER_021335,BUYER_02146,SELLER_00107,2025-02-03 14:02:28.192800,wrong_item_received,approved,False,
RETURN_001803,ORDER_021376,BUYER_02148,SELLER_00472,2025-10-21 05:22:58.413126,defective,approved,False,
RETURN_001804,ORDER_021381,BUYER_02148,SELLER_00126,2025-08-17 06:50:52.983821,size_issue,approved,False,
RETURN_001805,ORDER_021394,BUYER_02149,SELLER_00304,2025-12-08 11:08:20.774021,changed_mind,approved,False,
RETURN_001806,ORDER_021395,BUYER_02150,SELLER_00356,2025-12-12 00:22:51.635621,changed_mind,approved,False,
RETURN_001807,ORDER_021416,BUYER_02152,SELLER_00423,2025-09-18 21:44:03.371885,changed_mind,approved,False,
RETURN_001808,ORDER_021419,BUYER_02152,SELLER_00192,2025-07-18 03:47:46.935438,wrong_item_received,approved,False,
RETURN_001809,ORDER_021429,BUYER_02153,SELLER_00153,2025-09-14 19:52:53.988718,changed_mind,approved,False,
RETURN_001810,ORDER_021462,BUYER_02156,SELLER_00376,2025-12-23 23:48:18.684629,changed_mind,approved,False,
RETURN_001811,ORDER_021467,BUYER_02158,SELLER_00065,2025-02-27 03:11:32.610030,defective,approved,False,
RETURN_001812,ORDER_021470,BUYER_02158,SELLER_00150,2025-08-09 15:12:29.380389,wrong_item_received,approved,False,
RETURN_001813,ORDER_021487,BUYER_02161,SELLER_00463,2025-10-18 19:55:27.275808,changed_mind,approved,False,
RETURN_001814,ORDER_021502,BUYER_02163,SELLER_00255,2025-11-02 17:29:52.195826,defective,approved,False,
RETURN_001815,ORDER_021504,BUYER_02163,SELLER_00377,2025-10-24 18:30:19.021910,wrong_item_received,approved,False,
RETURN_001816,ORDER_021527,BUYER_02164,SELLER_00173,2025-10-26 16:36:43.742151,changed_mind,approved,False,
RETURN_001817,ORDER_021538,BUYER_02165,SELLER_00148,2025-10-24 06:18:24.547227,changed_mind,approved,False,
RETURN_001818,ORDER_021541,BUYER_02165,SELLER_00068,2025-11-21 20:41:07.575991,changed_mind,approved,False,
RETURN_001819,ORDER_021565,BUYER_02168,SELLER_00023,2025-12-17 23:49:37.807893,changed_mind,approved,False,
RETURN_001820,ORDER_021573,BUYER_02168,SELLER_00438,2025-06-28 04:22:37.029684,defective,approved,False,
RETURN_001821,ORDER_021574,BUYER_02168,SELLER_00326,2025-07-23 12:10:39.842854,changed_mind,approved,False,
RETURN_001822,ORDER_021579,BUYER_02168,SELLER_00135,2025-08-02 23:14:47.188831,size_issue,approved,False,
RETURN_001823,ORDER_021633,BUYER_02174,SELLER_00308,2025-12-21 13:12:24.793318,size_issue,approved,False,
RETURN_001824,ORDER_021635,BUYER_02174,SELLER_00047,2025-12-29 22:51:42.705057,size_issue,approved,False,
RETURN_001825,ORDER_021658,BUYER_02176,SELLER_00181,2025-06-18 21:55:00.514557,size_issue,approved,False,
RETURN_001826,ORDER_021666,BUYER_02176,SELLER_00017,2025-12-06 09:11:55.125159,changed_mind,approved,False,
RETURN_001827,ORDER_021701,BUYER_02182,SELLER_00155,2025-07-02 17:51:04.319610,size_issue,approved,False,
RETURN_001828,ORDER_021710,BUYER_02183,SELLER_00298,2025-12-08 22:17:29.521617,size_issue,approved,False,
RETURN_001829,ORDER_021716,BUYER_02184,SELLER_00468,2025-09-27 14:33:08.909718,defective,approved,False,
RETURN_001830,ORDER_021745,BUYER_02188,SELLER_00129,2025-12-19 00:51:38.464962,changed_mind,approved,False,
RETURN_001831,ORDER_021748,BUYER_02188,SELLER_00189,2025-12-29 10:22:28.687390,defective,approved,False,
RETURN_001832,ORDER_021749,BUYER_02188,SELLER_00295,2025-10-10 22:05:17.462546,defective,approved,False,
RETURN_001833,ORDER_021838,BUYER_02199,SELLER_00292,2025-12-18 19:12:53.573938,changed_mind,approved,False,
RETURN_001834,ORDER_021851,BUYER_02202,SELLER_00192,2025-11-04 03:27:12.098262,size_issue,approved,True,return_abuse
RETURN_001835,ORDER_021873,BUYER_02206,SELLER_00017,2025-08-02 13:12:56.800675,defective,approved,False,
RETURN_001836,ORDER_021882,BUYER_02206,SELLER_00022,2025-06-13 18:32:26.181561,defective,approved,False,
RETURN_001837,ORDER_021914,BUYER_02209,SELLER_00233,2025-11-01 05:17:32.035662,changed_mind,approved,True,return_abuse
RETURN_001838,ORDER_021921,BUYER_02211,SELLER_00052,2025-11-01 06:28:29.068520,changed_mind,approved,False,
RETURN_001839,ORDER_021957,BUYER_02215,SELLER_00067,2025-10-24 14:58:11.414654,changed_mind,approved,False,
RETURN_001840,ORDER_021966,BUYER_02215,SELLER_00463,2025-10-31 20:29:43.100555,wrong_item_received,approved,False,
RETURN_001841,ORDER_021969,BUYER_02215,SELLER_00477,2025-12-02 03:30:13.632967,defective,approved,False,
RETURN_001842,ORDER_022004,BUYER_02221,SELLER_00459,2025-06-06 09:20:48.748506,changed_mind,approved,False,
RETURN_001843,ORDER_022008,BUYER_02221,SELLER_00065,2025-09-23 03:22:42.597064,defective,approved,False,
RETURN_001844,ORDER_022009,BUYER_02221,SELLER_00021,2025-03-16 06:22:26.623354,changed_mind,approved,False,
RETURN_001845,ORDER_022010,BUYER_02221,SELLER_00340,2025-09-07 11:53:16.397396,defective,approved,False,
RETURN_001846,ORDER_022011,BUYER_02222,SELLER_00263,2025-07-22 18:36:48.643227,defective,approved,False,
RETURN_001847,ORDER_022012,BUYER_02222,SELLER_00040,2025-06-28 19:40:31.998326,changed_mind,approved,False,
RETURN_001848,ORDER_022013,BUYER_02222,SELLER_00305,2025-06-25 16:04:27.924197,wrong_item_received,approved,False,
RETURN_001849,ORDER_022017,BUYER_02223,SELLER_00356,2025-10-04 01:11:18.916106,wrong_item_received,approved,False,
RETURN_001850,ORDER_022020,BUYER_02223,SELLER_00200,2025-08-17 00:07:33.152060,size_issue,approved,False,
RETURN_001851,ORDER_022033,BUYER_02224,SELLER_00244,2025-12-15 17:09:54.237041,defective,approved,False,
RETURN_001852,ORDER_022076,BUYER_02229,SELLER_00313,2025-06-27 17:41:13.204925,changed_mind,approved,False,
RETURN_001853,ORDER_022087,BUYER_02230,SELLER_00376,2025-08-15 01:32:59.593066,defective,approved,False,
RETURN_001854,ORDER_022116,BUYER_02231,SELLER_00339,2025-07-25 00:02:23.083665,changed_mind,approved,False,
RETURN_001855,ORDER_022121,BUYER_02231,SELLER_00123,2025-07-17 19:07:07.591182,defective,approved,False,
RETURN_001856,ORDER_022122,BUYER_02231,SELLER_00390,2025-09-09 00:25:42.495703,changed_mind,approved,False,
RETURN_001857,ORDER_022170,BUYER_02235,SELLER_00225,2025-12-01 23:32:51.382538,defective,approved,False,
RETURN_001858,ORDER_022181,BUYER_02236,SELLER_00148,2025-05-29 15:23:40.224705,defective,approved,False,
RETURN_001859,ORDER_022192,BUYER_02237,SELLER_00056,2025-04-24 06:59:13.040287,changed_mind,approved,False,
RETURN_001860,ORDER_022200,BUYER_02238,SELLER_00126,2025-12-17 22:23:18.087694,size_issue,approved,False,
RETURN_001861,ORDER_022230,BUYER_02240,SELLER_00084,2025-10-18 23:45:56.424011,wrong_item_received,approved,False,
RETURN_001862,ORDER_022235,BUYER_02241,SELLER_00071,2025-09-04 10:00:04.067784,wrong_item_received,approved,False,
RETURN_001863,ORDER_022251,BUYER_02242,SELLER_00272,2025-11-28 18:48:50.787327,changed_mind,approved,False,
RETURN_001864,ORDER_022271,BUYER_02245,SELLER_00163,2025-11-17 05:47:53.499440,size_issue,approved,False,
RETURN_001865,ORDER_022293,BUYER_02248,SELLER_00183,2025-11-01 12:40:26.244900,defective,approved,False,
RETURN_001866,ORDER_022303,BUYER_02250,SELLER_00307,2025-11-21 13:21:25.846402,defective,approved,False,
RETURN_001867,ORDER_022307,BUYER_02250,SELLER_00128,2025-10-25 00:24:21.752039,wrong_item_received,approved,False,
RETURN_001868,ORDER_022324,BUYER_02253,SELLER_00411,2025-12-20 06:25:22.313771,size_issue,approved,False,
RETURN_001869,ORDER_022326,BUYER_02253,SELLER_00472,2025-10-16 00:48:09.417658,wrong_item_received,approved,False,
RETURN_001870,ORDER_022330,BUYER_02253,SELLER_00063,2025-10-23 23:21:47.607903,wrong_item_received,approved,False,
RETURN_001871,ORDER_022334,BUYER_02253,SELLER_00101,2025-12-08 04:56:39.246517,defective,approved,False,
RETURN_001872,ORDER_022338,BUYER_02253,SELLER_00275,2025-12-10 18:42:43.039445,size_issue,approved,False,
RETURN_001873,ORDER_022344,BUYER_02255,SELLER_00473,2025-11-04 23:19:22.874114,changed_mind,approved,False,
RETURN_001874,ORDER_022348,BUYER_02255,SELLER_00178,2025-05-19 09:47:53.210619,size_issue,approved,False,
RETURN_001875,ORDER_022358,BUYER_02255,SELLER_00096,2025-08-07 22:21:14.559534,changed_mind,approved,False,
RETURN_001876,ORDER_022360,BUYER_02255,SELLER_00246,2025-04-06 05:45:13.727452,defective,approved,False,
RETURN_001877,ORDER_022367,BUYER_02255,SELLER_00376,2025-10-09 17:05:52.996115,wrong_item_received,approved,False,
RETURN_001878,ORDER_022369,BUYER_02256,SELLER_00413,2025-11-10 23:37:38.109192,defective,approved,False,
RETURN_001879,ORDER_022373,BUYER_02256,SELLER_00010,2025-12-22 09:47:07.503701,wrong_item_received,approved,False,
RETURN_001880,ORDER_022376,BUYER_02257,SELLER_00036,2025-07-09 02:24:57.799816,changed_mind,approved,False,
RETURN_001881,ORDER_022400,BUYER_02261,SELLER_00470,2025-09-30 23:25:47.707022,wrong_item_received,approved,False,
RETURN_001882,ORDER_022408,BUYER_02262,SELLER_00309,2025-09-11 16:50:54.062439,defective,approved,False,
RETURN_001883,ORDER_022413,BUYER_02262,SELLER_00115,2025-11-17 14:17:22.284018,changed_mind,approved,False,
RETURN_001884,ORDER_022425,BUYER_02262,SELLER_00108,2025-11-26 21:12:20.522869,changed_mind,approved,False,
RETURN_001885,ORDER_022448,BUYER_02265,SELLER_00155,2025-01-27 07:46:02.654929,size_issue,approved,False,
RETURN_001886,ORDER_022449,BUYER_02265,SELLER_00143,2025-04-28 02:39:54.878052,changed_mind,approved,False,
RETURN_001887,ORDER_022478,BUYER_02268,SELLER_00126,2025-12-12 09:48:34.616556,changed_mind,approved,False,
RETURN_001888,ORDER_022508,BUYER_02269,SELLER_00205,2025-09-08 05:33:18.528615,changed_mind,approved,False,
RETURN_001889,ORDER_022509,BUYER_02269,SELLER_00311,2025-06-10 03:31:44.873526,changed_mind,approved,False,
RETURN_001890,ORDER_022511,BUYER_02269,SELLER_00181,2025-07-30 13:27:51.766423,changed_mind,approved,False,
RETURN_001891,ORDER_022540,BUYER_02272,SELLER_00463,2025-06-20 01:38:22.936307,wrong_item_received,approved,False,
RETURN_001892,ORDER_022547,BUYER_02273,SELLER_00066,2025-11-04 22:02:53.352397,size_issue,approved,False,
RETURN_001893,ORDER_022565,BUYER_02275,SELLER_00494,2025-09-08 19:29:23.102085,changed_mind,approved,False,
RETURN_001894,ORDER_022578,BUYER_02276,SELLER_00423,2025-11-01 04:59:11.361373,defective,approved,False,
RETURN_001895,ORDER_022594,BUYER_02278,SELLER_00400,2025-11-13 23:15:32.679969,size_issue,approved,False,
RETURN_001896,ORDER_022601,BUYER_02279,SELLER_00065,2025-12-07 13:36:26.154395,defective,approved,False,
RETURN_001897,ORDER_022604,BUYER_02279,SELLER_00275,2025-12-21 22:44:47.196586,defective,approved,False,
RETURN_001898,ORDER_022639,BUYER_02284,SELLER_00348,2025-03-22 00:05:40.249393,wrong_item_received,approved,False,
RETURN_001899,ORDER_022646,BUYER_02285,SELLER_00412,2025-05-30 12:43:43.335380,wrong_item_received,approved,False,
RETURN_001900,ORDER_022648,BUYER_02285,SELLER_00001,2025-06-06 14:03:11.361691,changed_mind,approved,False,
RETURN_001901,ORDER_022649,BUYER_02285,SELLER_00128,2025-09-08 23:16:29.339624,defective,approved,False,
RETURN_001902,ORDER_022663,BUYER_02288,SELLER_00197,2025-12-08 01:14:06.221913,defective,approved,False,
RETURN_001903,ORDER_022666,BUYER_02288,SELLER_00219,2025-02-12 21:22:10.250357,defective,approved,False,
RETURN_001904,ORDER_022682,BUYER_02289,SELLER_00434,2025-04-21 16:11:48.529150,changed_mind,approved,False,
RETURN_001905,ORDER_022696,BUYER_02291,SELLER_00237,2025-08-28 00:44:08.320457,defective,approved,False,
RETURN_001906,ORDER_022730,BUYER_02295,SELLER_00143,2025-09-08 09:59:34.299633,changed_mind,approved,False,
RETURN_001907,ORDER_022756,BUYER_02298,SELLER_00007,2025-10-11 15:52:11.858357,size_issue,approved,False,
RETURN_001908,ORDER_022812,BUYER_02303,SELLER_00472,2025-07-20 08:08:51.376271,defective,approved,False,
RETURN_001909,ORDER_022819,BUYER_02304,SELLER_00350,2025-12-13 00:51:24.043484,changed_mind,approved,False,
RETURN_001910,ORDER_022826,BUYER_02305,SELLER_00426,2025-08-16 03:14:55.357567,wrong_item_received,approved,False,
RETURN_001911,ORDER_022829,BUYER_02305,SELLER_00172,2025-08-28 10:00:56.343026,wrong_item_received,approved,False,
RETURN_001912,ORDER_022839,BUYER_02307,SELLER_00424,2025-04-05 05:54:39.316067,changed_mind,approved,False,
RETURN_001913,ORDER_022852,BUYER_02307,SELLER_00227,2025-01-23 05:14:35.960111,changed_mind,approved,False,
RETURN_001914,ORDER_022858,BUYER_02308,SELLER_00113,2025-08-28 02:31:19.954527,defective,approved,False,
RETURN_001915,ORDER_022863,BUYER_02308,SELLER_00088,2025-10-10 00:39:44.178990,changed_mind,approved,False,
RETURN_001916,ORDER_022865,BUYER_02309,SELLER_00330,2025-12-04 00:09:50.747613,changed_mind,approved,False,
RETURN_001917,ORDER_022878,BUYER_02311,SELLER_00324,2025-11-07 13:21:08.900438,changed_mind,approved,False,
RETURN_001918,ORDER_022897,BUYER_02313,SELLER_00462,2025-12-16 05:25:57.153635,changed_mind,approved,False,
RETURN_001919,ORDER_022901,BUYER_02314,SELLER_00302,2025-05-19 11:30:10.035172,changed_mind,approved,False,
RETURN_001920,ORDER_022928,BUYER_02316,SELLER_00464,2025-10-21 23:54:22.295506,defective,approved,False,
RETURN_001921,ORDER_022946,BUYER_02318,SELLER_00451,2025-10-21 17:37:37.015024,defective,approved,False,
RETURN_001922,ORDER_022982,BUYER_02319,SELLER_00472,2025-05-13 12:23:06.322300,defective,approved,False,
RETURN_001923,ORDER_023004,BUYER_02319,SELLER_00326,2025-08-23 18:55:25.716781,size_issue,approved,False,
RETURN_001924,ORDER_023048,BUYER_02322,SELLER_00221,2025-08-21 00:32:45.437382,defective,approved,False,
RETURN_001925,ORDER_023064,BUYER_02324,SELLER_00366,2025-09-07 05:52:08.517929,wrong_item_received,approved,False,
RETURN_001926,ORDER_023101,BUYER_02327,SELLER_00426,2025-10-19 11:12:24.505893,wrong_item_received,approved,False,
RETURN_001927,ORDER_023104,BUYER_02327,SELLER_00107,2025-11-14 19:25:48.414717,changed_mind,approved,False,
RETURN_001928,ORDER_023109,BUYER_02327,SELLER_00318,2025-07-13 17:09:09.509657,size_issue,approved,False,
RETURN_001929,ORDER_023110,BUYER_02327,SELLER_00122,2025-08-17 10:41:19.715320,defective,approved,False,
RETURN_001930,ORDER_023112,BUYER_02327,SELLER_00314,2025-09-09 06:40:31.936435,size_issue,approved,False,
RETURN_001931,ORDER_023116,BUYER_02327,SELLER_00289,2025-09-03 10:16:18.824258,defective,approved,False,
RETURN_001932,ORDER_023117,BUYER_02327,SELLER_00389,2025-09-15 11:11:22.216212,wrong_item_received,approved,False,
RETURN_001933,ORDER_023118,BUYER_02327,SELLER_00381,2025-12-25 08:14:36.531753,defective,approved,False,
RETURN_001934,ORDER_023120,BUYER_02328,SELLER_00399,2025-09-08 12:53:14.190472,changed_mind,approved,False,
RETURN_001935,ORDER_023132,BUYER_02331,SELLER_00158,2025-10-03 00:41:15.303495,size_issue,approved,False,
RETURN_001936,ORDER_023133,BUYER_02331,SELLER_00172,2025-11-25 23:00:01.022398,defective,approved,False,
RETURN_001937,ORDER_023136,BUYER_02331,SELLER_00033,2025-09-17 01:19:34.383523,size_issue,approved,False,
RETURN_001938,ORDER_023137,BUYER_02331,SELLER_00090,2025-11-13 07:13:04.922536,wrong_item_received,approved,False,
RETURN_001939,ORDER_023140,BUYER_02331,SELLER_00399,2025-09-20 08:22:38.789518,changed_mind,approved,False,
RETURN_001940,ORDER_023151,BUYER_02331,SELLER_00072,2025-10-01 09:36:02.074107,wrong_item_received,approved,False,
RETURN_001941,ORDER_023171,BUYER_02335,SELLER_00263,2025-08-07 14:41:35.167443,defective,approved,False,
RETURN_001942,ORDER_023183,BUYER_02336,SELLER_00078,2025-11-29 14:16:39.354197,changed_mind,approved,False,
RETURN_001943,ORDER_023186,BUYER_02337,SELLER_00356,2025-12-05 18:44:55.607443,wrong_item_received,approved,False,
RETURN_001944,ORDER_023189,BUYER_02337,SELLER_00399,2025-12-30 20:33:25.760306,changed_mind,approved,False,
RETURN_001945,ORDER_023196,BUYER_02337,SELLER_00454,2025-08-08 04:19:54.161847,defective,approved,False,
RETURN_001946,ORDER_023221,BUYER_02341,SELLER_00399,2025-05-29 08:47:49.469391,changed_mind,approved,False,
RETURN_001947,ORDER_023224,BUYER_02341,SELLER_00386,2025-08-24 06:42:00.402272,size_issue,approved,False,
RETURN_001948,ORDER_023238,BUYER_02343,SELLER_00395,2025-08-13 19:13:59.964439,defective,approved,False,
RETURN_001949,ORDER_023240,BUYER_02343,SELLER_00316,2025-08-16 22:22:30.806596,wrong_item_received,approved,False,
RETURN_001950,ORDER_023242,BUYER_02343,SELLER_00024,2025-09-10 22:32:39.721679,changed_mind,approved,False,
RETURN_001951,ORDER_023243,BUYER_02343,SELLER_00308,2025-10-24 03:25:50.122705,changed_mind,approved,False,
RETURN_001952,ORDER_023258,BUYER_02344,SELLER_00056,2025-04-28 22:55:14.947853,defective,approved,False,
RETURN_001953,ORDER_023275,BUYER_02346,SELLER_00073,2025-11-14 09:47:38.208437,changed_mind,approved,False,
RETURN_001954,ORDER_023291,BUYER_02348,SELLER_00024,2025-12-29 06:12:19.658966,defective,approved,False,
RETURN_001955,ORDER_023298,BUYER_02348,SELLER_00022,2025-12-23 19:05:31.267404,changed_mind,approved,False,
RETURN_001956,ORDER_023313,BUYER_02351,SELLER_00026,2025-06-21 04:48:27.382944,size_issue,approved,False,
RETURN_001957,ORDER_023318,BUYER_02351,SELLER_00269,2025-04-29 04:17:34.917273,wrong_item_received,approved,False,
RETURN_001958,ORDER_023323,BUYER_02352,SELLER_00341,2025-06-13 01:50:52.677065,wrong_item_received,approved,False,
RETURN_001959,ORDER_023336,BUYER_02353,SELLER_00104,2025-08-03 03:48:13.528518,wrong_item_received,approved,False,
RETURN_001960,ORDER_023352,BUYER_02354,SELLER_00455,2025-10-04 23:22:36.769229,wrong_item_received,approved,False,
RETURN_001961,ORDER_023452,BUYER_02359,SELLER_00183,2025-08-13 22:31:59.137884,defective,approved,False,
RETURN_001962,ORDER_023477,BUYER_02363,SELLER_00088,2025-11-21 09:32:03.994561,changed_mind,approved,False,
RETURN_001963,ORDER_023490,BUYER_02364,SELLER_00034,2025-10-21 07:26:05.396381,size_issue,approved,False,
RETURN_001964,ORDER_023502,BUYER_02364,SELLER_00170,2025-12-03 22:26:40.998248,defective,approved,False,
RETURN_001965,ORDER_023507,BUYER_02364,SELLER_00050,2025-12-18 07:44:49.380083,changed_mind,approved,False,
RETURN_001966,ORDER_023511,BUYER_02365,SELLER_00143,2025-11-24 14:02:44.842934,size_issue,approved,False,
RETURN_001967,ORDER_023525,BUYER_02366,SELLER_00341,2025-08-11 05:37:17.033656,changed_mind,approved,False,
RETURN_001968,ORDER_023546,BUYER_02368,SELLER_00460,2025-11-18 16:47:53.303402,changed_mind,approved,False,
RETURN_001969,ORDER_023571,BUYER_02371,SELLER_00275,2025-10-31 15:26:00.354519,size_issue,approved,False,
RETURN_001970,ORDER_023593,BUYER_02372,SELLER_00007,2025-12-07 14:47:11.859183,defective,approved,False,
RETURN_001971,ORDER_023613,BUYER_02374,SELLER_00326,2025-12-16 10:59:26.031775,defective,approved,False,
RETURN_001972,ORDER_023626,BUYER_02378,SELLER_00123,2025-11-24 15:40:54.373047,wrong_item_received,approved,False,
RETURN_001973,ORDER_023668,BUYER_02381,SELLER_00056,2025-07-02 10:18:19.256461,changed_mind,approved,False,
RETURN_001974,ORDER_023672,BUYER_02382,SELLER_00294,2025-06-30 05:30:14.193921,changed_mind,approved,False,
RETURN_001975,ORDER_023677,BUYER_02382,SELLER_00468,2025-05-20 10:41:35.048684,changed_mind,approved,False,
RETURN_001976,ORDER_023710,BUYER_02387,SELLER_00458,2025-12-01 02:18:40.175554,changed_mind,approved,False,
RETURN_001977,ORDER_023714,BUYER_02387,SELLER_00436,2025-11-03 02:12:07.938820,defective,approved,False,
RETURN_001978,ORDER_023717,BUYER_02389,SELLER_00259,2025-10-22 00:26:44.958483,changed_mind,approved,False,
RETURN_001979,ORDER_023727,BUYER_02390,SELLER_00163,2025-12-26 00:08:23.055968,changed_mind,approved,False,
RETURN_001980,ORDER_023755,BUYER_02391,SELLER_00185,2025-09-27 12:14:46.552814,size_issue,approved,False,
RETURN_001981,ORDER_023756,BUYER_02392,SELLER_00478,2025-10-16 05:02:06.993275,size_issue,approved,False,
RETURN_001982,ORDER_023775,BUYER_02393,SELLER_00450,2025-11-17 03:52:44.434416,size_issue,approved,False,
RETURN_001983,ORDER_023803,BUYER_02395,SELLER_00113,2025-12-15 01:24:27.549303,changed_mind,approved,False,
RETURN_001984,ORDER_023807,BUYER_02395,SELLER_00474,2025-05-09 04:19:06.340255,changed_mind,approved,False,
RETURN_001985,ORDER_023811,BUYER_02396,SELLER_00309,2025-06-24 13:08:47.539543,changed_mind,approved,False,
RETURN_001986,ORDER_023812,BUYER_02396,SELLER_00290,2025-11-04 08:33:55.884900,changed_mind,approved,False,
RETURN_001987,ORDER_023841,BUYER_02399,SELLER_00418,2025-12-26 14:52:58.434607,changed_mind,approved,False,
RETURN_001988,ORDER_023872,BUYER_02405,SELLER_00496,2025-09-07 02:36:31.878266,defective,approved,False,
RETURN_001989,ORDER_023881,BUYER_02406,SELLER_00185,2025-10-06 20:27:12.012033,size_issue,approved,False,
RETURN_001990,ORDER_023917,BUYER_02411,SELLER_00234,2025-11-18 02:16:09.073450,defective,approved,False,
RETURN_001991,ORDER_023934,BUYER_02415,SELLER_00399,2025-08-12 15:09:33.112589,defective,approved,False,
RETURN_001992,ORDER_023967,BUYER_02421,SELLER_00366,2025-07-30 11:12:48.366024,defective,approved,False,
RETURN_001993,ORDER_023979,BUYER_02421,SELLER_00021,2025-10-07 12:28:03.998025,changed_mind,approved,False,
RETURN_001994,ORDER_023996,BUYER_02423,SELLER_00377,2025-11-06 16:00:21.538804,size_issue,approved,False,
RETURN_001995,ORDER_023998,BUYER_02423,SELLER_00438,2025-12-25 08:07:05.718046,size_issue,approved,False,
RETURN_001996,ORDER_024016,BUYER_02424,SELLER_00123,2025-04-16 12:41:42.844713,size_issue,approved,False,
RETURN_001997,ORDER_024042,BUYER_02427,SELLER_00340,2025-12-28 00:24:42.419163,changed_mind,approved,False,
RETURN_001998,ORDER_024045,BUYER_02427,SELLER_00481,2025-12-11 02:52:08.310976,size_issue,approved,False,
RETURN_001999,ORDER_024046,BUYER_02427,SELLER_00206,2025-11-16 00:35:32.721437,defective,approved,False,
RETURN_002000,ORDER_024049,BUYER_02427,SELLER_00463,2025-11-10 15:43:58.634029,changed_mind,approved,False,
RETURN_002001,ORDER_024053,BUYER_02427,SELLER_00246,2025-11-10 01:45:23.668093,defective,approved,False,
RETURN_002002,ORDER_024091,BUYER_02432,SELLER_00344,2025-10-11 15:53:57.839269,size_issue,approved,False,
RETURN_002003,ORDER_024093,BUYER_02433,SELLER_00459,2025-12-20 02:59:05.973396,wrong_item_received,approved,False,
RETURN_002004,ORDER_024100,BUYER_02434,SELLER_00169,2025-11-26 17:59:16.721340,changed_mind,approved,False,
RETURN_002005,ORDER_024104,BUYER_02434,SELLER_00143,2025-12-02 03:14:36.985757,size_issue,approved,False,
RETURN_002006,ORDER_024113,BUYER_02434,SELLER_00437,2025-11-28 10:25:49.878599,defective,approved,False,
RETURN_002007,ORDER_024117,BUYER_02435,SELLER_00355,2025-08-17 12:35:07.601978,wrong_item_received,approved,False,
RETURN_002008,ORDER_024118,BUYER_02435,SELLER_00240,2025-10-02 00:03:05.352411,size_issue,approved,False,
RETURN_002009,ORDER_024124,BUYER_02435,SELLER_00438,2025-08-07 09:29:09.589791,defective,approved,False,
RETURN_002010,ORDER_024133,BUYER_02436,SELLER_00170,2025-09-01 14:49:34.027694,changed_mind,approved,True,return_abuse
RETURN_002011,ORDER_024139,BUYER_02436,SELLER_00155,2025-04-12 19:47:49.979837,size_issue,approved,False,
RETURN_002012,ORDER_024156,BUYER_02439,SELLER_00381,2025-06-21 15:29:09.827872,size_issue,approved,False,
RETURN_002013,ORDER_024157,BUYER_02439,SELLER_00283,2025-09-24 01:08:59.215777,defective,approved,False,
RETURN_002014,ORDER_024159,BUYER_02439,SELLER_00174,2025-06-16 07:46:20.978724,changed_mind,approved,False,
RETURN_002015,ORDER_024169,BUYER_02441,SELLER_00428,2025-01-13 14:42:58.009761,size_issue,approved,False,
RETURN_002016,ORDER_024174,BUYER_02442,SELLER_00395,2025-09-09 01:36:37.476362,wrong_item_received,approved,False,
RETURN_002017,ORDER_024199,BUYER_02444,SELLER_00269,2025-04-25 13:23:03.925221,changed_mind,approved,False,
RETURN_002018,ORDER_024201,BUYER_02444,SELLER_00409,2025-11-21 03:21:48.936442,size_issue,approved,False,
RETURN_002019,ORDER_024202,BUYER_02444,SELLER_00418,2025-06-04 08:58:09.292924,size_issue,approved,False,
RETURN_002020,ORDER_024203,BUYER_02444,SELLER_00329,2025-12-09 09:25:05.457839,defective,approved,False,
RETURN_002021,ORDER_024204,BUYER_02444,SELLER_00347,2025-05-24 04:07:31.299105,changed_mind,approved,False,
RETURN_002022,ORDER_024221,BUYER_02446,SELLER_00477,2025-12-17 22:19:25.762131,size_issue,approved,False,
RETURN_002023,ORDER_024237,BUYER_02447,SELLER_00231,2025-10-31 19:17:32.744045,wrong_item_received,approved,False,
RETURN_002024,ORDER_024243,BUYER_02448,SELLER_00335,2025-08-02 13:28:46.389250,defective,approved,False,
RETURN_002025,ORDER_024246,BUYER_02448,SELLER_00051,2025-06-23 12:09:41.829266,size_issue,approved,False,
RETURN_002026,ORDER_024249,BUYER_02448,SELLER_00058,2025-05-14 16:21:35.432447,defective,approved,False,
RETURN_002027,ORDER_024273,BUYER_02450,SELLER_00421,2025-12-11 21:08:25.073648,changed_mind,approved,False,
RETURN_002028,ORDER_024275,BUYER_02450,SELLER_00181,2025-11-29 14:22:58.076061,changed_mind,approved,False,
RETURN_002029,ORDER_024277,BUYER_02450,SELLER_00317,2025-11-22 23:05:13.722220,wrong_item_received,approved,False,
RETURN_002030,ORDER_024325,BUYER_02455,SELLER_00143,2025-07-27 10:16:17.336933,size_issue,approved,False,
RETURN_002031,ORDER_024326,BUYER_02455,SELLER_00299,2025-02-06 23:10:30.590920,changed_mind,approved,False,
RETURN_002032,ORDER_024327,BUYER_02455,SELLER_00237,2025-06-05 07:35:54.460809,changed_mind,approved,False,
RETURN_002033,ORDER_024329,BUYER_02455,SELLER_00169,2025-06-13 09:22:10.274664,size_issue,approved,False,
RETURN_002034,ORDER_024330,BUYER_02455,SELLER_00198,2025-10-01 06:20:50.312818,size_issue,approved,False,
RETURN_002035,ORDER_024334,BUYER_02455,SELLER_00198,2025-03-15 17:50:05.641136,defective,approved,False,
RETURN_002036,ORDER_024336,BUYER_02455,SELLER_00463,2025-02-20 01:32:05.544628,defective,approved,False,
RETURN_002037,ORDER_024337,BUYER_02455,SELLER_00233,2025-05-06 02:48:13.577913,wrong_item_received,approved,False,
RETURN_002038,ORDER_024339,BUYER_02455,SELLER_00470,2025-05-10 23:10:49.377767,size_issue,approved,False,
RETURN_002039,ORDER_024341,BUYER_02455,SELLER_00386,2025-04-08 05:26:29.101949,defective,approved,False,
RETURN_002040,ORDER_024342,BUYER_02455,SELLER_00017,2025-08-13 13:51:04.378573,defective,approved,False,
RETURN_002041,ORDER_024347,BUYER_02455,SELLER_00216,2025-04-03 20:04:22.021627,defective,approved,False,
RETURN_002042,ORDER_024349,BUYER_02455,SELLER_00233,2025-05-04 04:29:30.688700,defective,approved,False,
RETURN_002043,ORDER_024354,BUYER_02455,SELLER_00474,2025-05-31 10:39:01.821289,size_issue,approved,False,
RETURN_002044,ORDER_024356,BUYER_02455,SELLER_00401,2025-04-02 00:06:39.433724,changed_mind,approved,False,
RETURN_002045,ORDER_024369,BUYER_02457,SELLER_00481,2025-08-05 16:37:46.479631,defective,approved,False,
RETURN_002046,ORDER_024379,BUYER_02457,SELLER_00178,2025-12-11 08:09:38.317789,changed_mind,approved,False,
RETURN_002047,ORDER_024399,BUYER_02457,SELLER_00189,2025-11-06 04:39:03.740685,defective,approved,False,
RETURN_002048,ORDER_024411,BUYER_02458,SELLER_00185,2025-12-16 05:29:04.901742,changed_mind,approved,False,
RETURN_002049,ORDER_024413,BUYER_02458,SELLER_00316,2025-12-03 00:38:38.469661,size_issue,approved,False,
RETURN_002050,ORDER_024440,BUYER_02463,SELLER_00123,2025-08-29 02:43:04.068080,size_issue,approved,False,
RETURN_002051,ORDER_024441,BUYER_02463,SELLER_00192,2025-04-20 22:11:22.442406,size_issue,approved,False,
RETURN_002052,ORDER_024448,BUYER_02465,SELLER_00185,2025-12-22 15:03:40.475544,changed_mind,approved,False,
RETURN_002053,ORDER_024455,BUYER_02466,SELLER_00331,2025-12-02 08:56:11.993858,defective,approved,False,
RETURN_002054,ORDER_024465,BUYER_02467,SELLER_00435,2025-10-25 17:32:20.672303,size_issue,approved,False,
RETURN_002055,ORDER_024468,BUYER_02467,SELLER_00157,2025-12-03 12:27:42.429422,wrong_item_received,approved,False,
RETURN_002056,ORDER_024471,BUYER_02467,SELLER_00300,2025-09-18 08:56:28.295206,size_issue,approved,False,
RETURN_002057,ORDER_024481,BUYER_02469,SELLER_00472,2025-06-07 13:27:12.486206,changed_mind,approved,False,
RETURN_002058,ORDER_024484,BUYER_02469,SELLER_00021,2025-06-25 22:57:10.773190,changed_mind,approved,False,
RETURN_002059,ORDER_024487,BUYER_02470,SELLER_00016,2025-06-17 18:36:18.704509,size_issue,approved,False,
RETURN_002060,ORDER_024495,BUYER_02471,SELLER_00219,2025-12-06 05:47:05.599098,defective,approved,False,
RETURN_002061,ORDER_024523,BUYER_02473,SELLER_00463,2025-12-28 11:08:41.274146,wrong_item_received,approved,False,
RETURN_002062,ORDER_024558,BUYER_02476,SELLER_00382,2025-12-26 01:04:50.130332,changed_mind,approved,False,
RETURN_002063,ORDER_024577,BUYER_02477,SELLER_00428,2025-10-08 10:54:00.187423,size_issue,approved,False,
RETURN_002064,ORDER_024584,BUYER_02478,SELLER_00419,2025-12-03 17:00:50.468252,changed_mind,approved,False,
RETURN_002065,ORDER_024592,BUYER_02479,SELLER_00323,2025-09-25 18:20:24.451600,defective,approved,False,
RETURN_002066,ORDER_024594,BUYER_02479,SELLER_00368,2025-11-03 01:57:59.810107,size_issue,approved,False,
RETURN_002067,ORDER_024630,BUYER_02485,SELLER_00313,2025-10-30 09:45:54.456661,changed_mind,approved,False,
RETURN_002068,ORDER_024645,BUYER_02488,SELLER_00257,2025-09-16 18:10:43.841462,defective,approved,False,
RETURN_002069,ORDER_024646,BUYER_02488,SELLER_00386,2025-11-11 16:11:45.768153,size_issue,approved,False,
RETURN_002070,ORDER_024651,BUYER_02488,SELLER_00368,2025-12-19 08:57:18.215778,wrong_item_received,approved,False,
RETURN_002071,ORDER_024652,BUYER_02488,SELLER_00016,2025-09-21 08:07:25.441082,size_issue,approved,False,
RETURN_002072,ORDER_024654,BUYER_02488,SELLER_00381,2025-11-08 11:29:01.980997,changed_mind,approved,False,
RETURN_002073,ORDER_024655,BUYER_02488,SELLER_00418,2025-10-22 06:02:58.295060,changed_mind,approved,False,
RETURN_002074,ORDER_024656,BUYER_02488,SELLER_00210,2025-10-10 12:40:03.389334,defective,approved,False,
RETURN_002075,ORDER_024706,BUYER_02492,SELLER_00081,2025-12-19 16:44:30.443905,changed_mind,approved,False,
RETURN_002076,ORDER_024739,BUYER_02495,SELLER_00248,2025-09-28 23:34:58.749174,changed_mind,approved,False,
RETURN_002077,ORDER_024752,BUYER_02496,SELLER_00462,2025-12-23 10:16:32.004065,changed_mind,approved,False,
RETURN_002078,ORDER_024770,BUYER_02497,SELLER_00218,2025-09-04 18:28:10.102428,changed_mind,approved,False,
RETURN_002079,ORDER_024772,BUYER_02498,SELLER_00256,2025-11-14 17:32:28.190679,changed_mind,approved,False,
RETURN_002080,ORDER_024775,BUYER_02499,SELLER_00178,2025-09-22 05:40:52.248080,changed_mind,approved,False,
RETURN_002081,ORDER_024781,BUYER_02501,SELLER_00191,2025-12-29 18:47:55.611706,changed_mind,approved,False,
RETURN_002082,ORDER_024782,BUYER_02501,SELLER_00472,2025-10-17 16:11:45.810747,wrong_item_received,approved,False,
RETURN_002083,ORDER_024828,BUYER_02506,SELLER_00039,2025-09-18 04:09:49.374833,wrong_item_received,approved,False,
RETURN_002084,ORDER_024850,BUYER_02508,SELLER_00123,2025-06-26 01:24:07.442317,defective,approved,False,
RETURN_002085,ORDER_024855,BUYER_02508,SELLER_00377,2025-06-16 04:39:48.332940,size_issue,approved,False,
RETURN_002086,ORDER_024871,BUYER_02509,SELLER_00491,2025-02-09 15:09:24.842276,wrong_item_received,approved,False,
RETURN_002087,ORDER_024883,BUYER_02510,SELLER_00081,2025-12-15 18:01:59.774981,changed_mind,approved,False,
RETURN_002088,ORDER_024895,BUYER_02511,SELLER_00170,2025-12-13 10:26:22.702342,changed_mind,approved,False,
RETURN_002089,ORDER_024897,BUYER_02511,SELLER_00000,2025-11-06 11:24:43.486004,changed_mind,approved,False,
RETURN_002090,ORDER_024898,BUYER_02512,SELLER_00304,2025-12-09 05:02:11.468493,wrong_item_received,approved,False,
RETURN_002091,ORDER_024899,BUYER_02512,SELLER_00472,2025-10-31 05:27:22.259830,wrong_item_received,approved,False,
RETURN_002092,ORDER_024924,BUYER_02516,SELLER_00126,2025-12-22 04:25:51.940096,changed_mind,approved,False,
RETURN_002093,ORDER_024926,BUYER_02516,SELLER_00128,2025-10-08 10:57:09.977433,defective,approved,False,
RETURN_002094,ORDER_024928,BUYER_02516,SELLER_00459,2025-09-07 22:00:35.823566,defective,approved,False,
RETURN_002095,ORDER_024938,BUYER_02516,SELLER_00239,2025-11-18 21:37:01.788768,size_issue,approved,False,
RETURN_002096,ORDER_024967,BUYER_02521,SELLER_00376,2025-08-03 23:16:31.075527,defective,approved,False,
RETURN_002097,ORDER_024968,BUYER_02521,SELLER_00294,2025-12-18 06:28:31.923625,changed_mind,approved,False,
RETURN_002098,ORDER_024981,BUYER_02523,SELLER_00390,2025-08-19 13:01:52.512291,defective,approved,False,
RETURN_002099,ORDER_024982,BUYER_02523,SELLER_00054,2025-09-10 01:26:17.363587,changed_mind,approved,False,
RETURN_002100,ORDER_024984,BUYER_02523,SELLER_00092,2025-09-15 13:27:37.815677,changed_mind,approved,False,
RETURN_002101,ORDER_024990,BUYER_02523,SELLER_00315,2025-07-11 05:11:49.871702,defective,approved,False,
RETURN_002102,ORDER_024992,BUYER_02523,SELLER_00386,2025-03-11 10:51:52.907199,changed_mind,approved,False,
RETURN_002103,ORDER_024993,BUYER_02523,SELLER_00166,2025-03-15 02:03:53.148494,changed_mind,approved,False,
RETURN_002104,ORDER_025001,BUYER_02524,SELLER_00463,2025-09-26 19:28:43.973960,changed_mind,approved,False,
RETURN_002105,ORDER_025058,BUYER_02527,SELLER_00362,2025-08-24 12:40:55.572641,defective,approved,False,
RETURN_002106,ORDER_025086,BUYER_02530,SELLER_00416,2025-03-18 20:17:34.181848,defective,approved,False,
RETURN_002107,ORDER_025112,BUYER_02531,SELLER_00062,2025-11-19 06:46:53.702747,defective,approved,False,
RETURN_002108,ORDER_025122,BUYER_02532,SELLER_00120,2025-10-30 20:47:32.256790,defective,approved,False,
RETURN_002109,ORDER_025123,BUYER_02533,SELLER_00387,2025-12-07 07:41:49.813835,changed_mind,approved,False,
RETURN_002110,ORDER_025124,BUYER_02533,SELLER_00157,2025-11-10 05:35:14.267341,defective,approved,False,
RETURN_002111,ORDER_025152,BUYER_02535,SELLER_00462,2025-12-12 23:57:42.197583,defective,approved,False,
RETURN_002112,ORDER_025164,BUYER_02536,SELLER_00036,2025-12-25 00:58:42.361452,changed_mind,approved,False,
RETURN_002113,ORDER_025184,BUYER_02537,SELLER_00449,2025-09-28 04:57:58.312392,changed_mind,approved,False,
RETURN_002114,ORDER_025185,BUYER_02537,SELLER_00155,2025-10-11 10:11:11.998538,size_issue,approved,False,
RETURN_002115,ORDER_025205,BUYER_02540,SELLER_00000,2025-11-09 08:19:03.333234,defective,approved,False,
RETURN_002116,ORDER_025210,BUYER_02541,SELLER_00095,2025-11-27 15:48:47.646998,wrong_item_received,approved,False,
RETURN_002117,ORDER_025227,BUYER_02543,SELLER_00149,2025-12-27 21:17:23.275811,changed_mind,approved,False,
RETURN_002118,ORDER_025249,BUYER_02546,SELLER_00120,2025-12-11 17:08:46.407143,changed_mind,approved,False,
RETURN_002119,ORDER_025257,BUYER_02547,SELLER_00022,2025-12-10 02:18:13.982259,changed_mind,approved,False,
RETURN_002120,ORDER_025258,BUYER_02548,SELLER_00192,2025-11-20 00:09:36.688089,defective,approved,False,
RETURN_002121,ORDER_025260,BUYER_02548,SELLER_00049,2025-09-25 14:59:50.722885,changed_mind,approved,False,
RETURN_002122,ORDER_025261,BUYER_02548,SELLER_00007,2025-09-26 04:18:39.346293,defective,approved,False,
RETURN_002123,ORDER_025269,BUYER_02551,SELLER_00102,2025-12-11 14:58:40.486724,defective,approved,False,
RETURN_002124,ORDER_025270,BUYER_02551,SELLER_00066,2025-09-17 03:54:32.198211,defective,approved,False,
RETURN_002125,ORDER_025272,BUYER_02551,SELLER_00478,2025-10-08 09:14:13.205605,size_issue,approved,False,
RETURN_002126,ORDER_025275,BUYER_02551,SELLER_00042,2025-09-06 08:13:48.400822,changed_mind,approved,False,
RETURN_002127,ORDER_025285,BUYER_02553,SELLER_00309,2025-09-22 22:43:56.801937,wrong_item_received,approved,False,
RETURN_002128,ORDER_025293,BUYER_02554,SELLER_00230,2025-08-24 03:41:43.774862,size_issue,approved,False,
RETURN_002129,ORDER_025295,BUYER_02554,SELLER_00062,2025-09-07 13:41:06.402996,defective,approved,False,
RETURN_002130,ORDER_025297,BUYER_02554,SELLER_00233,2025-08-22 03:27:43.312164,changed_mind,approved,False,
RETURN_002131,ORDER_025334,BUYER_02559,SELLER_00372,2025-10-17 03:24:56.726204,defective,approved,False,
RETURN_002132,ORDER_025337,BUYER_02559,SELLER_00313,2025-12-15 02:23:16.540717,changed_mind,approved,False,
RETURN_002133,ORDER_025410,BUYER_02569,SELLER_00161,2025-05-12 23:01:05.438766,size_issue,approved,False,
RETURN_002134,ORDER_025411,BUYER_02569,SELLER_00199,2025-10-27 15:39:05.829352,defective,approved,False,
RETURN_002135,ORDER_025423,BUYER_02569,SELLER_00112,2025-04-10 03:35:41.833706,defective,approved,False,
RETURN_002136,ORDER_025439,BUYER_02571,SELLER_00455,2025-02-26 18:10:29.486597,changed_mind,approved,False,
RETURN_002137,ORDER_025451,BUYER_02573,SELLER_00237,2025-12-13 00:50:34.312860,changed_mind,approved,False,
RETURN_002138,ORDER_025456,BUYER_02574,SELLER_00021,2025-08-01 18:23:25.208387,size_issue,approved,False,
RETURN_002139,ORDER_025476,BUYER_02578,SELLER_00251,2025-11-19 13:57:10.594282,changed_mind,approved,False,
RETURN_002140,ORDER_025485,BUYER_02578,SELLER_00330,2025-10-19 21:16:05.585062,defective,approved,False,
RETURN_002141,ORDER_025514,BUYER_02580,SELLER_00054,2025-08-03 11:37:15.894522,changed_mind,approved,False,
RETURN_002142,ORDER_025590,BUYER_02588,SELLER_00246,2025-04-15 06:35:00.495033,wrong_item_received,approved,False,
RETURN_002143,ORDER_025603,BUYER_02589,SELLER_00329,2025-11-02 15:08:44.811810,wrong_item_received,approved,False,
RETURN_002144,ORDER_025605,BUYER_02590,SELLER_00426,2025-08-11 16:43:33.116718,changed_mind,approved,False,
RETURN_002145,ORDER_025640,BUYER_02593,SELLER_00275,2025-12-10 10:21:36.924642,defective,approved,False,
RETURN_002146,ORDER_025660,BUYER_02595,SELLER_00204,2025-12-17 12:41:46.030807,changed_mind,approved,False,
RETURN_002147,ORDER_025693,BUYER_02598,SELLER_00470,2025-09-18 09:16:59.291393,changed_mind,approved,False,
RETURN_002148,ORDER_025694,BUYER_02598,SELLER_00377,2025-09-08 04:53:14.734472,changed_mind,approved,False,
RETURN_002149,ORDER_025696,BUYER_02598,SELLER_00269,2025-03-20 05:13:45.780495,defective,approved,False,
RETURN_002150,ORDER_025719,BUYER_02601,SELLER_00206,2025-08-06 21:40:59.060305,wrong_item_received,approved,False,
RETURN_002151,ORDER_025747,BUYER_02605,SELLER_00386,2025-04-06 02:29:56.102843,defective,approved,False,
RETURN_002152,ORDER_025766,BUYER_02606,SELLER_00161,2025-12-21 22:07:30.143383,changed_mind,approved,False,
RETURN_002153,ORDER_025768,BUYER_02607,SELLER_00434,2025-08-28 02:40:47.066821,changed_mind,approved,True,return_abuse
RETURN_002154,ORDER_025778,BUYER_02608,SELLER_00238,2025-10-13 18:01:29.537780,changed_mind,approved,False,
RETURN_002155,ORDER_025791,BUYER_02610,SELLER_00008,2025-11-11 07:05:06.961074,changed_mind,approved,False,
RETURN_002156,ORDER_025796,BUYER_02612,SELLER_00373,2025-10-25 02:18:10.675771,changed_mind,approved,False,
RETURN_002157,ORDER_025808,BUYER_02614,SELLER_00285,2025-11-07 09:55:23.429465,defective,approved,True,return_abuse
RETURN_002158,ORDER_025850,BUYER_02620,SELLER_00069,2025-08-22 09:23:48.344878,wrong_item_received,approved,False,
RETURN_002159,ORDER_025861,BUYER_02620,SELLER_00253,2025-09-26 17:05:38.288733,changed_mind,approved,False,
RETURN_002160,ORDER_025877,BUYER_02622,SELLER_00316,2025-06-25 19:02:54.380911,changed_mind,approved,False,
RETURN_002161,ORDER_025883,BUYER_02622,SELLER_00065,2025-06-16 17:48:34.281780,defective,approved,False,
RETURN_002162,ORDER_025884,BUYER_02622,SELLER_00446,2025-07-15 01:50:35.688566,wrong_item_received,approved,False,
RETURN_002163,ORDER_025886,BUYER_02622,SELLER_00487,2025-08-20 21:20:37.488799,changed_mind,approved,False,
RETURN_002164,ORDER_025890,BUYER_02622,SELLER_00049,2025-09-27 10:19:11.375420,changed_mind,approved,False,
RETURN_002165,ORDER_025895,BUYER_02623,SELLER_00026,2025-12-26 14:48:52.045983,size_issue,approved,False,
RETURN_002166,ORDER_025897,BUYER_02623,SELLER_00459,2025-11-19 19:01:43.087905,changed_mind,approved,False,
RETURN_002167,ORDER_025948,BUYER_02630,SELLER_00179,2025-09-21 06:42:07.619420,defective,approved,False,
RETURN_002168,ORDER_025950,BUYER_02630,SELLER_00462,2025-12-30 00:18:33.438094,defective,approved,False,
RETURN_002169,ORDER_025976,BUYER_02635,SELLER_00408,2025-12-16 14:10:56.818457,size_issue,approved,False,
RETURN_002170,ORDER_025980,BUYER_02635,SELLER_00238,2025-12-24 01:47:44.531298,changed_mind,approved,False,
RETURN_002171,ORDER_025984,BUYER_02636,SELLER_00438,2025-11-28 00:08:37.479469,size_issue,approved,False,
RETURN_002172,ORDER_025999,BUYER_02637,SELLER_00368,2025-12-24 18:51:26.706540,changed_mind,approved,False,
RETURN_002173,ORDER_026055,BUYER_02644,SELLER_00246,2025-12-02 20:27:41.624010,changed_mind,approved,False,
RETURN_002174,ORDER_026058,BUYER_02644,SELLER_00316,2025-10-06 19:23:16.078249,defective,approved,False,
RETURN_002175,ORDER_026067,BUYER_02646,SELLER_00458,2025-08-01 05:34:14.640431,size_issue,approved,False,
RETURN_002176,ORDER_026074,BUYER_02647,SELLER_00190,2025-12-16 11:45:50.484708,changed_mind,approved,False,
RETURN_002177,ORDER_026106,BUYER_02651,SELLER_00152,2025-12-21 02:00:29.174428,size_issue,approved,False,
RETURN_002178,ORDER_026109,BUYER_02651,SELLER_00016,2025-05-29 18:12:58.529127,changed_mind,approved,False,
RETURN_002179,ORDER_026112,BUYER_02652,SELLER_00267,2025-12-25 04:27:03.707735,wrong_item_received,approved,False,
RETURN_002180,ORDER_026150,BUYER_02656,SELLER_00493,2025-09-19 16:30:01.222894,changed_mind,approved,False,
RETURN_002181,ORDER_026158,BUYER_02658,SELLER_00386,2025-07-13 05:40:49.689924,wrong_item_received,approved,False,
RETURN_002182,ORDER_026161,BUYER_02658,SELLER_00289,2025-11-20 02:01:10.528126,changed_mind,approved,False,
RETURN_002183,ORDER_026178,BUYER_02662,SELLER_00167,2025-04-29 18:03:22.610697,changed_mind,approved,False,
RETURN_002184,ORDER_026196,BUYER_02664,SELLER_00173,2025-10-18 07:49:13.600731,defective,approved,False,
RETURN_002185,ORDER_026211,BUYER_02664,SELLER_00384,2025-05-19 11:18:23.455940,changed_mind,approved,False,
RETURN_002186,ORDER_026224,BUYER_02666,SELLER_00426,2025-08-28 20:40:59.155125,defective,approved,False,
RETURN_002187,ORDER_026237,BUYER_02666,SELLER_00109,2025-05-18 07:58:24.405013,defective,approved,False,
RETURN_002188,ORDER_026253,BUYER_02668,SELLER_00355,2025-10-14 04:59:52.904744,size_issue,approved,False,
RETURN_002189,ORDER_026255,BUYER_02668,SELLER_00497,2025-10-04 14:03:47.704769,wrong_item_received,approved,False,
RETURN_002190,ORDER_026256,BUYER_02668,SELLER_00436,2025-10-11 13:13:34.141955,wrong_item_received,approved,False,
RETURN_002191,ORDER_026300,BUYER_02673,SELLER_00087,2025-08-07 19:30:42.342671,wrong_item_received,approved,False,
RETURN_002192,ORDER_026317,BUYER_02674,SELLER_00200,2025-10-10 08:16:48.095509,changed_mind,approved,False,
RETURN_002193,ORDER_026337,BUYER_02677,SELLER_00160,2025-05-27 06:55:11.096830,changed_mind,approved,False,
RETURN_002194,ORDER_026352,BUYER_02678,SELLER_00178,2025-10-13 12:35:29.350970,size_issue,approved,False,
RETURN_002195,ORDER_026371,BUYER_02682,SELLER_00191,2025-12-06 13:47:58.580178,defective,approved,False,
RETURN_002196,ORDER_026380,BUYER_02683,SELLER_00112,2025-07-15 22:23:58.358010,changed_mind,approved,False,
RETURN_002197,ORDER_026384,BUYER_02684,SELLER_00416,2025-10-31 01:18:20.159504,defective,approved,False,
RETURN_002198,ORDER_026385,BUYER_02684,SELLER_00446,2025-10-14 13:55:58.927350,defective,approved,False,
RETURN_002199,ORDER_026387,BUYER_02684,SELLER_00499,2025-11-04 23:45:10.562607,defective,approved,False,
RETURN_002200,ORDER_026389,BUYER_02684,SELLER_00214,2025-08-19 14:23:39.906950,changed_mind,approved,False,
RETURN_002201,ORDER_026433,BUYER_02687,SELLER_00157,2025-11-13 00:43:06.325402,size_issue,approved,False,
RETURN_002202,ORDER_026458,BUYER_02692,SELLER_00193,2025-12-29 02:55:05.666652,changed_mind,approved,False,
RETURN_002203,ORDER_026462,BUYER_02692,SELLER_00390,2025-12-30 00:52:57.806174,changed_mind,approved,False,
RETURN_002204,ORDER_026465,BUYER_02694,SELLER_00225,2025-12-26 12:07:05.251568,changed_mind,approved,False,
RETURN_002205,ORDER_026488,BUYER_02696,SELLER_00097,2025-12-17 12:13:12.392013,defective,approved,False,
RETURN_002206,ORDER_026506,BUYER_02698,SELLER_00232,2025-07-06 03:37:33.563206,defective,approved,False,
RETURN_002207,ORDER_026513,BUYER_02699,SELLER_00454,2025-12-04 17:50:06.357712,defective,approved,False,
RETURN_002208,ORDER_026514,BUYER_02699,SELLER_00246,2025-12-25 13:06:40.386056,changed_mind,approved,False,
RETURN_002209,ORDER_026519,BUYER_02699,SELLER_00465,2025-04-20 16:11:31.829967,changed_mind,approved,False,
RETURN_002210,ORDER_026635,BUYER_02711,SELLER_00324,2025-11-05 17:26:30.931394,changed_mind,approved,False,
RETURN_002211,ORDER_026690,BUYER_02716,SELLER_00352,2025-11-21 01:37:44.369031,changed_mind,approved,False,
RETURN_002212,ORDER_026700,BUYER_02718,SELLER_00233,2025-12-21 02:36:25.008488,changed_mind,approved,False,
RETURN_002213,ORDER_026710,BUYER_02719,SELLER_00332,2025-11-03 07:32:06.267341,defective,approved,False,
RETURN_002214,ORDER_026736,BUYER_02721,SELLER_00007,2025-06-11 08:41:51.772776,changed_mind,approved,False,
RETURN_002215,ORDER_026740,BUYER_02721,SELLER_00061,2025-03-08 16:29:02.014286,changed_mind,approved,False,
RETURN_002216,ORDER_026741,BUYER_02721,SELLER_00123,2025-09-18 06:15:08.220817,changed_mind,approved,False,
RETURN_002217,ORDER_026742,BUYER_02721,SELLER_00016,2025-05-09 03:49:18.671618,wrong_item_received,approved,False,
RETURN_002218,ORDER_026745,BUYER_02721,SELLER_00405,2025-03-02 03:14:13.383873,changed_mind,approved,False,
RETURN_002219,ORDER_026752,BUYER_02721,SELLER_00285,2025-09-21 07:53:09.050136,changed_mind,approved,False,
RETURN_002220,ORDER_026753,BUYER_02721,SELLER_00290,2025-11-06 07:12:09.152698,wrong_item_received,approved,False,
RETURN_002221,ORDER_026758,BUYER_02723,SELLER_00016,2025-12-16 09:16:59.810338,size_issue,approved,False,
RETURN_002222,ORDER_026762,BUYER_02723,SELLER_00491,2025-12-27 03:43:05.676235,changed_mind,approved,False,
RETURN_002223,ORDER_026773,BUYER_02723,SELLER_00079,2025-12-26 19:10:17.795304,size_issue,approved,False,
RETURN_002224,ORDER_026787,BUYER_02725,SELLER_00341,2025-11-13 13:49:16.366352,changed_mind,approved,False,
RETURN_002225,ORDER_026808,BUYER_02728,SELLER_00305,2025-07-18 20:41:06.261644,size_issue,approved,False,
RETURN_002226,ORDER_026843,BUYER_02730,SELLER_00123,2025-08-05 02:54:59.225663,changed_mind,approved,False,
RETURN_002227,ORDER_026854,BUYER_02730,SELLER_00426,2025-09-26 18:51:10.754385,size_issue,approved,False,
RETURN_002228,ORDER_026895,BUYER_02734,SELLER_00481,2025-11-24 13:07:03.786973,changed_mind,approved,False,
RETURN_002229,ORDER_026898,BUYER_02734,SELLER_00386,2025-12-25 18:15:40.044364,size_issue,approved,False,
RETURN_002230,ORDER_026905,BUYER_02734,SELLER_00362,2025-12-23 10:18:12.538083,wrong_item_received,approved,False,
RETURN_002231,ORDER_026910,BUYER_02735,SELLER_00248,2025-11-27 03:35:30.339138,size_issue,approved,False,
RETURN_002232,ORDER_026920,BUYER_02737,SELLER_00158,2025-09-09 04:26:06.680318,size_issue,approved,False,
RETURN_002233,ORDER_026934,BUYER_02738,SELLER_00243,2025-12-07 22:42:11.926362,size_issue,approved,False,
RETURN_002234,ORDER_026956,BUYER_02739,SELLER_00206,2025-11-06 00:25:02.502331,wrong_item_received,approved,False,
RETURN_002235,ORDER_026957,BUYER_02740,SELLER_00405,2025-09-10 06:57:49.634488,defective,approved,False,
RETURN_002236,ORDER_026960,BUYER_02740,SELLER_00244,2025-09-02 11:36:14.995554,changed_mind,approved,False,
RETURN_002237,ORDER_026962,BUYER_02740,SELLER_00058,2025-12-06 03:59:59.725949,defective,approved,False,
RETURN_002238,ORDER_026969,BUYER_02740,SELLER_00317,2025-08-31 12:43:03.857590,defective,approved,False,
RETURN_002239,ORDER_026970,BUYER_02740,SELLER_00146,2025-07-07 10:37:49.231751,changed_mind,approved,False,
RETURN_002240,ORDER_026974,BUYER_02740,SELLER_00446,2025-05-03 21:06:27.611790,changed_mind,approved,False,
RETURN_002241,ORDER_026975,BUYER_02740,SELLER_00172,2025-06-30 09:32:25.547989,defective,approved,False,
RETURN_002242,ORDER_026978,BUYER_02740,SELLER_00179,2025-11-30 08:43:28.553369,size_issue,approved,False,
RETURN_002243,ORDER_027009,BUYER_02745,SELLER_00016,2025-12-04 19:58:48.933158,defective,approved,False,
RETURN_002244,ORDER_027010,BUYER_02745,SELLER_00399,2025-11-24 12:14:16.207009,defective,approved,False,
RETURN_002245,ORDER_027026,BUYER_02749,SELLER_00203,2025-10-01 04:49:34.232425,wrong_item_received,approved,False,
RETURN_002246,ORDER_027045,BUYER_02751,SELLER_00455,2025-07-07 16:27:56.827050,changed_mind,approved,False,
RETURN_002247,ORDER_027052,BUYER_02751,SELLER_00148,2025-05-12 02:09:28.824888,changed_mind,approved,False,
RETURN_002248,ORDER_027057,BUYER_02751,SELLER_00455,2025-09-29 08:01:58.153850,defective,approved,False,
RETURN_002249,ORDER_027061,BUYER_02752,SELLER_00277,2025-12-27 04:48:40.884945,changed_mind,approved,False,
RETURN_002250,ORDER_027063,BUYER_02752,SELLER_00123,2025-12-02 11:17:58.401635,wrong_item_received,approved,False,
RETURN_002251,ORDER_027080,BUYER_02754,SELLER_00155,2025-10-11 04:48:33.951826,changed_mind,approved,False,
RETURN_002252,ORDER_027081,BUYER_02754,SELLER_00460,2025-11-21 19:30:56.118597,wrong_item_received,approved,False,
RETURN_002253,ORDER_027087,BUYER_02754,SELLER_00131,2025-11-23 23:23:48.503946,changed_mind,approved,False,
RETURN_002254,ORDER_027093,BUYER_02755,SELLER_00132,2025-05-30 07:54:40.327263,size_issue,approved,False,
RETURN_002255,ORDER_027101,BUYER_02757,SELLER_00336,2025-05-28 22:04:53.184110,wrong_item_received,approved,False,
RETURN_002256,ORDER_027103,BUYER_02757,SELLER_00139,2025-07-30 14:51:51.607334,size_issue,approved,False,
RETURN_002257,ORDER_027105,BUYER_02757,SELLER_00491,2025-03-09 08:11:56.968124,defective,approved,False,
RETURN_002258,ORDER_027116,BUYER_02759,SELLER_00312,2025-11-25 17:09:18.928088,size_issue,approved,False,
RETURN_002259,ORDER_027127,BUYER_02760,SELLER_00391,2025-05-04 18:09:37.955182,defective,approved,False,
RETURN_002260,ORDER_027132,BUYER_02760,SELLER_00131,2025-06-13 18:40:36.347576,size_issue,approved,False,
RETURN_002261,ORDER_027134,BUYER_02760,SELLER_00123,2025-11-19 20:27:25.854172,size_issue,approved,False,
RETURN_002262,ORDER_027160,BUYER_02763,SELLER_00326,2025-12-13 19:09:45.484217,wrong_item_received,approved,False,
RETURN_002263,ORDER_027162,BUYER_02763,SELLER_00209,2025-08-25 22:57:55.787635,defective,approved,False,
RETURN_002264,ORDER_027165,BUYER_02763,SELLER_00067,2025-09-04 06:39:55.371255,size_issue,approved,False,
RETURN_002265,ORDER_027169,BUYER_02763,SELLER_00376,2025-05-12 10:46:28.293343,wrong_item_received,approved,False,
RETURN_002266,ORDER_027173,BUYER_02763,SELLER_00174,2025-05-16 22:21:39.258797,changed_mind,approved,False,
RETURN_002267,ORDER_027186,BUYER_02763,SELLER_00351,2025-08-14 20:15:59.451119,defective,approved,False,
RETURN_002268,ORDER_027188,BUYER_02763,SELLER_00170,2025-06-28 12:01:09.301746,wrong_item_received,approved,False,
RETURN_002269,ORDER_027194,BUYER_02763,SELLER_00023,2025-12-07 16:20:36.411270,defective,approved,False,
RETURN_002270,ORDER_027195,BUYER_02763,SELLER_00380,2025-10-28 12:28:51.299194,changed_mind,approved,False,
RETURN_002271,ORDER_027204,BUYER_02763,SELLER_00016,2025-05-24 10:18:26.516542,wrong_item_received,approved,False,
RETURN_002272,ORDER_027205,BUYER_02763,SELLER_00376,2025-10-15 09:49:51.609213,defective,approved,False,
RETURN_002273,ORDER_027210,BUYER_02763,SELLER_00105,2025-10-20 11:30:09.722563,changed_mind,approved,False,
RETURN_002274,ORDER_027213,BUYER_02763,SELLER_00316,2025-05-16 16:00:20.576011,changed_mind,approved,False,
RETURN_002275,ORDER_027215,BUYER_02763,SELLER_00188,2025-12-13 05:24:48.538597,changed_mind,approved,False,
RETURN_002276,ORDER_027217,BUYER_02763,SELLER_00175,2025-07-04 20:34:26.792568,changed_mind,approved,False,
RETURN_002277,ORDER_027218,BUYER_02763,SELLER_00232,2025-06-05 07:49:06.151000,wrong_item_received,approved,False,
RETURN_002278,ORDER_027219,BUYER_02763,SELLER_00038,2025-05-22 02:31:27.039031,size_issue,approved,False,
RETURN_002279,ORDER_027225,BUYER_02763,SELLER_00491,2025-06-23 20:49:42.987818,changed_mind,approved,False,
RETURN_002280,ORDER_027241,BUYER_02765,SELLER_00345,2025-12-04 03:20:39.232435,changed_mind,approved,False,
RETURN_002281,ORDER_027243,BUYER_02766,SELLER_00494,2025-06-20 22:21:39.238779,changed_mind,approved,False,
RETURN_002282,ORDER_027263,BUYER_02766,SELLER_00016,2025-09-28 07:57:37.741563,defective,approved,False,
RETURN_002283,ORDER_027276,BUYER_02768,SELLER_00079,2025-06-06 09:57:31.264775,size_issue,approved,False,
RETURN_002284,ORDER_027280,BUYER_02769,SELLER_00442,2025-11-26 08:41:57.455618,size_issue,approved,False,
RETURN_002285,ORDER_027283,BUYER_02769,SELLER_00418,2025-04-05 14:40:15.930113,defective,approved,False,
RETURN_002286,ORDER_027284,BUYER_02769,SELLER_00462,2025-07-11 11:12:49.835764,wrong_item_received,approved,False,
RETURN_002287,ORDER_027288,BUYER_02769,SELLER_00083,2025-09-13 01:19:32.843571,size_issue,approved,False,
RETURN_002288,ORDER_027289,BUYER_02769,SELLER_00456,2025-05-09 03:51:57.992611,changed_mind,approved,False,
RETURN_002289,ORDER_027295,BUYER_02769,SELLER_00427,2025-05-30 00:04:11.862990,changed_mind,approved,False,
RETURN_002290,ORDER_027304,BUYER_02769,SELLER_00100,2025-10-28 00:30:36.666861,size_issue,approved,False,
RETURN_002291,ORDER_027351,BUYER_02771,SELLER_00424,2025-09-18 22:51:20.610080,changed_mind,approved,False,
RETURN_002292,ORDER_027409,BUYER_02773,SELLER_00455,2025-11-16 10:33:05.769493,defective,approved,False,
RETURN_002293,ORDER_027455,BUYER_02776,SELLER_00183,2025-03-29 23:46:52.825523,changed_mind,approved,False,
RETURN_002294,ORDER_027483,BUYER_02778,SELLER_00305,2025-11-29 23:45:34.975348,size_issue,approved,False,
RETURN_002295,ORDER_027527,BUYER_02781,SELLER_00347,2025-09-07 05:05:05.992173,wrong_item_received,approved,False,
RETURN_002296,ORDER_027532,BUYER_02781,SELLER_00406,2025-11-10 00:32:54.771836,changed_mind,approved,False,
RETURN_002297,ORDER_027536,BUYER_02781,SELLER_00347,2025-09-01 23:52:56.232496,wrong_item_received,approved,False,
RETURN_002298,ORDER_027537,BUYER_02781,SELLER_00189,2025-12-17 13:08:17.128459,defective,approved,False,
RETURN_002299,ORDER_027538,BUYER_02781,SELLER_00243,2025-12-29 01:53:27.821597,wrong_item_received,approved,False,
RETURN_002300,ORDER_027540,BUYER_02781,SELLER_00164,2025-09-20 13:03:27.995322,wrong_item_received,approved,False,
RETURN_002301,ORDER_027543,BUYER_02781,SELLER_00213,2025-12-22 23:24:07.090785,changed_mind,approved,False,
RETURN_002302,ORDER_027545,BUYER_02781,SELLER_00286,2025-11-06 09:47:05.071665,size_issue,approved,False,
RETURN_002303,ORDER_027547,BUYER_02781,SELLER_00167,2025-12-15 04:56:42.613095,changed_mind,approved,False,
RETURN_002304,ORDER_027548,BUYER_02781,SELLER_00354,2025-11-04 01:26:48.831671,changed_mind,approved,False,
RETURN_002305,ORDER_027549,BUYER_02781,SELLER_00256,2025-12-26 23:57:04.213022,size_issue,approved,False,
RETURN_002306,ORDER_027563,BUYER_02783,SELLER_00213,2025-11-24 06:14:01.761164,size_issue,approved,False,
RETURN_002307,ORDER_027566,BUYER_02784,SELLER_00028,2025-12-08 15:45:52.550166,size_issue,approved,False,
RETURN_002308,ORDER_027572,BUYER_02784,SELLER_00023,2025-10-05 18:03:34.913223,size_issue,approved,False,
RETURN_002309,ORDER_027586,BUYER_02786,SELLER_00049,2025-10-10 18:13:26.029864,defective,approved,False,
RETURN_002310,ORDER_027609,BUYER_02787,SELLER_00069,2025-07-08 23:35:56.209157,size_issue,approved,False,
RETURN_002311,ORDER_027613,BUYER_02788,SELLER_00097,2025-12-03 15:03:48.142749,changed_mind,approved,False,
RETURN_002312,ORDER_027631,BUYER_02790,SELLER_00290,2025-11-13 12:06:26.656964,defective,approved,False,
RETURN_002313,ORDER_027638,BUYER_02790,SELLER_00003,2025-08-24 03:00:58.684827,defective,approved,False,
RETURN_002314,ORDER_027664,BUYER_02794,SELLER_00028,2025-05-09 02:05:23.857691,changed_mind,approved,False,
RETURN_002315,ORDER_027681,BUYER_02795,SELLER_00052,2025-07-01 14:24:38.448521,defective,approved,False,
RETURN_002316,ORDER_027682,BUYER_02795,SELLER_00499,2025-12-22 21:48:52.496669,changed_mind,approved,False,
RETURN_002317,ORDER_027695,BUYER_02797,SELLER_00292,2025-07-02 01:07:46.150969,defective,approved,False,
RETURN_002318,ORDER_027728,BUYER_02798,SELLER_00237,2025-08-01 17:23:27.003788,wrong_item_received,approved,False,
RETURN_002319,ORDER_027740,BUYER_02800,SELLER_00028,2025-10-21 15:03:43.307931,defective,approved,False,
RETURN_002320,ORDER_027747,BUYER_02801,SELLER_00338,2025-12-17 17:10:17.677706,changed_mind,approved,False,
RETURN_002321,ORDER_027755,BUYER_02802,SELLER_00327,2025-12-01 04:47:34.931094,size_issue,approved,False,
RETURN_002322,ORDER_027756,BUYER_02802,SELLER_00098,2025-12-12 21:01:17.056997,defective,approved,False,
RETURN_002323,ORDER_027791,BUYER_02806,SELLER_00155,2025-11-29 21:54:15.214877,changed_mind,approved,True,return_abuse
RETURN_002324,ORDER_027796,BUYER_02807,SELLER_00347,2025-06-06 10:50:26.103644,wrong_item_received,approved,False,
RETURN_002325,ORDER_027806,BUYER_02809,SELLER_00423,2025-04-07 01:27:52.932425,changed_mind,approved,False,
RETURN_002326,ORDER_027818,BUYER_02810,SELLER_00021,2025-11-07 19:49:18.476402,defective,approved,False,
RETURN_002327,ORDER_027885,BUYER_02818,SELLER_00091,2025-09-05 22:05:02.386724,size_issue,approved,False,
RETURN_002328,ORDER_027898,BUYER_02820,SELLER_00434,2025-05-21 05:09:28.965173,defective,approved,False,
RETURN_002329,ORDER_027905,BUYER_02820,SELLER_00399,2025-04-06 06:56:40.931768,defective,approved,False,
RETURN_002330,ORDER_027921,BUYER_02821,SELLER_00088,2025-12-01 20:44:07.687163,changed_mind,approved,False,
RETURN_002331,ORDER_027954,BUYER_02826,SELLER_00455,2025-11-10 07:53:15.621258,defective,approved,False,
RETURN_002332,ORDER_027957,BUYER_02827,SELLER_00411,2025-09-07 02:22:43.017754,changed_mind,approved,False,
RETURN_002333,ORDER_027979,BUYER_02830,SELLER_00136,2025-12-28 23:21:52.101664,defective,approved,False,
RETURN_002334,ORDER_027996,BUYER_02832,SELLER_00481,2025-11-23 04:14:20.174306,wrong_item_received,approved,False,
RETURN_002335,ORDER_028039,BUYER_02837,SELLER_00166,2025-11-14 01:10:48.229596,defective,approved,False,
RETURN_002336,ORDER_028040,BUYER_02837,SELLER_00438,2025-08-11 13:09:11.162880,size_issue,approved,False,
RETURN_002337,ORDER_028089,BUYER_02844,SELLER_00150,2025-11-23 22:20:09.589837,changed_mind,approved,False,
RETURN_002338,ORDER_028091,BUYER_02844,SELLER_00178,2025-12-25 14:54:35.954248,changed_mind,approved,False,
RETURN_002339,ORDER_028095,BUYER_02844,SELLER_00219,2025-09-24 03:10:54.994670,changed_mind,approved,False,
RETURN_002340,ORDER_028104,BUYER_02845,SELLER_00040,2025-08-28 01:07:09.894876,size_issue,approved,False,
RETURN_002341,ORDER_028138,BUYER_02847,SELLER_00049,2025-10-24 17:16:35.620739,size_issue,approved,False,
RETURN_002342,ORDER_028142,BUYER_02848,SELLER_00468,2025-06-08 00:43:09.379706,wrong_item_received,approved,False,
RETURN_002343,ORDER_028156,BUYER_02850,SELLER_00174,2025-07-31 12:26:55.954954,changed_mind,approved,False,
RETURN_002344,ORDER_028163,BUYER_02851,SELLER_00252,2025-08-29 00:48:03.965818,changed_mind,approved,False,
RETURN_002345,ORDER_028167,BUYER_02852,SELLER_00468,2025-09-17 18:59:06.722666,size_issue,approved,False,
RETURN_002346,ORDER_028176,BUYER_02853,SELLER_00017,2025-11-17 14:58:47.339114,changed_mind,approved,True,return_abuse
RETURN_002347,ORDER_028216,BUYER_02855,SELLER_00100,2025-11-30 17:29:23.350662,changed_mind,approved,False,
RETURN_002348,ORDER_028239,BUYER_02856,SELLER_00290,2025-06-02 00:23:52.540399,defective,approved,False,
RETURN_002349,ORDER_028261,BUYER_02857,SELLER_00093,2025-12-21 23:05:48.902368,defective,approved,False,
RETURN_002350,ORDER_028265,BUYER_02858,SELLER_00492,2025-12-15 15:45:29.154782,wrong_item_received,approved,False,
RETURN_002351,ORDER_028282,BUYER_02859,SELLER_00478,2025-12-17 07:19:19.562454,changed_mind,approved,False,
RETURN_002352,ORDER_028294,BUYER_02860,SELLER_00305,2025-10-25 22:39:10.432029,defective,approved,False,
RETURN_002353,ORDER_028298,BUYER_02860,SELLER_00078,2025-10-21 15:06:25.124931,defective,approved,False,
RETURN_002354,ORDER_028299,BUYER_02860,SELLER_00474,2025-11-28 14:11:15.609386,changed_mind,approved,False,
RETURN_002355,ORDER_028300,BUYER_02860,SELLER_00089,2025-11-10 06:27:34.712711,defective,approved,False,
RETURN_002356,ORDER_028301,BUYER_02861,SELLER_00016,2025-12-27 17:29:17.662908,defective,approved,False,
RETURN_002357,ORDER_028356,BUYER_02865,SELLER_00417,2025-12-26 00:54:07.962220,wrong_item_received,approved,False,
RETURN_002358,ORDER_028358,BUYER_02865,SELLER_00464,2025-11-30 18:16:40.306056,wrong_item_received,approved,False,
RETURN_002359,ORDER_028365,BUYER_02867,SELLER_00399,2025-12-14 14:30:21.866727,size_issue,approved,False,
RETURN_002360,ORDER_028366,BUYER_02867,SELLER_00049,2025-09-14 19:14:51.717381,changed_mind,approved,False,
RETURN_002361,ORDER_028369,BUYER_02867,SELLER_00426,2025-11-14 02:43:40.519353,wrong_item_received,approved,False,
RETURN_002362,ORDER_028371,BUYER_02867,SELLER_00413,2025-09-07 09:08:37.636147,defective,approved,False,
RETURN_002363,ORDER_028388,BUYER_02870,SELLER_00465,2025-10-21 12:41:08.303133,defective,approved,False,
RETURN_002364,ORDER_028390,BUYER_02871,SELLER_00177,2025-11-07 12:46:59.771378,changed_mind,approved,False,
RETURN_002365,ORDER_028410,BUYER_02875,SELLER_00280,2025-07-09 07:05:21.739440,wrong_item_received,approved,False,
RETURN_002366,ORDER_028428,BUYER_02875,SELLER_00297,2025-06-28 19:21:26.240891,size_issue,approved,False,
RETURN_002367,ORDER_028443,BUYER_02875,SELLER_00069,2025-08-08 03:20:49.797625,defective,approved,False,
RETURN_002368,ORDER_028453,BUYER_02878,SELLER_00026,2025-09-05 10:37:17.117020,changed_mind,approved,False,
RETURN_002369,ORDER_028471,BUYER_02880,SELLER_00346,2025-11-22 11:24:26.443052,changed_mind,approved,False,
RETURN_002370,ORDER_028474,BUYER_02881,SELLER_00073,2025-11-08 19:58:16.751411,defective,approved,False,
RETURN_002371,ORDER_028492,BUYER_02883,SELLER_00111,2025-07-31 22:32:01.843960,defective,approved,False,
RETURN_002372,ORDER_028506,BUYER_02886,SELLER_00474,2025-11-06 23:17:25.520040,wrong_item_received,approved,False,
RETURN_002373,ORDER_028509,BUYER_02887,SELLER_00424,2025-11-04 13:21:52.053865,wrong_item_received,approved,False,
RETURN_002374,ORDER_028541,BUYER_02891,SELLER_00281,2025-10-21 01:59:00.284102,wrong_item_received,approved,False,
RETURN_002375,ORDER_028557,BUYER_02893,SELLER_00168,2025-10-14 22:56:02.969752,size_issue,approved,False,
RETURN_002376,ORDER_028566,BUYER_02894,SELLER_00320,2025-12-22 10:57:15.677713,size_issue,approved,False,
RETURN_002377,ORDER_028581,BUYER_02895,SELLER_00167,2025-11-17 09:47:24.679071,changed_mind,approved,False,
RETURN_002378,ORDER_028585,BUYER_02896,SELLER_00112,2025-09-02 16:00:21.284105,defective,approved,False,
RETURN_002379,ORDER_028587,BUYER_02896,SELLER_00100,2025-03-19 03:50:18.440993,changed_mind,approved,False,
RETURN_002380,ORDER_028588,BUYER_02896,SELLER_00161,2025-05-02 18:39:32.908973,wrong_item_received,approved,False,
RETURN_002381,ORDER_028610,BUYER_02897,SELLER_00066,2025-12-24 01:10:44.328229,size_issue,approved,False,
RETURN_002382,ORDER_028629,BUYER_02900,SELLER_00019,2025-07-24 03:42:15.352458,wrong_item_received,approved,False,
RETURN_002383,ORDER_028631,BUYER_02901,SELLER_00328,2025-08-01 17:48:13.240151,size_issue,approved,False,
RETURN_002384,ORDER_028670,BUYER_02903,SELLER_00366,2025-10-05 17:43:58.648276,changed_mind,approved,False,
RETURN_002385,ORDER_028674,BUYER_02904,SELLER_00122,2025-12-21 21:57:16.328306,defective,approved,False,
RETURN_002386,ORDER_028679,BUYER_02904,SELLER_00399,2025-10-12 06:37:40.832861,wrong_item_received,approved,False,
RETURN_002387,ORDER_028681,BUYER_02904,SELLER_00305,2025-11-18 05:55:59.113658,changed_mind,approved,False,
RETURN_002388,ORDER_028682,BUYER_02904,SELLER_00482,2025-11-04 00:39:08.745240,changed_mind,approved,False,
RETURN_002389,ORDER_028689,BUYER_02904,SELLER_00468,2025-12-11 08:10:38.584848,changed_mind,approved,False,
RETURN_002390,ORDER_028696,BUYER_02904,SELLER_00455,2025-09-25 19:09:20.266866,size_issue,approved,False,
RETURN_002391,ORDER_028697,BUYER_02904,SELLER_00016,2025-09-16 23:28:54.437515,changed_mind,approved,False,
RETURN_002392,ORDER_028702,BUYER_02905,SELLER_00380,2025-07-21 11:45:51.888020,size_issue,approved,False,
RETURN_002393,ORDER_028717,BUYER_02907,SELLER_00072,2025-10-21 18:41:48.171618,defective,approved,False,
RETURN_002394,ORDER_028741,BUYER_02909,SELLER_00227,2025-09-25 08:48:17.295236,changed_mind,approved,False,
RETURN_002395,ORDER_028758,BUYER_02912,SELLER_00430,2025-12-26 11:57:53.593929,defective,approved,False,
RETURN_002396,ORDER_028760,BUYER_02912,SELLER_00408,2025-12-23 05:21:18.508174,size_issue,approved,False,
RETURN_002397,ORDER_028781,BUYER_02915,SELLER_00460,2025-12-24 23:02:38.275616,wrong_item_received,approved,False,
RETURN_002398,ORDER_028782,BUYER_02915,SELLER_00399,2025-12-20 07:35:28.134782,changed_mind,approved,False,
RETURN_002399,ORDER_028784,BUYER_02915,SELLER_00478,2025-12-24 03:15:53.971033,wrong_item_received,approved,False,
RETURN_002400,ORDER_028801,BUYER_02916,SELLER_00463,2025-09-23 22:50:06.857027,changed_mind,approved,False,
RETURN_002401,ORDER_028803,BUYER_02916,SELLER_00075,2025-08-23 01:57:42.693756,defective,approved,False,
RETURN_002402,ORDER_028823,BUYER_02917,SELLER_00016,2025-06-18 06:00:09.518432,defective,approved,False,
RETURN_002403,ORDER_028824,BUYER_02917,SELLER_00212,2025-06-10 17:34:53.071931,size_issue,approved,False,
RETURN_002404,ORDER_028827,BUYER_02918,SELLER_00302,2025-09-11 06:30:19.829371,defective,approved,False,
RETURN_002405,ORDER_028833,BUYER_02918,SELLER_00470,2025-06-30 22:33:42.871664,size_issue,approved,False,
RETURN_002406,ORDER_028888,BUYER_02920,SELLER_00228,2025-06-06 12:07:48.069565,size_issue,approved,False,
RETURN_002407,ORDER_028896,BUYER_02923,SELLER_00242,2025-11-20 18:08:22.965079,wrong_item_received,approved,False,
RETURN_002408,ORDER_028898,BUYER_02923,SELLER_00325,2025-12-26 20:20:59.055311,wrong_item_received,approved,False,
RETURN_002409,ORDER_028899,BUYER_02923,SELLER_00367,2025-10-06 02:46:28.938047,defective,approved,False,
RETURN_002410,ORDER_028904,BUYER_02923,SELLER_00212,2025-12-14 13:18:35.974274,changed_mind,approved,False,
RETURN_002411,ORDER_028908,BUYER_02923,SELLER_00123,2025-10-16 04:41:22.392018,wrong_item_received,approved,False,
RETURN_002412,ORDER_028918,BUYER_02923,SELLER_00251,2025-11-17 08:03:12.785591,wrong_item_received,approved,False,
RETURN_002413,ORDER_028919,BUYER_02923,SELLER_00016,2025-11-28 02:14:36.218833,changed_mind,approved,False,
RETURN_002414,ORDER_028920,BUYER_02923,SELLER_00062,2025-11-05 09:57:51.057328,size_issue,approved,False,
RETURN_002415,ORDER_028924,BUYER_02923,SELLER_00187,2025-11-19 08:28:59.048332,size_issue,approved,False,
RETURN_002416,ORDER_028941,BUYER_02925,SELLER_00420,2025-11-14 18:25:22.673665,changed_mind,approved,False,
RETURN_002417,ORDER_028942,BUYER_02925,SELLER_00323,2025-11-26 18:18:31.586565,wrong_item_received,approved,False,
RETURN_002418,ORDER_028948,BUYER_02926,SELLER_00472,2025-11-16 22:17:27.260966,size_issue,approved,False,
RETURN_002419,ORDER_028956,BUYER_02927,SELLER_00233,2025-04-04 00:23:53.995419,defective,approved,False,
RETURN_002420,ORDER_028961,BUYER_02928,SELLER_00376,2025-12-10 21:51:50.316791,wrong_item_received,approved,False,
RETURN_002421,ORDER_028964,BUYER_02929,SELLER_00243,2025-11-12 20:15:06.811296,defective,approved,False,
RETURN_002422,ORDER_028965,BUYER_02929,SELLER_00092,2025-10-02 01:58:41.095737,wrong_item_received,approved,False,
RETURN_002423,ORDER_028997,BUYER_02933,SELLER_00123,2025-03-13 16:56:46.959877,defective,approved,False,
RETURN_002424,ORDER_029005,BUYER_02934,SELLER_00320,2025-09-12 09:58:12.786081,changed_mind,approved,False,
RETURN_002425,ORDER_029016,BUYER_02934,SELLER_00405,2025-07-06 03:43:46.724368,changed_mind,approved,False,
RETURN_002426,ORDER_029028,BUYER_02934,SELLER_00404,2025-07-19 09:50:01.339569,wrong_item_received,approved,False,
RETURN_002427,ORDER_029051,BUYER_02936,SELLER_00039,2025-12-24 10:02:41.699829,wrong_item_received,approved,False,
RETURN_002428,ORDER_029059,BUYER_02936,SELLER_00049,2025-12-23 16:16:47.875902,defective,approved,False,
RETURN_002429,ORDER_029066,BUYER_02937,SELLER_00313,2025-06-20 02:36:41.110066,defective,approved,False,
RETURN_002430,ORDER_029068,BUYER_02937,SELLER_00324,2025-11-24 14:53:23.100333,defective,approved,False,
RETURN_002431,ORDER_029069,BUYER_02937,SELLER_00455,2025-03-08 08:17:58.079787,defective,approved,False,
RETURN_002432,ORDER_029102,BUYER_02939,SELLER_00024,2025-11-02 23:11:54.182968,size_issue,approved,True,return_abuse
RETURN_002433,ORDER_029121,BUYER_02942,SELLER_00108,2025-07-22 20:16:20.614963,changed_mind,approved,False,
RETURN_002434,ORDER_029136,BUYER_02943,SELLER_00123,2025-09-16 18:38:49.587326,wrong_item_received,approved,False,
RETURN_002435,ORDER_029138,BUYER_02944,SELLER_00052,2025-02-12 23:55:02.684602,size_issue,approved,False,
RETURN_002436,ORDER_029158,BUYER_02946,SELLER_00237,2025-10-06 09:28:26.235421,size_issue,approved,False,
RETURN_002437,ORDER_029165,BUYER_02946,SELLER_00493,2025-05-10 19:08:38.915123,changed_mind,approved,False,
RETURN_002438,ORDER_029186,BUYER_02946,SELLER_00148,2025-05-26 18:30:42.494418,changed_mind,approved,False,
RETURN_002439,ORDER_029198,BUYER_02946,SELLER_00453,2025-06-20 09:23:13.560155,defective,approved,False,
RETURN_002440,ORDER_029230,BUYER_02950,SELLER_00313,2025-12-13 17:45:17.514089,defective,approved,False,
RETURN_002441,ORDER_029241,BUYER_02952,SELLER_00355,2025-10-10 20:13:18.640467,changed_mind,approved,False,
RETURN_002442,ORDER_029244,BUYER_02952,SELLER_00056,2025-05-27 20:52:55.920755,defective,approved,False,
RETURN_002443,ORDER_029251,BUYER_02952,SELLER_00317,2025-08-17 11:33:28.844490,size_issue,approved,False,
RETURN_002444,ORDER_029256,BUYER_02952,SELLER_00259,2025-04-26 22:58:17.414980,defective,approved,False,
RETURN_002445,ORDER_029257,BUYER_02952,SELLER_00051,2025-12-03 10:03:15.171982,changed_mind,approved,False,
RETURN_002446,ORDER_029258,BUYER_02952,SELLER_00077,2025-09-18 01:19:16.088101,wrong_item_received,approved,False,
RETURN_002447,ORDER_029298,BUYER_02956,SELLER_00164,2025-12-01 00:37:09.255001,wrong_item_received,approved,False,
RETURN_002448,ORDER_029299,BUYER_02956,SELLER_00225,2025-11-16 16:17:53.583815,defective,approved,False,
RETURN_002449,ORDER_029308,BUYER_02957,SELLER_00065,2025-11-17 14:42:50.095553,changed_mind,approved,False,
RETURN_002450,ORDER_029315,BUYER_02958,SELLER_00146,2025-11-29 02:14:40.665209,size_issue,approved,False,
RETURN_002451,ORDER_029321,BUYER_02958,SELLER_00172,2025-12-12 05:00:24.264963,wrong_item_received,approved,False,
RETURN_002452,ORDER_029367,BUYER_02960,SELLER_00368,2025-08-27 18:00:25.065344,size_issue,approved,False,
RETURN_002453,ORDER_029368,BUYER_02961,SELLER_00038,2025-12-15 10:04:40.405769,defective,approved,False,
RETURN_002454,ORDER_029412,BUYER_02963,SELLER_00392,2025-08-07 07:23:59.693622,changed_mind,approved,False,
RETURN_002455,ORDER_029415,BUYER_02963,SELLER_00191,2025-08-24 01:15:57.053249,size_issue,approved,False,
RETURN_002456,ORDER_029421,BUYER_02965,SELLER_00494,2025-07-17 20:28:13.003176,defective,approved,False,
RETURN_002457,ORDER_029428,BUYER_02965,SELLER_00111,2025-12-29 07:27:17.500410,defective,approved,True,return_abuse
RETURN_002458,ORDER_029430,BUYER_02966,SELLER_00097,2025-08-16 06:13:02.195154,defective,approved,True,return_abuse
RETURN_002459,ORDER_029485,BUYER_02972,SELLER_00441,2025-12-02 14:28:59.178342,size_issue,approved,False,
RETURN_002460,ORDER_029486,BUYER_02972,SELLER_00008,2025-11-10 08:29:00.693894,size_issue,approved,False,
RETURN_002461,ORDER_029487,BUYER_02972,SELLER_00393,2025-12-04 16:10:00.470781,wrong_item_received,approved,False,
RETURN_002462,ORDER_029488,BUYER_02972,SELLER_00067,2025-11-20 23:45:12.812590,size_issue,approved,False,
RETURN_002463,ORDER_029491,BUYER_02972,SELLER_00143,2025-11-08 18:07:10.500324,wrong_item_received,approved,False,
RETURN_002464,ORDER_029513,BUYER_02973,SELLER_00172,2025-12-30 03:17:24.924910,wrong_item_received,approved,False,
RETURN_002465,ORDER_029530,BUYER_02976,SELLER_00153,2025-02-27 16:14:24.219742,wrong_item_received,approved,False,
RETURN_002466,ORDER_029531,BUYER_02976,SELLER_00164,2025-05-31 23:39:00.578957,wrong_item_received,approved,False,
RETURN_002467,ORDER_029538,BUYER_02978,SELLER_00277,2025-10-17 11:53:13.600960,wrong_item_received,approved,False,
RETURN_002468,ORDER_029543,BUYER_02979,SELLER_00455,2025-12-17 05:30:43.548981,changed_mind,approved,False,
RETURN_002469,ORDER_029545,BUYER_02979,SELLER_00390,2025-07-05 15:47:12.906373,changed_mind,approved,False,
RETURN_002470,ORDER_029561,BUYER_02979,SELLER_00455,2025-07-17 04:52:59.011955,defective,approved,False,
RETURN_002471,ORDER_029565,BUYER_02979,SELLER_00148,2025-10-02 22:12:57.588149,wrong_item_received,approved,False,
RETURN_002472,ORDER_029575,BUYER_02980,SELLER_00123,2025-09-22 14:21:50.373846,defective,approved,False,
RETURN_002473,ORDER_029621,BUYER_02985,SELLER_00395,2025-12-21 14:40:32.213742,defective,approved,False,
RETURN_002474,ORDER_029627,BUYER_02986,SELLER_00356,2025-10-27 09:37:10.987804,wrong_item_received,approved,False,
RETURN_002475,ORDER_029630,BUYER_02986,SELLER_00387,2025-10-05 06:23:38.428842,defective,approved,False,
RETURN_002476,ORDER_029636,BUYER_02987,SELLER_00214,2025-04-10 11:24:25.780788,size_issue,approved,False,
RETURN_002477,ORDER_029644,BUYER_02988,SELLER_00062,2025-12-02 00:34:07.208556,defective,approved,False,
RETURN_002478,ORDER_029647,BUYER_02988,SELLER_00499,2025-08-20 01:57:50.756031,size_issue,approved,False,
RETURN_002479,ORDER_029652,BUYER_02989,SELLER_00438,2025-05-21 11:29:00.538292,changed_mind,approved,False,
RETURN_002480,ORDER_029658,BUYER_02991,SELLER_00283,2025-12-10 05:00:23.163296,changed_mind,approved,False,
RETURN_002481,ORDER_029668,BUYER_02991,SELLER_00297,2025-09-13 01:07:39.070122,size_issue,approved,False,
RETURN_002482,ORDER_029732,BUYER_02998,SELLER_00424,2025-10-10 00:34:23.282703,changed_mind,approved,False,
RETURN_002483,ORDER_029735,BUYER_02998,SELLER_00024,2025-12-29 14:40:52.487530,wrong_item_received,approved,False,
RETURN_002484,ORDER_029737,BUYER_02998,SELLER_00167,2025-11-17 15:04:11.316553,defective,approved,False,
RETURN_002485,ORDER_029738,BUYER_02998,SELLER_00017,2025-04-20 14:07:40.048984,defective,approved,False,
RETURN_002486,ORDER_029741,BUYER_02999,SELLER_00360,2025-11-30 19:41:51.195070,wrong_item_received,approved,False,
RETURN_002487,ORDER_029919,BUYER_03018,SELLER_00180,2025-12-07 14:03:49.548088,size_issue,approved,False,
RETURN_002488,ORDER_029977,BUYER_03022,SELLER_00051,2025-06-02 10:52:20.045578,wrong_item_received,approved,False,
RETURN_002489,ORDER_029981,BUYER_03022,SELLER_00123,2025-07-06 13:57:36.669374,changed_mind,approved,False,
RETURN_002490,ORDER_029985,BUYER_03022,SELLER_00383,2025-08-28 14:38:29.776463,size_issue,approved,False,
RETURN_002491,ORDER_030005,BUYER_03024,SELLER_00316,2025-05-26 18:59:38.472922,size_issue,approved,False,
RETURN_002492,ORDER_030024,BUYER_03027,SELLER_00434,2025-10-03 10:06:06.358437,size_issue,approved,False,
RETURN_002493,ORDER_030027,BUYER_03027,SELLER_00237,2025-10-02 16:45:29.152098,changed_mind,approved,False,
RETURN_002494,ORDER_030069,BUYER_03031,SELLER_00298,2025-08-27 13:26:24.443671,size_issue,approved,False,
RETURN_002495,ORDER_030080,BUYER_03033,SELLER_00313,2025-07-23 10:54:23.943083,wrong_item_received,approved,False,
RETURN_002496,ORDER_030084,BUYER_03034,SELLER_00169,2025-09-04 21:20:51.423149,wrong_item_received,approved,False,
RETURN_002497,ORDER_030087,BUYER_03035,SELLER_00052,2025-09-04 10:24:59.696741,size_issue,approved,False,
RETURN_002498,ORDER_030103,BUYER_03035,SELLER_00195,2025-12-17 00:57:16.666717,changed_mind,approved,False,
RETURN_002499,ORDER_030133,BUYER_03037,SELLER_00399,2025-08-03 01:35:31.716155,changed_mind,approved,False,
RETURN_002500,ORDER_030137,BUYER_03038,SELLER_00079,2025-12-29 16:42:14.904665,size_issue,approved,False,
RETURN_002501,ORDER_030141,BUYER_03038,SELLER_00054,2025-12-06 17:43:25.205364,changed_mind,approved,False,
RETURN_002502,ORDER_030142,BUYER_03038,SELLER_00026,2025-09-26 15:46:22.375474,changed_mind,approved,False,
RETURN_002503,ORDER_030182,BUYER_03044,SELLER_00052,2025-04-22 12:24:25.079934,changed_mind,approved,False,
RETURN_002504,ORDER_030184,BUYER_03044,SELLER_00392,2025-12-19 22:55:46.766627,changed_mind,approved,False,
RETURN_002505,ORDER_030188,BUYER_03044,SELLER_00155,2025-09-17 00:37:35.008653,defective,approved,False,
RETURN_002506,ORDER_030191,BUYER_03044,SELLER_00366,2025-06-10 12:51:41.849191,wrong_item_received,approved,False,
RETURN_002507,ORDER_030201,BUYER_03044,SELLER_00089,2025-04-02 18:29:27.154629,size_issue,approved,False,
RETURN_002508,ORDER_030279,BUYER_03051,SELLER_00040,2025-09-13 09:21:17.875725,wrong_item_received,approved,False,
RETURN_002509,ORDER_030281,BUYER_03051,SELLER_00103,2025-05-09 20:09:16.769804,wrong_item_received,approved,False,
RETURN_002510,ORDER_030292,BUYER_03053,SELLER_00154,2025-09-27 14:00:49.380590,defective,approved,False,
RETURN_002511,ORDER_030353,BUYER_03059,SELLER_00009,2025-07-10 09:36:00.325046,changed_mind,approved,False,
RETURN_002512,ORDER_030359,BUYER_03060,SELLER_00073,2025-10-25 15:27:07.034649,defective,approved,False,
RETURN_002513,ORDER_030365,BUYER_03060,SELLER_00494,2025-09-14 07:37:34.764480,changed_mind,approved,False,
RETURN_002514,ORDER_030366,BUYER_03060,SELLER_00113,2025-10-01 20:23:11.810465,changed_mind,approved,False,
RETURN_002515,ORDER_030370,BUYER_03060,SELLER_00472,2025-09-07 16:58:00.831999,changed_mind,approved,False,
RETURN_002516,ORDER_030375,BUYER_03060,SELLER_00206,2025-09-17 12:51:13.331230,changed_mind,approved,False,
RETURN_002517,ORDER_030376,BUYER_03060,SELLER_00182,2025-12-10 23:38:51.747129,changed_mind,approved,False,
RETURN_002518,ORDER_030410,BUYER_03063,SELLER_00155,2025-08-09 11:00:20.111792,wrong_item_received,approved,False,
RETURN_002519,ORDER_030434,BUYER_03066,SELLER_00466,2025-10-30 04:56:57.222825,defective,approved,False,
RETURN_002520,ORDER_030435,BUYER_03066,SELLER_00148,2025-10-10 17:38:31.967425,wrong_item_received,approved,False,
RETURN_002521,ORDER_030451,BUYER_03067,SELLER_00299,2025-12-16 16:54:31.414038,wrong_item_received,approved,False,
RETURN_002522,ORDER_030452,BUYER_03067,SELLER_00026,2025-11-27 23:19:24.762802,changed_mind,approved,False,
RETURN_002523,ORDER_030456,BUYER_03069,SELLER_00079,2025-07-08 15:46:01.579125,defective,approved,False,
RETURN_002524,ORDER_030458,BUYER_03069,SELLER_00175,2025-07-12 19:12:38.033341,changed_mind,approved,False,
RETURN_002525,ORDER_030506,BUYER_03073,SELLER_00341,2025-12-15 10:36:38.280927,defective,approved,False,
RETURN_002526,ORDER_030507,BUYER_03073,SELLER_00143,2025-11-05 04:03:26.243302,defective,approved,False,
RETURN_002527,ORDER_030526,BUYER_03075,SELLER_00211,2025-12-28 17:44:02.073960,defective,approved,False,
RETURN_002528,ORDER_030530,BUYER_03075,SELLER_00069,2025-12-07 07:41:08.066676,changed_mind,approved,False,
RETURN_002529,ORDER_030532,BUYER_03075,SELLER_00314,2025-12-28 05:24:11.782923,changed_mind,approved,False,
RETURN_002530,ORDER_030545,BUYER_03077,SELLER_00399,2025-08-12 03:43:22.354066,changed_mind,approved,False,
RETURN_002531,ORDER_030547,BUYER_03077,SELLER_00331,2025-10-03 05:11:03.102916,defective,approved,False,
RETURN_002532,ORDER_030556,BUYER_03079,SELLER_00170,2025-11-20 21:32:25.847362,size_issue,approved,False,
RETURN_002533,ORDER_030561,BUYER_03079,SELLER_00363,2025-11-27 20:35:11.289568,changed_mind,approved,False,
RETURN_002534,ORDER_030562,BUYER_03079,SELLER_00178,2025-12-15 13:38:09.683433,defective,approved,False,
RETURN_002535,ORDER_030563,BUYER_03079,SELLER_00024,2025-12-07 20:45:22.407293,changed_mind,approved,False,
RETURN_002536,ORDER_030584,BUYER_03081,SELLER_00157,2025-05-16 04:41:11.170248,defective,approved,False,
RETURN_002537,ORDER_030592,BUYER_03082,SELLER_00472,2025-11-29 14:52:08.187428,changed_mind,approved,False,
RETURN_002538,ORDER_030610,BUYER_03086,SELLER_00452,2025-05-08 16:07:46.324784,changed_mind,approved,False,
RETURN_002539,ORDER_030611,BUYER_03086,SELLER_00259,2025-09-03 22:25:57.933734,changed_mind,approved,False,
RETURN_002540,ORDER_030676,BUYER_03089,SELLER_00290,2025-12-17 08:21:39.157249,changed_mind,approved,False,
RETURN_002541,ORDER_030681,BUYER_03089,SELLER_00472,2025-12-01 04:38:51.177849,changed_mind,approved,False,
RETURN_002542,ORDER_030684,BUYER_03089,SELLER_00212,2025-06-26 00:39:33.937106,changed_mind,approved,False,
RETURN_002543,ORDER_030685,BUYER_03089,SELLER_00452,2025-11-20 00:55:20.162088,changed_mind,approved,False,
RETURN_002544,ORDER_030724,BUYER_03091,SELLER_00229,2025-12-01 07:25:17.139309,wrong_item_received,approved,False,
RETURN_002545,ORDER_030735,BUYER_03091,SELLER_00348,2025-12-18 14:53:30.872455,wrong_item_received,approved,False,
RETURN_002546,ORDER_030741,BUYER_03091,SELLER_00304,2025-12-14 00:24:19.251471,changed_mind,approved,False,
RETURN_002547,ORDER_030769,BUYER_03094,SELLER_00341,2025-10-01 06:32:14.434805,size_issue,approved,False,
RETURN_002548,ORDER_030784,BUYER_03094,SELLER_00123,2025-08-07 15:55:16.120946,changed_mind,approved,False,
RETURN_002549,ORDER_030836,BUYER_03097,SELLER_00313,2025-11-17 22:19:26.801261,defective,approved,False,
RETURN_002550,ORDER_030837,BUYER_03097,SELLER_00493,2025-03-20 14:34:28.666855,changed_mind,approved,False,
RETURN_002551,ORDER_030846,BUYER_03098,SELLER_00352,2025-12-22 15:46:38.870327,defective,approved,False,
RETURN_002552,ORDER_030902,BUYER_03103,SELLER_00454,2025-02-23 19:49:35.199763,size_issue,approved,False,
RETURN_002553,ORDER_030924,BUYER_03105,SELLER_00400,2025-11-20 00:29:51.286452,changed_mind,approved,False,
RETURN_002554,ORDER_030964,BUYER_03109,SELLER_00252,2025-12-12 19:56:47.797168,size_issue,approved,False,
RETURN_002555,ORDER_030975,BUYER_03111,SELLER_00269,2025-06-23 04:50:27.960997,changed_mind,approved,False,
RETURN_002556,ORDER_030982,BUYER_03111,SELLER_00459,2025-08-17 06:44:00.147471,changed_mind,approved,False,
RETURN_002557,ORDER_030998,BUYER_03113,SELLER_00210,2025-11-01 05:38:57.106276,size_issue,approved,False,
RETURN_002558,ORDER_031000,BUYER_03113,SELLER_00174,2025-10-24 05:01:10.409641,defective,approved,False,
RETURN_002559,ORDER_031001,BUYER_03113,SELLER_00220,2025-12-27 07:02:14.468590,changed_mind,approved,False,
RETURN_002560,ORDER_031007,BUYER_03113,SELLER_00188,2025-10-04 13:37:04.419971,size_issue,approved,False,
RETURN_002561,ORDER_031008,BUYER_03113,SELLER_00232,2025-09-27 12:45:28.318019,size_issue,approved,False,
RETURN_002562,ORDER_031011,BUYER_03113,SELLER_00407,2025-07-14 17:38:05.289268,changed_mind,approved,False,
RETURN_002563,ORDER_031012,BUYER_03113,SELLER_00488,2025-09-09 13:39:51.779711,defective,approved,False,
RETURN_002564,ORDER_031026,BUYER_03113,SELLER_00089,2025-09-26 04:18:53.061283,changed_mind,approved,False,
RETURN_002565,ORDER_031042,BUYER_03114,SELLER_00317,2025-07-15 06:03:40.733579,changed_mind,approved,False,
RETURN_002566,ORDER_031057,BUYER_03116,SELLER_00046,2025-12-29 23:16:13.395295,wrong_item_received,approved,False,
RETURN_002567,ORDER_031099,BUYER_03118,SELLER_00289,2025-12-07 00:40:53.206904,defective,approved,False,
RETURN_002568,ORDER_031105,BUYER_03119,SELLER_00177,2025-10-21 02:42:30.411067,defective,approved,False,
RETURN_002569,ORDER_031141,BUYER_03124,SELLER_00253,2025-02-21 11:22:13.281341,defective,approved,False,
RETURN_002570,ORDER_031149,BUYER_03126,SELLER_00416,2025-10-18 04:52:51.800557,defective,approved,False,
RETURN_002571,ORDER_031152,BUYER_03126,SELLER_00465,2025-08-01 13:07:15.964810,defective,approved,False,
RETURN_002572,ORDER_031159,BUYER_03126,SELLER_00368,2025-12-05 19:14:36.913724,changed_mind,approved,False,
RETURN_002573,ORDER_031161,BUYER_03126,SELLER_00058,2025-10-09 17:56:05.599207,size_issue,approved,False,
RETURN_002574,ORDER_031167,BUYER_03126,SELLER_00157,2025-08-25 03:29:58.905988,size_issue,approved,False,
RETURN_002575,ORDER_031174,BUYER_03126,SELLER_00359,2025-11-28 19:54:57.852352,changed_mind,approved,False,
RETURN_002576,ORDER_031175,BUYER_03126,SELLER_00026,2025-10-12 01:48:57.950462,wrong_item_received,approved,False,
RETURN_002577,ORDER_031176,BUYER_03126,SELLER_00143,2025-08-17 04:22:06.709829,size_issue,approved,False,
RETURN_002578,ORDER_031177,BUYER_03126,SELLER_00152,2025-09-11 10:49:08.744579,changed_mind,approved,False,
RETURN_002579,ORDER_031180,BUYER_03126,SELLER_00100,2025-09-12 16:22:47.247788,size_issue,approved,False,
RETURN_002580,ORDER_031202,BUYER_03129,SELLER_00036,2025-10-17 09:44:26.153085,size_issue,approved,False,
RETURN_002581,ORDER_031203,BUYER_03129,SELLER_00243,2025-07-18 08:36:51.670499,size_issue,approved,False,
RETURN_002582,ORDER_031222,BUYER_03130,SELLER_00091,2025-11-06 06:40:07.726370,defective,approved,False,
RETURN_002583,ORDER_031232,BUYER_03131,SELLER_00200,2025-08-25 18:16:40.932749,size_issue,approved,False,
RETURN_002584,ORDER_031243,BUYER_03131,SELLER_00109,2025-10-15 09:33:53.323631,size_issue,approved,False,
RETURN_002585,ORDER_031250,BUYER_03132,SELLER_00330,2025-11-18 02:28:50.241959,defective,approved,False,
RETURN_002586,ORDER_031251,BUYER_03133,SELLER_00408,2025-05-06 09:58:26.594886,changed_mind,approved,False,
RETURN_002587,ORDER_031254,BUYER_03133,SELLER_00134,2025-11-10 11:02:17.386713,defective,approved,False,
RETURN_002588,ORDER_031258,BUYER_03133,SELLER_00246,2025-08-20 17:17:04.471885,changed_mind,approved,False,
RETURN_002589,ORDER_031268,BUYER_03134,SELLER_00477,2025-07-30 16:40:44.872293,size_issue,approved,False,
RETURN_002590,ORDER_031270,BUYER_03134,SELLER_00472,2025-10-08 12:20:27.623902,changed_mind,approved,False,
RETURN_002591,ORDER_031271,BUYER_03134,SELLER_00218,2025-07-23 07:40:17.669595,changed_mind,approved,False,
RETURN_002592,ORDER_031272,BUYER_03134,SELLER_00325,2025-09-17 10:16:05.527957,size_issue,approved,False,
RETURN_002593,ORDER_031273,BUYER_03134,SELLER_00227,2025-06-03 20:32:02.075751,defective,approved,False,
RETURN_002594,ORDER_031280,BUYER_03134,SELLER_00458,2025-05-11 11:11:36.040011,changed_mind,approved,False,
RETURN_002595,ORDER_031296,BUYER_03136,SELLER_00490,2025-11-09 22:06:36.869115,defective,approved,False,
RETURN_002596,ORDER_031307,BUYER_03138,SELLER_00152,2025-09-29 06:15:25.204418,size_issue,approved,False,
RETURN_002597,ORDER_031308,BUYER_03138,SELLER_00092,2025-09-08 21:48:58.508838,defective,approved,False,
RETURN_002598,ORDER_031317,BUYER_03138,SELLER_00354,2025-09-16 14:42:05.541033,changed_mind,approved,False,
RETURN_002599,ORDER_031334,BUYER_03140,SELLER_00157,2025-08-20 20:44:07.954486,defective,approved,False,
RETURN_002600,ORDER_031366,BUYER_03145,SELLER_00143,2025-08-06 02:20:53.524107,wrong_item_received,approved,False,
RETURN_002601,ORDER_031469,BUYER_03157,SELLER_00078,2025-10-05 22:41:57.457447,defective,approved,False,
RETURN_002602,ORDER_031474,BUYER_03158,SELLER_00128,2025-11-11 23:59:25.171047,size_issue,approved,False,
RETURN_002603,ORDER_031478,BUYER_03158,SELLER_00459,2025-06-22 15:22:46.082418,changed_mind,approved,False,
RETURN_002604,ORDER_031500,BUYER_03162,SELLER_00016,2025-09-02 23:23:07.955826,size_issue,approved,False,
RETURN_002605,ORDER_031502,BUYER_03162,SELLER_00288,2025-08-13 20:45:21.216403,wrong_item_received,approved,False,
RETURN_002606,ORDER_031505,BUYER_03162,SELLER_00418,2025-07-08 16:48:04.171858,size_issue,approved,False,
RETURN_002607,ORDER_031506,BUYER_03162,SELLER_00218,2025-09-30 02:19:26.624461,defective,approved,False,
RETURN_002608,ORDER_031513,BUYER_03163,SELLER_00487,2025-10-09 08:49:44.767220,wrong_item_received,approved,False,
RETURN_002609,ORDER_031558,BUYER_03170,SELLER_00429,2025-11-22 06:28:47.663106,wrong_item_received,approved,False,
RETURN_002610,ORDER_031561,BUYER_03171,SELLER_00417,2025-08-19 10:00:40.239047,defective,approved,False,
RETURN_002611,ORDER_031574,BUYER_03171,SELLER_00009,2025-06-20 15:20:22.910905,changed_mind,approved,False,
RETURN_002612,ORDER_031592,BUYER_03173,SELLER_00216,2025-12-30 10:54:51.583281,defective,approved,False,
RETURN_002613,ORDER_031603,BUYER_03175,SELLER_00420,2025-05-05 01:02:20.214288,changed_mind,approved,False,
RETURN_002614,ORDER_031606,BUYER_03175,SELLER_00123,2025-09-26 15:08:17.662990,defective,approved,False,
RETURN_002615,ORDER_031614,BUYER_03176,SELLER_00112,2025-09-19 18:25:22.631581,changed_mind,approved,False,
RETURN_002616,ORDER_031623,BUYER_03178,SELLER_00206,2025-11-04 20:30:33.920693,defective,approved,False,
RETURN_002617,ORDER_031657,BUYER_03182,SELLER_00430,2025-11-23 08:22:01.293269,wrong_item_received,approved,False,
RETURN_002618,ORDER_031666,BUYER_03183,SELLER_00233,2025-12-20 00:29:14.290223,defective,approved,False,
RETURN_002619,ORDER_031710,BUYER_03187,SELLER_00417,2025-11-15 12:54:09.775361,changed_mind,approved,False,
RETURN_002620,ORDER_031712,BUYER_03188,SELLER_00123,2025-12-30 11:31:07.129623,changed_mind,approved,False,
RETURN_002621,ORDER_031713,BUYER_03188,SELLER_00128,2025-12-23 02:10:23.141831,size_issue,approved,False,
RETURN_002622,ORDER_031721,BUYER_03189,SELLER_00155,2025-07-20 17:32:20.366140,wrong_item_received,approved,False,
RETURN_002623,ORDER_031731,BUYER_03190,SELLER_00231,2025-12-21 09:57:17.144496,changed_mind,approved,False,
RETURN_002624,ORDER_031756,BUYER_03192,SELLER_00119,2025-12-28 04:57:21.244680,size_issue,approved,False,
RETURN_002625,ORDER_031763,BUYER_03193,SELLER_00155,2025-07-03 05:31:52.549826,changed_mind,approved,False,
RETURN_002626,ORDER_031776,BUYER_03193,SELLER_00435,2025-12-24 05:54:33.565992,changed_mind,approved,False,
RETURN_002627,ORDER_031780,BUYER_03193,SELLER_00316,2025-10-30 00:22:11.361812,wrong_item_received,approved,False,
RETURN_002628,ORDER_031789,BUYER_03193,SELLER_00289,2025-12-23 01:35:50.717801,size_issue,approved,False,
RETURN_002629,ORDER_031829,BUYER_03194,SELLER_00316,2025-10-01 02:28:06.383096,size_issue,approved,False,
RETURN_002630,ORDER_031839,BUYER_03195,SELLER_00277,2025-12-12 06:58:42.013828,defective,approved,False,
RETURN_002631,ORDER_031856,BUYER_03196,SELLER_00225,2025-06-21 14:30:02.880642,changed_mind,approved,False,
RETURN_002632,ORDER_031862,BUYER_03196,SELLER_00358,2025-09-23 15:20:07.755172,wrong_item_received,approved,False,
RETURN_002633,ORDER_031872,BUYER_03197,SELLER_00308,2025-11-15 05:27:24.683657,defective,approved,False,
RETURN_002634,ORDER_031873,BUYER_03197,SELLER_00054,2025-11-13 19:46:55.093863,defective,approved,False,
RETURN_002635,ORDER_031875,BUYER_03197,SELLER_00189,2025-12-14 04:33:55.433585,wrong_item_received,approved,False,
RETURN_002636,ORDER_031878,BUYER_03198,SELLER_00366,2025-09-21 15:32:32.861261,changed_mind,approved,False,
RETURN_002637,ORDER_031922,BUYER_03204,SELLER_00020,2025-12-10 08:54:58.856236,defective,approved,False,
RETURN_002638,ORDER_031925,BUYER_03204,SELLER_00211,2025-12-26 04:58:54.594868,changed_mind,approved,False,
RETURN_002639,ORDER_031941,BUYER_03207,SELLER_00468,2025-08-28 07:00:11.586281,wrong_item_received,approved,False,
RETURN_002640,ORDER_031945,BUYER_03207,SELLER_00376,2025-08-29 14:47:30.182868,changed_mind,approved,False,
RETURN_002641,ORDER_031966,BUYER_03210,SELLER_00393,2025-04-17 02:19:20.310604,changed_mind,approved,False,
RETURN_002642,ORDER_031970,BUYER_03210,SELLER_00143,2025-04-05 00:11:17.130846,size_issue,approved,False,
RETURN_002643,ORDER_032036,BUYER_03219,SELLER_00326,2025-11-24 22:05:36.267290,defective,approved,False,
RETURN_002644,ORDER_032102,BUYER_03221,SELLER_00435,2025-04-23 18:21:15.226092,size_issue,approved,False,
RETURN_002645,ORDER_032112,BUYER_03221,SELLER_00460,2025-03-08 04:09:20.666425,wrong_item_received,approved,False,
RETURN_002646,ORDER_032113,BUYER_03221,SELLER_00488,2025-03-17 11:44:31.488634,changed_mind,approved,False,
RETURN_002647,ORDER_032126,BUYER_03223,SELLER_00153,2025-05-21 23:43:43.554172,changed_mind,approved,False,
RETURN_002648,ORDER_032155,BUYER_03227,SELLER_00211,2025-12-25 20:15:52.853995,size_issue,approved,False,
RETURN_002649,ORDER_032194,BUYER_03228,SELLER_00198,2025-05-07 18:04:02.802904,defective,approved,False,
RETURN_002650,ORDER_032201,BUYER_03228,SELLER_00290,2025-11-24 09:12:12.501962,changed_mind,approved,False,
RETURN_002651,ORDER_032205,BUYER_03228,SELLER_00002,2025-05-13 16:15:23.158270,changed_mind,approved,False,
RETURN_002652,ORDER_032214,BUYER_03228,SELLER_00313,2025-09-04 16:39:38.164221,wrong_item_received,approved,False,
RETURN_002653,ORDER_032242,BUYER_03229,SELLER_00356,2025-10-14 02:29:21.830332,changed_mind,approved,False,
RETURN_002654,ORDER_032278,BUYER_03233,SELLER_00026,2025-04-12 21:52:33.375063,defective,approved,False,
RETURN_002655,ORDER_032284,BUYER_03233,SELLER_00024,2025-09-28 02:38:49.169221,changed_mind,approved,False,
RETURN_002656,ORDER_032294,BUYER_03234,SELLER_00096,2025-08-05 19:54:35.912537,defective,approved,False,
RETURN_002657,ORDER_032308,BUYER_03235,SELLER_00491,2025-11-27 17:47:55.713427,size_issue,approved,False,
RETURN_002658,ORDER_032319,BUYER_03235,SELLER_00072,2025-12-24 06:03:20.144517,changed_mind,approved,False,
RETURN_002659,ORDER_032332,BUYER_03236,SELLER_00375,2025-10-28 10:59:45.174795,changed_mind,approved,False,
RETURN_002660,ORDER_032334,BUYER_03236,SELLER_00281,2025-11-25 07:59:16.585114,size_issue,approved,False,
RETURN_002661,ORDER_032337,BUYER_03236,SELLER_00276,2025-12-11 19:36:59.584184,changed_mind,approved,False,
RETURN_002662,ORDER_032356,BUYER_03239,SELLER_00399,2025-12-19 14:08:17.031018,size_issue,approved,False,
RETURN_002663,ORDER_032360,BUYER_03239,SELLER_00460,2025-12-25 13:15:54.243709,defective,approved,False,
RETURN_002664,ORDER_032381,BUYER_03241,SELLER_00499,2025-09-23 11:09:35.378677,wrong_item_received,approved,False,
RETURN_002665,ORDER_032383,BUYER_03241,SELLER_00438,2025-10-04 07:39:01.493954,defective,approved,False,
RETURN_002666,ORDER_032384,BUYER_03241,SELLER_00462,2025-12-28 08:09:56.469643,size_issue,approved,False,
RETURN_002667,ORDER_032386,BUYER_03241,SELLER_00016,2025-10-03 19:52:22.608595,changed_mind,approved,False,
RETURN_002668,ORDER_032387,BUYER_03241,SELLER_00423,2025-12-19 10:35:30.175235,changed_mind,approved,False,
RETURN_002669,ORDER_032389,BUYER_03241,SELLER_00178,2025-10-19 09:10:39.573823,size_issue,approved,False,
RETURN_002670,ORDER_032402,BUYER_03243,SELLER_00185,2025-09-28 08:57:44.499506,defective,approved,False,
RETURN_002671,ORDER_032417,BUYER_03244,SELLER_00246,2025-12-28 13:00:35.237425,defective,approved,False,
RETURN_002672,ORDER_032426,BUYER_03245,SELLER_00287,2025-10-12 01:08:52.560824,defective,approved,False,
RETURN_002673,ORDER_032430,BUYER_03245,SELLER_00313,2025-07-15 21:15:30.625443,changed_mind,approved,False,
RETURN_002674,ORDER_032436,BUYER_03245,SELLER_00462,2025-07-03 15:38:27.814102,size_issue,approved,False,
RETURN_002675,ORDER_032437,BUYER_03245,SELLER_00290,2025-04-21 20:47:46.877278,size_issue,approved,False,
RETURN_002676,ORDER_032442,BUYER_03245,SELLER_00233,2025-07-21 10:26:38.078234,defective,approved,False,
RETURN_002677,ORDER_032448,BUYER_03245,SELLER_00087,2025-07-13 14:32:21.964862,defective,approved,False,
RETURN_002678,ORDER_032455,BUYER_03245,SELLER_00431,2025-10-29 00:38:15.176248,defective,approved,False,
RETURN_002679,ORDER_032457,BUYER_03245,SELLER_00092,2025-04-18 04:00:20.014472,changed_mind,approved,False,
RETURN_002680,ORDER_032464,BUYER_03245,SELLER_00307,2025-11-21 08:52:19.716951,changed_mind,approved,False,
RETURN_002681,ORDER_032471,BUYER_03246,SELLER_00167,2025-09-19 07:28:17.601057,defective,approved,False,
RETURN_002682,ORDER_032476,BUYER_03247,SELLER_00413,2025-06-09 11:29:37.868339,size_issue,approved,False,
RETURN_002683,ORDER_032492,BUYER_03248,SELLER_00141,2025-04-15 11:57:14.482145,defective,approved,False,
RETURN_002684,ORDER_032494,BUYER_03248,SELLER_00241,2025-09-19 00:50:32.289269,defective,approved,False,
RETURN_002685,ORDER_032506,BUYER_03249,SELLER_00035,2025-07-22 21:13:08.799149,changed_mind,approved,False,
RETURN_002686,ORDER_032546,BUYER_03253,SELLER_00347,2025-09-17 01:26:15.773877,defective,approved,False,
RETURN_002687,ORDER_032555,BUYER_03254,SELLER_00341,2025-06-24 22:20:33.314959,size_issue,approved,False,
RETURN_002688,ORDER_032556,BUYER_03254,SELLER_00256,2025-08-17 12:23:09.335659,defective,approved,False,
RETURN_002689,ORDER_032561,BUYER_03254,SELLER_00424,2025-04-26 13:29:00.103768,changed_mind,approved,False,
RETURN_002690,ORDER_032578,BUYER_03256,SELLER_00150,2025-10-09 01:57:19.822249,wrong_item_received,approved,False,
RETURN_002691,ORDER_032621,BUYER_03259,SELLER_00068,2025-10-10 15:05:45.023229,changed_mind,approved,False,
RETURN_002692,ORDER_032662,BUYER_03264,SELLER_00335,2025-06-02 03:07:43.832504,size_issue,approved,False,
RETURN_002693,ORDER_032663,BUYER_03264,SELLER_00057,2025-10-20 13:15:50.137905,defective,approved,False,
RETURN_002694,ORDER_032664,BUYER_03264,SELLER_00166,2025-12-07 13:51:55.763321,defective,approved,False,
RETURN_002695,ORDER_032667,BUYER_03264,SELLER_00152,2025-09-02 17:55:58.195310,defective,approved,False,
RETURN_002696,ORDER_032670,BUYER_03264,SELLER_00221,2025-06-03 17:57:35.328189,changed_mind,approved,False,
RETURN_002697,ORDER_032671,BUYER_03264,SELLER_00069,2025-09-14 04:24:39.702669,defective,approved,False,
RETURN_002698,ORDER_032677,BUYER_03265,SELLER_00016,2025-12-16 20:14:30.611241,size_issue,approved,False,
RETURN_002699,ORDER_032679,BUYER_03266,SELLER_00387,2025-03-15 10:25:33.378416,wrong_item_received,approved,False,
RETURN_002700,ORDER_032682,BUYER_03266,SELLER_00314,2025-06-23 19:05:18.416376,changed_mind,approved,False,
RETURN_002701,ORDER_032685,BUYER_03266,SELLER_00178,2025-06-30 15:09:46.502618,changed_mind,approved,False,
RETURN_002702,ORDER_032714,BUYER_03271,SELLER_00374,2025-08-28 18:09:53.189749,defective,approved,False,
RETURN_002703,ORDER_032745,BUYER_03272,SELLER_00200,2025-03-15 21:52:20.236445,defective,approved,False,
RETURN_002704,ORDER_032747,BUYER_03272,SELLER_00175,2025-05-30 19:13:51.327701,wrong_item_received,approved,False,
RETURN_002705,ORDER_032748,BUYER_03272,SELLER_00191,2025-02-15 14:29:01.832170,size_issue,approved,False,
RETURN_002706,ORDER_032756,BUYER_03274,SELLER_00413,2025-12-07 23:30:29.690101,changed_mind,approved,False,
RETURN_002707,ORDER_032794,BUYER_03278,SELLER_00352,2025-11-10 05:42:19.907482,changed_mind,approved,False,
RETURN_002708,ORDER_032854,BUYER_03286,SELLER_00019,2025-06-27 22:59:09.952976,changed_mind,approved,False,
RETURN_002709,ORDER_032885,BUYER_03289,SELLER_00210,2025-05-29 09:02:09.788534,changed_mind,approved,False,
RETURN_002710,ORDER_032887,BUYER_03289,SELLER_00183,2025-11-02 08:35:19.476910,changed_mind,approved,False,
RETURN_002711,ORDER_032907,BUYER_03290,SELLER_00383,2025-08-24 01:07:56.787904,size_issue,approved,False,
RETURN_002712,ORDER_032927,BUYER_03293,SELLER_00181,2025-12-26 14:24:55.830102,changed_mind,approved,False,
RETURN_002713,ORDER_032933,BUYER_03294,SELLER_00069,2025-07-15 01:15:23.250763,changed_mind,approved,False,
RETURN_002714,ORDER_032958,BUYER_03297,SELLER_00112,2025-10-17 07:35:55.924465,changed_mind,approved,False,
RETURN_002715,ORDER_032959,BUYER_03297,SELLER_00275,2025-12-16 04:07:06.491858,defective,approved,False,
RETURN_002716,ORDER_032963,BUYER_03297,SELLER_00322,2025-11-07 12:04:12.611787,changed_mind,approved,False,
RETURN_002717,ORDER_032965,BUYER_03297,SELLER_00227,2025-10-31 20:18:42.539098,defective,approved,False,
RETURN_002718,ORDER_032972,BUYER_03298,SELLER_00092,2025-08-19 11:06:58.228279,wrong_item_received,approved,False,
RETURN_002719,ORDER_032978,BUYER_03300,SELLER_00352,2025-11-24 11:41:29.817300,wrong_item_received,approved,False,
RETURN_002720,ORDER_032982,BUYER_03300,SELLER_00332,2025-12-06 21:30:27.499468,defective,approved,False,
RETURN_002721,ORDER_032987,BUYER_03301,SELLER_00026,2025-11-28 22:36:18.233897,changed_mind,approved,False,
RETURN_002722,ORDER_032998,BUYER_03301,SELLER_00099,2025-09-21 09:22:09.674038,size_issue,approved,False,
RETURN_002723,ORDER_033004,BUYER_03302,SELLER_00455,2025-10-30 14:07:25.705836,changed_mind,approved,False,
RETURN_002724,ORDER_033013,BUYER_03303,SELLER_00358,2025-08-27 22:33:43.449161,size_issue,approved,False,
RETURN_002725,ORDER_033017,BUYER_03303,SELLER_00092,2025-05-14 10:39:59.090831,wrong_item_received,approved,False,
RETURN_002726,ORDER_033018,BUYER_03303,SELLER_00480,2025-11-19 07:53:45.120474,changed_mind,approved,False,
RETURN_002727,ORDER_033027,BUYER_03304,SELLER_00101,2025-09-07 09:09:31.300745,changed_mind,approved,False,
RETURN_002728,ORDER_033035,BUYER_03305,SELLER_00087,2025-10-29 22:08:59.719586,size_issue,approved,False,
RETURN_002729,ORDER_033038,BUYER_03306,SELLER_00192,2025-05-19 04:12:00.500732,changed_mind,approved,False,
RETURN_002730,ORDER_033042,BUYER_03306,SELLER_00424,2025-07-07 21:38:41.772052,size_issue,approved,False,
RETURN_002731,ORDER_033048,BUYER_03307,SELLER_00475,2025-09-27 06:42:41.013994,changed_mind,approved,False,
RETURN_002732,ORDER_033067,BUYER_03309,SELLER_00164,2025-05-21 06:40:52.736147,changed_mind,approved,False,
RETURN_002733,ORDER_033070,BUYER_03309,SELLER_00214,2025-07-27 13:42:34.588669,changed_mind,approved,False,
RETURN_002734,ORDER_033093,BUYER_03313,SELLER_00009,2025-08-28 20:52:32.903984,defective,approved,False,
RETURN_002735,ORDER_033096,BUYER_03314,SELLER_00224,2025-06-13 10:12:14.049875,changed_mind,approved,False,
RETURN_002736,ORDER_033104,BUYER_03316,SELLER_00473,2025-12-27 21:56:56.860631,size_issue,approved,False,
RETURN_002737,ORDER_033105,BUYER_03316,SELLER_00338,2025-05-06 06:15:02.954082,changed_mind,approved,False,
RETURN_002738,ORDER_033128,BUYER_03316,SELLER_00313,2025-12-26 12:17:12.608965,wrong_item_received,approved,False,
RETURN_002739,ORDER_033132,BUYER_03316,SELLER_00483,2025-10-21 08:44:19.775816,changed_mind,approved,False,
RETURN_002740,ORDER_033162,BUYER_03317,SELLER_00244,2025-12-22 23:05:16.331453,defective,approved,False,
RETURN_002741,ORDER_033163,BUYER_03317,SELLER_00495,2025-11-26 17:56:23.579164,changed_mind,approved,False,
RETURN_002742,ORDER_033172,BUYER_03319,SELLER_00129,2025-06-23 11:01:10.806723,changed_mind,approved,False,
RETURN_002743,ORDER_033176,BUYER_03319,SELLER_00123,2025-07-02 23:02:37.678482,size_issue,approved,False,
RETURN_002744,ORDER_033194,BUYER_03322,SELLER_00024,2025-11-02 21:16:11.522660,size_issue,approved,False,
RETURN_002745,ORDER_033195,BUYER_03323,SELLER_00444,2025-04-30 09:13:40.858927,wrong_item_received,approved,False,
RETURN_002746,ORDER_033197,BUYER_03323,SELLER_00088,2025-11-24 20:04:30.323410,defective,approved,True,return_abuse
RETURN_002747,ORDER_033215,BUYER_03324,SELLER_00080,2025-10-12 20:18:02.152574,size_issue,approved,False,
RETURN_002748,ORDER_033235,BUYER_03325,SELLER_00183,2025-09-03 01:49:57.919644,wrong_item_received,approved,False,
RETURN_002749,ORDER_033254,BUYER_03329,SELLER_00188,2025-08-11 22:51:05.545238,defective,approved,False,
RETURN_002750,ORDER_033256,BUYER_03330,SELLER_00376,2025-07-19 02:44:52.618516,defective,approved,False,
RETURN_002751,ORDER_033275,BUYER_03333,SELLER_00309,2025-05-16 05:06:45.365338,changed_mind,approved,False,
RETURN_002752,ORDER_033290,BUYER_03335,SELLER_00164,2025-04-26 22:52:11.272772,size_issue,approved,False,
RETURN_002753,ORDER_033305,BUYER_03337,SELLER_00155,2025-09-25 23:32:05.950701,changed_mind,approved,False,
RETURN_002754,ORDER_033329,BUYER_03339,SELLER_00108,2025-11-16 16:01:59.109825,changed_mind,approved,False,
RETURN_002755,ORDER_033336,BUYER_03340,SELLER_00435,2025-05-30 12:32:13.981581,changed_mind,approved,False,
RETURN_002756,ORDER_033337,BUYER_03340,SELLER_00493,2025-05-07 12:12:27.990760,changed_mind,approved,False,
RETURN_002757,ORDER_033354,BUYER_03344,SELLER_00416,2025-12-14 09:50:25.840694,changed_mind,approved,False,
RETURN_002758,ORDER_033393,BUYER_03347,SELLER_00135,2025-07-21 21:50:01.689636,changed_mind,approved,False,
RETURN_002759,ORDER_033395,BUYER_03347,SELLER_00266,2025-12-23 11:05:07.431938,size_issue,approved,False,
RETURN_002760,ORDER_033422,BUYER_03353,SELLER_00424,2025-10-19 15:56:19.481337,defective,approved,False,
RETURN_002761,ORDER_033424,BUYER_03353,SELLER_00164,2025-10-06 23:50:25.614761,defective,approved,False,
RETURN_002762,ORDER_033427,BUYER_03353,SELLER_00040,2025-07-29 15:51:33.037129,changed_mind,approved,False,
RETURN_002763,ORDER_033430,BUYER_03355,SELLER_00399,2025-07-19 15:40:39.051390,size_issue,approved,False,
RETURN_002764,ORDER_033436,BUYER_03355,SELLER_00320,2025-06-27 01:45:31.181881,wrong_item_received,approved,False,
RETURN_002765,ORDER_033440,BUYER_03355,SELLER_00016,2025-08-22 03:33:31.545752,changed_mind,approved,False,
RETURN_002766,ORDER_033445,BUYER_03355,SELLER_00153,2025-11-08 18:46:35.066106,wrong_item_received,approved,False,
RETURN_002767,ORDER_033460,BUYER_03356,SELLER_00391,2025-11-02 02:57:35.112701,changed_mind,approved,False,
RETURN_002768,ORDER_033464,BUYER_03356,SELLER_00455,2025-04-20 16:28:52.654256,size_issue,approved,False,
RETURN_002769,ORDER_033481,BUYER_03357,SELLER_00258,2025-12-18 19:37:56.660289,defective,approved,False,
RETURN_002770,ORDER_033484,BUYER_03357,SELLER_00374,2025-12-30 01:45:22.707519,defective,approved,False,
RETURN_002771,ORDER_033506,BUYER_03359,SELLER_00275,2025-12-01 10:17:44.742258,changed_mind,approved,False,
RETURN_002772,ORDER_033549,BUYER_03363,SELLER_00292,2025-12-14 00:03:50.434096,defective,approved,False,
RETURN_002773,ORDER_033573,BUYER_03365,SELLER_00069,2025-12-07 21:09:55.834687,changed_mind,approved,False,
RETURN_002774,ORDER_033576,BUYER_03366,SELLER_00390,2025-05-17 19:04:37.434815,defective,approved,False,
RETURN_002775,ORDER_033577,BUYER_03366,SELLER_00289,2025-06-28 06:52:59.996348,changed_mind,approved,False,
RETURN_002776,ORDER_033578,BUYER_03366,SELLER_00009,2025-07-22 03:23:48.502355,size_issue,approved,False,
RETURN_002777,ORDER_033581,BUYER_03366,SELLER_00024,2025-04-07 15:45:14.419771,changed_mind,approved,False,
RETURN_002778,ORDER_033587,BUYER_03366,SELLER_00142,2025-11-05 17:51:00.141323,defective,approved,False,
RETURN_002779,ORDER_033594,BUYER_03366,SELLER_00113,2025-10-24 00:14:37.778200,defective,approved,False,
RETURN_002780,ORDER_033603,BUYER_03368,SELLER_00386,2025-03-16 23:30:47.561837,defective,approved,False,
RETURN_002781,ORDER_033615,BUYER_03371,SELLER_00012,2025-08-31 23:14:44.716540,size_issue,approved,False,
RETURN_002782,ORDER_033618,BUYER_03371,SELLER_00434,2025-11-02 06:44:07.862264,size_issue,approved,False,
RETURN_002783,ORDER_033624,BUYER_03371,SELLER_00016,2025-10-10 07:31:46.818385,defective,approved,False,
RETURN_002784,ORDER_033634,BUYER_03373,SELLER_00335,2025-05-11 13:33:52.140916,wrong_item_received,approved,False,
RETURN_002785,ORDER_033635,BUYER_03373,SELLER_00003,2025-08-19 03:09:23.749936,changed_mind,approved,False,
RETURN_002786,ORDER_033637,BUYER_03373,SELLER_00210,2025-03-17 21:07:14.460711,wrong_item_received,approved,False,
RETURN_002787,ORDER_033641,BUYER_03373,SELLER_00341,2025-02-19 22:31:23.899385,defective,approved,False,
RETURN_002788,ORDER_033646,BUYER_03373,SELLER_00401,2025-04-05 16:00:43.695303,wrong_item_received,approved,False,
RETURN_002789,ORDER_033647,BUYER_03373,SELLER_00286,2025-09-06 07:43:47.158082,changed_mind,approved,False,
RETURN_002790,ORDER_033649,BUYER_03373,SELLER_00290,2025-05-01 10:55:15.444650,changed_mind,approved,False,
RETURN_002791,ORDER_033658,BUYER_03375,SELLER_00163,2025-12-26 07:40:28.817328,changed_mind,approved,False,
RETURN_002792,ORDER_033664,BUYER_03375,SELLER_00491,2025-12-26 22:48:41.343042,changed_mind,approved,False,
RETURN_002793,ORDER_033677,BUYER_03375,SELLER_00233,2025-12-21 00:01:00.000000,changed_mind,approved,False,
RETURN_002794,ORDER_033685,BUYER_03376,SELLER_00032,2025-07-20 06:24:03.712852,wrong_item_received,approved,False,
RETURN_002795,ORDER_033718,BUYER_03380,SELLER_00106,2025-08-24 00:16:18.830572,changed_mind,approved,False,
RETURN_002796,ORDER_033732,BUYER_03380,SELLER_00019,2025-12-29 03:31:54.841594,wrong_item_received,approved,False,
RETURN_002797,ORDER_033735,BUYER_03381,SELLER_00296,2025-10-02 20:39:22.534078,changed_mind,approved,False,
RETURN_002798,ORDER_033783,BUYER_03387,SELLER_00189,2025-08-11 10:08:49.769257,defective,approved,False,
RETURN_002799,ORDER_033801,BUYER_03389,SELLER_00320,2025-12-03 15:10:30.935859,defective,approved,False,
RETURN_002800,ORDER_033813,BUYER_03391,SELLER_00040,2025-12-18 15:12:19.521450,changed_mind,approved,False,
RETURN_002801,ORDER_033821,BUYER_03392,SELLER_00351,2025-12-12 08:03:59.965918,wrong_item_received,approved,False,
RETURN_002802,ORDER_033837,BUYER_03395,SELLER_00355,2025-12-09 07:34:14.657479,defective,approved,False,
RETURN_002803,ORDER_033840,BUYER_03395,SELLER_00291,2025-11-08 08:26:19.938631,defective,approved,False,
RETURN_002804,ORDER_033852,BUYER_03396,SELLER_00178,2025-07-22 06:01:51.344367,size_issue,approved,False,
RETURN_002805,ORDER_033873,BUYER_03397,SELLER_00498,2025-11-15 19:08:36.238610,defective,approved,False,
RETURN_002806,ORDER_033876,BUYER_03397,SELLER_00438,2025-12-19 11:38:13.839674,changed_mind,approved,False,
RETURN_002807,ORDER_033878,BUYER_03397,SELLER_00267,2025-11-29 09:22:11.578597,defective,approved,False,
RETURN_002808,ORDER_033892,BUYER_03397,SELLER_00177,2025-12-02 19:41:58.811582,size_issue,approved,False,
RETURN_002809,ORDER_033944,BUYER_03401,SELLER_00388,2025-12-16 18:09:53.201303,changed_mind,approved,False,
RETURN_002810,ORDER_033959,BUYER_03402,SELLER_00185,2025-11-07 19:13:54.845416,size_issue,approved,False,
RETURN_002811,ORDER_033984,BUYER_03404,SELLER_00172,2025-12-15 19:26:20.897497,size_issue,approved,False,
RETURN_002812,ORDER_033985,BUYER_03404,SELLER_00368,2025-09-06 23:22:47.735832,changed_mind,approved,False,
RETURN_002813,ORDER_033987,BUYER_03404,SELLER_00047,2025-10-04 22:02:34.490885,defective,approved,False,
RETURN_002814,ORDER_033988,BUYER_03404,SELLER_00466,2025-10-19 22:23:56.086913,size_issue,approved,False,
RETURN_002815,ORDER_033990,BUYER_03404,SELLER_00140,2025-09-23 10:16:11.889704,defective,approved,False,
RETURN_002816,ORDER_033991,BUYER_03404,SELLER_00092,2025-09-23 05:13:01.610653,changed_mind,approved,False,
RETURN_002817,ORDER_034004,BUYER_03405,SELLER_00436,2025-10-18 11:35:15.017745,changed_mind,approved,False,
RETURN_002818,ORDER_034009,BUYER_03405,SELLER_00285,2025-12-28 05:21:47.801054,defective,approved,False,
RETURN_002819,ORDER_034023,BUYER_03407,SELLER_00178,2025-04-01 21:51:11.078163,wrong_item_received,approved,False,
RETURN_002820,ORDER_034044,BUYER_03410,SELLER_00019,2025-11-02 06:59:46.741879,changed_mind,approved,False,
RETURN_002821,ORDER_034063,BUYER_03412,SELLER_00482,2025-09-20 09:48:24.060393,changed_mind,approved,False,
RETURN_002822,ORDER_034068,BUYER_03413,SELLER_00123,2025-09-24 00:47:41.904158,size_issue,approved,False,
RETURN_002823,ORDER_034093,BUYER_03417,SELLER_00263,2025-11-28 10:59:32.393177,changed_mind,approved,False,
RETURN_002824,ORDER_034098,BUYER_03417,SELLER_00267,2025-12-19 13:06:46.135900,defective,approved,False,
RETURN_002825,ORDER_034150,BUYER_03424,SELLER_00099,2025-10-31 01:54:37.238584,changed_mind,approved,False,
RETURN_002826,ORDER_034159,BUYER_03425,SELLER_00084,2025-09-22 09:33:15.891037,size_issue,approved,False,
RETURN_002827,ORDER_034160,BUYER_03425,SELLER_00494,2025-10-19 16:23:37.957817,changed_mind,approved,False,
RETURN_002828,ORDER_034178,BUYER_03426,SELLER_00475,2025-12-21 12:34:28.937152,defective,approved,False,
RETURN_002829,ORDER_034185,BUYER_03427,SELLER_00099,2025-07-18 02:11:20.044771,changed_mind,approved,False,
RETURN_002830,ORDER_034193,BUYER_03428,SELLER_00152,2025-11-30 23:42:36.540459,size_issue,approved,False,
RETURN_002831,ORDER_034194,BUYER_03428,SELLER_00451,2025-11-29 05:24:02.213591,defective,approved,False,
RETURN_002832,ORDER_034246,BUYER_03432,SELLER_00137,2025-09-14 19:04:02.759399,changed_mind,approved,False,
RETURN_002833,ORDER_034252,BUYER_03432,SELLER_00328,2025-11-22 22:02:09.330331,wrong_item_received,approved,False,
RETURN_002834,ORDER_034256,BUYER_03432,SELLER_00058,2025-12-09 12:33:52.799412,defective,approved,False,
RETURN_002835,ORDER_034258,BUYER_03432,SELLER_00347,2025-12-13 08:24:29.527783,changed_mind,approved,False,
RETURN_002836,ORDER_034265,BUYER_03433,SELLER_00340,2025-09-15 10:53:27.951219,size_issue,approved,False,
RETURN_002837,ORDER_034268,BUYER_03433,SELLER_00113,2025-12-17 17:25:54.856568,defective,approved,False,
RETURN_002838,ORDER_034281,BUYER_03434,SELLER_00473,2025-07-24 15:53:39.129039,defective,approved,False,
RETURN_002839,ORDER_034287,BUYER_03435,SELLER_00083,2025-10-29 03:31:40.619481,size_issue,approved,False,
RETURN_002840,ORDER_034298,BUYER_03436,SELLER_00258,2025-12-21 04:12:23.590221,defective,approved,False,
RETURN_002841,ORDER_034300,BUYER_03436,SELLER_00099,2025-12-28 16:47:58.176202,defective,approved,True,return_abuse
RETURN_002842,ORDER_034301,BUYER_03436,SELLER_00468,2025-10-22 18:26:11.940957,defective,approved,False,
RETURN_002843,ORDER_034304,BUYER_03436,SELLER_00260,2025-10-07 14:22:03.278604,defective,approved,True,return_abuse
RETURN_002844,ORDER_034340,BUYER_03442,SELLER_00267,2025-08-29 13:23:31.231080,changed_mind,approved,False,
RETURN_002845,ORDER_034350,BUYER_03442,SELLER_00471,2025-09-10 15:59:52.349770,size_issue,approved,False,
RETURN_002846,ORDER_034357,BUYER_03443,SELLER_00430,2025-12-30 13:20:32.855748,defective,approved,False,
RETURN_002847,ORDER_034360,BUYER_03443,SELLER_00350,2025-11-01 09:05:14.750910,size_issue,approved,False,
RETURN_002848,ORDER_034410,BUYER_03448,SELLER_00100,2025-12-08 08:43:56.341216,size_issue,approved,False,
RETURN_002849,ORDER_034452,BUYER_03454,SELLER_00296,2025-07-15 15:48:44.738615,defective,approved,False,
RETURN_002850,ORDER_034456,BUYER_03455,SELLER_00164,2025-12-10 06:53:44.859468,defective,approved,False,
RETURN_002851,ORDER_034460,BUYER_03455,SELLER_00123,2025-12-09 06:10:41.601756,changed_mind,approved,False,
RETURN_002852,ORDER_034473,BUYER_03456,SELLER_00386,2025-06-24 04:36:43.286178,changed_mind,approved,False,
RETURN_002853,ORDER_034478,BUYER_03457,SELLER_00198,2025-03-07 19:54:53.497985,changed_mind,approved,False,
RETURN_002854,ORDER_034492,BUYER_03460,SELLER_00294,2025-08-12 14:24:58.822641,size_issue,approved,False,
RETURN_002855,ORDER_034493,BUYER_03460,SELLER_00072,2025-06-14 15:17:27.954776,size_issue,approved,False,
RETURN_002856,ORDER_034503,BUYER_03461,SELLER_00275,2025-12-17 11:10:31.254600,wrong_item_received,approved,False,
RETURN_002857,ORDER_034506,BUYER_03461,SELLER_00481,2025-10-04 19:54:55.992838,changed_mind,approved,False,
RETURN_002858,ORDER_034508,BUYER_03461,SELLER_00498,2025-08-04 09:21:57.174057,changed_mind,approved,False,
RETURN_002859,ORDER_034509,BUYER_03461,SELLER_00405,2025-10-02 15:51:24.048547,size_issue,approved,False,
RETURN_002860,ORDER_034515,BUYER_03462,SELLER_00049,2025-12-23 11:55:19.099311,defective,approved,False,
RETURN_002861,ORDER_034530,BUYER_03465,SELLER_00024,2025-09-10 07:14:22.526117,defective,approved,False,
RETURN_002862,ORDER_034539,BUYER_03465,SELLER_00308,2025-11-23 11:58:41.721890,changed_mind,approved,False,
RETURN_002863,ORDER_034546,BUYER_03467,SELLER_00405,2025-12-23 15:33:19.336090,changed_mind,approved,False,
RETURN_002864,ORDER_034565,BUYER_03469,SELLER_00463,2025-10-22 06:16:46.572344,changed_mind,approved,False,
RETURN_002865,ORDER_034602,BUYER_03472,SELLER_00374,2025-06-08 11:03:56.742615,changed_mind,approved,False,
RETURN_002866,ORDER_034613,BUYER_03473,SELLER_00438,2025-10-28 02:31:35.387809,defective,approved,False,
RETURN_002867,ORDER_034615,BUYER_03473,SELLER_00206,2025-10-07 04:54:01.039699,changed_mind,approved,True,return_abuse
RETURN_002868,ORDER_034626,BUYER_03474,SELLER_00216,2025-04-28 15:54:43.442017,size_issue,approved,False,
RETURN_002869,ORDER_034651,BUYER_03479,SELLER_00211,2025-07-26 07:45:33.261245,changed_mind,approved,False,
RETURN_002870,ORDER_034664,BUYER_03480,SELLER_00074,2025-10-31 02:57:33.700785,wrong_item_received,approved,False,
RETURN_002871,ORDER_034700,BUYER_03481,SELLER_00120,2025-09-13 12:17:07.226007,defective,approved,False,
RETURN_002872,ORDER_034705,BUYER_03481,SELLER_00367,2025-05-04 04:00:41.853397,size_issue,approved,False,
RETURN_002873,ORDER_034732,BUYER_03485,SELLER_00456,2025-09-14 09:20:57.604536,changed_mind,approved,False,
RETURN_002874,ORDER_034757,BUYER_03485,SELLER_00143,2025-12-15 08:35:58.564092,changed_mind,approved,False,
RETURN_002875,ORDER_034758,BUYER_03485,SELLER_00437,2025-12-30 20:29:00.056545,changed_mind,approved,False,
RETURN_002876,ORDER_034763,BUYER_03485,SELLER_00089,2025-11-28 14:38:01.365662,defective,approved,False,
RETURN_002877,ORDER_034768,BUYER_03485,SELLER_00470,2025-08-16 14:01:46.441829,defective,approved,False,
RETURN_002878,ORDER_034770,BUYER_03485,SELLER_00492,2025-09-19 20:12:49.892935,changed_mind,approved,False,
RETURN_002879,ORDER_034772,BUYER_03485,SELLER_00238,2025-08-09 13:42:34.036812,changed_mind,approved,False,
RETURN_002880,ORDER_034775,BUYER_03485,SELLER_00123,2025-12-30 13:35:58.611008,size_issue,approved,False,
RETURN_002881,ORDER_034777,BUYER_03485,SELLER_00192,2025-08-23 10:42:00.341288,wrong_item_received,approved,False,
RETURN_002882,ORDER_034778,BUYER_03485,SELLER_00238,2025-08-24 12:58:17.870364,defective,approved,False,
RETURN_002883,ORDER_034786,BUYER_03487,SELLER_00241,2025-11-29 12:42:09.623030,changed_mind,approved,False,
RETURN_002884,ORDER_034796,BUYER_03488,SELLER_00112,2025-11-11 15:51:08.098962,defective,approved,False,
RETURN_002885,ORDER_034808,BUYER_03488,SELLER_00062,2025-11-17 22:20:59.621110,defective,approved,False,
RETURN_002886,ORDER_034811,BUYER_03490,SELLER_00376,2025-06-28 01:37:54.973329,changed_mind,approved,False,
RETURN_002887,ORDER_034812,BUYER_03490,SELLER_00144,2025-12-14 01:15:00.872371,size_issue,approved,False,
RETURN_002888,ORDER_034819,BUYER_03491,SELLER_00033,2025-12-30 10:37:31.279460,defective,approved,True,return_abuse
RETURN_002889,ORDER_034827,BUYER_03492,SELLER_00093,2025-12-24 18:03:50.879449,changed_mind,approved,False,
RETURN_002890,ORDER_034843,BUYER_03494,SELLER_00452,2025-11-24 14:38:20.643550,changed_mind,approved,False,
RETURN_002891,ORDER_034871,BUYER_03496,SELLER_00167,2025-08-30 17:05:56.976710,wrong_item_received,approved,False,
RETURN_002892,ORDER_034883,BUYER_03496,SELLER_00083,2025-10-22 03:40:17.572209,size_issue,approved,False,
RETURN_002893,ORDER_034913,BUYER_03502,SELLER_00243,2025-12-23 17:16:50.407654,wrong_item_received,approved,False,
RETURN_002894,ORDER_034929,BUYER_03503,SELLER_00124,2025-12-13 17:12:31.126386,defective,approved,False,
RETURN_002895,ORDER_034934,BUYER_03504,SELLER_00377,2025-12-06 18:07:37.810397,wrong_item_received,approved,False,
RETURN_002896,ORDER_034956,BUYER_03505,SELLER_00231,2025-07-08 09:31:51.063924,changed_mind,approved,False,
RETURN_002897,ORDER_034959,BUYER_03505,SELLER_00094,2025-07-22 15:49:09.107570,changed_mind,approved,False,
RETURN_002898,ORDER_034966,BUYER_03506,SELLER_00075,2025-11-14 01:19:59.855810,size_issue,approved,False,
RETURN_002899,ORDER_034971,BUYER_03506,SELLER_00120,2025-12-18 19:21:22.681885,changed_mind,approved,False,
RETURN_002900,ORDER_034974,BUYER_03506,SELLER_00383,2025-12-03 09:11:28.269226,changed_mind,approved,False,
RETURN_002901,ORDER_034980,BUYER_03506,SELLER_00016,2025-12-10 20:45:26.170961,defective,approved,False,
RETURN_002902,ORDER_034985,BUYER_03507,SELLER_00343,2025-02-04 23:50:41.236190,defective,approved,True,return_abuse
RETURN_002903,ORDER_034989,BUYER_03507,SELLER_00232,2025-11-15 01:59:35.253155,defective,approved,True,return_abuse
RETURN_002904,ORDER_035020,BUYER_03508,SELLER_00036,2025-12-11 21:25:25.058884,defective,approved,False,
RETURN_002905,ORDER_035026,BUYER_03509,SELLER_00190,2025-10-03 10:10:23.879067,size_issue,approved,False,
RETURN_002906,ORDER_035027,BUYER_03509,SELLER_00291,2025-11-06 18:46:46.716092,changed_mind,approved,False,
RETURN_002907,ORDER_035028,BUYER_03509,SELLER_00152,2025-09-22 16:33:57.795371,wrong_item_received,approved,False,
RETURN_002908,ORDER_035030,BUYER_03509,SELLER_00152,2025-10-29 22:31:00.996657,wrong_item_received,approved,False,
RETURN_002909,ORDER_035059,BUYER_03513,SELLER_00288,2025-05-19 11:46:49.884659,size_issue,approved,False,
RETURN_002910,ORDER_035061,BUYER_03513,SELLER_00290,2025-09-23 14:56:00.362673,size_issue,approved,False,
RETURN_002911,ORDER_035083,BUYER_03517,SELLER_00203,2025-04-27 16:04:58.163030,changed_mind,approved,False,
RETURN_002912,ORDER_035090,BUYER_03517,SELLER_00141,2025-07-31 17:24:42.766513,defective,approved,False,
RETURN_002913,ORDER_035112,BUYER_03524,SELLER_00361,2025-05-31 23:51:03.482588,changed_mind,approved,False,
RETURN_002914,ORDER_035136,BUYER_03525,SELLER_00122,2025-06-24 23:12:09.408912,defective,approved,False,
RETURN_002915,ORDER_035141,BUYER_03526,SELLER_00191,2025-10-20 04:50:08.928396,wrong_item_received,approved,False,
RETURN_002916,ORDER_035144,BUYER_03526,SELLER_00229,2025-10-21 02:45:59.108176,changed_mind,approved,False,
RETURN_002917,ORDER_035148,BUYER_03526,SELLER_00388,2025-11-22 13:50:08.433953,size_issue,approved,False,
RETURN_002918,ORDER_035166,BUYER_03528,SELLER_00054,2025-11-29 17:27:30.128233,defective,approved,False,
RETURN_002919,ORDER_035167,BUYER_03528,SELLER_00335,2025-05-05 22:00:39.543859,changed_mind,approved,False,
RETURN_002920,ORDER_035197,BUYER_03530,SELLER_00233,2025-06-10 20:01:33.375427,defective,approved,False,
RETURN_002921,ORDER_035198,BUYER_03530,SELLER_00475,2025-11-24 22:40:28.725424,defective,approved,False,
RETURN_002922,ORDER_035212,BUYER_03533,SELLER_00492,2025-10-09 08:41:03.278152,size_issue,approved,False,
RETURN_002923,ORDER_035218,BUYER_03534,SELLER_00348,2025-06-08 00:03:26.809668,changed_mind,approved,False,
RETURN_002924,ORDER_035219,BUYER_03534,SELLER_00237,2025-06-29 19:06:57.851208,changed_mind,approved,False,
RETURN_002925,ORDER_035230,BUYER_03534,SELLER_00100,2025-08-31 05:35:59.289664,changed_mind,approved,False,
RETURN_002926,ORDER_035234,BUYER_03534,SELLER_00128,2025-12-11 19:58:59.793523,size_issue,approved,False,
RETURN_002927,ORDER_035236,BUYER_03534,SELLER_00069,2025-09-08 19:13:16.941649,defective,approved,False,
RETURN_002928,ORDER_035237,BUYER_03534,SELLER_00139,2025-07-22 22:37:26.865952,size_issue,approved,False,
RETURN_002929,ORDER_035238,BUYER_03534,SELLER_00435,2025-07-04 21:40:26.837965,size_issue,approved,False,
RETURN_002930,ORDER_035246,BUYER_03536,SELLER_00474,2025-06-30 03:15:17.506499,changed_mind,approved,False,
RETURN_002931,ORDER_035268,BUYER_03538,SELLER_00269,2025-10-03 16:04:24.051037,changed_mind,approved,False,
RETURN_002932,ORDER_035290,BUYER_03542,SELLER_00464,2025-11-22 08:55:31.438031,defective,approved,False,
RETURN_002933,ORDER_035295,BUYER_03544,SELLER_00228,2025-03-26 13:08:09.813435,defective,approved,False,
RETURN_002934,ORDER_035324,BUYER_03547,SELLER_00049,2025-11-05 10:40:44.412319,changed_mind,approved,False,
RETURN_002935,ORDER_035345,BUYER_03548,SELLER_00126,2025-09-29 00:30:38.744561,changed_mind,approved,False,
RETURN_002936,ORDER_035349,BUYER_03548,SELLER_00439,2025-12-29 20:39:26.125555,defective,approved,False,
RETURN_002937,ORDER_035353,BUYER_03548,SELLER_00129,2025-10-31 04:36:19.303510,changed_mind,approved,False,
RETURN_002938,ORDER_035388,BUYER_03551,SELLER_00112,2025-11-02 05:19:07.715186,defective,approved,False,
RETURN_002939,ORDER_035408,BUYER_03552,SELLER_00288,2025-06-24 12:18:31.001566,size_issue,approved,False,
RETURN_002940,ORDER_035409,BUYER_03553,SELLER_00203,2025-07-10 17:04:21.003059,changed_mind,approved,False,
RETURN_002941,ORDER_035416,BUYER_03553,SELLER_00341,2025-08-18 04:09:40.959659,size_issue,approved,False,
RETURN_002942,ORDER_035474,BUYER_03557,SELLER_00110,2025-12-27 22:32:55.076512,changed_mind,approved,False,
RETURN_002943,ORDER_035477,BUYER_03557,SELLER_00231,2025-12-22 12:11:22.107454,changed_mind,approved,False,
RETURN_002944,ORDER_035479,BUYER_03557,SELLER_00107,2025-12-15 02:21:02.073569,wrong_item_received,approved,False,
RETURN_002945,ORDER_035480,BUYER_03557,SELLER_00283,2025-12-27 12:52:59.209177,changed_mind,approved,False,
RETURN_002946,ORDER_035485,BUYER_03558,SELLER_00412,2025-10-27 01:06:17.922646,wrong_item_received,approved,False,
RETURN_002947,ORDER_035497,BUYER_03559,SELLER_00341,2025-12-20 11:16:23.664943,wrong_item_received,approved,True,return_abuse
RETURN_002948,ORDER_035502,BUYER_03559,SELLER_00324,2025-12-11 22:53:06.873842,size_issue,approved,False,
RETURN_002949,ORDER_035507,BUYER_03559,SELLER_00040,2025-12-20 06:53:21.693088,changed_mind,approved,False,
RETURN_002950,ORDER_035512,BUYER_03559,SELLER_00333,2025-12-12 18:59:01.840830,defective,approved,True,return_abuse
RETURN_002951,ORDER_035557,BUYER_03566,SELLER_00070,2025-10-30 19:53:24.284615,defective,approved,False,
RETURN_002952,ORDER_035567,BUYER_03566,SELLER_00441,2025-12-08 15:26:31.659618,defective,approved,False,
RETURN_002953,ORDER_035568,BUYER_03566,SELLER_00013,2025-12-21 04:30:19.916514,changed_mind,approved,False,
RETURN_002954,ORDER_035580,BUYER_03567,SELLER_00079,2025-12-12 09:35:24.155242,changed_mind,approved,False,
RETURN_002955,ORDER_035615,BUYER_03569,SELLER_00178,2025-12-02 19:11:47.755405,changed_mind,approved,False,
RETURN_002956,ORDER_035617,BUYER_03569,SELLER_00366,2025-11-05 11:01:47.363597,defective,approved,False,
RETURN_002957,ORDER_035657,BUYER_03573,SELLER_00460,2025-09-04 01:25:50.791313,changed_mind,approved,False,
RETURN_002958,ORDER_035697,BUYER_03577,SELLER_00422,2025-07-18 19:23:01.475434,defective,approved,False,
RETURN_002959,ORDER_035721,BUYER_03581,SELLER_00377,2025-10-07 05:51:08.996878,defective,approved,False,
RETURN_002960,ORDER_035739,BUYER_03585,SELLER_00428,2025-12-18 01:16:25.691449,size_issue,approved,False,
RETURN_002961,ORDER_035746,BUYER_03586,SELLER_00387,2025-06-11 06:12:52.947594,defective,approved,False,
RETURN_002962,ORDER_035750,BUYER_03586,SELLER_00404,2025-09-13 04:45:26.376665,changed_mind,approved,False,
RETURN_002963,ORDER_035752,BUYER_03587,SELLER_00204,2025-07-26 03:22:21.019133,changed_mind,approved,False,
RETURN_002964,ORDER_035787,BUYER_03590,SELLER_00244,2025-09-12 08:04:54.381533,size_issue,approved,True,return_abuse
RETURN_002965,ORDER_035795,BUYER_03590,SELLER_00225,2025-10-17 15:06:47.812659,wrong_item_received,approved,True,return_abuse
RETURN_002966,ORDER_035840,BUYER_03591,SELLER_00036,2025-10-11 00:28:25.224915,defective,approved,False,
RETURN_002967,ORDER_035844,BUYER_03592,SELLER_00153,2025-08-24 15:45:52.439957,changed_mind,approved,False,
RETURN_002968,ORDER_035859,BUYER_03593,SELLER_00191,2025-09-10 15:53:42.550822,changed_mind,approved,False,
RETURN_002969,ORDER_035862,BUYER_03594,SELLER_00432,2025-02-08 20:27:31.886049,changed_mind,approved,False,
RETURN_002970,ORDER_035868,BUYER_03594,SELLER_00170,2025-05-06 23:31:17.923131,size_issue,approved,False,
RETURN_002971,ORDER_035892,BUYER_03597,SELLER_00079,2025-09-10 21:07:06.783256,changed_mind,approved,False,
RETURN_002972,ORDER_035897,BUYER_03598,SELLER_00390,2025-10-07 14:55:16.005479,changed_mind,approved,False,
RETURN_002973,ORDER_035912,BUYER_03599,SELLER_00068,2025-12-18 05:32:22.431794,wrong_item_received,approved,True,return_abuse
RETURN_002974,ORDER_035925,BUYER_03599,SELLER_00175,2025-12-08 11:46:12.704093,defective,approved,False,
RETURN_002975,ORDER_035952,BUYER_03601,SELLER_00155,2025-06-06 22:05:05.611563,changed_mind,approved,False,
RETURN_002976,ORDER_035981,BUYER_03606,SELLER_00449,2025-10-12 03:15:45.730970,wrong_item_received,approved,False,
RETURN_002977,ORDER_035995,BUYER_03606,SELLER_00455,2025-09-02 12:09:20.569629,changed_mind,approved,False,
RETURN_002978,ORDER_036003,BUYER_03608,SELLER_00341,2025-07-16 03:44:40.239346,defective,approved,False,
RETURN_002979,ORDER_036039,BUYER_03611,SELLER_00494,2025-12-25 22:52:59.422073,defective,approved,False,
RETURN_002980,ORDER_036055,BUYER_03613,SELLER_00158,2025-12-17 01:07:37.456687,size_issue,approved,False,
RETURN_002981,ORDER_036061,BUYER_03613,SELLER_00446,2025-12-27 03:18:54.454974,changed_mind,approved,False,
RETURN_002982,ORDER_036068,BUYER_03613,SELLER_00281,2025-12-29 09:00:17.372637,size_issue,approved,False,
RETURN_002983,ORDER_036092,BUYER_03616,SELLER_00417,2025-12-18 22:40:43.686840,size_issue,approved,False,
RETURN_002984,ORDER_036095,BUYER_03617,SELLER_00233,2025-11-16 14:12:20.738151,defective,approved,False,
RETURN_002985,ORDER_036104,BUYER_03618,SELLER_00459,2025-12-25 02:55:08.690598,changed_mind,approved,True,return_abuse
RETURN_002986,ORDER_036119,BUYER_03618,SELLER_00320,2025-12-23 13:59:17.326781,defective,approved,False,
RETURN_002987,ORDER_036131,BUYER_03618,SELLER_00485,2025-12-09 16:28:34.455447,changed_mind,approved,False,
RETURN_002988,ORDER_036151,BUYER_03622,SELLER_00313,2025-11-21 16:48:54.921448,changed_mind,approved,False,
RETURN_002989,ORDER_036163,BUYER_03624,SELLER_00265,2025-10-24 07:36:16.016406,changed_mind,approved,False,
RETURN_002990,ORDER_036199,BUYER_03629,SELLER_00044,2025-07-03 00:42:47.142434,changed_mind,approved,False,
RETURN_002991,ORDER_036200,BUYER_03629,SELLER_00454,2025-07-22 08:05:54.413997,changed_mind,approved,False,
RETURN_002992,ORDER_036202,BUYER_03629,SELLER_00456,2025-09-02 00:29:40.540290,changed_mind,approved,False,
RETURN_002993,ORDER_036203,BUYER_03629,SELLER_00092,2025-07-31 17:24:19.864789,changed_mind,approved,False,
RETURN_002994,ORDER_036205,BUYER_03629,SELLER_00419,2025-08-05 12:39:25.477254,wrong_item_received,approved,False,
RETURN_002995,ORDER_036207,BUYER_03629,SELLER_00303,2025-09-04 21:35:36.458086,changed_mind,approved,False,
RETURN_002996,ORDER_036253,BUYER_03634,SELLER_00387,2025-09-14 18:12:02.450843,defective,approved,False,
RETURN_002997,ORDER_036258,BUYER_03634,SELLER_00183,2025-10-06 07:28:39.277641,wrong_item_received,approved,False,
RETURN_002998,ORDER_036259,BUYER_03634,SELLER_00087,2025-09-27 00:39:43.955592,size_issue,approved,False,
RETURN_002999,ORDER_036262,BUYER_03634,SELLER_00276,2025-10-09 15:37:27.414391,changed_mind,approved,False,
RETURN_003000,ORDER_036263,BUYER_03634,SELLER_00173,2025-11-27 09:31:01.285865,size_issue,approved,False,
RETURN_003001,ORDER_036269,BUYER_03634,SELLER_00173,2025-11-14 09:56:20.338905,defective,approved,False,
RETURN_003002,ORDER_036272,BUYER_03634,SELLER_00073,2025-11-12 19:07:45.218295,size_issue,approved,False,
RETURN_003003,ORDER_036274,BUYER_03634,SELLER_00368,2025-10-16 16:41:14.498213,changed_mind,approved,False,
RETURN_003004,ORDER_036275,BUYER_03634,SELLER_00162,2025-12-08 22:19:37.357775,defective,approved,False,
RETURN_003005,ORDER_036312,BUYER_03637,SELLER_00492,2025-05-27 03:29:40.486915,defective,approved,False,
RETURN_003006,ORDER_036323,BUYER_03638,SELLER_00349,2025-12-25 07:22:35.806123,wrong_item_received,approved,False,
RETURN_003007,ORDER_036357,BUYER_03642,SELLER_00219,2025-12-29 08:48:34.538305,changed_mind,approved,False,
RETURN_003008,ORDER_036384,BUYER_03645,SELLER_00314,2025-06-05 21:28:38.760155,defective,approved,False,
RETURN_003009,ORDER_036391,BUYER_03647,SELLER_00139,2025-12-19 18:56:33.292223,wrong_item_received,approved,False,
RETURN_003010,ORDER_036399,BUYER_03647,SELLER_00016,2025-12-30 13:07:29.566927,defective,approved,False,
RETURN_003011,ORDER_036412,BUYER_03647,SELLER_00455,2025-12-19 12:49:36.077089,defective,approved,False,
RETURN_003012,ORDER_036413,BUYER_03647,SELLER_00051,2025-12-26 03:20:28.382996,defective,approved,False,
RETURN_003013,ORDER_036414,BUYER_03647,SELLER_00326,2025-12-08 02:54:30.565884,size_issue,approved,False,
RETURN_003014,ORDER_036415,BUYER_03647,SELLER_00438,2025-12-18 09:10:11.859794,changed_mind,approved,False,
RETURN_003015,ORDER_036417,BUYER_03647,SELLER_00423,2025-12-20 04:47:42.871063,changed_mind,approved,False,
RETURN_003016,ORDER_036419,BUYER_03647,SELLER_00132,2025-12-08 21:30:48.494473,defective,approved,False,
RETURN_003017,ORDER_036433,BUYER_03648,SELLER_00232,2025-11-15 14:44:44.922189,defective,approved,False,
RETURN_003018,ORDER_036451,BUYER_03650,SELLER_00148,2025-11-07 15:37:11.390873,size_issue,approved,False,
RETURN_003019,ORDER_036455,BUYER_03651,SELLER_00324,2025-08-10 08:33:50.334648,changed_mind,approved,False,
RETURN_003020,ORDER_036472,BUYER_03653,SELLER_00282,2025-08-01 13:54:49.856610,wrong_item_received,approved,False,
RETURN_003021,ORDER_036515,BUYER_03657,SELLER_00114,2025-12-09 21:09:25.846779,size_issue,approved,False,
RETURN_003022,ORDER_036518,BUYER_03657,SELLER_00219,2025-12-30 14:57:59.210375,wrong_item_received,approved,False,
RETURN_003023,ORDER_036526,BUYER_03659,SELLER_00246,2025-11-29 00:14:09.997341,defective,approved,False,
RETURN_003024,ORDER_036540,BUYER_03660,SELLER_00488,2025-12-29 01:35:45.525654,changed_mind,approved,False,
RETURN_003025,ORDER_036548,BUYER_03661,SELLER_00313,2025-06-05 07:50:25.890463,size_issue,approved,False,
RETURN_003026,ORDER_036574,BUYER_03662,SELLER_00366,2025-12-08 11:36:22.215512,size_issue,approved,False,
RETURN_003027,ORDER_036599,BUYER_03663,SELLER_00497,2025-09-09 08:08:24.910989,size_issue,approved,False,
RETURN_003028,ORDER_036613,BUYER_03665,SELLER_00288,2025-02-11 05:23:28.750191,size_issue,approved,False,
RETURN_003029,ORDER_036616,BUYER_03665,SELLER_00151,2025-12-10 13:16:01.555914,size_issue,approved,False,
RETURN_003030,ORDER_036634,BUYER_03667,SELLER_00283,2025-10-29 23:01:10.656769,defective,approved,False,
RETURN_003031,ORDER_036635,BUYER_03667,SELLER_00150,2025-11-29 08:26:44.775154,changed_mind,approved,False,
RETURN_003032,ORDER_036673,BUYER_03673,SELLER_00246,2025-12-21 05:18:10.045397,defective,approved,False,
RETURN_003033,ORDER_036680,BUYER_03673,SELLER_00071,2025-10-17 11:43:33.672172,changed_mind,approved,False,
RETURN_003034,ORDER_036693,BUYER_03675,SELLER_00156,2025-11-18 21:46:08.994009,changed_mind,approved,False,
RETURN_003035,ORDER_036729,BUYER_03680,SELLER_00089,2025-10-20 22:17:25.114593,defective,approved,False,
RETURN_003036,ORDER_036731,BUYER_03680,SELLER_00346,2025-09-09 21:27:50.980008,changed_mind,approved,False,
RETURN_003037,ORDER_036733,BUYER_03680,SELLER_00278,2025-09-15 15:25:45.113609,size_issue,approved,False,
RETURN_003038,ORDER_036784,BUYER_03685,SELLER_00341,2025-11-14 17:45:11.691352,changed_mind,approved,False,
RETURN_003039,ORDER_036801,BUYER_03687,SELLER_00272,2025-09-14 05:25:09.754518,changed_mind,approved,False,
RETURN_003040,ORDER_036824,BUYER_03691,SELLER_00179,2025-11-12 02:57:07.997681,defective,approved,False,
RETURN_003041,ORDER_036862,BUYER_03695,SELLER_00021,2025-09-19 16:10:54.627014,defective,approved,False,
RETURN_003042,ORDER_036888,BUYER_03696,SELLER_00107,2025-12-27 05:00:50.695355,size_issue,approved,False,
RETURN_003043,ORDER_036902,BUYER_03698,SELLER_00155,2025-04-21 18:39:26.706112,changed_mind,approved,False,
RETURN_003044,ORDER_036908,BUYER_03699,SELLER_00001,2025-07-17 08:36:00.551322,wrong_item_received,approved,False,
RETURN_003045,ORDER_036981,BUYER_03707,SELLER_00462,2025-11-06 09:18:36.477372,defective,approved,False,
RETURN_003046,ORDER_037000,BUYER_03709,SELLER_00051,2025-05-22 03:59:10.571891,defective,approved,False,
RETURN_003047,ORDER_037003,BUYER_03709,SELLER_00282,2025-12-03 16:33:30.298580,size_issue,approved,False,
RETURN_003048,ORDER_037009,BUYER_03711,SELLER_00016,2025-06-10 18:33:30.536047,changed_mind,approved,False,
RETURN_003049,ORDER_037035,BUYER_03713,SELLER_00219,2025-11-24 10:48:39.270536,defective,approved,False,
RETURN_003050,ORDER_037043,BUYER_03714,SELLER_00313,2025-08-26 01:40:11.452545,defective,approved,False,
RETURN_003051,ORDER_037053,BUYER_03715,SELLER_00449,2025-04-05 15:39:15.727224,wrong_item_received,approved,False,
RETURN_003052,ORDER_037080,BUYER_03718,SELLER_00044,2025-04-06 21:40:24.186928,wrong_item_received,approved,False,
RETURN_003053,ORDER_037087,BUYER_03719,SELLER_00314,2025-12-23 19:43:07.736699,size_issue,approved,False,
RETURN_003054,ORDER_037106,BUYER_03721,SELLER_00100,2025-11-13 11:46:38.654092,changed_mind,approved,False,
RETURN_003055,ORDER_037114,BUYER_03722,SELLER_00016,2025-11-16 05:24:06.382750,wrong_item_received,approved,False,
RETURN_003056,ORDER_037116,BUYER_03722,SELLER_00263,2025-11-05 06:56:02.547845,defective,approved,False,
RETURN_003057,ORDER_037120,BUYER_03722,SELLER_00152,2025-12-01 04:40:34.290805,changed_mind,approved,False,
RETURN_003058,ORDER_037123,BUYER_03722,SELLER_00221,2025-11-15 20:44:37.860964,changed_mind,approved,False,
RETURN_003059,ORDER_037176,BUYER_03729,SELLER_00329,2025-05-11 09:54:06.164930,size_issue,approved,False,
RETURN_003060,ORDER_037177,BUYER_03729,SELLER_00016,2025-12-23 02:09:16.451912,defective,approved,False,
RETURN_003061,ORDER_037253,BUYER_03736,SELLER_00312,2025-12-03 04:33:02.850110,size_issue,approved,False,
RETURN_003062,ORDER_037266,BUYER_03738,SELLER_00021,2025-09-26 16:04:07.612236,changed_mind,approved,False,
RETURN_003063,ORDER_037267,BUYER_03738,SELLER_00347,2025-06-16 18:16:37.398088,changed_mind,approved,False,
RETURN_003064,ORDER_037270,BUYER_03738,SELLER_00081,2025-12-06 23:48:05.141231,defective,approved,False,
RETURN_003065,ORDER_037281,BUYER_03738,SELLER_00112,2025-07-28 15:28:05.327358,defective,approved,False,
RETURN_003066,ORDER_037286,BUYER_03738,SELLER_00482,2025-11-09 13:51:55.142207,size_issue,approved,False,
RETURN_003067,ORDER_037288,BUYER_03738,SELLER_00113,2025-09-05 08:48:27.297808,defective,approved,False,
RETURN_003068,ORDER_037301,BUYER_03740,SELLER_00045,2025-12-13 19:06:53.736982,wrong_item_received,approved,False,
RETURN_003069,ORDER_037302,BUYER_03740,SELLER_00399,2025-12-16 15:59:20.492605,changed_mind,approved,False,
RETURN_003070,ORDER_037303,BUYER_03740,SELLER_00358,2025-12-07 02:54:18.861303,defective,approved,False,
RETURN_003071,ORDER_037306,BUYER_03740,SELLER_00313,2025-11-29 06:39:19.800554,defective,approved,False,
RETURN_003072,ORDER_037321,BUYER_03743,SELLER_00300,2025-12-15 04:56:01.283743,defective,approved,False,
RETURN_003073,ORDER_037336,BUYER_03744,SELLER_00313,2025-12-28 00:24:16.655153,defective,approved,False,
RETURN_003074,ORDER_037354,BUYER_03746,SELLER_00316,2025-10-11 21:41:48.027720,size_issue,approved,False,
RETURN_003075,ORDER_037362,BUYER_03748,SELLER_00086,2025-10-16 17:52:08.826149,size_issue,approved,False,
RETURN_003076,ORDER_037385,BUYER_03750,SELLER_00446,2025-08-03 02:01:58.374820,defective,approved,False,
RETURN_003077,ORDER_037388,BUYER_03751,SELLER_00249,2025-11-02 14:17:43.983236,wrong_item_received,approved,False,
RETURN_003078,ORDER_037402,BUYER_03752,SELLER_00111,2025-06-12 13:42:33.711018,size_issue,approved,False,
RETURN_003079,ORDER_037408,BUYER_03753,SELLER_00100,2025-10-04 00:48:53.125501,changed_mind,approved,False,
RETURN_003080,ORDER_037413,BUYER_03753,SELLER_00098,2025-10-18 21:49:27.152997,size_issue,approved,False,
RETURN_003081,ORDER_037455,BUYER_03756,SELLER_00289,2025-11-06 01:32:45.672244,size_issue,approved,False,
RETURN_003082,ORDER_037460,BUYER_03757,SELLER_00200,2025-08-24 06:41:23.878035,changed_mind,approved,False,
RETURN_003083,ORDER_037478,BUYER_03760,SELLER_00079,2025-12-16 19:15:41.674580,defective,approved,False,
RETURN_003084,ORDER_037484,BUYER_03760,SELLER_00313,2025-10-26 08:08:26.936540,defective,approved,False,
RETURN_003085,ORDER_037485,BUYER_03760,SELLER_00177,2025-12-06 00:34:34.992201,size_issue,approved,False,
RETURN_003086,ORDER_037486,BUYER_03760,SELLER_00267,2025-12-21 07:43:58.069964,changed_mind,approved,False,
RETURN_003087,ORDER_037487,BUYER_03760,SELLER_00152,2025-10-09 23:42:02.202723,changed_mind,approved,False,
RETURN_003088,ORDER_037490,BUYER_03760,SELLER_00463,2025-10-07 07:08:03.004908,changed_mind,approved,False,
RETURN_003089,ORDER_037493,BUYER_03760,SELLER_00289,2025-10-30 04:36:53.186466,defective,approved,False,
RETURN_003090,ORDER_037494,BUYER_03760,SELLER_00141,2025-10-26 23:37:05.064093,defective,approved,False,
RETURN_003091,ORDER_037497,BUYER_03761,SELLER_00478,2025-09-27 15:21:41.279448,changed_mind,approved,False,
RETURN_003092,ORDER_037501,BUYER_03761,SELLER_00020,2025-02-07 04:05:07.214577,changed_mind,approved,False,
RETURN_003093,ORDER_037506,BUYER_03761,SELLER_00065,2025-07-16 01:12:33.620078,defective,approved,False,
RETURN_003094,ORDER_037507,BUYER_03761,SELLER_00153,2025-04-27 05:54:11.451226,defective,approved,False,
RETURN_003095,ORDER_037516,BUYER_03764,SELLER_00225,2025-09-04 03:29:26.992360,changed_mind,approved,False,
RETURN_003096,ORDER_037522,BUYER_03764,SELLER_00331,2025-11-01 13:37:51.048321,defective,approved,False,
RETURN_003097,ORDER_037526,BUYER_03764,SELLER_00117,2025-09-23 19:07:38.363999,defective,approved,False,
RETURN_003098,ORDER_037529,BUYER_03764,SELLER_00185,2025-11-23 04:32:01.479982,wrong_item_received,approved,False,
RETURN_003099,ORDER_037530,BUYER_03764,SELLER_00094,2025-12-15 20:23:18.621624,defective,approved,False,
RETURN_003100,ORDER_037533,BUYER_03765,SELLER_00391,2025-04-29 12:52:37.090029,changed_mind,approved,False,
RETURN_003101,ORDER_037556,BUYER_03768,SELLER_00049,2025-08-30 13:53:49.329006,changed_mind,approved,False,
RETURN_003102,ORDER_037569,BUYER_03770,SELLER_00386,2025-11-09 04:20:02.427792,size_issue,approved,True,return_abuse
RETURN_003103,ORDER_037574,BUYER_03771,SELLER_00313,2025-07-19 04:29:52.329510,defective,approved,False,
RETURN_003104,ORDER_037578,BUYER_03771,SELLER_00113,2025-08-20 13:48:28.468603,changed_mind,approved,False,
RETURN_003105,ORDER_037588,BUYER_03774,SELLER_00243,2025-06-22 09:30:38.441601,defective,approved,False,
RETURN_003106,ORDER_037618,BUYER_03778,SELLER_00347,2025-12-08 11:40:03.178656,changed_mind,approved,False,
RETURN_003107,ORDER_037632,BUYER_03779,SELLER_00155,2025-09-16 06:03:25.592577,changed_mind,approved,False,
RETURN_003108,ORDER_037644,BUYER_03779,SELLER_00477,2025-06-25 14:10:01.756103,defective,approved,False,
RETURN_003109,ORDER_037673,BUYER_03783,SELLER_00083,2025-12-15 14:05:05.002509,defective,approved,False,
RETURN_003110,ORDER_037674,BUYER_03783,SELLER_00210,2025-11-30 04:53:24.491350,changed_mind,approved,False,
RETURN_003111,ORDER_037676,BUYER_03783,SELLER_00052,2025-10-24 11:45:29.918971,size_issue,approved,False,
RETURN_003112,ORDER_037703,BUYER_03789,SELLER_00229,2025-11-17 06:19:09.335871,changed_mind,approved,False,
RETURN_003113,ORDER_037716,BUYER_03790,SELLER_00020,2025-12-19 10:49:34.925895,changed_mind,approved,False,
RETURN_003114,ORDER_037729,BUYER_03792,SELLER_00099,2025-02-23 10:12:39.417269,size_issue,approved,False,
RETURN_003115,ORDER_037735,BUYER_03794,SELLER_00198,2025-09-16 20:40:00.079090,changed_mind,approved,False,
RETURN_003116,ORDER_037752,BUYER_03796,SELLER_00337,2025-06-11 00:43:19.245419,changed_mind,approved,False,
RETURN_003117,ORDER_037755,BUYER_03796,SELLER_00113,2025-12-19 02:02:42.988707,defective,approved,False,
RETURN_003118,ORDER_037786,BUYER_03797,SELLER_00399,2025-07-11 00:51:08.345775,changed_mind,approved,False,
RETURN_003119,ORDER_037808,BUYER_03797,SELLER_00387,2025-12-28 19:59:22.105413,defective,approved,False,
RETURN_003120,ORDER_037810,BUYER_03797,SELLER_00109,2025-09-28 15:21:55.084758,changed_mind,approved,False,
RETURN_003121,ORDER_037811,BUYER_03797,SELLER_00411,2025-04-19 17:54:56.318583,changed_mind,approved,False,
RETURN_003122,ORDER_037822,BUYER_03797,SELLER_00131,2025-04-17 09:03:14.755168,defective,approved,False,
RETURN_003123,ORDER_037842,BUYER_03800,SELLER_00007,2025-12-24 18:04:11.863695,defective,approved,False,
RETURN_003124,ORDER_037844,BUYER_03800,SELLER_00022,2025-12-06 19:11:10.672813,wrong_item_received,approved,False,
RETURN_003125,ORDER_037846,BUYER_03800,SELLER_00455,2025-06-02 03:46:21.809559,changed_mind,approved,False,
RETURN_003126,ORDER_037849,BUYER_03800,SELLER_00041,2025-08-02 14:44:53.715272,defective,approved,False,
RETURN_003127,ORDER_037850,BUYER_03800,SELLER_00126,2025-07-02 01:38:40.574664,size_issue,approved,False,
RETURN_003128,ORDER_037877,BUYER_03804,SELLER_00176,2025-11-23 06:36:01.443872,size_issue,approved,False,
RETURN_003129,ORDER_037892,BUYER_03807,SELLER_00381,2025-08-26 15:48:05.104642,wrong_item_received,approved,False,
RETURN_003130,ORDER_037893,BUYER_03807,SELLER_00440,2025-08-28 15:13:28.628003,changed_mind,approved,False,
RETURN_003131,ORDER_037894,BUYER_03807,SELLER_00313,2025-10-08 07:18:28.976690,changed_mind,approved,False,
RETURN_003132,ORDER_037897,BUYER_03807,SELLER_00455,2025-07-22 19:06:03.501298,defective,approved,False,
RETURN_003133,ORDER_037898,BUYER_03807,SELLER_00309,2025-08-26 06:09:30.851438,defective,approved,False,
RETURN_003134,ORDER_037900,BUYER_03807,SELLER_00413,2025-11-07 23:54:27.326690,changed_mind,approved,False,
RETURN_003135,ORDER_037902,BUYER_03807,SELLER_00326,2025-09-29 15:14:09.383930,wrong_item_received,approved,False,
RETURN_003136,ORDER_037910,BUYER_03808,SELLER_00418,2025-03-15 13:39:50.591253,size_issue,approved,False,
RETURN_003137,ORDER_037916,BUYER_03808,SELLER_00065,2025-08-30 22:51:32.654308,defective,approved,False,
RETURN_003138,ORDER_037935,BUYER_03810,SELLER_00473,2025-05-08 14:45:33.828842,changed_mind,approved,False,
RETURN_003139,ORDER_037937,BUYER_03810,SELLER_00209,2025-04-10 07:00:21.515547,changed_mind,approved,False,
RETURN_003140,ORDER_037958,BUYER_03813,SELLER_00311,2025-05-09 17:04:30.479324,changed_mind,approved,False,
RETURN_003141,ORDER_037960,BUYER_03813,SELLER_00233,2025-08-01 23:57:50.089454,changed_mind,approved,False,
RETURN_003142,ORDER_037961,BUYER_03813,SELLER_00040,2025-12-25 01:41:22.399056,size_issue,approved,False,
RETURN_003143,ORDER_037968,BUYER_03815,SELLER_00123,2025-12-04 07:19:18.847629,defective,approved,False,
RETURN_003144,ORDER_037992,BUYER_03818,SELLER_00188,2025-11-24 01:10:50.507918,size_issue,approved,False,
RETURN_003145,ORDER_038001,BUYER_03820,SELLER_00233,2025-11-06 19:49:12.186078,changed_mind,approved,False,
RETURN_003146,ORDER_038005,BUYER_03820,SELLER_00345,2025-10-22 17:49:27.295121,wrong_item_received,approved,False,
RETURN_003147,ORDER_038013,BUYER_03822,SELLER_00454,2025-12-06 11:21:57.040146,changed_mind,approved,False,
RETURN_003148,ORDER_038017,BUYER_03822,SELLER_00081,2025-11-25 23:20:19.895583,wrong_item_received,approved,False,
RETURN_003149,ORDER_038022,BUYER_03822,SELLER_00276,2025-10-04 11:14:44.068389,wrong_item_received,approved,False,
RETURN_003150,ORDER_038040,BUYER_03825,SELLER_00175,2025-11-28 04:33:17.201359,changed_mind,approved,False,
RETURN_003151,ORDER_038046,BUYER_03826,SELLER_00105,2025-09-05 14:07:07.152664,size_issue,approved,False,
RETURN_003152,ORDER_038047,BUYER_03826,SELLER_00269,2025-11-01 17:20:38.279207,wrong_item_received,approved,False,
RETURN_003153,ORDER_038049,BUYER_03826,SELLER_00333,2025-09-10 19:47:04.567532,defective,approved,False,
RETURN_003154,ORDER_038055,BUYER_03826,SELLER_00382,2025-11-24 01:39:09.645470,wrong_item_received,approved,False,
RETURN_003155,ORDER_038058,BUYER_03826,SELLER_00155,2025-11-03 19:41:41.227382,changed_mind,approved,False,
RETURN_003156,ORDER_038059,BUYER_03826,SELLER_00128,2025-10-14 15:28:35.835572,defective,approved,False,
RETURN_003157,ORDER_038070,BUYER_03826,SELLER_00084,2025-10-08 06:54:11.770503,size_issue,approved,False,
RETURN_003158,ORDER_038073,BUYER_03826,SELLER_00032,2025-11-26 21:55:03.103542,size_issue,approved,False,
RETURN_003159,ORDER_038077,BUYER_03826,SELLER_00333,2025-08-27 14:08:48.850862,wrong_item_received,approved,False,
RETURN_003160,ORDER_038079,BUYER_03826,SELLER_00024,2025-10-01 12:34:50.267462,defective,approved,False,
RETURN_003161,ORDER_038083,BUYER_03826,SELLER_00399,2025-10-29 21:27:55.772945,defective,approved,False,
RETURN_003162,ORDER_038088,BUYER_03826,SELLER_00143,2025-11-10 10:22:48.354580,defective,approved,False,
RETURN_003163,ORDER_038090,BUYER_03826,SELLER_00151,2025-11-23 21:02:39.497089,changed_mind,approved,False,
RETURN_003164,ORDER_038110,BUYER_03828,SELLER_00200,2025-12-23 04:15:16.090078,size_issue,approved,False,
RETURN_003165,ORDER_038130,BUYER_03829,SELLER_00151,2025-03-03 04:08:28.398878,size_issue,approved,False,
RETURN_003166,ORDER_038177,BUYER_03833,SELLER_00314,2025-11-18 13:52:54.459224,size_issue,approved,False,
RETURN_003167,ORDER_038185,BUYER_03834,SELLER_00263,2025-08-04 06:09:31.397884,wrong_item_received,approved,False,
RETURN_003168,ORDER_038203,BUYER_03836,SELLER_00246,2025-06-27 22:12:45.101228,defective,approved,False,
RETURN_003169,ORDER_038205,BUYER_03836,SELLER_00021,2025-04-30 12:59:37.635985,size_issue,approved,False,
RETURN_003170,ORDER_038207,BUYER_03836,SELLER_00488,2025-08-10 17:51:16.714448,defective,approved,False,
RETURN_003171,ORDER_038223,BUYER_03837,SELLER_00343,2025-12-22 08:33:53.930953,size_issue,approved,False,
RETURN_003172,ORDER_038226,BUYER_03838,SELLER_00390,2025-04-30 23:28:50.541628,changed_mind,approved,False,
RETURN_003173,ORDER_038233,BUYER_03839,SELLER_00228,2025-04-20 03:52:33.598543,size_issue,approved,False,
RETURN_003174,ORDER_038235,BUYER_03839,SELLER_00061,2025-04-27 11:47:56.764644,changed_mind,approved,False,
RETURN_003175,ORDER_038240,BUYER_03839,SELLER_00347,2025-08-10 01:13:56.492871,size_issue,approved,False,
RETURN_003176,ORDER_038243,BUYER_03840,SELLER_00154,2025-12-16 10:56:23.106207,wrong_item_received,approved,False,
RETURN_003177,ORDER_038248,BUYER_03841,SELLER_00111,2025-04-05 22:17:45.490966,size_issue,approved,False,
RETURN_003178,ORDER_038287,BUYER_03847,SELLER_00313,2025-12-30 13:52:59.636098,defective,approved,False,
RETURN_003179,ORDER_038295,BUYER_03848,SELLER_00468,2025-11-25 14:08:03.691804,defective,approved,False,
RETURN_003180,ORDER_038300,BUYER_03848,SELLER_00182,2025-11-24 04:28:17.564882,size_issue,approved,False,
RETURN_003181,ORDER_038335,BUYER_03852,SELLER_00155,2025-10-28 03:49:12.590650,changed_mind,approved,False,
RETURN_003182,ORDER_038342,BUYER_03853,SELLER_00213,2025-05-03 11:30:32.843595,defective,approved,False,
RETURN_003183,ORDER_038351,BUYER_03853,SELLER_00183,2025-09-30 03:11:26.038498,size_issue,approved,False,
RETURN_003184,ORDER_038359,BUYER_03854,SELLER_00183,2025-05-06 08:00:04.639068,changed_mind,approved,False,
RETURN_003185,ORDER_038380,BUYER_03857,SELLER_00033,2025-06-22 06:50:46.603364,changed_mind,approved,False,
RETURN_003186,ORDER_038384,BUYER_03857,SELLER_00460,2025-11-17 13:27:30.488390,size_issue,approved,False,
RETURN_003187,ORDER_038389,BUYER_03857,SELLER_00399,2025-04-29 03:24:16.648143,changed_mind,approved,False,
RETURN_003188,ORDER_038398,BUYER_03858,SELLER_00239,2025-12-27 16:59:54.952903,changed_mind,approved,False,
RETURN_003189,ORDER_038407,BUYER_03859,SELLER_00061,2025-12-15 23:25:20.583168,changed_mind,approved,False,
RETURN_003190,ORDER_038440,BUYER_03864,SELLER_00091,2025-12-11 14:08:29.306215,size_issue,approved,False,
RETURN_003191,ORDER_038445,BUYER_03865,SELLER_00036,2025-07-17 02:22:36.230162,size_issue,approved,False,
RETURN_003192,ORDER_038464,BUYER_03867,SELLER_00061,2025-12-12 15:59:27.078821,defective,approved,False,
RETURN_003193,ORDER_038471,BUYER_03867,SELLER_00458,2025-12-19 00:30:47.357514,size_issue,approved,False,
RETURN_003194,ORDER_038483,BUYER_03869,SELLER_00438,2025-11-14 13:40:25.070869,wrong_item_received,approved,False,
RETURN_003195,ORDER_038495,BUYER_03869,SELLER_00474,2025-12-11 05:14:12.984065,wrong_item_received,approved,False,
RETURN_003196,ORDER_038521,BUYER_03871,SELLER_00036,2025-12-20 14:29:47.502672,defective,approved,False,
RETURN_003197,ORDER_038537,BUYER_03873,SELLER_00396,2025-11-07 13:50:47.735411,changed_mind,approved,False,
RETURN_003198,ORDER_038541,BUYER_03873,SELLER_00171,2025-10-29 04:14:58.550203,changed_mind,approved,False,
RETURN_003199,ORDER_038544,BUYER_03873,SELLER_00009,2025-12-11 06:16:53.563147,defective,approved,False,
RETURN_003200,ORDER_038548,BUYER_03873,SELLER_00241,2025-11-06 00:40:59.529579,wrong_item_received,approved,False,
RETURN_003201,ORDER_038550,BUYER_03873,SELLER_00332,2025-12-06 02:09:46.779634,defective,approved,False,
RETURN_003202,ORDER_038556,BUYER_03873,SELLER_00472,2025-12-25 05:59:29.729039,defective,approved,False,
RETURN_003203,ORDER_038588,BUYER_03875,SELLER_00343,2025-11-25 17:23:31.222392,changed_mind,approved,False,
RETURN_003204,ORDER_038593,BUYER_03875,SELLER_00134,2025-06-20 14:13:28.995849,size_issue,approved,False,
RETURN_003205,ORDER_038612,BUYER_03878,SELLER_00392,2025-12-22 02:42:28.386451,size_issue,approved,False,
RETURN_003206,ORDER_038627,BUYER_03879,SELLER_00282,2025-11-19 15:08:23.556507,defective,approved,False,
RETURN_003207,ORDER_038644,BUYER_03879,SELLER_00088,2025-12-08 09:23:47.889146,size_issue,approved,False,
RETURN_003208,ORDER_038647,BUYER_03880,SELLER_00232,2025-12-30 21:36:37.342468,wrong_item_received,approved,False,
RETURN_003209,ORDER_038656,BUYER_03880,SELLER_00289,2025-11-08 01:34:36.037500,changed_mind,approved,False,
RETURN_003210,ORDER_038685,BUYER_03884,SELLER_00428,2025-12-26 10:16:50.805363,changed_mind,approved,False,
RETURN_003211,ORDER_038697,BUYER_03886,SELLER_00253,2025-11-25 23:16:52.201333,wrong_item_received,approved,False,
RETURN_003212,ORDER_038704,BUYER_03888,SELLER_00421,2025-11-30 12:54:39.276188,wrong_item_received,approved,False,
RETURN_003213,ORDER_038705,BUYER_03888,SELLER_00002,2025-06-27 14:38:27.498898,changed_mind,approved,False,
RETURN_003214,ORDER_038706,BUYER_03888,SELLER_00315,2025-07-27 13:19:30.640024,changed_mind,approved,False,
RETURN_003215,ORDER_038707,BUYER_03888,SELLER_00265,2025-11-10 19:09:19.555417,defective,approved,False,
RETURN_003216,ORDER_038708,BUYER_03888,SELLER_00155,2025-07-19 00:03:10.021302,wrong_item_received,approved,False,
RETURN_003217,ORDER_038722,BUYER_03889,SELLER_00240,2025-11-27 19:59:06.720736,defective,approved,False,
RETURN_003218,ORDER_038767,BUYER_03894,SELLER_00150,2025-10-02 06:29:19.539158,defective,approved,False,
RETURN_003219,ORDER_038797,BUYER_03898,SELLER_00179,2025-12-03 19:51:24.381978,wrong_item_received,approved,False,
RETURN_003220,ORDER_038799,BUYER_03898,SELLER_00325,2025-11-27 13:04:11.858865,changed_mind,approved,False,
RETURN_003221,ORDER_038803,BUYER_03898,SELLER_00203,2025-11-19 18:37:50.166779,size_issue,approved,False,
RETURN_003222,ORDER_038819,BUYER_03902,SELLER_00231,2025-04-22 13:27:56.940992,size_issue,approved,False,
RETURN_003223,ORDER_038823,BUYER_03902,SELLER_00233,2025-05-15 08:21:49.732733,size_issue,approved,False,
RETURN_003224,ORDER_038838,BUYER_03903,SELLER_00285,2025-10-04 01:35:51.562188,defective,approved,False,
RETURN_003225,ORDER_038875,BUYER_03907,SELLER_00423,2025-12-08 02:45:28.591449,size_issue,approved,False,
RETURN_003226,ORDER_038894,BUYER_03908,SELLER_00347,2025-12-21 15:29:20.556392,changed_mind,approved,False,
RETURN_003227,ORDER_038940,BUYER_03916,SELLER_00123,2025-06-02 00:15:27.848094,size_issue,approved,False,
RETURN_003228,ORDER_038961,BUYER_03920,SELLER_00462,2025-12-10 22:58:22.358775,changed_mind,approved,False,
RETURN_003229,ORDER_038968,BUYER_03920,SELLER_00297,2025-10-13 01:50:33.958604,defective,approved,False,
RETURN_003230,ORDER_039000,BUYER_03924,SELLER_00061,2025-12-14 06:32:57.685395,defective,approved,False,
RETURN_003231,ORDER_039010,BUYER_03924,SELLER_00013,2025-05-30 19:56:55.824024,wrong_item_received,approved,False,
RETURN_003232,ORDER_039053,BUYER_03928,SELLER_00244,2025-10-30 04:54:50.310501,changed_mind,approved,False,
RETURN_003233,ORDER_039075,BUYER_03931,SELLER_00415,2025-12-30 16:01:28.610016,defective,approved,False,
RETURN_003234,ORDER_039106,BUYER_03935,SELLER_00436,2025-10-09 11:17:14.148942,changed_mind,approved,False,
RETURN_003235,ORDER_039118,BUYER_03937,SELLER_00152,2025-11-27 10:19:48.675589,size_issue,approved,False,
RETURN_003236,ORDER_039130,BUYER_03938,SELLER_00376,2025-10-29 18:15:56.618043,defective,approved,False,
RETURN_003237,ORDER_039155,BUYER_03942,SELLER_00123,2025-11-30 10:44:23.131660,defective,approved,False,
RETURN_003238,ORDER_039165,BUYER_03944,SELLER_00298,2025-11-25 17:54:31.535009,size_issue,approved,False,
RETURN_003239,ORDER_039167,BUYER_03944,SELLER_00495,2025-12-30 23:46:04.417658,defective,approved,False,
RETURN_003240,ORDER_039168,BUYER_03944,SELLER_00077,2025-12-22 09:09:32.644946,changed_mind,approved,False,
RETURN_003241,ORDER_039171,BUYER_03944,SELLER_00096,2025-12-11 18:01:32.895896,size_issue,approved,False,
RETURN_003242,ORDER_039198,BUYER_03946,SELLER_00123,2025-12-30 21:45:34.054052,wrong_item_received,approved,False,
RETURN_003243,ORDER_039211,BUYER_03948,SELLER_00017,2025-08-15 16:28:18.572929,size_issue,approved,False,
RETURN_003244,ORDER_039223,BUYER_03950,SELLER_00051,2025-12-19 03:12:07.161342,changed_mind,approved,False,
RETURN_003245,ORDER_039224,BUYER_03950,SELLER_00305,2025-07-19 15:46:54.666476,defective,approved,False,
RETURN_003246,ORDER_039225,BUYER_03950,SELLER_00444,2025-08-06 15:39:30.258918,size_issue,approved,False,
RETURN_003247,ORDER_039231,BUYER_03950,SELLER_00305,2025-09-24 21:15:13.294452,changed_mind,approved,False,
RETURN_003248,ORDER_039234,BUYER_03950,SELLER_00271,2025-07-09 16:11:54.172438,defective,approved,False,
RETURN_003249,ORDER_039238,BUYER_03950,SELLER_00021,2025-06-23 02:00:17.321546,wrong_item_received,approved,False,
RETURN_003250,ORDER_039241,BUYER_03950,SELLER_00146,2025-07-26 23:23:20.462024,wrong_item_received,approved,False,
RETURN_003251,ORDER_039279,BUYER_03954,SELLER_00340,2025-12-16 12:52:44.168151,wrong_item_received,approved,False,
RETURN_003252,ORDER_039286,BUYER_03955,SELLER_00323,2025-07-24 08:10:09.939868,size_issue,approved,False,
RETURN_003253,ORDER_039316,BUYER_03958,SELLER_00393,2025-10-16 07:52:23.110245,changed_mind,approved,False,
RETURN_003254,ORDER_039320,BUYER_03958,SELLER_00347,2025-06-15 12:10:30.282303,wrong_item_received,approved,False,
RETURN_003255,ORDER_039324,BUYER_03958,SELLER_00049,2025-08-10 11:08:33.364251,changed_mind,approved,False,
RETURN_003256,ORDER_039333,BUYER_03960,SELLER_00423,2025-12-21 15:01:22.631291,wrong_item_received,approved,False,
RETURN_003257,ORDER_039336,BUYER_03960,SELLER_00198,2025-12-13 17:21:55.484400,changed_mind,approved,False,
RETURN_003258,ORDER_039338,BUYER_03960,SELLER_00102,2025-11-17 18:23:09.909227,changed_mind,approved,False,
RETURN_003259,ORDER_039344,BUYER_03961,SELLER_00432,2025-11-19 01:02:21.797198,changed_mind,approved,False,
RETURN_003260,ORDER_039348,BUYER_03961,SELLER_00031,2025-10-15 18:53:54.088668,size_issue,approved,False,
RETURN_003261,ORDER_039349,BUYER_03961,SELLER_00398,2025-10-24 21:36:11.507778,defective,approved,False,
RETURN_003262,ORDER_039381,BUYER_03966,SELLER_00009,2025-07-27 01:02:23.389675,wrong_item_received,approved,False,
RETURN_003263,ORDER_039382,BUYER_03966,SELLER_00246,2025-10-11 06:24:36.821300,changed_mind,approved,False,
RETURN_003264,ORDER_039409,BUYER_03968,SELLER_00295,2025-12-23 21:12:26.279250,defective,approved,False,
RETURN_003265,ORDER_039462,BUYER_03972,SELLER_00237,2025-07-10 00:47:40.714111,size_issue,approved,False,
RETURN_003266,ORDER_039486,BUYER_03975,SELLER_00418,2025-03-11 06:01:03.253361,changed_mind,approved,False,
RETURN_003267,ORDER_039504,BUYER_03978,SELLER_00305,2025-09-29 10:14:35.147081,size_issue,approved,False,
RETURN_003268,ORDER_039516,BUYER_03979,SELLER_00069,2025-08-06 23:50:41.941125,size_issue,approved,False,
RETURN_003269,ORDER_039523,BUYER_03979,SELLER_00006,2025-12-15 11:09:26.734885,size_issue,approved,False,
RETURN_003270,ORDER_039577,BUYER_03985,SELLER_00017,2025-09-07 15:58:05.600909,size_issue,approved,False,
RETURN_003271,ORDER_039592,BUYER_03985,SELLER_00269,2025-06-12 17:18:55.050277,changed_mind,approved,False,
RETURN_003272,ORDER_039596,BUYER_03985,SELLER_00154,2025-03-08 09:24:21.528529,defective,approved,False,
RETURN_003273,ORDER_039628,BUYER_03989,SELLER_00183,2025-08-29 08:02:38.789787,changed_mind,approved,False,
RETURN_003274,ORDER_039662,BUYER_03993,SELLER_00438,2025-12-12 09:14:38.840815,defective,approved,False,
RETURN_003275,ORDER_039671,BUYER_03993,SELLER_00021,2025-08-16 17:49:52.649002,defective,approved,False,
RETURN_003276,ORDER_039708,BUYER_03997,SELLER_00188,2025-09-01 16:06:55.608033,defective,approved,False,
RETURN_003277,ORDER_039714,BUYER_03998,SELLER_00427,2025-06-24 17:26:44.254423,defective,approved,False,
RETURN_003278,ORDER_039719,BUYER_03999,SELLER_00077,2025-09-03 14:59:48.635287,changed_mind,approved,False,
RETURN_003279,ORDER_039725,BUYER_03999,SELLER_00205,2025-06-28 14:11:03.654865,size_issue,approved,False,
RETURN_003280,ORDER_039736,BUYER_04000,SELLER_00475,2025-11-13 11:47:43.312226,defective,approved,False,
RETURN_003281,ORDER_039740,BUYER_04000,SELLER_00016,2025-12-20 10:09:02.467621,size_issue,approved,False,
RETURN_003282,ORDER_039749,BUYER_04001,SELLER_00260,2025-05-20 18:39:13.792767,changed_mind,approved,False,
RETURN_003283,ORDER_039753,BUYER_04001,SELLER_00357,2025-07-14 09:23:30.481125,defective,approved,False,
RETURN_003284,ORDER_039786,BUYER_04004,SELLER_00009,2025-06-15 03:25:38.081013,size_issue,approved,False,
RETURN_003285,ORDER_039808,BUYER_04006,SELLER_00358,2025-11-24 13:52:04.720494,size_issue,approved,False,
RETURN_003286,ORDER_039829,BUYER_04008,SELLER_00126,2025-08-02 07:43:08.997912,wrong_item_received,approved,False,
RETURN_003287,ORDER_039882,BUYER_04012,SELLER_00036,2025-04-22 14:54:09.130204,changed_mind,approved,False,
RETURN_003288,ORDER_039913,BUYER_04012,SELLER_00146,2025-02-15 04:06:57.228835,defective,approved,False,
RETURN_003289,ORDER_039918,BUYER_04012,SELLER_00326,2025-12-14 21:52:19.543504,changed_mind,approved,False,
RETURN_003290,ORDER_039919,BUYER_04012,SELLER_00203,2025-12-04 22:56:23.771459,changed_mind,approved,False,
RETURN_003291,ORDER_039928,BUYER_04013,SELLER_00271,2025-07-10 12:58:22.332563,defective,approved,False,
RETURN_003292,ORDER_039955,BUYER_04016,SELLER_00296,2025-10-16 17:09:36.112987,defective,approved,False,
RETURN_003293,ORDER_040005,BUYER_04022,SELLER_00080,2025-04-17 09:06:04.370168,defective,approved,False,
RETURN_003294,ORDER_040084,BUYER_04030,SELLER_00123,2025-09-22 02:48:31.471989,changed_mind,approved,False,
RETURN_003295,ORDER_040093,BUYER_04030,SELLER_00464,2025-10-30 07:02:03.655350,changed_mind,approved,False,
RETURN_003296,ORDER_040094,BUYER_04030,SELLER_00366,2025-07-09 23:15:30.431144,defective,approved,False,
RETURN_003297,ORDER_040110,BUYER_04030,SELLER_00368,2025-06-05 02:55:25.796432,size_issue,approved,False,
RETURN_003298,ORDER_040118,BUYER_04030,SELLER_00463,2025-10-25 21:22:33.325168,changed_mind,approved,False,
RETURN_003299,ORDER_040132,BUYER_04031,SELLER_00341,2025-08-05 01:15:13.142151,changed_mind,approved,False,
RETURN_003300,ORDER_040138,BUYER_04031,SELLER_00227,2025-02-23 00:33:08.239371,changed_mind,approved,False,
RETURN_003301,ORDER_040187,BUYER_04033,SELLER_00074,2025-07-28 00:35:47.783731,defective,approved,False,
RETURN_003302,ORDER_040218,BUYER_04039,SELLER_00326,2025-08-02 01:24:22.016729,defective,approved,False,
RETURN_003303,ORDER_040233,BUYER_04042,SELLER_00473,2025-08-31 18:28:56.636239,wrong_item_received,approved,False,
RETURN_003304,ORDER_040235,BUYER_04043,SELLER_00101,2025-09-03 10:01:35.380476,changed_mind,approved,False,
RETURN_003305,ORDER_040237,BUYER_04043,SELLER_00233,2025-04-25 23:17:09.298539,changed_mind,approved,False,
RETURN_003306,ORDER_040246,BUYER_04044,SELLER_00237,2025-10-09 12:47:00.737298,size_issue,approved,False,
RETURN_003307,ORDER_040250,BUYER_04045,SELLER_00058,2025-11-12 09:51:45.123580,changed_mind,approved,False,
RETURN_003308,ORDER_040266,BUYER_04047,SELLER_00271,2025-11-27 11:26:44.525585,defective,approved,False,
RETURN_003309,ORDER_040267,BUYER_04047,SELLER_00438,2025-10-02 11:59:12.150689,size_issue,approved,False,
RETURN_003310,ORDER_040268,BUYER_04047,SELLER_00047,2025-09-16 11:56:43.547327,size_issue,approved,False,
RETURN_003311,ORDER_040325,BUYER_04054,SELLER_00354,2025-10-29 04:14:01.285778,changed_mind,approved,False,
RETURN_003312,ORDER_040337,BUYER_04055,SELLER_00329,2025-10-22 05:43:41.700503,size_issue,approved,False,
RETURN_003313,ORDER_040359,BUYER_04057,SELLER_00076,2025-11-23 05:09:42.492737,changed_mind,approved,False,
RETURN_003314,ORDER_040373,BUYER_04058,SELLER_00405,2025-03-27 21:31:56.280146,changed_mind,approved,False,
RETURN_003315,ORDER_040389,BUYER_04058,SELLER_00209,2025-02-06 22:05:06.873054,changed_mind,approved,False,
RETURN_003316,ORDER_040394,BUYER_04060,SELLER_00163,2025-10-12 22:06:31.943540,changed_mind,approved,False,
RETURN_003317,ORDER_040397,BUYER_04060,SELLER_00007,2025-06-18 20:01:33.811253,changed_mind,approved,False,
RETURN_003318,ORDER_040402,BUYER_04060,SELLER_00399,2025-05-23 19:08:36.441407,defective,approved,False,
RETURN_003319,ORDER_040403,BUYER_04060,SELLER_00292,2025-08-21 15:20:35.405999,defective,approved,False,
RETURN_003320,ORDER_040428,BUYER_04062,SELLER_00181,2025-09-28 20:58:58.241543,defective,approved,False,
RETURN_003321,ORDER_040433,BUYER_04063,SELLER_00399,2025-11-14 23:03:06.853635,defective,approved,False,
RETURN_003322,ORDER_040434,BUYER_04063,SELLER_00451,2025-11-22 03:47:39.665281,wrong_item_received,approved,False,
RETURN_003323,ORDER_040435,BUYER_04063,SELLER_00407,2025-12-11 14:55:38.878647,defective,approved,False,
RETURN_003324,ORDER_040436,BUYER_04063,SELLER_00460,2025-11-29 16:30:51.970366,changed_mind,approved,False,
RETURN_003325,ORDER_040437,BUYER_04063,SELLER_00195,2025-12-01 20:03:01.215529,changed_mind,approved,False,
RETURN_003326,ORDER_040439,BUYER_04063,SELLER_00065,2025-12-12 16:39:23.867136,wrong_item_received,approved,False,
RETURN_003327,ORDER_040442,BUYER_04063,SELLER_00267,2025-11-29 15:54:14.000358,changed_mind,approved,False,
RETURN_003328,ORDER_040448,BUYER_04064,SELLER_00157,2025-09-22 20:33:00.347531,defective,approved,False,
RETURN_003329,ORDER_040449,BUYER_04064,SELLER_00386,2025-07-28 17:33:28.274736,wrong_item_received,approved,False,
RETURN_003330,ORDER_040516,BUYER_04071,SELLER_00474,2025-07-29 20:09:41.398952,changed_mind,approved,False,
RETURN_003331,ORDER_040553,BUYER_04074,SELLER_00368,2025-11-28 04:17:31.317042,wrong_item_received,approved,False,
RETURN_003332,ORDER_040598,BUYER_04080,SELLER_00198,2025-03-25 17:46:41.320854,defective,approved,False,
RETURN_003333,ORDER_040620,BUYER_04084,SELLER_00017,2025-12-11 15:36:09.910038,size_issue,approved,False,
RETURN_003334,ORDER_040621,BUYER_04084,SELLER_00246,2025-12-17 09:34:28.801165,size_issue,approved,False,
RETURN_003335,ORDER_040624,BUYER_04084,SELLER_00311,2025-12-23 04:39:38.230417,defective,approved,False,
RETURN_003336,ORDER_040631,BUYER_04085,SELLER_00272,2025-12-27 06:57:53.211947,changed_mind,approved,False,
RETURN_003337,ORDER_040633,BUYER_04086,SELLER_00153,2025-12-07 06:17:25.904101,changed_mind,approved,False,
RETURN_003338,ORDER_040639,BUYER_04086,SELLER_00190,2025-12-25 01:34:36.237251,changed_mind,approved,False,
RETURN_003339,ORDER_040642,BUYER_04086,SELLER_00169,2025-12-08 15:15:25.112805,changed_mind,approved,False,
RETURN_003340,ORDER_040644,BUYER_04086,SELLER_00092,2025-12-25 00:08:35.181717,size_issue,approved,False,
RETURN_003341,ORDER_040645,BUYER_04086,SELLER_00257,2025-12-15 04:38:13.938445,changed_mind,approved,False,
RETURN_003342,ORDER_040674,BUYER_04088,SELLER_00044,2025-09-11 10:54:34.378140,wrong_item_received,approved,False,
RETURN_003343,ORDER_040675,BUYER_04088,SELLER_00036,2025-12-11 20:46:18.415989,wrong_item_received,approved,False,
RETURN_003344,ORDER_040676,BUYER_04088,SELLER_00417,2025-09-11 03:34:34.962359,size_issue,approved,False,
RETURN_003345,ORDER_040685,BUYER_04090,SELLER_00123,2025-12-30 01:21:53.571914,defective,approved,False,
RETURN_003346,ORDER_040686,BUYER_04090,SELLER_00217,2025-12-08 08:59:20.393091,changed_mind,approved,False,
RETURN_003347,ORDER_040689,BUYER_04090,SELLER_00225,2025-08-30 23:45:24.866947,wrong_item_received,approved,False,
RETURN_003348,ORDER_040692,BUYER_04091,SELLER_00343,2025-10-16 00:46:05.554091,wrong_item_received,approved,False,
RETURN_003349,ORDER_040699,BUYER_04091,SELLER_00367,2025-12-23 09:37:13.935983,changed_mind,approved,False,
RETURN_003350,ORDER_040700,BUYER_04091,SELLER_00309,2025-10-31 12:30:13.105309,changed_mind,approved,False,
RETURN_003351,ORDER_040729,BUYER_04093,SELLER_00185,2025-10-20 16:24:38.905997,changed_mind,approved,False,
RETURN_003352,ORDER_040743,BUYER_04094,SELLER_00201,2025-09-16 18:52:06.403534,defective,approved,False,
RETURN_003353,ORDER_040775,BUYER_04098,SELLER_00087,2025-07-25 01:47:27.843191,defective,approved,False,
RETURN_003354,ORDER_040776,BUYER_04098,SELLER_00020,2025-12-29 02:51:10.869333,size_issue,approved,False,
RETURN_003355,ORDER_040778,BUYER_04098,SELLER_00024,2025-11-16 07:50:11.828980,wrong_item_received,approved,False,
RETURN_003356,ORDER_040784,BUYER_04098,SELLER_00218,2025-09-06 17:38:20.941978,size_issue,approved,False,
RETURN_003357,ORDER_040786,BUYER_04098,SELLER_00229,2025-11-07 08:26:39.133454,changed_mind,approved,False,
RETURN_003358,ORDER_040787,BUYER_04098,SELLER_00185,2025-08-14 11:56:26.785945,wrong_item_received,approved,False,
RETURN_003359,ORDER_040855,BUYER_04103,SELLER_00123,2025-10-29 18:51:05.080371,defective,approved,False,
RETURN_003360,ORDER_040874,BUYER_04104,SELLER_00170,2025-06-06 19:45:27.681972,size_issue,approved,False,
RETURN_003361,ORDER_040893,BUYER_04107,SELLER_00178,2025-06-01 03:54:44.987098,changed_mind,approved,False,
RETURN_003362,ORDER_040900,BUYER_04108,SELLER_00057,2025-10-10 13:39:17.884351,wrong_item_received,approved,False,
RETURN_003363,ORDER_040904,BUYER_04108,SELLER_00148,2025-12-03 13:24:06.411696,defective,approved,False,
RETURN_003364,ORDER_040906,BUYER_04108,SELLER_00494,2025-11-16 19:53:27.611508,size_issue,approved,False,
RETURN_003365,ORDER_040917,BUYER_04109,SELLER_00451,2025-11-02 09:44:12.467449,size_issue,approved,False,
RETURN_003366,ORDER_040926,BUYER_04110,SELLER_00468,2025-05-05 06:55:05.243274,changed_mind,approved,False,
RETURN_003367,ORDER_040960,BUYER_04111,SELLER_00135,2025-12-18 06:33:26.558979,wrong_item_received,approved,False,
RETURN_003368,ORDER_040986,BUYER_04115,SELLER_00305,2025-10-14 13:57:15.177205,changed_mind,approved,False,
RETURN_003369,ORDER_041030,BUYER_04120,SELLER_00367,2025-12-24 03:39:26.535159,changed_mind,approved,False,
RETURN_003370,ORDER_041035,BUYER_04120,SELLER_00044,2025-12-25 12:39:43.525275,changed_mind,approved,False,
RETURN_003371,ORDER_041039,BUYER_04121,SELLER_00469,2025-12-19 18:05:51.535626,defective,approved,False,
RETURN_003372,ORDER_041045,BUYER_04122,SELLER_00163,2025-10-26 15:34:18.163837,changed_mind,approved,False,
RETURN_003373,ORDER_041049,BUYER_04122,SELLER_00189,2025-11-19 08:53:25.027690,changed_mind,approved,False,
RETURN_003374,ORDER_041051,BUYER_04122,SELLER_00441,2025-11-24 13:01:34.840552,size_issue,approved,False,
RETURN_003375,ORDER_041058,BUYER_04123,SELLER_00155,2025-01-15 02:08:27.479751,defective,approved,False,
RETURN_003376,ORDER_041064,BUYER_04123,SELLER_00076,2025-08-10 13:46:21.817002,defective,approved,False,
RETURN_003377,ORDER_041081,BUYER_04123,SELLER_00420,2025-07-30 23:31:53.771294,defective,approved,False,
RETURN_003378,ORDER_041082,BUYER_04123,SELLER_00472,2025-01-26 16:09:45.899531,size_issue,approved,False,
RETURN_003379,ORDER_041086,BUYER_04123,SELLER_00340,2025-05-14 06:08:00.738819,wrong_item_received,approved,False,
RETURN_003380,ORDER_041092,BUYER_04123,SELLER_00418,2025-05-23 05:41:28.608502,defective,approved,False,
RETURN_003381,ORDER_041098,BUYER_04124,SELLER_00425,2025-11-15 02:49:08.189637,wrong_item_received,approved,False,
RETURN_003382,ORDER_041101,BUYER_04125,SELLER_00423,2025-11-15 00:49:21.094697,wrong_item_received,approved,False,
RETURN_003383,ORDER_041102,BUYER_04125,SELLER_00331,2025-11-16 18:16:04.098712,defective,approved,False,
RETURN_003384,ORDER_041114,BUYER_04125,SELLER_00289,2025-11-20 05:19:45.990779,defective,approved,False,
RETURN_003385,ORDER_041126,BUYER_04126,SELLER_00399,2025-12-06 14:19:10.509021,wrong_item_received,approved,False,
RETURN_003386,ORDER_041129,BUYER_04126,SELLER_00225,2025-09-04 23:18:17.798079,changed_mind,approved,False,
RETURN_003387,ORDER_041130,BUYER_04126,SELLER_00179,2025-09-08 11:29:42.200233,size_issue,approved,False,
RETURN_003388,ORDER_041150,BUYER_04128,SELLER_00133,2025-03-16 03:01:03.954192,size_issue,approved,False,
RETURN_003389,ORDER_041165,BUYER_04129,SELLER_00122,2025-04-14 15:16:55.724219,size_issue,approved,False,
RETURN_003390,ORDER_041209,BUYER_04131,SELLER_00377,2025-11-19 00:14:35.223019,changed_mind,approved,False,
RETURN_003391,ORDER_041215,BUYER_04131,SELLER_00326,2025-12-13 11:04:13.619072,wrong_item_received,approved,False,
RETURN_003392,ORDER_041225,BUYER_04133,SELLER_00147,2025-10-19 02:12:08.214777,defective,approved,False,
RETURN_003393,ORDER_041235,BUYER_04135,SELLER_00068,2025-12-09 03:03:21.568545,changed_mind,approved,False,
RETURN_003394,ORDER_041236,BUYER_04136,SELLER_00028,2025-12-04 07:07:21.329202,changed_mind,approved,False,
RETURN_003395,ORDER_041249,BUYER_04137,SELLER_00017,2025-12-18 20:26:40.645647,changed_mind,approved,False,
RETURN_003396,ORDER_041255,BUYER_04138,SELLER_00316,2025-12-27 02:42:47.249448,defective,approved,False,
RETURN_003397,ORDER_041272,BUYER_04139,SELLER_00124,2025-04-12 23:29:20.323487,changed_mind,approved,False,
RETURN_003398,ORDER_041274,BUYER_04139,SELLER_00479,2025-09-05 09:31:23.499785,size_issue,approved,False,
RETURN_003399,ORDER_041293,BUYER_04140,SELLER_00026,2025-12-08 01:44:40.013415,defective,approved,False,
RETURN_003400,ORDER_041300,BUYER_04141,SELLER_00305,2025-06-29 20:27:27.803201,changed_mind,approved,False,
RETURN_003401,ORDER_041318,BUYER_04142,SELLER_00271,2025-04-04 19:23:25.686044,size_issue,approved,False,
RETURN_003402,ORDER_041320,BUYER_04142,SELLER_00499,2025-10-11 23:17:16.075100,changed_mind,approved,False,
RETURN_003403,ORDER_041324,BUYER_04143,SELLER_00455,2025-04-17 22:35:00.490646,defective,approved,False,
RETURN_003404,ORDER_041325,BUYER_04143,SELLER_00436,2025-08-04 16:35:50.596763,changed_mind,approved,False,
RETURN_003405,ORDER_041364,BUYER_04147,SELLER_00084,2025-09-23 15:39:34.225523,defective,approved,False,
RETURN_003406,ORDER_041378,BUYER_04148,SELLER_00089,2025-07-01 14:00:15.768150,changed_mind,approved,False,
RETURN_003407,ORDER_041415,BUYER_04152,SELLER_00039,2025-09-29 23:18:17.801458,changed_mind,approved,False,
RETURN_003408,ORDER_041437,BUYER_04154,SELLER_00446,2025-12-27 06:28:31.627399,size_issue,approved,False,
RETURN_003409,ORDER_041450,BUYER_04156,SELLER_00413,2025-07-20 18:18:46.624896,size_issue,approved,False,
RETURN_003410,ORDER_041508,BUYER_04161,SELLER_00210,2025-11-09 13:20:23.586152,size_issue,approved,False,
RETURN_003411,ORDER_041509,BUYER_04162,SELLER_00289,2025-10-26 09:19:18.642204,changed_mind,approved,False,
RETURN_003412,ORDER_041514,BUYER_04162,SELLER_00052,2025-09-25 12:40:47.614923,wrong_item_received,approved,False,
RETURN_003413,ORDER_041517,BUYER_04162,SELLER_00376,2025-11-17 06:06:24.974253,size_issue,approved,False,
RETURN_003414,ORDER_041518,BUYER_04162,SELLER_00340,2025-12-10 08:09:55.766437,defective,approved,False,
RETURN_003415,ORDER_041520,BUYER_04162,SELLER_00195,2025-10-12 14:26:50.177488,wrong_item_received,approved,False,
RETURN_003416,ORDER_041522,BUYER_04162,SELLER_00049,2025-08-23 05:14:28.671677,defective,approved,False,
RETURN_003417,ORDER_041539,BUYER_04163,SELLER_00472,2025-09-12 01:26:52.066767,defective,approved,False,
RETURN_003418,ORDER_041549,BUYER_04164,SELLER_00296,2025-09-21 13:05:15.564231,wrong_item_received,approved,False,
RETURN_003419,ORDER_041573,BUYER_04166,SELLER_00028,2025-08-25 09:56:58.008592,defective,approved,False,
RETURN_003420,ORDER_041580,BUYER_04167,SELLER_00053,2025-11-17 19:13:42.365696,wrong_item_received,approved,False,
RETURN_003421,ORDER_041593,BUYER_04169,SELLER_00185,2025-12-25 02:15:51.142734,defective,approved,False,
RETURN_003422,ORDER_041601,BUYER_04170,SELLER_00173,2025-11-16 11:42:40.497317,changed_mind,approved,False,
RETURN_003423,ORDER_041606,BUYER_04170,SELLER_00049,2025-12-07 04:58:31.815014,changed_mind,approved,False,
RETURN_003424,ORDER_041610,BUYER_04170,SELLER_00221,2025-10-14 02:37:24.079765,changed_mind,approved,False,
RETURN_003425,ORDER_041614,BUYER_04170,SELLER_00101,2025-10-08 20:22:23.015494,changed_mind,approved,False,
RETURN_003426,ORDER_041615,BUYER_04170,SELLER_00170,2025-11-06 15:20:49.337572,defective,approved,False,
RETURN_003427,ORDER_041616,BUYER_04170,SELLER_00423,2025-10-16 21:50:34.149470,defective,approved,False,
RETURN_003428,ORDER_041619,BUYER_04171,SELLER_00078,2025-12-18 06:13:52.831287,wrong_item_received,approved,False,
RETURN_003429,ORDER_041620,BUYER_04171,SELLER_00065,2025-11-10 23:53:04.337510,size_issue,approved,False,
RETURN_003430,ORDER_041623,BUYER_04171,SELLER_00304,2025-11-12 02:51:06.634626,defective,approved,False,
RETURN_003431,ORDER_041631,BUYER_04173,SELLER_00454,2025-11-27 17:06:21.260754,defective,approved,False,
RETURN_003432,ORDER_041635,BUYER_04173,SELLER_00173,2025-09-06 19:20:18.492157,defective,approved,False,
RETURN_003433,ORDER_041639,BUYER_04173,SELLER_00138,2025-10-12 14:16:02.464976,size_issue,approved,False,
RETURN_003434,ORDER_041664,BUYER_04175,SELLER_00196,2025-12-10 00:56:43.320790,wrong_item_received,approved,False,
RETURN_003435,ORDER_041666,BUYER_04176,SELLER_00446,2025-12-30 07:35:06.069018,defective,approved,False,
RETURN_003436,ORDER_041672,BUYER_04176,SELLER_00247,2025-12-09 05:03:04.294070,changed_mind,approved,False,
RETURN_003437,ORDER_041673,BUYER_04176,SELLER_00233,2025-12-21 16:01:31.659215,defective,approved,False,
RETURN_003438,ORDER_041674,BUYER_04176,SELLER_00341,2025-12-24 12:26:43.093016,size_issue,approved,False,
RETURN_003439,ORDER_041691,BUYER_04176,SELLER_00244,2025-12-06 12:50:08.480892,size_issue,approved,False,
RETURN_003440,ORDER_041692,BUYER_04176,SELLER_00012,2025-12-06 17:49:36.449674,size_issue,approved,False,
RETURN_003441,ORDER_041694,BUYER_04176,SELLER_00377,2025-12-07 02:07:04.054041,defective,approved,False,
RETURN_003442,ORDER_041721,BUYER_04177,SELLER_00300,2025-08-26 05:49:45.911608,changed_mind,approved,False,
RETURN_003443,ORDER_041726,BUYER_04179,SELLER_00302,2025-04-05 07:04:55.184661,size_issue,approved,False,
RETURN_003444,ORDER_041771,BUYER_04184,SELLER_00388,2025-11-19 14:56:51.597282,changed_mind,approved,False,
RETURN_003445,ORDER_041791,BUYER_04187,SELLER_00351,2025-06-17 20:17:48.327802,size_issue,approved,False,
RETURN_003446,ORDER_041806,BUYER_04187,SELLER_00402,2025-07-01 21:16:54.300389,size_issue,approved,False,
RETURN_003447,ORDER_041808,BUYER_04187,SELLER_00388,2025-11-20 04:47:34.788893,defective,approved,False,
RETURN_003448,ORDER_041869,BUYER_04192,SELLER_00494,2025-07-01 14:24:34.930642,wrong_item_received,approved,False,
RETURN_003449,ORDER_041909,BUYER_04196,SELLER_00221,2025-12-23 18:12:40.570869,changed_mind,approved,False,
RETURN_003450,ORDER_041917,BUYER_04197,SELLER_00477,2025-11-20 18:32:47.198114,defective,approved,False,
RETURN_003451,ORDER_041918,BUYER_04197,SELLER_00016,2025-11-09 04:12:50.864957,defective,approved,False,
RETURN_003452,ORDER_041936,BUYER_04197,SELLER_00000,2025-12-20 20:34:41.436419,defective,approved,False,
RETURN_003453,ORDER_041986,BUYER_04203,SELLER_00178,2025-09-10 20:19:11.702410,defective,approved,False,
RETURN_003454,ORDER_042015,BUYER_04208,SELLER_00234,2025-11-11 13:41:27.560070,defective,approved,False,
RETURN_003455,ORDER_042017,BUYER_04208,SELLER_00390,2025-04-16 09:15:12.178702,changed_mind,approved,False,
RETURN_003456,ORDER_042020,BUYER_04208,SELLER_00183,2025-06-10 07:52:41.489093,changed_mind,approved,False,
RETURN_003457,ORDER_042025,BUYER_04208,SELLER_00069,2025-08-18 04:55:39.143539,defective,approved,False,
RETURN_003458,ORDER_042042,BUYER_04211,SELLER_00455,2025-06-30 16:38:45.372899,changed_mind,approved,False,
RETURN_003459,ORDER_042055,BUYER_04212,SELLER_00468,2025-03-18 16:48:06.032789,size_issue,approved,False,
RETURN_003460,ORDER_042065,BUYER_04213,SELLER_00213,2025-11-19 16:51:08.568198,defective,approved,False,
RETURN_003461,ORDER_042098,BUYER_04216,SELLER_00111,2025-11-13 18:16:52.675181,defective,approved,False,
RETURN_003462,ORDER_042125,BUYER_04219,SELLER_00483,2025-11-30 17:39:53.842444,wrong_item_received,approved,False,
RETURN_003463,ORDER_042172,BUYER_04220,SELLER_00021,2025-10-09 08:33:41.797333,size_issue,approved,False,
RETURN_003464,ORDER_042177,BUYER_04220,SELLER_00084,2025-11-14 14:56:45.682688,defective,approved,False,
RETURN_003465,ORDER_042180,BUYER_04220,SELLER_00304,2025-10-29 09:57:05.510298,changed_mind,approved,False,
RETURN_003466,ORDER_042230,BUYER_04221,SELLER_00398,2025-12-21 08:06:24.607568,size_issue,approved,False,
RETURN_003467,ORDER_042308,BUYER_04230,SELLER_00326,2025-08-03 14:35:15.700807,changed_mind,approved,False,
RETURN_003468,ORDER_042340,BUYER_04233,SELLER_00316,2025-07-17 22:01:42.468339,wrong_item_received,approved,False,
RETURN_003469,ORDER_042351,BUYER_04233,SELLER_00079,2025-07-23 16:11:27.756578,wrong_item_received,approved,False,
RETURN_003470,ORDER_042361,BUYER_04235,SELLER_00487,2025-12-02 00:33:19.648240,size_issue,approved,False,
RETURN_003471,ORDER_042376,BUYER_04236,SELLER_00387,2025-12-15 03:22:10.722114,changed_mind,approved,True,return_abuse
RETURN_003472,ORDER_042400,BUYER_04238,SELLER_00430,2025-09-09 03:49:18.722275,changed_mind,approved,False,
RETURN_003473,ORDER_042441,BUYER_04241,SELLER_00013,2025-11-11 03:10:43.431561,size_issue,approved,False,
RETURN_003474,ORDER_042466,BUYER_04244,SELLER_00332,2025-11-16 17:42:21.567456,wrong_item_received,approved,False,
RETURN_003475,ORDER_042488,BUYER_04248,SELLER_00256,2025-12-09 01:06:34.894947,size_issue,approved,False,
RETURN_003476,ORDER_042543,BUYER_04257,SELLER_00472,2025-10-26 10:06:07.151860,changed_mind,approved,False,
RETURN_003477,ORDER_042546,BUYER_04258,SELLER_00387,2025-12-29 09:01:38.813832,changed_mind,approved,True,return_abuse
RETURN_003478,ORDER_042547,BUYER_04258,SELLER_00183,2025-12-30 23:01:19.707944,changed_mind,approved,True,return_abuse
RETURN_003479,ORDER_042568,BUYER_04260,SELLER_00143,2025-11-06 10:34:18.722581,changed_mind,approved,False,
RETURN_003480,ORDER_042571,BUYER_04260,SELLER_00499,2025-06-26 07:33:36.329210,defective,approved,False,
RETURN_003481,ORDER_042584,BUYER_04261,SELLER_00020,2025-08-26 18:08:51.153348,size_issue,approved,False,
RETURN_003482,ORDER_042590,BUYER_04261,SELLER_00425,2025-03-14 23:52:26.833745,defective,approved,False,
RETURN_003483,ORDER_042591,BUYER_04261,SELLER_00232,2025-04-04 01:20:27.907223,changed_mind,approved,False,
RETURN_003484,ORDER_042602,BUYER_04263,SELLER_00164,2025-07-21 05:48:48.371102,wrong_item_received,approved,False,
RETURN_003485,ORDER_042606,BUYER_04263,SELLER_00251,2025-07-04 04:39:25.102624,changed_mind,approved,False,
RETURN_003486,ORDER_042609,BUYER_04263,SELLER_00251,2025-12-12 05:28:08.900638,defective,approved,False,
RETURN_003487,ORDER_042623,BUYER_04266,SELLER_00032,2025-12-23 04:35:05.061462,wrong_item_received,approved,False,
RETURN_003488,ORDER_042639,BUYER_04267,SELLER_00384,2025-05-18 06:07:38.270071,defective,approved,False,
RETURN_003489,ORDER_042648,BUYER_04269,SELLER_00459,2025-09-09 14:55:23.900427,changed_mind,approved,True,return_abuse
RETURN_003490,ORDER_042717,BUYER_04275,SELLER_00190,2025-11-29 05:52:50.118696,size_issue,approved,False,
RETURN_003491,ORDER_042742,BUYER_04277,SELLER_00237,2025-10-31 16:49:47.775609,wrong_item_received,approved,False,
RETURN_003492,ORDER_042761,BUYER_04282,SELLER_00218,2025-02-03 20:40:00.902170,size_issue,approved,True,return_abuse
RETURN_003493,ORDER_042766,BUYER_04282,SELLER_00209,2025-02-14 19:13:19.568196,size_issue,approved,False,
RETURN_003494,ORDER_042878,BUYER_04295,SELLER_00049,2025-06-13 02:31:13.193144,defective,approved,False,
RETURN_003495,ORDER_042896,BUYER_04296,SELLER_00231,2025-10-11 00:30:05.073771,defective,approved,False,
RETURN_003496,ORDER_042902,BUYER_04296,SELLER_00167,2025-09-25 18:32:24.743243,defective,approved,False,
RETURN_003497,ORDER_042904,BUYER_04296,SELLER_00123,2025-06-22 20:32:49.411848,size_issue,approved,False,
RETURN_003498,ORDER_042911,BUYER_04296,SELLER_00313,2025-10-09 12:27:56.301263,defective,approved,False,
RETURN_003499,ORDER_042916,BUYER_04296,SELLER_00232,2025-06-18 08:59:02.535568,wrong_item_received,approved,False,
RETURN_003500,ORDER_042918,BUYER_04296,SELLER_00016,2025-07-11 10:41:13.874389,defective,approved,False,
RETURN_003501,ORDER_042921,BUYER_04296,SELLER_00101,2025-09-30 14:15:42.308286,defective,approved,False,
RETURN_003502,ORDER_042925,BUYER_04296,SELLER_00389,2025-05-30 05:34:03.732852,wrong_item_received,approved,False,
RETURN_003503,ORDER_042928,BUYER_04296,SELLER_00468,2025-06-14 10:43:52.236877,changed_mind,approved,False,
RETURN_003504,ORDER_042952,BUYER_04299,SELLER_00453,2025-10-30 07:09:20.119593,wrong_item_received,approved,False,
RETURN_003505,ORDER_042956,BUYER_04299,SELLER_00178,2025-12-02 13:43:11.448523,defective,approved,False,
RETURN_003506,ORDER_042964,BUYER_04299,SELLER_00351,2025-11-21 04:56:00.612902,defective,approved,False,
RETURN_003507,ORDER_042977,BUYER_04300,SELLER_00367,2025-12-25 03:37:49.165591,changed_mind,approved,False,
RETURN_003508,ORDER_042995,BUYER_04303,SELLER_00024,2025-09-11 04:11:09.385115,changed_mind,approved,False,
RETURN_003509,ORDER_043011,BUYER_04306,SELLER_00145,2025-08-30 17:13:15.208397,size_issue,approved,False,
RETURN_003510,ORDER_043017,BUYER_04306,SELLER_00478,2025-06-30 21:22:26.331698,size_issue,approved,False,
RETURN_003511,ORDER_043049,BUYER_04310,SELLER_00340,2025-12-30 22:33:48.384220,defective,approved,False,
RETURN_003512,ORDER_043050,BUYER_04310,SELLER_00135,2025-07-15 05:15:31.552233,defective,approved,False,
RETURN_003513,ORDER_043052,BUYER_04310,SELLER_00258,2025-05-21 18:05:48.088346,size_issue,approved,False,
RETURN_003514,ORDER_043064,BUYER_04311,SELLER_00290,2025-09-24 09:59:26.021684,defective,approved,False,
RETURN_003515,ORDER_043102,BUYER_04316,SELLER_00157,2025-11-19 11:31:15.615828,defective,approved,False,
RETURN_003516,ORDER_043106,BUYER_04317,SELLER_00377,2025-12-03 03:22:28.416453,changed_mind,approved,False,
RETURN_003517,ORDER_043108,BUYER_04317,SELLER_00294,2025-10-20 07:51:53.169730,defective,approved,False,
RETURN_003518,ORDER_043109,BUYER_04317,SELLER_00166,2025-08-17 00:12:53.855666,changed_mind,approved,False,
RETURN_003519,ORDER_043111,BUYER_04317,SELLER_00019,2025-12-09 00:18:15.233419,defective,approved,False,
RETURN_003520,ORDER_043112,BUYER_04317,SELLER_00409,2025-09-20 22:59:01.356065,defective,approved,False,
RETURN_003521,ORDER_043115,BUYER_04317,SELLER_00463,2025-09-09 20:45:52.756817,changed_mind,approved,False,
RETURN_003522,ORDER_043128,BUYER_04320,SELLER_00098,2025-07-31 07:34:23.000241,defective,approved,False,
RETURN_003523,ORDER_043135,BUYER_04320,SELLER_00455,2025-08-19 11:46:55.277753,changed_mind,approved,False,
RETURN_003524,ORDER_043154,BUYER_04321,SELLER_00178,2025-12-23 11:45:03.225810,changed_mind,approved,False,
RETURN_003525,ORDER_043157,BUYER_04322,SELLER_00438,2025-08-24 18:08:03.366742,changed_mind,approved,False,
RETURN_003526,ORDER_043166,BUYER_04322,SELLER_00292,2025-08-24 12:11:54.946678,size_issue,approved,False,
RETURN_003527,ORDER_043171,BUYER_04322,SELLER_00210,2025-09-28 07:02:51.999002,defective,approved,False,
RETURN_003528,ORDER_043192,BUYER_04323,SELLER_00438,2025-11-12 00:33:52.126127,wrong_item_received,approved,False,
RETURN_003529,ORDER_043202,BUYER_04325,SELLER_00101,2025-06-29 05:59:53.548298,size_issue,approved,False,
RETURN_003530,ORDER_043205,BUYER_04325,SELLER_00077,2025-10-11 14:46:25.355767,size_issue,approved,False,
RETURN_003531,ORDER_043219,BUYER_04326,SELLER_00333,2025-11-18 00:39:56.811301,size_issue,approved,False,
RETURN_003532,ORDER_043222,BUYER_04326,SELLER_00313,2025-08-19 07:22:55.453359,defective,approved,False,
RETURN_003533,ORDER_043234,BUYER_04328,SELLER_00409,2025-11-04 08:17:01.390780,wrong_item_received,approved,False,
RETURN_003534,ORDER_043235,BUYER_04328,SELLER_00459,2025-12-23 00:59:24.271671,changed_mind,approved,False,
RETURN_003535,ORDER_043246,BUYER_04328,SELLER_00018,2025-11-05 18:32:12.081820,wrong_item_received,approved,False,
RETURN_003536,ORDER_043263,BUYER_04330,SELLER_00050,2025-12-18 11:39:46.524193,wrong_item_received,approved,False,
RETURN_003537,ORDER_043271,BUYER_04332,SELLER_00153,2025-11-14 23:03:22.839639,wrong_item_received,approved,False,
RETURN_003538,ORDER_043293,BUYER_04335,SELLER_00083,2025-10-03 09:01:30.177338,wrong_item_received,approved,False,
RETURN_003539,ORDER_043371,BUYER_04342,SELLER_00409,2025-06-08 10:01:33.575899,wrong_item_received,approved,False,
RETURN_003540,ORDER_043398,BUYER_04343,SELLER_00016,2025-12-19 20:45:46.682881,wrong_item_received,approved,False,
RETURN_003541,ORDER_043412,BUYER_04344,SELLER_00123,2025-11-13 09:38:14.051185,changed_mind,approved,False,
RETURN_003542,ORDER_043414,BUYER_04344,SELLER_00204,2025-11-08 17:42:48.298569,size_issue,approved,False,
RETURN_003543,ORDER_043421,BUYER_04344,SELLER_00290,2025-12-05 23:31:18.703146,defective,approved,False,
RETURN_003544,ORDER_043492,BUYER_04351,SELLER_00011,2025-08-21 12:55:05.910955,wrong_item_received,approved,False,
RETURN_003545,ORDER_043506,BUYER_04351,SELLER_00463,2025-12-14 10:58:01.141427,changed_mind,approved,False,
RETURN_003546,ORDER_043532,BUYER_04355,SELLER_00071,2025-09-25 04:00:09.938031,defective,approved,False,
RETURN_003547,ORDER_043555,BUYER_04358,SELLER_00313,2025-11-02 12:51:13.463974,changed_mind,approved,False,
RETURN_003548,ORDER_043558,BUYER_04359,SELLER_00097,2025-10-20 08:17:11.053907,changed_mind,approved,False,
RETURN_003549,ORDER_043559,BUYER_04359,SELLER_00141,2025-11-16 01:26:31.920745,defective,approved,False,
RETURN_003550,ORDER_043563,BUYER_04359,SELLER_00488,2025-09-26 05:39:59.340425,changed_mind,approved,False,
RETURN_003551,ORDER_043566,BUYER_04359,SELLER_00390,2025-09-27 15:19:21.075617,defective,approved,False,
RETURN_003552,ORDER_043592,BUYER_04360,SELLER_00089,2025-10-27 14:13:32.370977,changed_mind,approved,False,
RETURN_003553,ORDER_043606,BUYER_04362,SELLER_00392,2025-08-05 06:18:09.995736,defective,approved,False,
RETURN_003554,ORDER_043610,BUYER_04363,SELLER_00036,2025-05-08 20:18:44.678271,defective,approved,False,
RETURN_003555,ORDER_043612,BUYER_04363,SELLER_00044,2025-05-13 03:23:49.133182,size_issue,approved,True,return_abuse
RETURN_003556,ORDER_043641,BUYER_04365,SELLER_00115,2025-07-27 02:49:40.097372,wrong_item_received,approved,False,
RETURN_003557,ORDER_043645,BUYER_04366,SELLER_00054,2025-11-27 15:30:28.520373,changed_mind,approved,False,
RETURN_003558,ORDER_043647,BUYER_04366,SELLER_00379,2025-12-17 14:29:24.102483,defective,approved,False,
RETURN_003559,ORDER_043650,BUYER_04366,SELLER_00083,2025-12-20 06:35:31.230728,changed_mind,approved,False,
RETURN_003560,ORDER_043654,BUYER_04366,SELLER_00423,2025-12-22 04:08:44.841504,size_issue,approved,False,
RETURN_003561,ORDER_043662,BUYER_04366,SELLER_00123,2025-12-10 06:04:57.349629,defective,approved,False,
RETURN_003562,ORDER_043666,BUYER_04366,SELLER_00047,2025-10-24 21:17:20.256484,size_issue,approved,False,
RETURN_003563,ORDER_043675,BUYER_04368,SELLER_00225,2025-11-22 12:43:22.740842,changed_mind,approved,False,
RETURN_003564,ORDER_043676,BUYER_04368,SELLER_00049,2025-11-19 00:31:53.086331,size_issue,approved,False,
RETURN_003565,ORDER_043677,BUYER_04368,SELLER_00462,2025-11-02 17:42:16.385488,changed_mind,approved,False,
RETURN_003566,ORDER_043682,BUYER_04369,SELLER_00483,2025-11-23 10:00:37.783841,changed_mind,approved,False,
RETURN_003567,ORDER_043694,BUYER_04371,SELLER_00438,2025-09-30 20:31:38.548692,changed_mind,approved,False,
RETURN_003568,ORDER_043713,BUYER_04373,SELLER_00080,2025-11-26 16:47:24.265089,changed_mind,approved,False,
RETURN_003569,ORDER_043727,BUYER_04374,SELLER_00208,2025-12-19 09:16:05.948811,changed_mind,approved,False,
RETURN_003570,ORDER_043729,BUYER_04374,SELLER_00470,2025-12-24 01:01:27.443163,size_issue,approved,False,
RETURN_003571,ORDER_043731,BUYER_04374,SELLER_00185,2025-12-22 00:49:37.177754,wrong_item_received,approved,False,
RETURN_003572,ORDER_043742,BUYER_04375,SELLER_00199,2025-09-19 09:41:48.488806,defective,approved,False,
RETURN_003573,ORDER_043746,BUYER_04375,SELLER_00203,2025-12-04 14:24:31.327226,changed_mind,approved,False,
RETURN_003574,ORDER_043773,BUYER_04377,SELLER_00435,2025-10-23 22:21:32.879653,defective,approved,False,
RETURN_003575,ORDER_043779,BUYER_04377,SELLER_00126,2025-11-10 10:28:02.389078,size_issue,approved,False,
RETURN_003576,ORDER_043781,BUYER_04377,SELLER_00275,2025-11-15 22:56:03.460589,changed_mind,approved,False,
RETURN_003577,ORDER_043788,BUYER_04378,SELLER_00101,2025-07-30 22:23:01.553233,defective,approved,False,
RETURN_003578,ORDER_043811,BUYER_04381,SELLER_00039,2025-12-15 02:54:50.581116,size_issue,approved,False,
RETURN_003579,ORDER_043843,BUYER_04385,SELLER_00123,2025-08-25 02:35:05.952960,defective,approved,False,
RETURN_003580,ORDER_043844,BUYER_04386,SELLER_00081,2025-04-11 23:13:17.559260,changed_mind,approved,False,
RETURN_003581,ORDER_043847,BUYER_04386,SELLER_00474,2025-11-22 05:25:35.401526,defective,approved,False,
RETURN_003582,ORDER_043853,BUYER_04386,SELLER_00399,2025-11-21 03:18:32.444123,size_issue,approved,False,
RETURN_003583,ORDER_043867,BUYER_04388,SELLER_00143,2025-10-25 00:52:46.649941,size_issue,approved,False,
RETURN_003584,ORDER_043904,BUYER_04395,SELLER_00399,2025-12-23 07:46:30.838304,changed_mind,approved,False,
RETURN_003585,ORDER_043963,BUYER_04400,SELLER_00018,2025-10-30 13:44:40.231118,defective,approved,False,
RETURN_003586,ORDER_043964,BUYER_04400,SELLER_00446,2025-02-01 14:00:52.965379,size_issue,approved,False,
RETURN_003587,ORDER_043970,BUYER_04401,SELLER_00279,2025-09-01 18:22:16.086367,defective,approved,False,
RETURN_003588,ORDER_043979,BUYER_04402,SELLER_00468,2025-10-26 19:53:19.487226,size_issue,approved,False,
RETURN_003589,ORDER_043982,BUYER_04403,SELLER_00411,2025-03-19 20:34:35.280011,changed_mind,approved,False,
RETURN_003590,ORDER_043984,BUYER_04403,SELLER_00001,2025-10-31 00:01:09.870348,size_issue,approved,False,
RETURN_003591,ORDER_043985,BUYER_04403,SELLER_00157,2025-05-04 12:49:10.924573,defective,approved,False,
RETURN_003592,ORDER_043989,BUYER_04403,SELLER_00095,2025-04-17 11:22:43.073943,changed_mind,approved,False,
RETURN_003593,ORDER_043993,BUYER_04403,SELLER_00290,2025-06-26 06:26:11.370854,defective,approved,False,
RETURN_003594,ORDER_043998,BUYER_04403,SELLER_00221,2025-05-25 06:25:43.734401,changed_mind,approved,False,
RETURN_003595,ORDER_043999,BUYER_04403,SELLER_00385,2025-03-14 13:45:08.692609,changed_mind,approved,False,
RETURN_003596,ORDER_044015,BUYER_04405,SELLER_00112,2025-11-12 13:36:22.667313,changed_mind,approved,False,
RETURN_003597,ORDER_044026,BUYER_04407,SELLER_00084,2025-11-10 16:59:34.357488,defective,approved,False,
RETURN_003598,ORDER_044031,BUYER_04407,SELLER_00437,2025-10-08 06:19:23.304199,changed_mind,approved,False,
RETURN_003599,ORDER_044036,BUYER_04407,SELLER_00169,2025-09-19 02:36:18.951194,defective,approved,False,
RETURN_003600,ORDER_044042,BUYER_04408,SELLER_00142,2025-12-09 04:00:59.702046,changed_mind,approved,False,
RETURN_003601,ORDER_044055,BUYER_04410,SELLER_00077,2025-03-18 02:47:51.851633,defective,approved,False,
RETURN_003602,ORDER_044060,BUYER_04411,SELLER_00065,2025-11-27 03:05:53.236702,changed_mind,approved,False,
RETURN_003603,ORDER_044080,BUYER_04414,SELLER_00005,2025-05-21 17:50:30.194520,size_issue,approved,False,
RETURN_003604,ORDER_044081,BUYER_04414,SELLER_00344,2025-05-07 20:35:35.303679,changed_mind,approved,False,
RETURN_003605,ORDER_044089,BUYER_04416,SELLER_00484,2025-06-08 23:30:57.843464,changed_mind,approved,False,
RETURN_003606,ORDER_044146,BUYER_04421,SELLER_00105,2025-12-15 02:22:30.212476,defective,approved,False,
RETURN_003607,ORDER_044211,BUYER_04425,SELLER_00483,2025-05-24 19:09:41.491628,wrong_item_received,approved,False,
RETURN_003608,ORDER_044217,BUYER_04425,SELLER_00126,2025-05-04 12:15:59.346585,changed_mind,approved,False,
RETURN_003609,ORDER_044224,BUYER_04425,SELLER_00316,2025-11-10 03:28:04.810213,defective,approved,False,
RETURN_003610,ORDER_044225,BUYER_04425,SELLER_00049,2025-04-23 06:51:06.131661,defective,approved,False,
RETURN_003611,ORDER_044227,BUYER_04425,SELLER_00037,2025-04-28 04:15:50.883456,changed_mind,approved,False,
RETURN_003612,ORDER_044231,BUYER_04425,SELLER_00102,2025-06-12 11:44:21.950172,size_issue,approved,False,
RETURN_003613,ORDER_044232,BUYER_04425,SELLER_00385,2025-06-28 09:25:50.904414,size_issue,approved,False,
RETURN_003614,ORDER_044236,BUYER_04425,SELLER_00381,2025-04-02 23:12:37.528205,changed_mind,approved,False,
RETURN_003615,ORDER_044241,BUYER_04425,SELLER_00002,2025-08-12 01:41:51.291626,defective,approved,False,
RETURN_003616,ORDER_044246,BUYER_04426,SELLER_00247,2025-11-08 10:55:34.023198,size_issue,approved,False,
RETURN_003617,ORDER_044263,BUYER_04427,SELLER_00125,2025-10-18 07:32:36.987537,changed_mind,approved,False,
RETURN_003618,ORDER_044264,BUYER_04427,SELLER_00247,2025-10-13 02:15:45.726586,wrong_item_received,approved,False,
RETURN_003619,ORDER_044266,BUYER_04427,SELLER_00432,2025-10-25 07:13:48.022682,size_issue,approved,False,
RETURN_003620,ORDER_044283,BUYER_04429,SELLER_00174,2025-10-22 02:29:25.632987,changed_mind,approved,False,
RETURN_003621,ORDER_044287,BUYER_04431,SELLER_00419,2025-12-04 16:08:24.248359,changed_mind,approved,False,
RETURN_003622,ORDER_044344,BUYER_04437,SELLER_00206,2025-07-16 19:52:25.512901,wrong_item_received,approved,False,
RETURN_003623,ORDER_044359,BUYER_04438,SELLER_00399,2025-07-15 15:03:17.411177,size_issue,approved,False,
RETURN_003624,ORDER_044371,BUYER_04439,SELLER_00016,2025-10-17 06:55:03.893842,changed_mind,approved,False,
RETURN_003625,ORDER_044374,BUYER_04440,SELLER_00124,2025-12-26 02:12:32.960792,defective,approved,False,
RETURN_003626,ORDER_044383,BUYER_04441,SELLER_00433,2025-09-06 18:16:10.860830,size_issue,approved,False,
RETURN_003627,ORDER_044387,BUYER_04442,SELLER_00376,2025-10-08 16:46:10.462265,wrong_item_received,approved,False,
RETURN_003628,ORDER_044390,BUYER_04443,SELLER_00269,2025-10-07 04:14:51.659364,size_issue,approved,False,
RETURN_003629,ORDER_044395,BUYER_04443,SELLER_00277,2025-11-18 23:50:21.827801,defective,approved,False,
RETURN_003630,ORDER_044409,BUYER_04445,SELLER_00190,2025-09-01 20:37:37.842495,size_issue,approved,False,
RETURN_003631,ORDER_044423,BUYER_04446,SELLER_00295,2025-05-02 22:11:49.068205,wrong_item_received,approved,False,
RETURN_003632,ORDER_044425,BUYER_04446,SELLER_00485,2025-10-18 23:56:38.775011,size_issue,approved,False,
RETURN_003633,ORDER_044510,BUYER_04453,SELLER_00438,2025-04-20 00:58:32.117258,changed_mind,approved,False,
RETURN_003634,ORDER_044514,BUYER_04453,SELLER_00012,2025-05-22 15:17:28.392006,defective,approved,False,
RETURN_003635,ORDER_044516,BUYER_04453,SELLER_00221,2025-10-02 20:53:18.620643,size_issue,approved,False,
RETURN_003636,ORDER_044517,BUYER_04453,SELLER_00281,2025-11-18 12:16:03.832328,changed_mind,approved,False,
RETURN_003637,ORDER_044523,BUYER_04453,SELLER_00192,2025-04-10 15:15:52.172578,size_issue,approved,False,
RETURN_003638,ORDER_044527,BUYER_04453,SELLER_00333,2025-07-28 16:14:11.006578,wrong_item_received,approved,False,
RETURN_003639,ORDER_044531,BUYER_04453,SELLER_00253,2025-06-08 19:30:19.475277,size_issue,approved,False,
RETURN_003640,ORDER_044537,BUYER_04453,SELLER_00073,2025-04-04 12:11:44.276458,defective,approved,False,
RETURN_003641,ORDER_044554,BUYER_04455,SELLER_00434,2025-05-18 08:39:38.645028,defective,approved,False,
RETURN_003642,ORDER_044562,BUYER_04455,SELLER_00232,2025-04-16 18:03:18.119691,changed_mind,approved,False,
RETURN_003643,ORDER_044605,BUYER_04457,SELLER_00033,2025-09-27 23:58:41.601007,defective,approved,False,
RETURN_003644,ORDER_044620,BUYER_04458,SELLER_00441,2025-12-26 01:20:30.765177,wrong_item_received,approved,False,
RETURN_003645,ORDER_044633,BUYER_04460,SELLER_00066,2025-12-23 12:48:04.629588,wrong_item_received,approved,False,
RETURN_003646,ORDER_044634,BUYER_04460,SELLER_00376,2025-11-04 04:27:13.602151,size_issue,approved,False,
RETURN_003647,ORDER_044640,BUYER_04461,SELLER_00425,2025-11-22 15:21:21.788599,changed_mind,approved,False,
RETURN_003648,ORDER_044642,BUYER_04462,SELLER_00459,2025-11-07 01:59:31.571120,changed_mind,approved,False,
RETURN_003649,ORDER_044653,BUYER_04463,SELLER_00164,2025-06-10 13:58:30.748201,changed_mind,approved,False,
RETURN_003650,ORDER_044675,BUYER_04465,SELLER_00167,2025-08-30 00:37:48.834528,wrong_item_received,approved,False,
RETURN_003651,ORDER_044721,BUYER_04471,SELLER_00473,2025-09-30 00:03:05.277875,wrong_item_received,approved,False,
RETURN_003652,ORDER_044726,BUYER_04472,SELLER_00376,2025-05-12 05:35:40.749674,size_issue,approved,False,
RETURN_003653,ORDER_044749,BUYER_04474,SELLER_00450,2025-06-19 07:27:35.443240,defective,approved,False,
RETURN_003654,ORDER_044752,BUYER_04474,SELLER_00049,2025-08-08 09:57:39.973636,changed_mind,approved,False,
RETURN_003655,ORDER_044755,BUYER_04474,SELLER_00468,2025-11-11 07:22:54.380126,defective,approved,False,
RETURN_003656,ORDER_044756,BUYER_04474,SELLER_00135,2025-11-23 14:14:10.853138,defective,approved,False,
RETURN_003657,ORDER_044759,BUYER_04474,SELLER_00155,2025-03-03 11:37:14.165151,size_issue,approved,False,
RETURN_003658,ORDER_044760,BUYER_04474,SELLER_00183,2025-08-11 04:17:48.121728,defective,approved,False,
RETURN_003659,ORDER_044764,BUYER_04474,SELLER_00023,2025-06-11 10:49:33.128197,size_issue,approved,False,
RETURN_003660,ORDER_044766,BUYER_04475,SELLER_00230,2025-11-20 09:57:33.288259,changed_mind,approved,False,
RETURN_003661,ORDER_044797,BUYER_04478,SELLER_00211,2025-12-24 11:04:32.098419,defective,approved,False,
RETURN_003662,ORDER_044816,BUYER_04481,SELLER_00000,2025-11-02 04:46:52.348868,size_issue,approved,False,
RETURN_003663,ORDER_044847,BUYER_04483,SELLER_00057,2025-10-04 05:58:38.845701,defective,approved,False,
RETURN_003664,ORDER_044954,BUYER_04491,SELLER_00016,2025-06-22 22:50:00.671939,changed_mind,approved,False,
RETURN_003665,ORDER_044960,BUYER_04492,SELLER_00411,2025-05-17 14:38:37.669115,defective,approved,False,
RETURN_003666,ORDER_044961,BUYER_04493,SELLER_00407,2025-08-27 19:54:48.816974,changed_mind,approved,False,
RETURN_003667,ORDER_044970,BUYER_04493,SELLER_00016,2025-04-12 19:40:16.799432,changed_mind,approved,False,
RETURN_003668,ORDER_044971,BUYER_04493,SELLER_00399,2025-01-17 05:27:45.287837,changed_mind,approved,False,
RETURN_003669,ORDER_044986,BUYER_04496,SELLER_00077,2025-05-27 21:44:07.832716,size_issue,approved,False,
RETURN_003670,ORDER_044989,BUYER_04496,SELLER_00232,2025-09-07 23:28:48.951838,changed_mind,approved,False,
RETURN_003671,ORDER_045000,BUYER_04497,SELLER_00172,2025-08-24 09:35:11.502585,wrong_item_received,approved,False,
RETURN_003672,ORDER_045035,BUYER_04503,SELLER_00491,2025-08-31 02:23:08.197271,defective,approved,False,
RETURN_003673,ORDER_045038,BUYER_04503,SELLER_00010,2025-06-15 15:30:11.943200,defective,approved,False,
RETURN_003674,ORDER_045042,BUYER_04504,SELLER_00290,2025-05-17 02:38:45.471660,changed_mind,approved,False,
RETURN_003675,ORDER_045049,BUYER_04506,SELLER_00183,2025-04-11 15:01:02.734192,changed_mind,approved,False,
RETURN_003676,ORDER_045050,BUYER_04506,SELLER_00212,2025-09-18 12:50:08.054929,changed_mind,approved,False,
RETURN_003677,ORDER_045052,BUYER_04506,SELLER_00459,2025-12-12 04:00:50.670412,changed_mind,approved,False,
RETURN_003678,ORDER_045054,BUYER_04506,SELLER_00472,2025-07-15 09:42:27.756053,changed_mind,approved,False,
RETURN_003679,ORDER_045066,BUYER_04506,SELLER_00231,2025-06-20 07:11:39.718650,size_issue,approved,False,
RETURN_003680,ORDER_045074,BUYER_04507,SELLER_00016,2025-11-26 06:21:17.984125,size_issue,approved,False,
RETURN_003681,ORDER_045102,BUYER_04511,SELLER_00285,2025-08-08 21:05:37.751945,wrong_item_received,approved,False,
RETURN_003682,ORDER_045107,BUYER_04513,SELLER_00126,2025-11-25 09:52:01.165390,size_issue,approved,False,
RETURN_003683,ORDER_045115,BUYER_04515,SELLER_00183,2025-10-04 18:30:15.051084,defective,approved,False,
RETURN_003684,ORDER_045120,BUYER_04515,SELLER_00386,2025-03-13 03:55:16.407761,changed_mind,approved,False,
RETURN_003685,ORDER_045130,BUYER_04516,SELLER_00460,2025-06-19 10:19:40.426410,defective,approved,False,
RETURN_003686,ORDER_045144,BUYER_04517,SELLER_00107,2025-08-22 14:55:28.209031,changed_mind,approved,False,
RETURN_003687,ORDER_045156,BUYER_04518,SELLER_00468,2025-08-03 10:24:10.881797,size_issue,approved,False,
RETURN_003688,ORDER_045195,BUYER_04522,SELLER_00244,2025-10-28 11:57:18.821392,changed_mind,approved,False,
RETURN_003689,ORDER_045211,BUYER_04524,SELLER_00432,2025-11-07 17:53:51.823834,defective,approved,False,
RETURN_003690,ORDER_045269,BUYER_04529,SELLER_00431,2025-08-23 06:49:27.752776,defective,approved,False,
RETURN_003691,ORDER_045274,BUYER_04530,SELLER_00251,2025-10-31 14:44:22.949542,changed_mind,approved,False,
RETURN_003692,ORDER_045277,BUYER_04530,SELLER_00438,2025-12-09 23:15:49.853303,changed_mind,approved,False,
RETURN_003693,ORDER_045288,BUYER_04531,SELLER_00275,2025-12-27 01:30:51.930461,changed_mind,approved,False,
RETURN_003694,ORDER_045295,BUYER_04531,SELLER_00040,2025-09-29 08:46:45.684876,changed_mind,approved,False,
RETURN_003695,ORDER_045337,BUYER_04535,SELLER_00172,2025-11-30 14:51:29.275883,changed_mind,approved,False,
RETURN_003696,ORDER_045365,BUYER_04538,SELLER_00409,2025-12-01 23:20:38.173662,size_issue,approved,False,
RETURN_003697,ORDER_045371,BUYER_04539,SELLER_00454,2025-12-10 04:33:29.012539,wrong_item_received,approved,False,
RETURN_003698,ORDER_045411,BUYER_04542,SELLER_00172,2025-10-02 05:05:35.053727,size_issue,approved,False,
RETURN_003699,ORDER_045444,BUYER_04546,SELLER_00290,2025-12-09 04:23:26.804967,changed_mind,approved,False,
RETURN_003700,ORDER_045460,BUYER_04548,SELLER_00094,2025-10-15 17:10:46.235137,size_issue,approved,False,
RETURN_003701,ORDER_045463,BUYER_04548,SELLER_00387,2025-12-30 21:22:19.145099,defective,approved,False,
RETURN_003702,ORDER_045469,BUYER_04549,SELLER_00058,2025-12-16 19:46:53.492272,changed_mind,approved,False,
RETURN_003703,ORDER_045470,BUYER_04549,SELLER_00170,2025-12-20 11:48:47.930451,size_issue,approved,False,
RETURN_003704,ORDER_045471,BUYER_04550,SELLER_00388,2025-12-25 03:05:03.705235,changed_mind,approved,False,
RETURN_003705,ORDER_045498,BUYER_04552,SELLER_00272,2025-03-20 15:53:52.850170,size_issue,approved,False,
RETURN_003706,ORDER_045507,BUYER_04553,SELLER_00408,2025-11-16 23:38:10.144543,changed_mind,approved,False,
RETURN_003707,ORDER_045510,BUYER_04553,SELLER_00159,2025-11-11 02:43:22.798781,defective,approved,False,
RETURN_003708,ORDER_045511,BUYER_04553,SELLER_00458,2025-10-08 19:44:29.533234,size_issue,approved,False,
RETURN_003709,ORDER_045517,BUYER_04554,SELLER_00051,2025-09-25 09:50:35.303505,changed_mind,approved,False,
RETURN_003710,ORDER_045537,BUYER_04558,SELLER_00074,2025-08-23 07:13:52.939506,wrong_item_received,approved,False,
RETURN_003711,ORDER_045546,BUYER_04560,SELLER_00218,2025-12-04 12:17:55.343707,defective,approved,False,
RETURN_003712,ORDER_045548,BUYER_04560,SELLER_00426,2025-10-30 19:06:23.717034,changed_mind,approved,False,
RETURN_003713,ORDER_045554,BUYER_04560,SELLER_00172,2025-12-06 08:10:35.833915,changed_mind,approved,False,
RETURN_003714,ORDER_045581,BUYER_04561,SELLER_00013,2025-11-10 10:10:33.488838,size_issue,approved,False,
RETURN_003715,ORDER_045600,BUYER_04563,SELLER_00277,2025-09-20 12:08:10.788278,size_issue,approved,False,
RETURN_003716,ORDER_045604,BUYER_04563,SELLER_00376,2025-12-09 00:03:49.231272,size_issue,approved,False,
RETURN_003717,ORDER_045607,BUYER_04563,SELLER_00148,2025-10-03 08:13:16.282384,changed_mind,approved,False,
RETURN_003718,ORDER_045615,BUYER_04563,SELLER_00422,2025-11-29 18:59:45.166543,defective,approved,False,
RETURN_003719,ORDER_045618,BUYER_04563,SELLER_00455,2025-08-18 20:15:40.751331,size_issue,approved,False,
RETURN_003720,ORDER_045622,BUYER_04563,SELLER_00124,2025-09-02 13:47:07.053277,defective,approved,False,
RETURN_003721,ORDER_045635,BUYER_04565,SELLER_00164,2025-08-03 22:41:50.099815,size_issue,approved,False,
RETURN_003722,ORDER_045637,BUYER_04565,SELLER_00405,2025-07-27 00:17:52.947145,wrong_item_received,approved,False,
RETURN_003723,ORDER_045647,BUYER_04565,SELLER_00477,2025-04-19 15:30:18.838945,changed_mind,approved,False,
RETURN_003724,ORDER_045650,BUYER_04565,SELLER_00077,2025-08-25 12:14:41.798700,size_issue,approved,False,
RETURN_003725,ORDER_045660,BUYER_04565,SELLER_00128,2025-10-28 13:05:28.431665,changed_mind,approved,False,
RETURN_003726,ORDER_045662,BUYER_04566,SELLER_00241,2025-10-25 19:06:19.049218,defective,approved,False,
RETURN_003727,ORDER_045667,BUYER_04566,SELLER_00439,2025-10-02 04:01:41.195059,size_issue,approved,False,
RETURN_003728,ORDER_045668,BUYER_04566,SELLER_00083,2025-11-17 05:27:07.112871,changed_mind,approved,False,
RETURN_003729,ORDER_045669,BUYER_04566,SELLER_00026,2025-09-27 20:55:12.366362,changed_mind,approved,False,
RETURN_003730,ORDER_045675,BUYER_04566,SELLER_00408,2025-12-30 21:07:21.337719,changed_mind,approved,False,
RETURN_003731,ORDER_045679,BUYER_04566,SELLER_00098,2025-11-19 08:00:45.673741,defective,approved,False,
RETURN_003732,ORDER_045686,BUYER_04568,SELLER_00347,2025-09-24 05:21:44.357355,wrong_item_received,approved,False,
RETURN_003733,ORDER_045691,BUYER_04569,SELLER_00123,2025-12-13 17:20:01.181129,changed_mind,approved,False,
RETURN_003734,ORDER_045701,BUYER_04572,SELLER_00020,2025-12-25 20:50:34.355288,defective,approved,False,
RETURN_003735,ORDER_045750,BUYER_04576,SELLER_00067,2025-09-23 02:07:14.384298,changed_mind,approved,False,
RETURN_003736,ORDER_045754,BUYER_04576,SELLER_00326,2025-09-29 07:10:32.248741,defective,approved,False,
RETURN_003737,ORDER_045756,BUYER_04576,SELLER_00079,2025-09-12 05:15:52.192331,size_issue,approved,False,
RETURN_003738,ORDER_045766,BUYER_04576,SELLER_00160,2025-08-26 15:23:36.829266,defective,approved,False,
RETURN_003739,ORDER_045769,BUYER_04576,SELLER_00358,2025-11-04 02:02:13.393802,defective,approved,False,
RETURN_003740,ORDER_045775,BUYER_04578,SELLER_00054,2025-03-11 08:14:25.022750,changed_mind,approved,False,
RETURN_003741,ORDER_045811,BUYER_04583,SELLER_00214,2025-11-19 15:33:12.078172,size_issue,approved,False,
RETURN_003742,ORDER_045815,BUYER_04583,SELLER_00271,2025-10-20 08:42:19.223941,size_issue,approved,False,
RETURN_003743,ORDER_045816,BUYER_04583,SELLER_00468,2025-12-04 03:57:59.570295,defective,approved,False,
RETURN_003744,ORDER_045818,BUYER_04583,SELLER_00313,2025-10-11 08:29:47.965781,changed_mind,approved,False,
RETURN_003745,ORDER_045828,BUYER_04584,SELLER_00455,2025-04-13 01:17:27.660117,defective,approved,False,
RETURN_003746,ORDER_045863,BUYER_04588,SELLER_00153,2025-12-12 14:14:09.444357,size_issue,approved,False,
RETURN_003747,ORDER_045864,BUYER_04588,SELLER_00482,2025-12-27 11:19:16.366100,wrong_item_received,approved,False,
RETURN_003748,ORDER_045882,BUYER_04590,SELLER_00152,2025-09-18 18:23:11.603507,defective,approved,False,
RETURN_003749,ORDER_045884,BUYER_04590,SELLER_00439,2025-07-05 18:32:47.854161,changed_mind,approved,False,
RETURN_003750,ORDER_045885,BUYER_04590,SELLER_00231,2025-09-01 13:39:36.213735,size_issue,approved,False,
RETURN_003751,ORDER_045888,BUYER_04590,SELLER_00074,2025-07-24 23:09:12.017686,changed_mind,approved,False,
RETURN_003752,ORDER_045899,BUYER_04592,SELLER_00275,2025-12-01 23:35:52.187686,defective,approved,False,
RETURN_003753,ORDER_045900,BUYER_04592,SELLER_00233,2025-11-25 08:23:34.825999,wrong_item_received,approved,False,
RETURN_003754,ORDER_045930,BUYER_04596,SELLER_00351,2025-08-20 10:41:25.679207,changed_mind,approved,False,
RETURN_003755,ORDER_045935,BUYER_04597,SELLER_00316,2025-01-30 07:35:55.921949,changed_mind,approved,False,
RETURN_003756,ORDER_045936,BUYER_04597,SELLER_00424,2025-06-14 13:52:57.093887,changed_mind,approved,False,
RETURN_003757,ORDER_045972,BUYER_04597,SELLER_00148,2025-09-29 08:04:27.798661,size_issue,approved,False,
RETURN_003758,ORDER_045974,BUYER_04597,SELLER_00209,2025-04-04 07:08:17.325174,size_issue,approved,False,
RETURN_003759,ORDER_045982,BUYER_04598,SELLER_00016,2025-09-21 14:01:22.715755,defective,approved,False,
RETURN_003760,ORDER_045990,BUYER_04598,SELLER_00054,2025-11-18 13:26:08.010643,wrong_item_received,approved,False,
RETURN_003761,ORDER_045991,BUYER_04598,SELLER_00447,2025-09-16 22:55:40.852576,defective,approved,False,
RETURN_003762,ORDER_046008,BUYER_04599,SELLER_00299,2025-11-16 16:10:46.203941,defective,approved,False,
RETURN_003763,ORDER_046010,BUYER_04599,SELLER_00459,2025-11-13 13:40:53.545282,defective,approved,False,
RETURN_003764,ORDER_046020,BUYER_04600,SELLER_00316,2025-12-27 09:16:56.052303,changed_mind,approved,False,
RETURN_003765,ORDER_046055,BUYER_04604,SELLER_00038,2025-12-09 17:29:26.427055,changed_mind,approved,False,
RETURN_003766,ORDER_046102,BUYER_04608,SELLER_00430,2025-09-03 00:03:26.968962,changed_mind,approved,False,
RETURN_003767,ORDER_046105,BUYER_04608,SELLER_00313,2025-12-14 00:27:28.732806,defective,approved,False,
RETURN_003768,ORDER_046106,BUYER_04608,SELLER_00358,2025-10-18 19:04:05.288655,changed_mind,approved,False,
RETURN_003769,ORDER_046118,BUYER_04609,SELLER_00275,2025-12-28 07:06:22.731695,changed_mind,approved,False,
RETURN_003770,ORDER_046133,BUYER_04610,SELLER_00090,2025-11-17 23:13:32.347948,defective,approved,False,
RETURN_003771,ORDER_046143,BUYER_04610,SELLER_00309,2025-12-30 01:41:32.376358,changed_mind,approved,False,
RETURN_003772,ORDER_046158,BUYER_04611,SELLER_00269,2025-05-11 17:23:30.664310,defective,approved,False,
RETURN_003773,ORDER_046200,BUYER_04617,SELLER_00333,2025-09-12 13:28:07.131418,size_issue,approved,False,
RETURN_003774,ORDER_046247,BUYER_04624,SELLER_00126,2025-08-26 14:58:56.631835,wrong_item_received,approved,False,
RETURN_003775,ORDER_046266,BUYER_04626,SELLER_00435,2025-08-27 05:10:36.865537,changed_mind,approved,False,
RETURN_003776,ORDER_046269,BUYER_04627,SELLER_00326,2025-07-23 20:30:18.044606,changed_mind,approved,False,
RETURN_003777,ORDER_046296,BUYER_04629,SELLER_00424,2025-10-12 09:32:10.478800,changed_mind,approved,False,
RETURN_003778,ORDER_046310,BUYER_04634,SELLER_00311,2025-07-02 00:22:07.928428,changed_mind,approved,False,
RETURN_003779,ORDER_046332,BUYER_04638,SELLER_00483,2025-12-04 01:30:58.823764,defective,approved,False,
RETURN_003780,ORDER_046386,BUYER_04644,SELLER_00126,2025-03-09 02:04:19.500108,changed_mind,approved,False,
RETURN_003781,ORDER_046393,BUYER_04644,SELLER_00454,2025-12-26 20:01:41.124620,changed_mind,approved,False,
RETURN_003782,ORDER_046447,BUYER_04648,SELLER_00040,2025-10-08 03:35:21.083515,defective,approved,False,
RETURN_003783,ORDER_046481,BUYER_04651,SELLER_00168,2025-07-11 03:58:29.222627,changed_mind,approved,False,
RETURN_003784,ORDER_046505,BUYER_04653,SELLER_00282,2025-10-01 10:40:42.481365,wrong_item_received,approved,False,
RETURN_003785,ORDER_046519,BUYER_04654,SELLER_00021,2025-11-02 18:47:37.574566,changed_mind,approved,False,
RETURN_003786,ORDER_046534,BUYER_04656,SELLER_00313,2025-06-25 16:00:14.799960,size_issue,approved,False,
RETURN_003787,ORDER_046537,BUYER_04656,SELLER_00074,2025-09-27 10:30:38.464295,size_issue,approved,False,
RETURN_003788,ORDER_046576,BUYER_04659,SELLER_00451,2025-12-18 01:16:27.172780,wrong_item_received,approved,False,
RETURN_003789,ORDER_046578,BUYER_04659,SELLER_00167,2025-12-16 15:39:18.280063,size_issue,approved,False,
RETURN_003790,ORDER_046580,BUYER_04660,SELLER_00369,2025-08-14 11:39:49.771635,changed_mind,approved,False,
RETURN_003791,ORDER_046581,BUYER_04660,SELLER_00289,2025-06-17 09:36:35.601116,wrong_item_received,approved,False,
RETURN_003792,ORDER_046582,BUYER_04660,SELLER_00232,2025-11-21 09:21:34.415706,size_issue,approved,False,
RETURN_003793,ORDER_046583,BUYER_04660,SELLER_00108,2025-06-16 21:43:32.759416,changed_mind,approved,False,
RETURN_003794,ORDER_046588,BUYER_04660,SELLER_00017,2025-10-05 17:11:32.238940,changed_mind,approved,False,
RETURN_003795,ORDER_046594,BUYER_04660,SELLER_00011,2025-06-19 14:35:32.450228,defective,approved,False,
RETURN_003796,ORDER_046644,BUYER_04665,SELLER_00492,2025-07-15 18:14:02.981159,changed_mind,approved,False,
RETURN_003797,ORDER_046684,BUYER_04667,SELLER_00185,2025-11-02 22:13:05.305962,changed_mind,approved,False,
RETURN_003798,ORDER_046691,BUYER_04668,SELLER_00477,2025-12-02 21:27:11.714595,changed_mind,approved,False,
RETURN_003799,ORDER_046700,BUYER_04668,SELLER_00314,2025-08-11 05:35:18.472420,wrong_item_received,approved,False,
RETURN_003800,ORDER_046710,BUYER_04668,SELLER_00153,2025-04-01 16:41:19.266454,changed_mind,approved,False,
RETURN_003801,ORDER_046714,BUYER_04668,SELLER_00091,2025-04-28 04:25:04.446321,defective,approved,False,
RETURN_003802,ORDER_046725,BUYER_04670,SELLER_00026,2025-03-27 21:50:23.838455,wrong_item_received,approved,False,
RETURN_003803,ORDER_046754,BUYER_04672,SELLER_00305,2025-07-09 23:58:19.597778,changed_mind,approved,False,
RETURN_003804,ORDER_046755,BUYER_04672,SELLER_00202,2025-11-21 13:00:31.736779,changed_mind,approved,False,
RETURN_003805,ORDER_046769,BUYER_04672,SELLER_00418,2025-09-12 17:50:10.106394,wrong_item_received,approved,False,
RETURN_003806,ORDER_046770,BUYER_04672,SELLER_00314,2025-08-27 19:12:51.564502,changed_mind,approved,False,
RETURN_003807,ORDER_046783,BUYER_04673,SELLER_00147,2025-05-11 02:23:08.968213,wrong_item_received,approved,False,
RETURN_003808,ORDER_046788,BUYER_04673,SELLER_00424,2025-06-04 17:44:16.106494,changed_mind,approved,False,
RETURN_003809,ORDER_046842,BUYER_04680,SELLER_00152,2025-10-25 02:59:52.308799,changed_mind,approved,False,
RETURN_003810,ORDER_046868,BUYER_04684,SELLER_00427,2025-09-13 23:49:10.765850,changed_mind,approved,False,
RETURN_003811,ORDER_046876,BUYER_04685,SELLER_00026,2025-11-18 21:17:13.029396,changed_mind,approved,True,return_abuse
RETURN_003812,ORDER_046886,BUYER_04687,SELLER_00285,2025-05-05 19:26:00.641191,wrong_item_received,approved,False,
RETURN_003813,ORDER_046918,BUYER_04689,SELLER_00120,2025-11-07 14:07:10.799397,size_issue,approved,False,
RETURN_003814,ORDER_046940,BUYER_04690,SELLER_00019,2025-12-28 00:18:20.524056,wrong_item_received,approved,False,
RETURN_003815,ORDER_046944,BUYER_04691,SELLER_00183,2025-08-20 08:04:21.590677,size_issue,approved,False,
RETURN_003816,ORDER_046945,BUYER_04691,SELLER_00354,2025-11-27 13:10:31.599430,defective,approved,False,
RETURN_003817,ORDER_046950,BUYER_04693,SELLER_00454,2025-09-10 19:55:15.246009,size_issue,approved,False,
RETURN_003818,ORDER_047007,BUYER_04701,SELLER_00421,2025-12-13 03:37:35.740426,size_issue,approved,False,
RETURN_003819,ORDER_047029,BUYER_04702,SELLER_00024,2025-05-14 08:40:11.704448,changed_mind,approved,False,
RETURN_003820,ORDER_047034,BUYER_04702,SELLER_00170,2025-04-28 15:04:18.529645,changed_mind,approved,False,
RETURN_003821,ORDER_047036,BUYER_04702,SELLER_00016,2025-09-09 07:25:50.648584,changed_mind,approved,False,
RETURN_003822,ORDER_047039,BUYER_04703,SELLER_00463,2025-11-14 08:43:38.241950,changed_mind,approved,False,
RETURN_003823,ORDER_047044,BUYER_04703,SELLER_00238,2025-09-17 16:25:50.100985,changed_mind,approved,False,
RETURN_003824,ORDER_047066,BUYER_04707,SELLER_00423,2025-10-05 08:06:22.280647,wrong_item_received,approved,False,
RETURN_003825,ORDER_047077,BUYER_04708,SELLER_00246,2025-12-01 12:30:38.618736,changed_mind,approved,False,
RETURN_003826,ORDER_047086,BUYER_04708,SELLER_00470,2025-02-22 10:48:43.509629,wrong_item_received,approved,False,
RETURN_003827,ORDER_047098,BUYER_04709,SELLER_00455,2025-11-17 05:56:54.407368,changed_mind,approved,False,
RETURN_003828,ORDER_047129,BUYER_04713,SELLER_00112,2025-09-30 13:24:49.895661,wrong_item_received,approved,False,
RETURN_003829,ORDER_047141,BUYER_04714,SELLER_00326,2025-06-23 18:39:57.692400,defective,approved,False,
RETURN_003830,ORDER_047165,BUYER_04717,SELLER_00141,2025-11-14 19:19:47.549286,size_issue,approved,False,
RETURN_003831,ORDER_047166,BUYER_04717,SELLER_00088,2025-08-24 06:43:59.288901,size_issue,approved,False,
RETURN_003832,ORDER_047171,BUYER_04717,SELLER_00107,2025-07-10 15:24:08.247685,defective,approved,False,
RETURN_003833,ORDER_047188,BUYER_04718,SELLER_00423,2025-09-26 15:06:20.510253,size_issue,approved,False,
RETURN_003834,ORDER_047200,BUYER_04718,SELLER_00475,2025-11-01 09:34:04.612657,defective,approved,False,
RETURN_003835,ORDER_047210,BUYER_04718,SELLER_00325,2025-11-30 14:20:18.539043,changed_mind,approved,False,
RETURN_003836,ORDER_047289,BUYER_04723,SELLER_00065,2025-09-15 09:11:39.779251,size_issue,approved,False,
RETURN_003837,ORDER_047296,BUYER_04724,SELLER_00441,2025-11-16 04:29:28.350715,changed_mind,approved,False,
RETURN_003838,ORDER_047297,BUYER_04724,SELLER_00247,2025-11-05 09:01:43.982591,changed_mind,approved,False,
RETURN_003839,ORDER_047298,BUYER_04724,SELLER_00021,2025-10-08 11:01:55.691918,changed_mind,approved,False,
RETURN_003840,ORDER_047313,BUYER_04725,SELLER_00462,2025-07-05 11:39:28.250609,wrong_item_received,approved,False,
RETURN_003841,ORDER_047336,BUYER_04727,SELLER_00208,2025-08-17 05:36:29.150199,changed_mind,approved,False,
RETURN_003842,ORDER_047355,BUYER_04729,SELLER_00325,2025-11-09 02:05:25.916774,changed_mind,approved,False,
RETURN_003843,ORDER_047376,BUYER_04731,SELLER_00358,2025-12-17 18:57:56.882461,changed_mind,approved,False,
RETURN_003844,ORDER_047390,BUYER_04732,SELLER_00228,2025-11-28 03:03:49.673386,defective,approved,False,
RETURN_003845,ORDER_047391,BUYER_04732,SELLER_00472,2025-12-11 05:41:36.514530,defective,approved,False,
RETURN_003846,ORDER_047392,BUYER_04732,SELLER_00129,2025-10-20 09:49:08.801115,size_issue,approved,False,
RETURN_003847,ORDER_047432,BUYER_04736,SELLER_00468,2025-12-06 13:24:28.602780,defective,approved,False,
RETURN_003848,ORDER_047451,BUYER_04738,SELLER_00099,2025-12-19 20:42:08.610509,changed_mind,approved,False,
RETURN_003849,ORDER_047452,BUYER_04738,SELLER_00100,2025-12-08 19:01:29.305924,wrong_item_received,approved,False,
RETURN_003850,ORDER_047483,BUYER_04741,SELLER_00386,2025-03-03 06:18:01.699837,size_issue,approved,False,
RETURN_003851,ORDER_047504,BUYER_04745,SELLER_00373,2025-12-24 03:38:04.336444,size_issue,approved,False,
RETURN_003852,ORDER_047555,BUYER_04746,SELLER_00056,2025-12-29 20:55:34.889658,defective,approved,False,
RETURN_003853,ORDER_047572,BUYER_04747,SELLER_00143,2025-12-23 12:11:00.765305,changed_mind,approved,False,
RETURN_003854,ORDER_047596,BUYER_04750,SELLER_00289,2025-12-30 07:27:37.788416,wrong_item_received,approved,False,
RETURN_003855,ORDER_047604,BUYER_04750,SELLER_00084,2025-12-24 10:23:23.632492,defective,approved,False,
RETURN_003856,ORDER_047622,BUYER_04751,SELLER_00068,2025-11-12 19:04:12.108552,wrong_item_received,approved,False,
RETURN_003857,ORDER_047643,BUYER_04754,SELLER_00107,2025-02-02 13:16:40.379063,changed_mind,approved,False,
RETURN_003858,ORDER_047673,BUYER_04760,SELLER_00192,2025-10-10 07:56:59.617330,defective,approved,False,
RETURN_003859,ORDER_047676,BUYER_04760,SELLER_00289,2025-10-19 11:35:14.963140,defective,approved,False,
RETURN_003860,ORDER_047677,BUYER_04760,SELLER_00387,2025-09-24 18:18:23.391132,defective,approved,False,
RETURN_003861,ORDER_047693,BUYER_04762,SELLER_00010,2025-10-10 04:14:49.131748,changed_mind,approved,False,
RETURN_003862,ORDER_047701,BUYER_04763,SELLER_00024,2025-09-22 04:52:58.832442,wrong_item_received,approved,True,return_abuse
RETURN_003863,ORDER_047769,BUYER_04774,SELLER_00229,2025-10-15 19:49:01.153043,size_issue,approved,False,
RETURN_003864,ORDER_047776,BUYER_04775,SELLER_00112,2025-09-27 11:03:08.619393,size_issue,approved,False,
RETURN_003865,ORDER_047787,BUYER_04776,SELLER_00272,2025-01-21 23:08:09.812597,changed_mind,approved,False,
RETURN_003866,ORDER_047804,BUYER_04777,SELLER_00463,2025-11-26 02:14:41.758578,size_issue,approved,False,
RETURN_003867,ORDER_047806,BUYER_04778,SELLER_00413,2025-10-01 12:00:06.727452,defective,approved,False,
RETURN_003868,ORDER_047807,BUYER_04778,SELLER_00423,2025-08-26 08:10:38.134517,size_issue,approved,False,
RETURN_003869,ORDER_047810,BUYER_04778,SELLER_00386,2025-11-16 12:24:46.530612,defective,approved,False,
RETURN_003870,ORDER_047816,BUYER_04779,SELLER_00399,2025-10-31 11:39:22.757260,defective,approved,False,
RETURN_003871,ORDER_047824,BUYER_04780,SELLER_00084,2025-08-16 22:21:12.996457,defective,approved,False,
RETURN_003872,ORDER_047827,BUYER_04780,SELLER_00350,2025-05-29 03:14:09.781304,size_issue,approved,False,
RETURN_003873,ORDER_047830,BUYER_04780,SELLER_00311,2025-12-05 03:24:14.895281,size_issue,approved,False,
RETURN_003874,ORDER_047831,BUYER_04780,SELLER_00051,2025-07-16 06:54:01.924828,defective,approved,False,
RETURN_003875,ORDER_047833,BUYER_04780,SELLER_00244,2025-12-20 12:03:28.636627,wrong_item_received,approved,False,
RETURN_003876,ORDER_047834,BUYER_04780,SELLER_00087,2025-06-08 11:14:58.888718,changed_mind,approved,False,
RETURN_003877,ORDER_047859,BUYER_04783,SELLER_00148,2025-11-08 10:06:39.475567,defective,approved,False,
RETURN_003878,ORDER_047878,BUYER_04785,SELLER_00150,2025-09-18 09:47:21.460960,changed_mind,approved,False,
RETURN_003879,ORDER_047884,BUYER_04786,SELLER_00460,2025-11-29 20:11:06.346710,defective,approved,False,
RETURN_003880,ORDER_047885,BUYER_04786,SELLER_00238,2025-06-28 16:14:20.401036,wrong_item_received,approved,False,
RETURN_003881,ORDER_047900,BUYER_04788,SELLER_00295,2025-08-25 03:00:19.995652,defective,approved,False,
RETURN_003882,ORDER_047910,BUYER_04789,SELLER_00130,2025-10-25 16:18:23.680683,changed_mind,approved,False,
RETURN_003883,ORDER_047931,BUYER_04791,SELLER_00260,2025-10-09 18:13:29.202649,size_issue,approved,False,
RETURN_003884,ORDER_047933,BUYER_04792,SELLER_00299,2025-10-31 07:33:10.940505,defective,approved,False,
RETURN_003885,ORDER_047939,BUYER_04793,SELLER_00039,2025-06-11 01:30:23.547537,changed_mind,approved,False,
RETURN_003886,ORDER_047952,BUYER_04794,SELLER_00005,2025-08-07 07:09:37.229439,changed_mind,approved,False,
RETURN_003887,ORDER_047955,BUYER_04794,SELLER_00152,2025-10-25 08:31:37.200799,size_issue,approved,False,
RETURN_003888,ORDER_047971,BUYER_04796,SELLER_00333,2025-10-29 04:47:18.486538,size_issue,approved,False,
RETURN_003889,ORDER_047979,BUYER_04797,SELLER_00236,2025-12-05 00:46:09.158880,size_issue,approved,False,
RETURN_003890,ORDER_047980,BUYER_04797,SELLER_00438,2025-12-19 02:05:42.201288,defective,approved,False,
RETURN_003891,ORDER_047982,BUYER_04797,SELLER_00100,2025-05-31 18:02:41.533896,defective,approved,False,
RETURN_003892,ORDER_047983,BUYER_04797,SELLER_00061,2025-09-28 09:27:09.235474,changed_mind,approved,False,
RETURN_003893,ORDER_047987,BUYER_04797,SELLER_00452,2025-06-16 01:03:56.572861,changed_mind,approved,False,
RETURN_003894,ORDER_047995,BUYER_04798,SELLER_00202,2025-05-17 12:23:04.298849,size_issue,approved,False,
RETURN_003895,ORDER_048006,BUYER_04800,SELLER_00386,2025-11-18 22:13:37.581450,defective,approved,False,
RETURN_003896,ORDER_048007,BUYER_04800,SELLER_00123,2025-10-01 14:33:24.909551,defective,approved,False,
RETURN_003897,ORDER_048008,BUYER_04800,SELLER_00178,2025-12-29 11:02:35.342328,defective,approved,False,
RETURN_003898,ORDER_048012,BUYER_04800,SELLER_00450,2025-07-30 04:09:47.611445,changed_mind,approved,False,
RETURN_003899,ORDER_048013,BUYER_04800,SELLER_00206,2025-08-24 20:03:23.473766,changed_mind,approved,False,
RETURN_003900,ORDER_048017,BUYER_04800,SELLER_00167,2025-09-07 04:32:56.929677,changed_mind,approved,False,
RETURN_003901,ORDER_048019,BUYER_04800,SELLER_00460,2025-09-09 00:35:50.546480,defective,approved,False,
RETURN_003902,ORDER_048020,BUYER_04800,SELLER_00108,2025-12-26 15:30:00.742080,changed_mind,approved,False,
RETURN_003903,ORDER_048022,BUYER_04800,SELLER_00376,2025-08-28 15:21:12.925328,size_issue,approved,False,
RETURN_003904,ORDER_048027,BUYER_04800,SELLER_00233,2025-07-26 16:44:11.887517,changed_mind,approved,False,
RETURN_003905,ORDER_048040,BUYER_04802,SELLER_00246,2025-06-10 01:52:21.617654,defective,approved,False,
RETURN_003906,ORDER_048056,BUYER_04804,SELLER_00079,2025-10-22 23:47:24.257468,defective,approved,False,
RETURN_003907,ORDER_048059,BUYER_04805,SELLER_00244,2025-09-30 18:30:01.800353,changed_mind,approved,False,
RETURN_003908,ORDER_048061,BUYER_04805,SELLER_00377,2025-10-18 15:58:02.875609,defective,approved,False,
RETURN_003909,ORDER_048077,BUYER_04808,SELLER_00092,2025-07-27 00:19:34.762927,defective,approved,False,
RETURN_003910,ORDER_048083,BUYER_04808,SELLER_00277,2025-11-13 15:13:18.191513,wrong_item_received,approved,False,
RETURN_003911,ORDER_048086,BUYER_04808,SELLER_00147,2025-10-06 16:54:37.528635,defective,approved,False,
RETURN_003912,ORDER_048101,BUYER_04811,SELLER_00111,2025-11-12 22:42:56.190313,defective,approved,False,
RETURN_003913,ORDER_048105,BUYER_04811,SELLER_00199,2025-10-17 13:11:37.700516,size_issue,approved,False,
RETURN_003914,ORDER_048119,BUYER_04813,SELLER_00233,2025-08-15 22:02:04.261199,changed_mind,approved,False,
RETURN_003915,ORDER_048139,BUYER_04816,SELLER_00026,2025-11-30 19:09:11.255476,changed_mind,approved,False,
RETURN_003916,ORDER_048176,BUYER_04820,SELLER_00016,2025-12-17 08:19:34.725085,defective,approved,False,
RETURN_003917,ORDER_048183,BUYER_04820,SELLER_00078,2025-12-24 04:24:24.786735,changed_mind,approved,False,
RETURN_003918,ORDER_048184,BUYER_04820,SELLER_00016,2025-12-08 10:57:06.458286,changed_mind,approved,False,
RETURN_003919,ORDER_048185,BUYER_04820,SELLER_00263,2025-12-08 07:45:13.821878,size_issue,approved,False,
RETURN_003920,ORDER_048195,BUYER_04821,SELLER_00016,2025-05-27 22:13:00.422752,size_issue,approved,False,
RETURN_003921,ORDER_048206,BUYER_04822,SELLER_00301,2025-08-04 01:06:14.101577,wrong_item_received,approved,False,
RETURN_003922,ORDER_048279,BUYER_04830,SELLER_00241,2025-12-08 13:24:21.891734,changed_mind,approved,False,
RETURN_003923,ORDER_048314,BUYER_04832,SELLER_00233,2025-06-06 08:11:21.354541,size_issue,approved,False,
RETURN_003924,ORDER_048317,BUYER_04833,SELLER_00323,2025-09-14 11:06:18.389997,size_issue,approved,False,
RETURN_003925,ORDER_048355,BUYER_04834,SELLER_00265,2025-09-03 22:27:37.096034,defective,approved,False,
RETURN_003926,ORDER_048384,BUYER_04837,SELLER_00452,2025-06-05 04:50:13.319825,defective,approved,False,
RETURN_003927,ORDER_048392,BUYER_04838,SELLER_00091,2025-05-25 04:45:19.802420,size_issue,approved,False,
RETURN_003928,ORDER_048398,BUYER_04838,SELLER_00376,2025-07-06 05:22:21.832952,changed_mind,approved,False,
RETURN_003929,ORDER_048416,BUYER_04839,SELLER_00254,2025-06-10 04:15:19.852343,changed_mind,approved,False,
RETURN_003930,ORDER_048425,BUYER_04839,SELLER_00411,2025-05-10 05:22:12.146575,defective,approved,False,
RETURN_003931,ORDER_048492,BUYER_04847,SELLER_00275,2025-10-24 16:16:01.619052,defective,approved,False,
RETURN_003932,ORDER_048518,BUYER_04850,SELLER_00213,2025-04-29 13:49:51.780627,size_issue,approved,False,
RETURN_003933,ORDER_048519,BUYER_04850,SELLER_00022,2025-12-29 04:19:07.631534,wrong_item_received,approved,False,
RETURN_003934,ORDER_048526,BUYER_04851,SELLER_00289,2025-11-02 12:03:26.859351,changed_mind,approved,False,
RETURN_003935,ORDER_048527,BUYER_04851,SELLER_00309,2025-11-19 12:06:50.039342,size_issue,approved,False,
RETURN_003936,ORDER_048538,BUYER_04852,SELLER_00155,2025-04-25 12:01:33.452430,changed_mind,approved,False,
RETURN_003937,ORDER_048539,BUYER_04852,SELLER_00418,2025-08-21 13:01:24.990299,defective,approved,False,
RETURN_003938,ORDER_048564,BUYER_04854,SELLER_00308,2025-09-01 02:42:20.707819,changed_mind,approved,False,
RETURN_003939,ORDER_048566,BUYER_04854,SELLER_00242,2025-12-01 17:14:45.104734,wrong_item_received,approved,False,
RETURN_003940,ORDER_048571,BUYER_04855,SELLER_00491,2025-09-27 12:37:56.904481,defective,approved,False,
RETURN_003941,ORDER_048607,BUYER_04860,SELLER_00255,2025-10-18 09:01:38.703573,size_issue,approved,True,return_abuse
RETURN_003942,ORDER_048680,BUYER_04867,SELLER_00399,2025-11-03 02:27:46.642574,size_issue,approved,False,
RETURN_003943,ORDER_048683,BUYER_04868,SELLER_00473,2025-08-29 13:44:19.594290,size_issue,approved,False,
RETURN_003944,ORDER_048686,BUYER_04869,SELLER_00134,2025-12-07 22:42:25.464351,size_issue,approved,False,
RETURN_003945,ORDER_048697,BUYER_04872,SELLER_00315,2025-08-25 00:23:19.987553,size_issue,approved,False,
RETURN_003946,ORDER_048703,BUYER_04872,SELLER_00192,2025-11-20 08:42:59.031742,defective,approved,False,
RETURN_003947,ORDER_048729,BUYER_04875,SELLER_00399,2025-11-18 08:21:17.447574,changed_mind,approved,False,
RETURN_003948,ORDER_048731,BUYER_04875,SELLER_00430,2025-09-08 16:42:17.218683,wrong_item_received,approved,False,
RETURN_003949,ORDER_048747,BUYER_04877,SELLER_00248,2025-11-21 13:07:48.284422,defective,approved,False,
RETURN_003950,ORDER_048752,BUYER_04878,SELLER_00108,2025-11-09 08:39:30.579484,changed_mind,approved,False,
RETURN_003951,ORDER_048757,BUYER_04879,SELLER_00336,2025-11-02 14:59:34.980203,changed_mind,approved,False,
RETURN_003952,ORDER_048759,BUYER_04879,SELLER_00158,2025-11-27 17:57:42.646580,changed_mind,approved,False,
RETURN_003953,ORDER_048761,BUYER_04879,SELLER_00462,2025-09-24 00:22:49.349301,changed_mind,approved,False,
RETURN_003954,ORDER_048769,BUYER_04880,SELLER_00243,2025-12-14 05:37:16.589918,size_issue,approved,False,
RETURN_003955,ORDER_048770,BUYER_04880,SELLER_00265,2025-11-28 03:21:08.416189,size_issue,approved,False,
RETURN_003956,ORDER_048817,BUYER_04884,SELLER_00200,2025-12-09 04:20:59.131144,defective,approved,False,
RETURN_003957,ORDER_048821,BUYER_04885,SELLER_00390,2025-10-30 07:02:53.381220,size_issue,approved,False,
RETURN_003958,ORDER_048822,BUYER_04885,SELLER_00460,2025-12-20 11:35:25.897342,defective,approved,False,
RETURN_003959,ORDER_048826,BUYER_04886,SELLER_00078,2025-12-27 20:15:54.995705,changed_mind,approved,False,
RETURN_003960,ORDER_048853,BUYER_04887,SELLER_00438,2025-09-16 23:56:46.258362,changed_mind,approved,False,
RETURN_003961,ORDER_048883,BUYER_04890,SELLER_00308,2025-06-14 16:50:11.851101,defective,approved,False,
RETURN_003962,ORDER_048886,BUYER_04890,SELLER_00316,2025-06-01 08:45:18.733599,changed_mind,approved,False,
RETURN_003963,ORDER_048899,BUYER_04892,SELLER_00395,2025-11-10 16:08:27.790616,changed_mind,approved,False,
RETURN_003964,ORDER_048963,BUYER_04901,SELLER_00178,2025-07-13 09:10:58.309966,size_issue,approved,False,
RETURN_003965,ORDER_048964,BUYER_04901,SELLER_00084,2025-06-27 11:47:03.641516,changed_mind,approved,False,
RETURN_003966,ORDER_048965,BUYER_04901,SELLER_00311,2025-09-03 20:54:49.813271,defective,approved,False,
RETURN_003967,ORDER_048966,BUYER_04901,SELLER_00126,2025-08-31 06:34:11.179673,size_issue,approved,False,
RETURN_003968,ORDER_048973,BUYER_04901,SELLER_00377,2025-12-03 07:33:59.034347,size_issue,approved,False,
RETURN_003969,ORDER_048976,BUYER_04901,SELLER_00231,2025-06-10 21:28:01.619564,changed_mind,approved,False,
RETURN_003970,ORDER_048977,BUYER_04901,SELLER_00036,2025-10-20 18:00:09.016306,defective,approved,False,
RETURN_003971,ORDER_048992,BUYER_04903,SELLER_00328,2025-12-17 02:35:05.299679,changed_mind,approved,False,
RETURN_003972,ORDER_049027,BUYER_04907,SELLER_00152,2025-06-06 20:58:06.840227,size_issue,approved,False,
RETURN_003973,ORDER_049072,BUYER_04913,SELLER_00463,2025-06-19 12:31:55.511246,defective,approved,False,
RETURN_003974,ORDER_049083,BUYER_04914,SELLER_00104,2025-12-27 06:52:27.825376,wrong_item_received,approved,False,
RETURN_003975,ORDER_049093,BUYER_04916,SELLER_00254,2025-05-10 13:08:09.260015,wrong_item_received,approved,False,
RETURN_003976,ORDER_049103,BUYER_04916,SELLER_00100,2025-10-15 07:42:31.411713,size_issue,approved,False,
RETURN_003977,ORDER_049117,BUYER_04917,SELLER_00455,2025-12-20 02:50:04.050431,changed_mind,approved,False,
RETURN_003978,ORDER_049138,BUYER_04919,SELLER_00455,2025-12-29 10:46:30.461431,changed_mind,approved,False,
RETURN_003979,ORDER_049141,BUYER_04919,SELLER_00292,2025-12-22 15:18:19.997652,wrong_item_received,approved,False,
RETURN_003980,ORDER_049177,BUYER_04923,SELLER_00486,2025-12-24 17:15:08.156617,size_issue,approved,False,
RETURN_003981,ORDER_049180,BUYER_04923,SELLER_00406,2025-06-12 00:59:27.738422,defective,approved,False,
RETURN_003982,ORDER_049184,BUYER_04924,SELLER_00487,2025-12-20 21:07:26.244622,defective,approved,False,
RETURN_003983,ORDER_049216,BUYER_04926,SELLER_00322,2025-12-03 12:18:21.469718,defective,approved,False,
RETURN_003984,ORDER_049250,BUYER_04929,SELLER_00178,2025-06-19 02:43:07.496278,changed_mind,approved,False,
RETURN_003985,ORDER_049259,BUYER_04929,SELLER_00126,2025-10-09 15:40:24.777397,defective,approved,False,
RETURN_003986,ORDER_049292,BUYER_04932,SELLER_00142,2025-10-05 05:38:32.985625,changed_mind,approved,False,
RETURN_003987,ORDER_049317,BUYER_04936,SELLER_00251,2025-12-30 09:24:31.796171,size_issue,approved,False,
RETURN_003988,ORDER_049334,BUYER_04939,SELLER_00199,2025-11-29 18:31:23.116034,defective,approved,False,
RETURN_003989,ORDER_049336,BUYER_04939,SELLER_00349,2025-12-17 23:34:35.477434,changed_mind,approved,False,
RETURN_003990,ORDER_049337,BUYER_04939,SELLER_00181,2025-12-23 07:36:46.170424,changed_mind,approved,False,
RETURN_003991,ORDER_049342,BUYER_04939,SELLER_00067,2025-11-22 13:02:39.847003,defective,approved,False,
RETURN_003992,ORDER_049344,BUYER_04939,SELLER_00157,2025-12-14 19:51:12.923094,wrong_item_received,approved,False,
RETURN_003993,ORDER_049345,BUYER_04939,SELLER_00472,2025-11-30 13:21:48.291445,changed_mind,approved,False,
RETURN_003994,ORDER_049348,BUYER_04939,SELLER_00292,2025-12-03 17:44:37.658356,size_issue,approved,False,
RETURN_003995,ORDER_049354,BUYER_04939,SELLER_00304,2025-11-10 12:47:33.470342,defective,approved,False,
RETURN_003996,ORDER_049372,BUYER_04941,SELLER_00395,2025-10-29 06:43:10.987470,defective,approved,False,
RETURN_003997,ORDER_049386,BUYER_04943,SELLER_00073,2025-10-12 10:50:15.828436,defective,approved,False,
RETURN_003998,ORDER_049392,BUYER_04943,SELLER_00238,2025-11-15 12:44:18.152483,defective,approved,False,
RETURN_003999,ORDER_049403,BUYER_04943,SELLER_00049,2025-10-23 03:57:33.441006,size_issue,approved,False,
RETURN_004000,ORDER_049410,BUYER_04944,SELLER_00400,2025-08-01 04:46:07.573053,changed_mind,approved,False,
RETURN_004001,ORDER_049411,BUYER_04944,SELLER_00023,2025-07-21 10:04:26.067857,defective,approved,False,
RETURN_004002,ORDER_049416,BUYER_04944,SELLER_00205,2025-02-25 02:20:15.591550,size_issue,approved,False,
RETURN_004003,ORDER_049420,BUYER_04944,SELLER_00231,2025-06-02 11:00:27.101002,size_issue,approved,False,
RETURN_004004,ORDER_049421,BUYER_04944,SELLER_00209,2025-03-12 09:37:11.808083,size_issue,approved,False,
RETURN_004005,ORDER_049428,BUYER_04944,SELLER_00023,2025-07-12 09:37:19.942064,defective,approved,False,
RETURN_004006,ORDER_049433,BUYER_04944,SELLER_00392,2025-12-11 22:33:39.399950,defective,approved,False,
RETURN_004007,ORDER_049435,BUYER_04944,SELLER_00167,2025-01-25 15:24:37.416328,size_issue,approved,False,
RETURN_004008,ORDER_049461,BUYER_04946,SELLER_00109,2025-10-26 05:55:15.433513,changed_mind,approved,False,
RETURN_004009,ORDER_049479,BUYER_04946,SELLER_00083,2025-10-31 08:43:59.044994,changed_mind,approved,False,
RETURN_004010,ORDER_049501,BUYER_04948,SELLER_00125,2025-09-11 04:39:31.916417,size_issue,approved,False,
RETURN_004011,ORDER_049530,BUYER_04949,SELLER_00460,2025-06-07 02:14:43.227124,changed_mind,approved,False,
RETURN_004012,ORDER_049538,BUYER_04950,SELLER_00025,2025-12-18 01:12:38.709691,changed_mind,approved,False,
RETURN_004013,ORDER_049540,BUYER_04950,SELLER_00388,2025-11-05 18:10:49.025109,size_issue,approved,False,
RETURN_004014,ORDER_049553,BUYER_04953,SELLER_00023,2025-11-27 05:36:20.943723,changed_mind,approved,False,
RETURN_004015,ORDER_049554,BUYER_04953,SELLER_00113,2025-06-14 01:49:59.515431,wrong_item_received,approved,False,
RETURN_004016,ORDER_049575,BUYER_04957,SELLER_00092,2025-12-14 06:13:17.136452,size_issue,approved,False,
RETURN_004017,ORDER_049577,BUYER_04958,SELLER_00114,2025-06-26 14:30:56.197650,defective,approved,False,
RETURN_004018,ORDER_049610,BUYER_04960,SELLER_00472,2025-12-16 09:16:24.721125,changed_mind,approved,False,
RETURN_004019,ORDER_049626,BUYER_04960,SELLER_00388,2025-12-10 02:33:02.930700,wrong_item_received,approved,False,
RETURN_004020,ORDER_049627,BUYER_04960,SELLER_00437,2025-12-13 10:32:04.795207,size_issue,approved,False,
RETURN_004021,ORDER_049638,BUYER_04960,SELLER_00175,2025-12-15 06:48:46.013555,size_issue,approved,False,
RETURN_004022,ORDER_049673,BUYER_04963,SELLER_00304,2025-08-30 20:41:54.680879,wrong_item_received,approved,False,
RETURN_004023,ORDER_049677,BUYER_04964,SELLER_00092,2025-12-15 00:00:02.767713,defective,approved,False,
RETURN_004024,ORDER_049681,BUYER_04965,SELLER_00147,2025-12-27 05:56:26.780342,size_issue,approved,False,
RETURN_004025,ORDER_049684,BUYER_04965,SELLER_00135,2025-11-13 09:05:49.978373,changed_mind,approved,False,
RETURN_004026,ORDER_049686,BUYER_04965,SELLER_00371,2025-10-23 08:11:10.062219,changed_mind,approved,False,
RETURN_004027,ORDER_049698,BUYER_04966,SELLER_00101,2025-12-20 08:27:29.980236,defective,approved,False,
RETURN_004028,ORDER_049714,BUYER_04966,SELLER_00237,2025-10-05 06:30:16.892957,changed_mind,approved,False,
RETURN_004029,ORDER_049715,BUYER_04966,SELLER_00100,2025-09-16 13:25:57.857011,size_issue,approved,False,
RETURN_004030,ORDER_049728,BUYER_04967,SELLER_00354,2025-08-28 17:49:28.993117,changed_mind,approved,False,
RETURN_004031,ORDER_049738,BUYER_04967,SELLER_00387,2025-10-07 21:13:31.170228,changed_mind,approved,False,
RETURN_004032,ORDER_049742,BUYER_04968,SELLER_00124,2025-03-22 13:09:44.526613,changed_mind,approved,False,
RETURN_004033,ORDER_049750,BUYER_04969,SELLER_00007,2025-11-13 04:02:55.107664,size_issue,approved,False,
RETURN_004034,ORDER_049753,BUYER_04970,SELLER_00211,2025-12-11 06:02:31.753580,size_issue,approved,False,
RETURN_004035,ORDER_049756,BUYER_04970,SELLER_00092,2025-11-15 04:35:39.555077,size_issue,approved,False,
RETURN_004036,ORDER_049758,BUYER_04970,SELLER_00479,2025-11-11 06:21:09.172759,size_issue,approved,False,
RETURN_004037,ORDER_049759,BUYER_04970,SELLER_00036,2025-12-11 04:20:27.367828,changed_mind,approved,False,
RETURN_004038,ORDER_049764,BUYER_04971,SELLER_00433,2025-07-30 20:41:40.029310,changed_mind,approved,False,
RETURN_004039,ORDER_049801,BUYER_04975,SELLER_00243,2025-12-20 19:38:40.222769,defective,approved,False,
RETURN_004040,ORDER_049802,BUYER_04975,SELLER_00387,2025-12-10 18:14:34.450512,changed_mind,approved,False,
RETURN_004041,ORDER_049810,BUYER_04975,SELLER_00024,2025-12-30 07:38:14.462036,size_issue,approved,False,
RETURN_004042,ORDER_049834,BUYER_04978,SELLER_00071,2025-04-27 07:37:29.727934,wrong_item_received,approved,False,
RETURN_004043,ORDER_049839,BUYER_04979,SELLER_00199,2025-07-13 10:58:36.783313,defective,approved,False,
RETURN_004044,ORDER_049843,BUYER_04979,SELLER_00038,2025-04-29 03:27:24.915258,size_issue,approved,False,
RETURN_004045,ORDER_049855,BUYER_04980,SELLER_00132,2025-09-24 22:27:55.399254,defective,approved,False,
RETURN_004046,ORDER_049914,BUYER_04990,SELLER_00275,2025-11-19 04:44:59.853548,size_issue,approved,False,
RETURN_004047,ORDER_049920,BUYER_04990,SELLER_00096,2025-11-22 16:28:23.826098,defective,approved,False,
RETURN_004048,ORDER_049952,BUYER_04994,SELLER_00390,2025-09-10 18:07:23.090083,changed_mind,approved,False,
RETURN_004049,ORDER_049990,BUYER_04999,SELLER_00200,2025-11-23 09:31:18.657825,size_issue,approved,False,
RETURN_004050,ORDER_049997,BUYER_04999,SELLER_00302,2025-03-28 02:31:43.010298,size_issue,approved,False,
RETURN_004051,ORDER_049999,BUYER_04999,SELLER_00492,2025-04-17 06:59:24.700538,wrong_item_received,approved,False,
RETURN_004052,ORDER_004525,BUYER_00435,SELLER_00033,2025-10-27 13:46:23.283025,size_issue,approved,True,return_abuse
RETURN_004053,ORDER_004523,BUYER_00435,SELLER_00430,2025-11-26 11:14:57.231232,changed_mind,approved,True,return_abuse
RETURN_004054,ORDER_004521,BUYER_00435,SELLER_00178,2025-11-03 04:47:04.884233,size_issue,approved,True,return_abuse
RETURN_004055,ORDER_010490,BUYER_01030,SELLER_00066,2025-11-04 01:57:39.179443,defective,approved,True,return_abuse
RETURN_004056,ORDER_002268,BUYER_00212,SELLER_00302,2025-09-03 16:49:01.412746,wrong_item_received,approved,True,return_abuse
RETURN_004057,ORDER_002266,BUYER_00212,SELLER_00318,2025-03-09 02:09:01.356427,size_issue,approved,True,return_abuse
RETURN_004058,ORDER_002269,BUYER_00212,SELLER_00123,2025-05-20 12:19:32.039137,defective,approved,True,return_abuse
RETURN_004059,ORDER_044864,BUYER_04484,SELLER_00459,2025-11-18 01:52:04.268627,changed_mind,approved,True,return_abuse
RETURN_004060,ORDER_044861,BUYER_04484,SELLER_00052,2025-10-04 15:30:48.522593,changed_mind,approved,True,return_abuse
RETURN_004061,ORDER_028406,BUYER_02874,SELLER_00111,2025-08-14 03:11:29.452531,changed_mind,approved,True,return_abuse
RETURN_004062,ORDER_044381,BUYER_04441,SELLER_00458,2025-09-28 04:28:05.228801,wrong_item_received,approved,True,return_abuse
RETURN_004063,ORDER_044379,BUYER_04441,SELLER_00243,2025-05-11 10:19:46.427176,changed_mind,approved,True,return_abuse
RETURN_004064,ORDER_019480,BUYER_01951,SELLER_00344,2025-04-22 23:32:11.351890,changed_mind,approved,True,return_abuse
RETURN_004065,ORDER_019477,BUYER_01951,SELLER_00024,2025-05-14 17:54:43.946963,size_issue,approved,True,return_abuse
RETURN_004066,ORDER_019482,BUYER_01951,SELLER_00438,2025-10-28 01:16:08.122429,size_issue,approved,True,return_abuse
RETURN_004067,ORDER_001869,BUYER_00176,SELLER_00468,2025-11-18 17:41:52.980917,wrong_item_received,approved,True,return_abuse
RETURN_004068,ORDER_001868,BUYER_00176,SELLER_00400,2025-11-27 07:09:26.113237,wrong_item_received,approved,True,return_abuse
RETURN_004069,ORDER_001876,BUYER_00176,SELLER_00368,2025-11-24 08:32:36.289434,changed_mind,approved,True,return_abuse
RETURN_004070,ORDER_001884,BUYER_00176,SELLER_00331,2025-10-28 14:33:30.770950,size_issue,approved,True,return_abuse
RETURN_004071,ORDER_001904,BUYER_00176,SELLER_00366,2025-12-09 22:43:57.898322,size_issue,approved,True,return_abuse
RETURN_004072,ORDER_001919,BUYER_00176,SELLER_00338,2025-11-02 14:33:57.396871,changed_mind,approved,True,return_abuse
RETURN_004073,ORDER_001889,BUYER_00176,SELLER_00038,2025-12-29 19:48:11.524527,defective,approved,True,return_abuse
RETURN_004074,ORDER_001875,BUYER_00176,SELLER_00285,2025-12-22 12:41:32.995227,changed_mind,approved,True,return_abuse
RETURN_004075,ORDER_001863,BUYER_00176,SELLER_00221,2025-11-30 06:16:07.401909,defective,approved,True,return_abuse
RETURN_004076,ORDER_001874,BUYER_00176,SELLER_00046,2025-11-27 06:46:31.268646,size_issue,approved,True,return_abuse
RETURN_004077,ORDER_001891,BUYER_00176,SELLER_00246,2025-11-02 15:15:57.537290,defective,approved,True,return_abuse
RETURN_004078,ORDER_001866,BUYER_00176,SELLER_00022,2025-11-06 09:34:24.193836,changed_mind,approved,True,return_abuse
RETURN_004079,ORDER_001909,BUYER_00176,SELLER_00438,2025-11-03 00:14:43.137835,changed_mind,approved,True,return_abuse
RETURN_004080,ORDER_001905,BUYER_00176,SELLER_00113,2025-11-07 01:23:32.689199,wrong_item_received,approved,True,return_abuse
RETURN_004081,ORDER_001872,BUYER_00176,SELLER_00299,2025-12-07 08:57:37.628935,defective,approved,True,return_abuse
RETURN_004082,ORDER_001861,BUYER_00176,SELLER_00340,2025-11-29 22:48:35.430698,changed_mind,approved,True,return_abuse
RETURN_004083,ORDER_001879,BUYER_00176,SELLER_00481,2025-11-03 11:11:14.918286,changed_mind,approved,True,return_abuse
RETURN_004084,ORDER_001881,BUYER_00176,SELLER_00313,2025-11-12 17:56:51.480000,changed_mind,approved,True,return_abuse
RETURN_004085,ORDER_001920,BUYER_00176,SELLER_00021,2025-12-06 03:57:53.895305,defective,approved,True,return_abuse
RETURN_004086,ORDER_007707,BUYER_00753,SELLER_00338,2025-12-01 17:10:22.957167,changed_mind,approved,True,return_abuse
RETURN_004087,ORDER_032251,BUYER_03230,SELLER_00494,2025-08-30 07:21:46.726581,changed_mind,approved,True,return_abuse
RETURN_004088,ORDER_015720,BUYER_01582,SELLER_00058,2025-12-22 15:21:49.911229,defective,approved,True,return_abuse
RETURN_004089,ORDER_039334,BUYER_03960,SELLER_00386,2025-12-14 20:28:21.853346,changed_mind,approved,True,return_abuse
RETURN_004090,ORDER_039335,BUYER_03960,SELLER_00390,2025-11-07 04:25:31.093355,changed_mind,approved,True,return_abuse
RETURN_004091,ORDER_039337,BUYER_03960,SELLER_00374,2025-12-03 05:13:58.343076,changed_mind,approved,True,return_abuse
RETURN_004092,ORDER_039332,BUYER_03960,SELLER_00427,2025-11-16 17:08:00.556887,changed_mind,approved,True,return_abuse
RETURN_004093,ORDER_039331,BUYER_03960,SELLER_00079,2025-10-20 23:01:48.897250,changed_mind,approved,True,return_abuse
RETURN_004094,ORDER_047892,BUYER_04787,SELLER_00142,2025-06-28 08:40:12.795042,wrong_item_received,approved,True,return_abuse
RETURN_004095,ORDER_047891,BUYER_04787,SELLER_00403,2025-10-16 19:16:53.234776,changed_mind,approved,True,return_abuse
RETURN_004096,ORDER_026360,BUYER_02681,SELLER_00097,2025-10-28 08:39:26.099935,size_issue,approved,True,return_abuse
RETURN_004097,ORDER_013324,BUYER_01332,SELLER_00210,2025-08-24 14:32:33.828792,changed_mind,approved,True,return_abuse
RETURN_004098,ORDER_013300,BUYER_01332,SELLER_00152,2025-06-13 00:44:35.539063,defective,approved,True,return_abuse
RETURN_004099,ORDER_013314,BUYER_01332,SELLER_00009,2025-10-24 22:43:38.539419,defective,approved,True,return_abuse
RETURN_004100,ORDER_013338,BUYER_01332,SELLER_00109,2025-05-22 10:01:04.523032,defective,approved,True,return_abuse
RETURN_004101,ORDER_013345,BUYER_01332,SELLER_00210,2025-06-21 14:19:16.258890,wrong_item_received,approved,True,return_abuse
RETURN_004102,ORDER_013286,BUYER_01332,SELLER_00353,2025-07-10 23:42:22.121116,changed_mind,approved,True,return_abuse
RETURN_004103,ORDER_013342,BUYER_01332,SELLER_00263,2025-04-29 17:15:59.934743,size_issue,approved,True,return_abuse
RETURN_004104,ORDER_013334,BUYER_01332,SELLER_00066,2025-05-11 19:50:53.538237,defective,approved,True,return_abuse
RETURN_004105,ORDER_013340,BUYER_01332,SELLER_00417,2025-10-15 10:05:01.224698,defective,approved,True,return_abuse
RETURN_004106,ORDER_013309,BUYER_01332,SELLER_00243,2025-06-16 12:58:20.296642,changed_mind,approved,True,return_abuse
RETURN_004107,ORDER_013315,BUYER_01332,SELLER_00101,2025-07-30 21:44:53.373634,changed_mind,approved,True,return_abuse
RETURN_004108,ORDER_013313,BUYER_01332,SELLER_00408,2025-09-18 18:01:09.611436,changed_mind,approved,True,return_abuse
RETURN_004109,ORDER_013330,BUYER_01332,SELLER_00185,2025-07-17 22:27:45.349979,size_issue,approved,True,return_abuse
RETURN_004110,ORDER_013294,BUYER_01332,SELLER_00236,2025-06-16 02:55:47.587131,changed_mind,approved,True,return_abuse
RETURN_004111,ORDER_013321,BUYER_01332,SELLER_00376,2025-08-29 23:22:10.825579,size_issue,approved,True,return_abuse
RETURN_004112,ORDER_013306,BUYER_01332,SELLER_00455,2025-11-06 16:55:44.434167,defective,approved,True,return_abuse
RETURN_004113,ORDER_013305,BUYER_01332,SELLER_00471,2025-05-08 16:56:59.126878,size_issue,approved,True,return_abuse
RETURN_004114,ORDER_013293,BUYER_01332,SELLER_00314,2025-07-02 02:14:46.501007,changed_mind,approved,True,return_abuse
RETURN_004115,ORDER_042833,BUYER_04289,SELLER_00100,2025-12-25 11:08:33.794171,changed_mind,approved,True,return_abuse
RETURN_004116,ORDER_042835,BUYER_04289,SELLER_00430,2025-12-13 19:09:48.320106,wrong_item_received,approved,True,return_abuse
RETURN_004117,ORDER_042832,BUYER_04289,SELLER_00231,2025-12-14 05:10:45.345661,defective,approved,True,return_abuse
RETURN_004118,ORDER_006517,BUYER_00639,SELLER_00297,2025-10-05 20:50:32.952394,wrong_item_received,approved,True,return_abuse
RETURN_004119,ORDER_006515,BUYER_00639,SELLER_00246,2025-10-05 08:47:38.208581,wrong_item_received,approved,True,return_abuse
RETURN_004120,ORDER_006508,BUYER_00639,SELLER_00308,2025-06-13 00:14:28.155519,defective,approved,True,return_abuse
RETURN_004121,ORDER_006519,BUYER_00639,SELLER_00206,2025-08-09 13:02:53.366688,changed_mind,approved,True,return_abuse
RETURN_004122,ORDER_009099,BUYER_00882,SELLER_00155,2025-10-15 16:35:34.710539,changed_mind,approved,True,return_abuse
RETURN_004123,ORDER_009095,BUYER_00882,SELLER_00366,2025-10-11 10:28:49.824771,size_issue,approved,True,return_abuse
RETURN_004124,ORDER_009100,BUYER_00882,SELLER_00277,2025-11-09 06:59:23.669155,defective,approved,True,return_abuse
RETURN_004125,ORDER_009101,BUYER_00882,SELLER_00256,2025-12-27 14:55:14.902698,changed_mind,approved,True,return_abuse
RETURN_004126,ORDER_009109,BUYER_00882,SELLER_00208,2025-10-16 12:36:19.202302,defective,approved,True,return_abuse
RETURN_004127,ORDER_009105,BUYER_00882,SELLER_00454,2025-11-09 04:05:14.781727,defective,approved,True,return_abuse
RETURN_004128,ORDER_009097,BUYER_00882,SELLER_00192,2025-12-04 19:01:05.964237,defective,approved,True,return_abuse
RETURN_004129,ORDER_009107,BUYER_00882,SELLER_00128,2025-11-12 13:48:15.465315,wrong_item_received,approved,True,return_abuse
RETURN_004130,ORDER_009104,BUYER_00882,SELLER_00000,2025-12-23 00:19:41.448199,defective,approved,True,return_abuse
RETURN_004131,ORDER_029429,BUYER_02965,SELLER_00402,2025-05-11 06:11:52.164129,defective,approved,True,return_abuse
RETURN_004132,ORDER_029422,BUYER_02965,SELLER_00065,2025-03-03 23:48:48.955652,defective,approved,True,return_abuse
RETURN_004133,ORDER_029419,BUYER_02965,SELLER_00399,2025-04-30 12:45:56.741458,defective,approved,True,return_abuse
RETURN_004134,ORDER_029420,BUYER_02965,SELLER_00114,2025-10-28 12:49:47.980393,wrong_item_received,approved,True,return_abuse
RETURN_004135,ORDER_002277,BUYER_00213,SELLER_00167,2025-03-31 15:27:05.754329,defective,approved,True,return_abuse
RETURN_004136,ORDER_002276,BUYER_00213,SELLER_00178,2025-11-12 10:29:09.090638,size_issue,approved,True,return_abuse
RETURN_004137,ORDER_002271,BUYER_00213,SELLER_00308,2025-12-02 22:50:21.837353,defective,approved,True,return_abuse
RETURN_004138,ORDER_007710,BUYER_00754,SELLER_00389,2025-12-12 16:48:59.607677,wrong_item_received,approved,True,return_abuse
RETURN_004139,ORDER_007709,BUYER_00754,SELLER_00126,2025-09-06 08:08:24.521743,defective,approved,True,return_abuse
RETURN_004140,ORDER_039104,BUYER_03935,SELLER_00434,2025-10-12 18:45:20.541179,defective,approved,True,return_abuse
RETURN_004141,ORDER_010782,BUYER_01057,SELLER_00177,2025-10-11 17:14:57.558050,defective,approved,True,return_abuse
RETURN_004142,ORDER_016480,BUYER_01669,SELLER_00216,2025-07-27 15:52:13.123087,wrong_item_received,approved,True,return_abuse
RETURN_004143,ORDER_023022,BUYER_02320,SELLER_00297,2025-10-15 16:07:43.618207,changed_mind,approved,True,return_abuse
RETURN_004144,ORDER_023012,BUYER_02320,SELLER_00326,2025-10-19 17:30:08.263552,wrong_item_received,approved,True,return_abuse
RETURN_004145,ORDER_023013,BUYER_02320,SELLER_00289,2025-10-14 21:24:16.948309,changed_mind,approved,True,return_abuse
RETURN_004146,ORDER_023024,BUYER_02320,SELLER_00451,2025-12-03 09:39:57.226032,changed_mind,approved,True,return_abuse
RETURN_004147,ORDER_009201,BUYER_00889,SELLER_00382,2025-11-01 11:21:53.846744,changed_mind,approved,True,return_abuse
RETURN_004148,ORDER_009195,BUYER_00889,SELLER_00314,2025-11-17 03:35:35.477042,size_issue,approved,True,return_abuse
RETURN_004149,ORDER_002043,BUYER_00185,SELLER_00036,2025-12-25 21:14:50.302326,changed_mind,approved,True,return_abuse
RETURN_004150,ORDER_002040,BUYER_00185,SELLER_00210,2025-12-30 04:36:33.191227,wrong_item_received,approved,True,return_abuse
RETURN_004151,ORDER_017898,BUYER_01810,SELLER_00231,2025-09-26 03:05:38.313798,defective,approved,True,return_abuse
RETURN_004152,ORDER_002737,BUYER_00258,SELLER_00283,2025-04-08 04:04:44.609328,size_issue,approved,True,return_abuse
RETURN_004153,ORDER_002735,BUYER_00258,SELLER_00019,2025-03-10 03:14:31.779460,changed_mind,approved,True,return_abuse
RETURN_004154,ORDER_002740,BUYER_00258,SELLER_00316,2025-03-25 02:30:08.702900,wrong_item_received,approved,True,return_abuse
RETURN_004155,ORDER_002732,BUYER_00258,SELLER_00010,2025-12-02 20:16:50.066248,changed_mind,approved,True,return_abuse
RETURN_004156,ORDER_041643,BUYER_04174,SELLER_00462,2025-05-14 23:02:12.387474,wrong_item_received,approved,True,return_abuse
RETURN_004157,ORDER_041644,BUYER_04174,SELLER_00494,2025-08-20 10:12:53.450800,size_issue,approved,True,return_abuse
RETURN_004158,ORDER_041649,BUYER_04174,SELLER_00043,2025-06-21 21:46:39.304330,defective,approved,True,return_abuse
RETURN_004159,ORDER_041656,BUYER_04174,SELLER_00246,2025-07-20 17:12:56.717173,size_issue,approved,True,return_abuse
RETURN_004160,ORDER_041641,BUYER_04174,SELLER_00387,2025-09-22 09:45:09.097626,changed_mind,approved,True,return_abuse
RETURN_004161,ORDER_041642,BUYER_04174,SELLER_00022,2025-10-17 09:02:28.730731,size_issue,approved,True,return_abuse
RETURN_004162,ORDER_041648,BUYER_04174,SELLER_00178,2025-06-21 06:52:40.063946,defective,approved,True,return_abuse
RETURN_004163,ORDER_041653,BUYER_04174,SELLER_00115,2025-06-30 15:46:14.489726,defective,approved,True,return_abuse
RETURN_004164,ORDER_014322,BUYER_01442,SELLER_00214,2025-07-07 04:19:23.477014,defective,approved,True,return_abuse
RETURN_004165,ORDER_046610,BUYER_04661,SELLER_00128,2025-11-16 02:08:52.494016,defective,approved,True,return_abuse
RETURN_004166,ORDER_046613,BUYER_04661,SELLER_00016,2025-10-01 02:19:54.837745,changed_mind,approved,True,return_abuse
RETURN_004167,ORDER_046606,BUYER_04661,SELLER_00123,2025-10-30 08:03:56.434409,defective,approved,True,return_abuse
RETURN_004168,ORDER_046614,BUYER_04661,SELLER_00475,2025-11-06 18:15:38.199236,changed_mind,approved,True,return_abuse
RETURN_004169,ORDER_018295,BUYER_01848,SELLER_00178,2025-10-18 20:50:26.548407,changed_mind,approved,True,return_abuse
RETURN_004170,ORDER_018291,BUYER_01848,SELLER_00282,2025-05-16 22:14:28.738622,defective,approved,True,return_abuse
RETURN_004171,ORDER_018297,BUYER_01848,SELLER_00313,2025-04-25 02:50:50.786896,wrong_item_received,approved,True,return_abuse
RETURN_004172,ORDER_018290,BUYER_01848,SELLER_00016,2025-04-28 03:52:15.820317,defective,approved,True,return_abuse
RETURN_004173,ORDER_018283,BUYER_01848,SELLER_00095,2025-09-27 03:10:45.836075,size_issue,approved,True,return_abuse
RETURN_004174,ORDER_018281,BUYER_01848,SELLER_00468,2025-05-20 02:39:19.619445,changed_mind,approved,True,return_abuse
RETURN_004175,ORDER_013042,BUYER_01311,SELLER_00294,2025-11-24 10:44:58.498190,changed_mind,approved,True,return_abuse
RETURN_004176,ORDER_013044,BUYER_01311,SELLER_00241,2025-12-11 20:26:05.970649,changed_mind,approved,True,return_abuse
RETURN_004177,ORDER_013039,BUYER_01311,SELLER_00263,2025-10-12 20:06:37.504204,defective,approved,True,return_abuse
RETURN_004178,ORDER_000564,BUYER_00057,SELLER_00401,2025-10-01 20:04:18.328928,defective,approved,True,return_abuse
RETURN_004179,ORDER_030226,BUYER_03046,SELLER_00427,2025-11-06 15:53:17.185110,defective,approved,True,return_abuse
RETURN_004180,ORDER_030220,BUYER_03046,SELLER_00195,2025-10-05 04:06:32.700334,size_issue,approved,True,return_abuse
RETURN_004181,ORDER_030225,BUYER_03046,SELLER_00015,2025-12-04 10:15:12.367832,changed_mind,approved,True,return_abuse
RETURN_004182,ORDER_030219,BUYER_03046,SELLER_00306,2025-12-08 11:10:31.385254,changed_mind,approved,True,return_abuse
RETURN_004183,ORDER_025539,BUYER_02583,SELLER_00082,2025-12-15 18:37:26.753178,defective,approved,True,return_abuse
RETURN_004184,ORDER_047702,BUYER_04763,SELLER_00494,2025-11-05 23:31:16.495020,defective,approved,True,return_abuse
RETURN_004185,ORDER_014507,BUYER_01462,SELLER_00313,2025-12-11 01:16:11.868036,size_issue,approved,True,return_abuse
RETURN_004186,ORDER_014508,BUYER_01462,SELLER_00424,2025-10-08 08:05:50.712643,changed_mind,approved,True,return_abuse
RETURN_004187,ORDER_022634,BUYER_02283,SELLER_00486,2025-12-05 16:08:32.166134,changed_mind,approved,True,return_abuse
RETURN_004188,ORDER_022637,BUYER_02283,SELLER_00375,2025-11-27 20:48:09.652817,defective,approved,True,return_abuse
RETURN_004189,ORDER_022636,BUYER_02283,SELLER_00451,2025-12-01 13:48:04.828508,changed_mind,approved,True,return_abuse
RETURN_004190,ORDER_035156,BUYER_03527,SELLER_00461,2025-03-01 22:38:30.311243,defective,approved,True,return_abuse
RETURN_004191,ORDER_035151,BUYER_03527,SELLER_00175,2025-09-26 23:12:13.817595,defective,approved,True,return_abuse
RETURN_004192,ORDER_028533,BUYER_02889,SELLER_00124,2025-12-29 21:04:45.826804,defective,approved,True,return_abuse
RETURN_004193,ORDER_028534,BUYER_02889,SELLER_00355,2025-12-05 15:13:18.791850,wrong_item_received,approved,True,return_abuse
RETURN_004194,ORDER_028528,BUYER_02889,SELLER_00078,2025-11-21 05:45:28.671770,changed_mind,approved,True,return_abuse
RETURN_004195,ORDER_032140,BUYER_03224,SELLER_00369,2025-09-17 17:01:25.504723,changed_mind,approved,True,return_abuse
RETURN_004196,ORDER_032142,BUYER_03224,SELLER_00400,2025-08-28 06:06:56.179376,size_issue,approved,True,return_abuse
RETURN_004197,ORDER_031415,BUYER_03151,SELLER_00275,2025-11-19 16:29:29.609342,changed_mind,approved,True,return_abuse
RETURN_004198,ORDER_031417,BUYER_03151,SELLER_00191,2025-01-28 03:53:12.050249,defective,approved,True,return_abuse
RETURN_004199,ORDER_031420,BUYER_03151,SELLER_00409,2025-11-04 05:29:45.067827,changed_mind,approved,True,return_abuse
RETURN_004200,ORDER_031411,BUYER_03151,SELLER_00285,2025-02-15 07:29:40.398858,changed_mind,approved,True,return_abuse
RETURN_004201,ORDER_031418,BUYER_03151,SELLER_00044,2025-07-28 19:51:23.355517,defective,approved,True,return_abuse
RETURN_004202,ORDER_025454,BUYER_02574,SELLER_00206,2025-08-16 12:45:59.124396,changed_mind,approved,True,return_abuse
RETURN_004203,ORDER_025455,BUYER_02574,SELLER_00117,2025-08-11 16:22:59.798566,changed_mind,approved,True,return_abuse
RETURN_004204,ORDER_019882,BUYER_01999,SELLER_00046,2025-07-28 13:22:50.370059,defective,approved,True,return_abuse
RETURN_004205,ORDER_011721,BUYER_01171,SELLER_00316,2025-03-13 01:25:22.485675,defective,approved,True,return_abuse
RETURN_004206,ORDER_003997,BUYER_00384,SELLER_00102,2025-06-09 03:46:08.849853,defective,approved,True,return_abuse
RETURN_004207,ORDER_003996,BUYER_00384,SELLER_00097,2025-08-25 20:09:54.782800,size_issue,approved,True,return_abuse
RETURN_004208,ORDER_017331,BUYER_01747,SELLER_00478,2025-10-22 04:26:15.112257,defective,approved,True,return_abuse
RETURN_004209,ORDER_017325,BUYER_01747,SELLER_00148,2025-11-14 00:11:25.411695,size_issue,approved,True,return_abuse
RETURN_004210,ORDER_017330,BUYER_01747,SELLER_00034,2025-11-19 03:03:14.620377,wrong_item_received,approved,True,return_abuse
RETURN_004211,ORDER_017329,BUYER_01747,SELLER_00289,2025-06-03 08:29:31.569999,size_issue,approved,True,return_abuse
RETURN_004212,ORDER_017326,BUYER_01747,SELLER_00471,2025-09-23 09:20:01.062380,changed_mind,approved,True,return_abuse
RETURN_004213,ORDER_048692,BUYER_04871,SELLER_00498,2025-10-05 04:51:38.874030,changed_mind,approved,True,return_abuse
RETURN_004214,ORDER_001844,BUYER_00173,SELLER_00476,2025-11-14 13:52:14.445185,defective,approved,True,return_abuse
RETURN_004215,ORDER_048865,BUYER_04889,SELLER_00333,2025-07-26 09:52:40.496633,changed_mind,approved,True,return_abuse
RETURN_004216,ORDER_015593,BUYER_01564,SELLER_00241,2025-12-04 12:38:52.441819,changed_mind,approved,True,return_abuse
RETURN_004217,ORDER_013680,BUYER_01364,SELLER_00046,2025-09-04 23:44:42.754789,defective,approved,True,return_abuse
RETURN_004218,ORDER_036711,BUYER_03677,SELLER_00153,2025-12-08 03:02:31.116516,changed_mind,approved,True,return_abuse
RETURN_004219,ORDER_036716,BUYER_03677,SELLER_00113,2025-12-05 00:03:58.479738,defective,approved,True,return_abuse
RETURN_004220,ORDER_036719,BUYER_03677,SELLER_00456,2025-12-18 22:28:33.410162,changed_mind,approved,True,return_abuse
RETURN_004221,ORDER_036712,BUYER_03677,SELLER_00084,2025-12-13 18:08:58.981961,wrong_item_received,approved,True,return_abuse
RETURN_004222,ORDER_036708,BUYER_03677,SELLER_00220,2025-12-22 21:01:12.644946,size_issue,approved,True,return_abuse
RETURN_004223,ORDER_036706,BUYER_03677,SELLER_00175,2025-12-17 19:41:34.384838,defective,approved,True,return_abuse
RETURN_004224,ORDER_015374,BUYER_01547,SELLER_00189,2025-12-14 01:51:30.568927,defective,approved,True,return_abuse
RETURN_004225,ORDER_015419,BUYER_01547,SELLER_00492,2025-12-22 05:27:38.183501,changed_mind,approved,True,return_abuse
RETURN_004226,ORDER_015407,BUYER_01547,SELLER_00069,2025-12-21 06:12:56.289315,changed_mind,approved,True,return_abuse
RETURN_004227,ORDER_015412,BUYER_01547,SELLER_00422,2025-11-08 21:59:47.776496,size_issue,approved,True,return_abuse
RETURN_004228,ORDER_015391,BUYER_01547,SELLER_00141,2025-08-21 11:05:38.254863,changed_mind,approved,True,return_abuse
RETURN_004229,ORDER_015382,BUYER_01547,SELLER_00477,2025-08-11 21:19:10.896135,changed_mind,approved,True,return_abuse
RETURN_004230,ORDER_015418,BUYER_01547,SELLER_00199,2025-09-12 04:01:27.054039,wrong_item_received,approved,True,return_abuse
RETURN_004231,ORDER_015413,BUYER_01547,SELLER_00455,2025-11-17 02:28:34.420962,size_issue,approved,True,return_abuse
RETURN_004232,ORDER_015431,BUYER_01547,SELLER_00172,2025-09-09 02:23:04.052736,defective,approved,True,return_abuse
RETURN_004233,ORDER_015397,BUYER_01547,SELLER_00130,2025-11-08 01:05:39.065448,changed_mind,approved,True,return_abuse
RETURN_004234,ORDER_015417,BUYER_01547,SELLER_00231,2025-08-31 22:21:02.122652,wrong_item_received,approved,True,return_abuse
RETURN_004235,ORDER_015385,BUYER_01547,SELLER_00195,2025-11-05 20:32:49.894362,defective,approved,True,return_abuse
RETURN_004236,ORDER_015398,BUYER_01547,SELLER_00169,2025-10-04 01:45:29.340937,defective,approved,True,return_abuse
RETURN_004237,ORDER_015439,BUYER_01547,SELLER_00281,2025-09-25 01:23:10.348328,size_issue,approved,True,return_abuse
RETURN_004238,ORDER_015416,BUYER_01547,SELLER_00447,2025-10-13 23:30:29.803228,wrong_item_received,approved,True,return_abuse
RETURN_004239,ORDER_015394,BUYER_01547,SELLER_00073,2025-11-24 14:22:58.532798,wrong_item_received,approved,True,return_abuse
RETURN_004240,ORDER_015401,BUYER_01547,SELLER_00454,2025-10-17 01:56:38.170167,size_issue,approved,True,return_abuse
RETURN_004241,ORDER_015423,BUYER_01547,SELLER_00357,2025-10-26 22:04:13.656035,changed_mind,approved,True,return_abuse
RETURN_004242,ORDER_015375,BUYER_01547,SELLER_00156,2025-11-08 18:13:41.357466,wrong_item_received,approved,True,return_abuse
RETURN_004243,ORDER_015379,BUYER_01547,SELLER_00463,2025-12-13 08:17:51.625337,changed_mind,approved,True,return_abuse
RETURN_004244,ORDER_015383,BUYER_01547,SELLER_00024,2025-10-09 15:50:46.607012,defective,approved,True,return_abuse
RETURN_004245,ORDER_015411,BUYER_01547,SELLER_00005,2025-08-30 19:07:06.857057,size_issue,approved,True,return_abuse
RETURN_004246,ORDER_015386,BUYER_01547,SELLER_00204,2025-09-03 21:27:23.734722,size_issue,approved,True,return_abuse
RETURN_004247,ORDER_015393,BUYER_01547,SELLER_00016,2025-08-18 07:13:28.060671,wrong_item_received,approved,True,return_abuse
RETURN_004248,ORDER_015404,BUYER_01547,SELLER_00245,2025-10-09 02:14:22.471120,size_issue,approved,True,return_abuse
RETURN_004249,ORDER_015436,BUYER_01547,SELLER_00395,2025-12-08 10:26:16.593388,defective,approved,True,return_abuse
RETURN_004250,ORDER_031205,BUYER_03129,SELLER_00460,2025-09-03 10:09:17.641118,wrong_item_received,approved,True,return_abuse
RETURN_004251,ORDER_031206,BUYER_03129,SELLER_00427,2025-08-04 19:12:53.659971,wrong_item_received,approved,True,return_abuse
RETURN_004252,ORDER_031209,BUYER_03129,SELLER_00028,2025-07-19 12:49:26.188764,defective,approved,True,return_abuse
RETURN_004253,ORDER_031211,BUYER_03129,SELLER_00141,2025-08-16 08:51:05.740429,wrong_item_received,approved,True,return_abuse
RETURN_004254,ORDER_019090,BUYER_01907,SELLER_00348,2025-12-28 04:59:23.914085,changed_mind,approved,True,return_abuse
RETURN_004255,ORDER_034595,BUYER_03471,SELLER_00397,2025-12-22 15:00:24.057157,size_issue,approved,True,return_abuse
RETURN_004256,ORDER_025771,BUYER_02607,SELLER_00256,2025-10-30 14:08:40.051325,changed_mind,approved,True,return_abuse
RETURN_004257,ORDER_008762,BUYER_00844,SELLER_00326,2025-10-12 18:03:07.233416,wrong_item_received,approved,True,return_abuse
RETURN_004258,ORDER_008764,BUYER_00844,SELLER_00000,2025-09-30 03:05:48.463236,changed_mind,approved,True,return_abuse
RETURN_004259,ORDER_001443,BUYER_00135,SELLER_00214,2025-07-16 17:09:44.670144,defective,approved,True,return_abuse
RETURN_004260,ORDER_044668,BUYER_04464,SELLER_00199,2025-12-02 16:32:24.193959,defective,approved,True,return_abuse
RETURN_004261,ORDER_044667,BUYER_04464,SELLER_00047,2025-12-20 11:57:43.391635,changed_mind,approved,True,return_abuse
RETURN_004262,ORDER_022554,BUYER_02274,SELLER_00019,2025-12-17 12:49:37.075935,size_issue,approved,True,return_abuse
RETURN_004263,ORDER_022557,BUYER_02274,SELLER_00076,2025-12-13 16:01:26.040236,size_issue,approved,True,return_abuse
RETURN_004264,ORDER_022555,BUYER_02274,SELLER_00313,2025-12-09 06:56:27.821709,defective,approved,True,return_abuse
RETURN_004265,ORDER_026569,BUYER_02705,SELLER_00347,2025-08-07 17:18:07.097377,wrong_item_received,approved,True,return_abuse
RETURN_004266,ORDER_026570,BUYER_02705,SELLER_00352,2025-09-11 18:04:53.977525,changed_mind,approved,True,return_abuse
RETURN_004267,ORDER_046958,BUYER_04695,SELLER_00381,2025-12-07 16:28:55.094345,size_issue,approved,True,return_abuse
RETURN_004268,ORDER_007487,BUYER_00726,SELLER_00143,2025-11-23 20:37:46.490902,defective,approved,True,return_abuse
RETURN_004269,ORDER_025809,BUYER_02614,SELLER_00122,2025-11-23 02:50:41.484624,changed_mind,approved,True,return_abuse
RETURN_004270,ORDER_025804,BUYER_02614,SELLER_00042,2025-10-19 17:17:29.503212,size_issue,approved,True,return_abuse
RETURN_004271,ORDER_032020,BUYER_03218,SELLER_00024,2025-07-17 19:10:45.318762,defective,approved,True,return_abuse
RETURN_004272,ORDER_032022,BUYER_03218,SELLER_00438,2025-07-17 13:14:49.956575,defective,approved,True,return_abuse
RETURN_004273,ORDER_032023,BUYER_03218,SELLER_00386,2025-10-31 20:25:27.781675,size_issue,approved,True,return_abuse
RETURN_004274,ORDER_006670,BUYER_00655,SELLER_00123,2025-05-10 09:15:32.484316,changed_mind,approved,True,return_abuse
RETURN_004275,ORDER_016728,BUYER_01698,SELLER_00294,2025-09-01 22:11:07.436618,changed_mind,approved,True,return_abuse
RETURN_004276,ORDER_016726,BUYER_01698,SELLER_00294,2025-08-26 19:04:12.342524,defective,approved,True,return_abuse
RETURN_004277,ORDER_011334,BUYER_01118,SELLER_00179,2025-09-23 07:52:49.399158,defective,approved,True,return_abuse
RETURN_004278,ORDER_042978,BUYER_04301,SELLER_00408,2025-12-29 20:37:54.163128,defective,approved,True,return_abuse
RETURN_004279,ORDER_005138,BUYER_00501,SELLER_00399,2025-10-17 08:49:12.815849,defective,approved,True,return_abuse
RETURN_004280,ORDER_005130,BUYER_00501,SELLER_00391,2025-04-13 11:14:21.716080,changed_mind,approved,True,return_abuse
RETURN_004281,ORDER_005128,BUYER_00501,SELLER_00065,2025-07-04 05:59:56.255424,changed_mind,approved,True,return_abuse
RETURN_004282,ORDER_024868,BUYER_02508,SELLER_00237,2025-09-20 17:51:01.269254,wrong_item_received,approved,True,return_abuse
RETURN_004283,ORDER_024858,BUYER_02508,SELLER_00122,2025-06-24 05:23:36.044847,defective,approved,True,return_abuse
RETURN_004284,ORDER_024859,BUYER_02508,SELLER_00183,2025-04-24 06:18:33.582930,size_issue,approved,True,return_abuse
RETURN_004285,ORDER_024848,BUYER_02508,SELLER_00468,2025-04-22 13:12:59.905125,defective,approved,True,return_abuse
RETURN_004286,ORDER_024862,BUYER_02508,SELLER_00450,2025-06-11 18:45:38.936963,wrong_item_received,approved,True,return_abuse
RETURN_004287,ORDER_024860,BUYER_02508,SELLER_00424,2025-10-15 18:36:28.149236,wrong_item_received,approved,True,return_abuse
RETURN_004288,ORDER_024852,BUYER_02508,SELLER_00026,2025-04-22 21:30:25.656486,changed_mind,approved,True,return_abuse
RETURN_004289,ORDER_035108,BUYER_03522,SELLER_00316,2025-12-02 01:52:53.507881,wrong_item_received,approved,True,return_abuse
RETURN_004290,ORDER_035103,BUYER_03522,SELLER_00437,2025-12-03 15:49:28.863204,size_issue,approved,True,return_abuse
RETURN_004291,ORDER_035104,BUYER_03522,SELLER_00204,2025-12-20 17:39:18.498757,defective,approved,True,return_abuse
RETURN_004292,ORDER_017166,BUYER_01729,SELLER_00021,2025-12-24 18:06:22.341562,changed_mind,approved,True,return_abuse
RETURN_004293,ORDER_016493,BUYER_01671,SELLER_00388,2025-09-16 09:39:23.600621,size_issue,approved,True,return_abuse
RETURN_004294,ORDER_026338,BUYER_02677,SELLER_00013,2025-01-31 05:22:21.318847,defective,approved,True,return_abuse
RETURN_004295,ORDER_026339,BUYER_02677,SELLER_00253,2025-03-19 23:28:51.305520,changed_mind,approved,True,return_abuse
RETURN_004296,ORDER_026343,BUYER_02677,SELLER_00399,2025-04-10 16:52:20.642054,defective,approved,True,return_abuse
RETURN_004297,ORDER_024136,BUYER_02436,SELLER_00117,2025-05-07 08:32:18.671686,changed_mind,approved,True,return_abuse
RETURN_004298,ORDER_024143,BUYER_02436,SELLER_00471,2025-07-06 13:03:07.054463,wrong_item_received,approved,True,return_abuse
RETURN_004299,ORDER_024132,BUYER_02436,SELLER_00326,2025-12-13 03:19:24.064568,defective,approved,True,return_abuse
RETURN_004300,ORDER_020865,BUYER_02097,SELLER_00159,2025-11-18 23:39:59.852919,wrong_item_received,approved,True,return_abuse
RETURN_004301,ORDER_020870,BUYER_02097,SELLER_00368,2025-10-06 02:19:20.424765,wrong_item_received,approved,True,return_abuse
RETURN_004302,ORDER_020864,BUYER_02097,SELLER_00024,2025-10-13 11:26:41.741788,defective,approved,True,return_abuse
RETURN_004303,ORDER_020866,BUYER_02097,SELLER_00368,2025-10-03 03:07:40.159215,size_issue,approved,True,return_abuse
RETURN_004304,ORDER_026654,BUYER_02713,SELLER_00491,2025-03-04 07:47:55.083190,wrong_item_received,approved,True,return_abuse
RETURN_004305,ORDER_026652,BUYER_02713,SELLER_00270,2025-04-01 07:25:01.999948,defective,approved,True,return_abuse
RETURN_004306,ORDER_026651,BUYER_02713,SELLER_00423,2025-04-02 01:06:46.153271,defective,approved,True,return_abuse
RETURN_004307,ORDER_037311,BUYER_03741,SELLER_00146,2025-03-21 03:40:21.674109,changed_mind,approved,True,return_abuse
RETURN_004308,ORDER_004511,BUYER_00434,SELLER_00316,2025-12-30 06:21:28.075820,defective,approved,True,return_abuse
RETURN_004309,ORDER_004512,BUYER_00434,SELLER_00423,2025-12-26 19:32:11.475681,defective,approved,True,return_abuse
RETURN_004310,ORDER_020133,BUYER_02026,SELLER_00309,2025-07-22 01:50:43.776937,changed_mind,approved,True,return_abuse
RETURN_004311,ORDER_020129,BUYER_02026,SELLER_00184,2025-08-06 05:40:24.165135,changed_mind,approved,True,return_abuse
RETURN_004312,ORDER_020127,BUYER_02026,SELLER_00491,2025-12-14 04:28:16.232420,changed_mind,approved,True,return_abuse
RETURN_004313,ORDER_020132,BUYER_02026,SELLER_00019,2025-06-25 03:16:44.292828,wrong_item_received,approved,True,return_abuse
RETURN_004314,ORDER_046668,BUYER_04666,SELLER_00220,2025-09-30 01:56:53.545754,changed_mind,approved,True,return_abuse
RETURN_004315,ORDER_046672,BUYER_04666,SELLER_00258,2025-09-22 07:31:59.855255,changed_mind,approved,True,return_abuse
RETURN_004316,ORDER_046671,BUYER_04666,SELLER_00304,2025-12-10 16:39:27.072233,defective,approved,True,return_abuse
RETURN_004317,ORDER_046670,BUYER_04666,SELLER_00424,2025-09-12 20:57:09.505783,wrong_item_received,approved,True,return_abuse
RETURN_004318,ORDER_046657,BUYER_04666,SELLER_00232,2025-08-24 16:12:24.208848,wrong_item_received,approved,True,return_abuse
RETURN_004319,ORDER_046673,BUYER_04666,SELLER_00482,2025-08-16 07:27:31.558185,changed_mind,approved,True,return_abuse
RETURN_004320,ORDER_046652,BUYER_04666,SELLER_00473,2025-09-26 16:50:07.693127,defective,approved,True,return_abuse
RETURN_004321,ORDER_046650,BUYER_04666,SELLER_00180,2025-12-27 12:10:05.119433,changed_mind,approved,True,return_abuse
RETURN_004322,ORDER_046654,BUYER_04666,SELLER_00312,2025-10-28 18:31:34.673474,changed_mind,approved,True,return_abuse
RETURN_004323,ORDER_038987,BUYER_03923,SELLER_00342,2025-11-22 18:12:37.626036,wrong_item_received,approved,True,return_abuse
RETURN_004324,ORDER_038989,BUYER_03923,SELLER_00108,2025-12-11 08:34:50.325604,defective,approved,True,return_abuse
RETURN_004325,ORDER_037835,BUYER_03798,SELLER_00417,2025-02-05 00:08:11.634729,defective,approved,True,return_abuse
RETURN_004326,ORDER_037831,BUYER_03798,SELLER_00040,2025-05-09 18:01:50.060196,defective,approved,True,return_abuse
RETURN_004327,ORDER_034195,BUYER_03428,SELLER_00497,2025-12-03 20:28:59.270535,wrong_item_received,approved,True,return_abuse
RETURN_004328,ORDER_034188,BUYER_03428,SELLER_00146,2025-09-05 16:10:08.226430,wrong_item_received,approved,True,return_abuse
RETURN_004329,ORDER_034191,BUYER_03428,SELLER_00341,2025-12-04 22:25:11.271585,changed_mind,approved,True,return_abuse
RETURN_004330,ORDER_006134,BUYER_00599,SELLER_00281,2025-10-31 21:57:08.797662,size_issue,approved,True,return_abuse
RETURN_004331,ORDER_006128,BUYER_00599,SELLER_00496,2025-11-29 21:16:04.096884,defective,approved,True,return_abuse
RETURN_004332,ORDER_006121,BUYER_00599,SELLER_00305,2025-07-29 10:32:44.814100,size_issue,approved,True,return_abuse
RETURN_004333,ORDER_006135,BUYER_00599,SELLER_00313,2025-06-30 19:24:37.985013,size_issue,approved,True,return_abuse
RETURN_004334,ORDER_021975,BUYER_02216,SELLER_00167,2025-12-20 02:12:06.518777,defective,approved,True,return_abuse
RETURN_004335,ORDER_027922,BUYER_02822,SELLER_00042,2025-09-30 15:49:19.910649,changed_mind,approved,True,return_abuse
RETURN_004336,ORDER_023468,BUYER_02362,SELLER_00134,2025-11-28 13:16:20.044026,size_issue,approved,True,return_abuse
RETURN_004337,ORDER_030591,BUYER_03082,SELLER_00169,2025-10-03 22:35:26.503420,size_issue,approved,True,return_abuse
RETURN_004338,ORDER_030594,BUYER_03082,SELLER_00374,2025-10-19 09:00:23.571084,wrong_item_received,approved,True,return_abuse
RETURN_004339,ORDER_017283,BUYER_01741,SELLER_00246,2025-06-14 00:02:51.326319,wrong_item_received,approved,True,return_abuse
RETURN_004340,ORDER_049884,BUYER_04985,SELLER_00126,2025-11-02 14:39:09.651456,wrong_item_received,approved,True,return_abuse
RETURN_004341,ORDER_049889,BUYER_04985,SELLER_00128,2025-11-24 04:37:00.982504,changed_mind,approved,True,return_abuse
RETURN_004342,ORDER_036808,BUYER_03688,SELLER_00347,2025-05-09 23:48:44.583136,wrong_item_received,approved,True,return_abuse
RETURN_004343,ORDER_036810,BUYER_03688,SELLER_00049,2025-03-22 14:32:06.390839,size_issue,approved,True,return_abuse
RETURN_004344,ORDER_036811,BUYER_03688,SELLER_00362,2025-08-15 17:07:23.074607,changed_mind,approved,True,return_abuse
RETURN_004345,ORDER_012700,BUYER_01271,SELLER_00172,2025-02-20 20:40:42.376639,size_issue,approved,True,return_abuse
RETURN_004346,ORDER_012698,BUYER_01271,SELLER_00490,2025-07-19 06:39:46.514492,wrong_item_received,approved,True,return_abuse
RETURN_004347,ORDER_012694,BUYER_01271,SELLER_00434,2025-06-16 03:42:57.440490,changed_mind,approved,True,return_abuse
RETURN_004348,ORDER_048660,BUYER_04865,SELLER_00277,2025-12-25 23:46:13.727320,changed_mind,approved,True,return_abuse
RETURN_004349,ORDER_048659,BUYER_04865,SELLER_00077,2025-12-22 08:27:52.021180,changed_mind,approved,True,return_abuse
RETURN_004350,ORDER_024591,BUYER_02479,SELLER_00277,2025-06-26 08:12:15.800108,changed_mind,approved,True,return_abuse
RETURN_004351,ORDER_024596,BUYER_02479,SELLER_00021,2025-09-21 03:01:10.887754,size_issue,approved,True,return_abuse
RETURN_004352,ORDER_024593,BUYER_02479,SELLER_00376,2025-09-07 07:19:51.853047,changed_mind,approved,True,return_abuse
RETURN_004353,ORDER_024589,BUYER_02479,SELLER_00026,2025-06-22 18:31:42.997261,size_issue,approved,True,return_abuse
RETURN_004354,ORDER_005890,BUYER_00577,SELLER_00024,2025-12-05 21:11:18.524749,changed_mind,approved,True,return_abuse
RETURN_004355,ORDER_005891,BUYER_00577,SELLER_00343,2025-10-14 05:21:52.597976,changed_mind,approved,True,return_abuse
RETURN_004356,ORDER_039861,BUYER_04009,SELLER_00247,2025-11-16 00:27:46.911949,wrong_item_received,approved,True,return_abuse
RETURN_004357,ORDER_011573,BUYER_01151,SELLER_00377,2025-12-27 18:40:31.795943,defective,approved,True,return_abuse
RETURN_004358,ORDER_011576,BUYER_01151,SELLER_00314,2025-11-26 01:14:00.542160,wrong_item_received,approved,True,return_abuse
RETURN_004359,ORDER_012851,BUYER_01286,SELLER_00351,2025-05-12 13:37:24.093087,changed_mind,approved,True,return_abuse
RETURN_004360,ORDER_012850,BUYER_01286,SELLER_00344,2025-05-08 06:27:23.360017,defective,approved,True,return_abuse
RETURN_004361,ORDER_012859,BUYER_01286,SELLER_00362,2025-03-04 05:00:58.732744,changed_mind,approved,True,return_abuse
RETURN_004362,ORDER_012847,BUYER_01286,SELLER_00049,2025-11-14 06:59:24.630008,changed_mind,approved,True,return_abuse
RETURN_004363,ORDER_012855,BUYER_01286,SELLER_00178,2025-05-15 13:10:41.478434,size_issue,approved,True,return_abuse
RETURN_004364,ORDER_034606,BUYER_03473,SELLER_00388,2025-10-07 03:07:19.660213,changed_mind,approved,True,return_abuse
RETURN_004365,ORDER_034617,BUYER_03473,SELLER_00288,2025-08-31 14:30:11.534503,wrong_item_received,approved,True,return_abuse
RETURN_004366,ORDER_034605,BUYER_03473,SELLER_00188,2025-09-05 13:41:48.238298,defective,approved,True,return_abuse
RETURN_004367,ORDER_015348,BUYER_01546,SELLER_00233,2025-05-17 11:32:40.362104,size_issue,approved,True,return_abuse
RETURN_004368,ORDER_015367,BUYER_01546,SELLER_00314,2025-10-28 13:51:43.076872,defective,approved,True,return_abuse
RETURN_004369,ORDER_015351,BUYER_01546,SELLER_00382,2025-10-21 15:08:29.553258,defective,approved,True,return_abuse
RETURN_004370,ORDER_015360,BUYER_01546,SELLER_00148,2025-12-02 16:12:41.960391,changed_mind,approved,True,return_abuse
RETURN_004371,ORDER_015369,BUYER_01546,SELLER_00178,2025-04-21 17:45:46.462360,defective,approved,True,return_abuse
RETURN_004372,ORDER_015355,BUYER_01546,SELLER_00203,2025-05-01 22:26:02.639950,size_issue,approved,True,return_abuse
RETURN_004373,ORDER_015365,BUYER_01546,SELLER_00289,2025-10-28 01:35:34.716613,changed_mind,approved,True,return_abuse
RETURN_004374,ORDER_019738,BUYER_01983,SELLER_00275,2025-12-18 17:00:02.874857,size_issue,approved,True,return_abuse
RETURN_004375,ORDER_040650,BUYER_04087,SELLER_00185,2025-11-16 08:42:10.949365,defective,approved,True,return_abuse
RETURN_004376,ORDER_040654,BUYER_04087,SELLER_00208,2025-11-22 06:55:49.793228,defective,approved,True,return_abuse
RETURN_004377,ORDER_016737,BUYER_01699,SELLER_00488,2025-11-25 23:49:52.352994,changed_mind,approved,True,return_abuse
RETURN_004378,ORDER_016750,BUYER_01699,SELLER_00075,2025-08-12 22:20:20.226992,size_issue,approved,True,return_abuse
RETURN_004379,ORDER_016749,BUYER_01699,SELLER_00311,2025-08-10 23:48:39.195334,defective,approved,True,return_abuse
RETURN_004380,ORDER_016736,BUYER_01699,SELLER_00221,2025-11-10 13:03:51.372694,changed_mind,approved,True,return_abuse
RETURN_004381,ORDER_016731,BUYER_01699,SELLER_00487,2025-08-04 01:29:22.605803,wrong_item_received,approved,True,return_abuse
RETURN_004382,ORDER_016732,BUYER_01699,SELLER_00232,2025-12-20 01:07:24.728910,wrong_item_received,approved,True,return_abuse
RETURN_004383,ORDER_046466,BUYER_04650,SELLER_00238,2025-05-23 22:47:12.020112,defective,approved,True,return_abuse
RETURN_004384,ORDER_046465,BUYER_04650,SELLER_00143,2025-10-07 20:36:10.201981,changed_mind,approved,True,return_abuse
RETURN_004385,ORDER_046468,BUYER_04650,SELLER_00076,2025-12-07 08:54:17.483797,size_issue,approved,True,return_abuse
RETURN_004386,ORDER_046462,BUYER_04650,SELLER_00385,2025-07-10 18:02:39.593391,defective,approved,True,return_abuse
RETURN_004387,ORDER_046472,BUYER_04650,SELLER_00251,2025-10-01 14:34:08.605624,defective,approved,True,return_abuse
RETURN_004388,ORDER_047359,BUYER_04729,SELLER_00356,2025-12-01 23:31:50.322235,defective,approved,True,return_abuse
RETURN_004389,ORDER_047356,BUYER_04729,SELLER_00258,2025-11-01 09:40:19.665119,wrong_item_received,approved,True,return_abuse
RETURN_004390,ORDER_030181,BUYER_03043,SELLER_00032,2025-10-13 20:24:02.838397,changed_mind,approved,True,return_abuse
RETURN_004391,ORDER_030176,BUYER_03043,SELLER_00081,2025-12-05 19:50:32.680941,size_issue,approved,True,return_abuse
RETURN_004392,ORDER_016210,BUYER_01635,SELLER_00477,2025-12-01 09:15:08.921505,defective,approved,True,return_abuse
RETURN_004393,ORDER_016203,BUYER_01635,SELLER_00385,2025-12-30 00:09:58.203897,defective,approved,True,return_abuse
RETURN_004394,ORDER_016589,BUYER_01681,SELLER_00143,2025-11-20 04:02:57.600158,size_issue,approved,True,return_abuse
RETURN_004395,ORDER_016587,BUYER_01681,SELLER_00153,2025-11-06 08:28:12.175728,wrong_item_received,approved,True,return_abuse
RETURN_004396,ORDER_016593,BUYER_01681,SELLER_00122,2025-11-07 03:59:58.011396,size_issue,approved,True,return_abuse
RETURN_004397,ORDER_027981,BUYER_02830,SELLER_00388,2025-07-13 15:03:39.879522,changed_mind,approved,True,return_abuse
RETURN_004398,ORDER_027976,BUYER_02830,SELLER_00056,2025-09-19 17:09:34.583488,wrong_item_received,approved,True,return_abuse
RETURN_004399,ORDER_027987,BUYER_02830,SELLER_00444,2025-12-13 15:31:35.443069,defective,approved,True,return_abuse
RETURN_004400,ORDER_027978,BUYER_02830,SELLER_00419,2025-12-06 03:56:39.876958,changed_mind,approved,True,return_abuse
RETURN_004401,ORDER_027986,BUYER_02830,SELLER_00123,2025-12-30 11:50:40.969645,changed_mind,approved,True,return_abuse
RETURN_004402,ORDER_027974,BUYER_02830,SELLER_00333,2025-09-13 03:13:43.239160,defective,approved,True,return_abuse
RETURN_004403,ORDER_017744,BUYER_01794,SELLER_00251,2025-09-05 14:27:47.606530,changed_mind,approved,True,return_abuse
RETURN_004404,ORDER_017740,BUYER_01794,SELLER_00077,2025-04-08 11:03:49.443598,defective,approved,True,return_abuse
RETURN_004405,ORDER_017741,BUYER_01794,SELLER_00426,2025-04-30 11:40:38.308598,changed_mind,approved,True,return_abuse
RETURN_004406,ORDER_043687,BUYER_04371,SELLER_00056,2025-07-08 18:14:22.976680,defective,approved,True,return_abuse
RETURN_004407,ORDER_043689,BUYER_04371,SELLER_00185,2025-06-28 20:32:28.918369,defective,approved,True,return_abuse
RETURN_004408,ORDER_043690,BUYER_04371,SELLER_00136,2025-10-19 02:55:55.552421,changed_mind,approved,True,return_abuse
RETURN_004409,ORDER_043692,BUYER_04371,SELLER_00123,2025-12-15 22:03:13.142421,wrong_item_received,approved,True,return_abuse
RETURN_004410,ORDER_015689,BUYER_01578,SELLER_00239,2025-11-25 22:24:16.730245,defective,approved,True,return_abuse
RETURN_004411,ORDER_015692,BUYER_01578,SELLER_00309,2025-11-09 00:38:39.830515,changed_mind,approved,True,return_abuse
RETURN_004412,ORDER_029416,BUYER_02964,SELLER_00431,2025-11-02 22:28:54.006051,size_issue,approved,True,return_abuse
RETURN_004413,ORDER_043280,BUYER_04333,SELLER_00499,2025-05-21 12:40:56.789029,changed_mind,approved,True,return_abuse
RETURN_004414,ORDER_043283,BUYER_04333,SELLER_00123,2025-03-12 11:08:00.845526,defective,approved,True,return_abuse
RETURN_004415,ORDER_001755,BUYER_00162,SELLER_00437,2025-07-06 04:44:01.620053,defective,approved,True,return_abuse
RETURN_004416,ORDER_001758,BUYER_00162,SELLER_00209,2025-09-25 01:30:31.948237,defective,approved,True,return_abuse
RETURN_004417,ORDER_001757,BUYER_00162,SELLER_00390,2025-07-07 02:24:40.549598,wrong_item_received,approved,True,return_abuse
RETURN_004418,ORDER_003471,BUYER_00335,SELLER_00191,2025-02-20 05:16:19.449548,changed_mind,approved,True,return_abuse
RETURN_004419,ORDER_042326,BUYER_04231,SELLER_00032,2025-11-29 08:44:44.357836,defective,approved,True,return_abuse
RETURN_004420,ORDER_042320,BUYER_04231,SELLER_00237,2025-06-30 08:37:27.576011,wrong_item_received,approved,True,return_abuse
RETURN_004421,ORDER_042322,BUYER_04231,SELLER_00102,2025-02-10 02:03:49.345699,size_issue,approved,True,return_abuse
RETURN_004422,ORDER_033205,BUYER_03323,SELLER_00231,2025-06-06 18:22:27.120152,defective,approved,True,return_abuse
RETURN_004423,ORDER_033196,BUYER_03323,SELLER_00420,2025-05-26 10:32:38.743136,changed_mind,approved,True,return_abuse
RETURN_004424,ORDER_033200,BUYER_03323,SELLER_00290,2025-06-13 20:03:12.555787,defective,approved,True,return_abuse
RETURN_004425,ORDER_033198,BUYER_03323,SELLER_00399,2025-10-04 21:42:40.296592,defective,approved,True,return_abuse
RETURN_004426,ORDER_018342,BUYER_01850,SELLER_00314,2025-03-15 18:19:04.009866,size_issue,approved,True,return_abuse
RETURN_004427,ORDER_018320,BUYER_01850,SELLER_00109,2025-04-19 18:26:48.748053,defective,approved,True,return_abuse
RETURN_004428,ORDER_018305,BUYER_01850,SELLER_00100,2025-04-25 23:12:28.958295,wrong_item_received,approved,True,return_abuse
RETURN_004429,ORDER_018335,BUYER_01850,SELLER_00463,2025-07-19 12:26:52.410322,size_issue,approved,True,return_abuse
RETURN_004430,ORDER_018343,BUYER_01850,SELLER_00498,2025-08-25 23:59:39.365950,defective,approved,True,return_abuse
RETURN_004431,ORDER_018317,BUYER_01850,SELLER_00338,2025-09-16 19:52:18.243333,defective,approved,True,return_abuse
RETURN_004432,ORDER_018338,BUYER_01850,SELLER_00094,2025-07-05 10:38:28.469234,changed_mind,approved,True,return_abuse
RETURN_004433,ORDER_018339,BUYER_01850,SELLER_00072,2025-10-13 20:43:07.594229,changed_mind,approved,True,return_abuse
RETURN_004434,ORDER_018333,BUYER_01850,SELLER_00225,2025-09-25 21:51:00.697928,defective,approved,True,return_abuse
RETURN_004435,ORDER_018322,BUYER_01850,SELLER_00420,2025-12-29 10:38:05.712400,changed_mind,approved,True,return_abuse
RETURN_004436,ORDER_001135,BUYER_00112,SELLER_00213,2025-10-07 13:05:04.137689,changed_mind,approved,True,return_abuse
RETURN_004437,ORDER_010111,BUYER_00990,SELLER_00416,2025-04-23 19:54:20.100690,size_issue,approved,True,return_abuse
RETURN_004438,ORDER_012432,BUYER_01250,SELLER_00007,2025-06-13 06:23:04.092341,changed_mind,approved,True,return_abuse
RETURN_004439,ORDER_012431,BUYER_01250,SELLER_00009,2025-06-03 04:05:18.942609,wrong_item_received,approved,True,return_abuse
RETURN_004440,ORDER_012429,BUYER_01250,SELLER_00215,2025-06-20 22:38:42.949770,defective,approved,True,return_abuse
RETURN_004441,ORDER_012425,BUYER_01250,SELLER_00221,2025-06-30 01:50:15.965541,wrong_item_received,approved,True,return_abuse
RETURN_004442,ORDER_000263,BUYER_00028,SELLER_00277,2025-06-23 23:51:55.257534,changed_mind,approved,True,return_abuse
RETURN_004443,ORDER_000278,BUYER_00028,SELLER_00243,2025-06-28 17:41:58.917531,wrong_item_received,approved,True,return_abuse
RETURN_004444,ORDER_000268,BUYER_00028,SELLER_00494,2025-06-16 03:11:12.463282,changed_mind,approved,True,return_abuse
RETURN_004445,ORDER_000264,BUYER_00028,SELLER_00083,2025-10-06 08:22:49.898684,wrong_item_received,approved,True,return_abuse
RETURN_004446,ORDER_000262,BUYER_00028,SELLER_00225,2025-12-27 14:12:30.927797,wrong_item_received,approved,True,return_abuse
RETURN_004447,ORDER_000271,BUYER_00028,SELLER_00324,2025-06-29 19:09:24.792364,changed_mind,approved,True,return_abuse
RETURN_004448,ORDER_031528,BUYER_03164,SELLER_00291,2025-12-12 19:10:22.112166,defective,approved,True,return_abuse
RETURN_004449,ORDER_031523,BUYER_03164,SELLER_00191,2025-11-02 23:53:47.063437,defective,approved,True,return_abuse
RETURN_004450,ORDER_031529,BUYER_03164,SELLER_00395,2025-11-21 13:24:10.680077,defective,approved,True,return_abuse
RETURN_004451,ORDER_003514,BUYER_00338,SELLER_00171,2025-10-01 18:14:48.009288,defective,approved,True,return_abuse
RETURN_004452,ORDER_003508,BUYER_00338,SELLER_00016,2025-12-27 12:12:35.279023,wrong_item_received,approved,True,return_abuse
RETURN_004453,ORDER_003512,BUYER_00338,SELLER_00294,2025-09-22 04:50:16.700079,wrong_item_received,approved,True,return_abuse
RETURN_004454,ORDER_003503,BUYER_00338,SELLER_00152,2025-10-29 04:28:44.940187,defective,approved,True,return_abuse
RETURN_004455,ORDER_003520,BUYER_00338,SELLER_00377,2025-11-30 16:01:22.939336,size_issue,approved,True,return_abuse
RETURN_004456,ORDER_003506,BUYER_00338,SELLER_00155,2025-12-15 21:19:23.386683,changed_mind,approved,True,return_abuse
RETURN_004457,ORDER_003507,BUYER_00338,SELLER_00340,2025-11-09 09:04:21.358174,changed_mind,approved,True,return_abuse
RETURN_004458,ORDER_005512,BUYER_00543,SELLER_00147,2025-12-07 05:38:47.369432,wrong_item_received,approved,True,return_abuse
RETURN_004459,ORDER_005507,BUYER_00543,SELLER_00438,2025-10-17 08:00:37.930515,changed_mind,approved,True,return_abuse
RETURN_004460,ORDER_032842,BUYER_03283,SELLER_00326,2025-09-09 03:27:46.402621,size_issue,approved,True,return_abuse
RETURN_004461,ORDER_032838,BUYER_03283,SELLER_00289,2025-10-08 00:13:11.809233,defective,approved,True,return_abuse
RETURN_004462,ORDER_043609,BUYER_04363,SELLER_00401,2025-11-04 23:48:02.611181,changed_mind,approved,True,return_abuse
RETURN_004463,ORDER_031145,BUYER_03125,SELLER_00012,2025-10-14 11:04:35.608174,wrong_item_received,approved,True,return_abuse
RETURN_004464,ORDER_046043,BUYER_04601,SELLER_00315,2025-12-22 09:39:10.290597,wrong_item_received,approved,True,return_abuse
RETURN_004465,ORDER_046045,BUYER_04601,SELLER_00486,2025-02-24 01:01:59.784209,defective,approved,True,return_abuse
RETURN_004466,ORDER_022378,BUYER_02258,SELLER_00246,2025-12-14 00:31:53.329432,wrong_item_received,approved,True,return_abuse
RETURN_004467,ORDER_043196,BUYER_04324,SELLER_00209,2025-12-24 11:50:28.161595,changed_mind,approved,True,return_abuse
RETURN_004468,ORDER_047565,BUYER_04747,SELLER_00206,2025-12-08 01:39:25.550785,size_issue,approved,True,return_abuse
RETURN_004469,ORDER_047573,BUYER_04747,SELLER_00233,2025-10-28 12:51:32.725804,changed_mind,approved,True,return_abuse
RETURN_004470,ORDER_047575,BUYER_04747,SELLER_00187,2025-11-30 10:58:02.762804,changed_mind,approved,True,return_abuse
RETURN_004471,ORDER_029124,BUYER_02942,SELLER_00114,2025-06-10 23:13:24.029595,size_issue,approved,True,return_abuse
RETURN_004472,ORDER_029125,BUYER_02942,SELLER_00351,2025-05-27 21:17:57.906996,changed_mind,approved,True,return_abuse
RETURN_004473,ORDER_029122,BUYER_02942,SELLER_00092,2025-10-26 11:19:48.067933,changed_mind,approved,True,return_abuse
RETURN_004474,ORDER_042122,BUYER_04218,SELLER_00244,2025-10-12 01:22:55.604470,defective,approved,True,return_abuse
RETURN_004475,ORDER_042111,BUYER_04218,SELLER_00367,2025-11-10 01:30:05.062172,wrong_item_received,approved,True,return_abuse
RETURN_004476,ORDER_042115,BUYER_04218,SELLER_00316,2025-11-07 06:11:58.679112,defective,approved,True,return_abuse
RETURN_004477,ORDER_042119,BUYER_04218,SELLER_00232,2025-12-22 12:40:37.014954,size_issue,approved,True,return_abuse
RETURN_004478,ORDER_017515,BUYER_01767,SELLER_00123,2025-09-14 03:47:34.070863,changed_mind,approved,True,return_abuse
RETURN_004479,ORDER_017514,BUYER_01767,SELLER_00123,2025-12-05 11:34:55.503497,wrong_item_received,approved,True,return_abuse
RETURN_004480,ORDER_041363,BUYER_04147,SELLER_00059,2025-09-09 08:01:40.031690,defective,approved,True,return_abuse
RETURN_004481,ORDER_041370,BUYER_04147,SELLER_00382,2025-09-17 10:22:17.928641,defective,approved,True,return_abuse
RETURN_004482,ORDER_041367,BUYER_04147,SELLER_00233,2025-11-05 06:05:19.542027,wrong_item_received,approved,True,return_abuse
RETURN_004483,ORDER_041369,BUYER_04147,SELLER_00007,2025-09-26 13:18:14.336010,size_issue,approved,True,return_abuse
RETURN_004484,ORDER_008161,BUYER_00789,SELLER_00071,2025-03-08 04:35:53.508816,wrong_item_received,approved,True,return_abuse
RETURN_004485,ORDER_042090,BUYER_04215,SELLER_00120,2025-10-05 07:50:13.586426,wrong_item_received,approved,True,return_abuse
RETURN_004486,ORDER_042094,BUYER_04215,SELLER_00492,2025-09-04 23:52:34.143262,changed_mind,approved,True,return_abuse
RETURN_004487,ORDER_042089,BUYER_04215,SELLER_00320,2025-09-13 19:53:30.445608,changed_mind,approved,True,return_abuse
RETURN_004488,ORDER_042088,BUYER_04215,SELLER_00261,2025-09-26 07:10:06.627361,changed_mind,approved,True,return_abuse
RETURN_004489,ORDER_042085,BUYER_04215,SELLER_00056,2025-08-23 19:31:56.846693,changed_mind,approved,True,return_abuse
RETURN_004490,ORDER_042086,BUYER_04215,SELLER_00491,2025-12-08 07:04:49.602964,changed_mind,approved,True,return_abuse
RETURN_004491,ORDER_011901,BUYER_01188,SELLER_00356,2025-10-24 19:21:39.721746,size_issue,approved,True,return_abuse
RETURN_004492,ORDER_011903,BUYER_01188,SELLER_00051,2025-10-14 20:19:19.289977,wrong_item_received,approved,True,return_abuse
RETURN_004493,ORDER_011897,BUYER_01188,SELLER_00031,2025-09-24 08:38:06.942313,wrong_item_received,approved,True,return_abuse
RETURN_004494,ORDER_003402,BUYER_00327,SELLER_00161,2025-11-14 16:14:25.194080,defective,approved,True,return_abuse
RETURN_004495,ORDER_021678,BUYER_02177,SELLER_00352,2025-11-03 21:12:09.010146,defective,approved,True,return_abuse
RETURN_004496,ORDER_021908,BUYER_02209,SELLER_00477,2025-08-05 13:36:56.698300,size_issue,approved,True,return_abuse
RETURN_004497,ORDER_021918,BUYER_02209,SELLER_00059,2025-10-18 23:08:12.934144,defective,approved,True,return_abuse
RETURN_004498,ORDER_021915,BUYER_02209,SELLER_00447,2025-09-03 13:23:43.049758,changed_mind,approved,True,return_abuse
RETURN_004499,ORDER_021917,BUYER_02209,SELLER_00341,2025-11-16 14:54:56.429484,size_issue,approved,True,return_abuse
RETURN_004500,ORDER_034294,BUYER_03436,SELLER_00167,2025-09-16 02:08:42.025683,changed_mind,approved,True,return_abuse
RETURN_004501,ORDER_034293,BUYER_03436,SELLER_00366,2025-11-25 11:08:27.897900,size_issue,approved,True,return_abuse
RETURN_004502,ORDER_034299,BUYER_03436,SELLER_00437,2025-10-28 02:57:39.741527,wrong_item_received,approved,True,return_abuse
RETURN_004503,ORDER_046682,BUYER_04667,SELLER_00128,2025-09-21 20:49:08.896314,size_issue,approved,True,return_abuse
RETURN_004504,ORDER_046688,BUYER_04667,SELLER_00149,2025-08-23 02:49:41.647600,changed_mind,approved,True,return_abuse
RETURN_004505,ORDER_046689,BUYER_04667,SELLER_00352,2025-11-26 06:01:18.406917,size_issue,approved,True,return_abuse
RETURN_004506,ORDER_046685,BUYER_04667,SELLER_00089,2025-11-12 22:37:19.149778,defective,approved,True,return_abuse
RETURN_004507,ORDER_026157,BUYER_02657,SELLER_00237,2025-09-03 14:39:42.293251,changed_mind,approved,True,return_abuse
RETURN_004508,ORDER_048164,BUYER_04818,SELLER_00231,2025-05-21 18:30:10.167740,changed_mind,approved,True,return_abuse
RETURN_004509,ORDER_048167,BUYER_04818,SELLER_00016,2025-04-10 01:21:16.862425,defective,approved,True,return_abuse
RETURN_004510,ORDER_048151,BUYER_04818,SELLER_00433,2025-11-16 10:59:42.082743,defective,approved,True,return_abuse
RETURN_004511,ORDER_048154,BUYER_04818,SELLER_00178,2025-04-24 00:56:23.521635,size_issue,approved,True,return_abuse
RETURN_004512,ORDER_048162,BUYER_04818,SELLER_00376,2025-06-04 12:50:56.158664,changed_mind,approved,True,return_abuse
RETURN_004513,ORDER_003583,BUYER_00340,SELLER_00316,2025-03-17 07:16:36.588140,defective,approved,True,return_abuse
RETURN_004514,ORDER_003550,BUYER_00340,SELLER_00166,2025-12-02 14:25:11.634769,changed_mind,approved,True,return_abuse
RETURN_004515,ORDER_003588,BUYER_00340,SELLER_00316,2025-03-21 08:56:27.236099,changed_mind,approved,True,return_abuse
RETURN_004516,ORDER_003563,BUYER_00340,SELLER_00455,2025-09-19 06:25:37.202054,defective,approved,True,return_abuse
RETURN_004517,ORDER_003546,BUYER_00340,SELLER_00150,2025-09-20 10:57:45.444760,defective,approved,True,return_abuse
RETURN_004518,ORDER_003553,BUYER_00340,SELLER_00199,2025-06-26 21:07:50.301747,changed_mind,approved,True,return_abuse
RETURN_004519,ORDER_003559,BUYER_00340,SELLER_00251,2025-06-20 12:59:21.688753,changed_mind,approved,True,return_abuse
RETURN_004520,ORDER_003571,BUYER_00340,SELLER_00485,2025-08-02 11:46:33.884181,changed_mind,approved,True,return_abuse
RETURN_004521,ORDER_003564,BUYER_00340,SELLER_00417,2025-07-17 06:53:08.584451,defective,approved,True,return_abuse
RETURN_004522,ORDER_003552,BUYER_00340,SELLER_00386,2025-04-27 21:47:24.916432,changed_mind,approved,True,return_abuse
RETURN_004523,ORDER_003584,BUYER_00340,SELLER_00383,2025-05-28 09:22:50.906103,changed_mind,approved,True,return_abuse
RETURN_004524,ORDER_003558,BUYER_00340,SELLER_00432,2025-05-13 16:02:52.809114,defective,approved,True,return_abuse
RETURN_004525,ORDER_003542,BUYER_00340,SELLER_00064,2025-10-28 10:41:58.930385,defective,approved,True,return_abuse
RETURN_004526,ORDER_003537,BUYER_00340,SELLER_00240,2025-05-17 01:02:37.283206,defective,approved,True,return_abuse
RETURN_004527,ORDER_003540,BUYER_00340,SELLER_00016,2025-12-22 15:04:13.726660,changed_mind,approved,True,return_abuse
RETURN_004528,ORDER_003575,BUYER_00340,SELLER_00016,2025-11-16 13:35:00.416898,defective,approved,True,return_abuse
RETURN_004529,ORDER_003570,BUYER_00340,SELLER_00084,2025-07-27 11:50:13.074903,changed_mind,approved,True,return_abuse
RETURN_004530,ORDER_003572,BUYER_00340,SELLER_00413,2025-04-27 06:29:15.669144,wrong_item_received,approved,True,return_abuse
RETURN_004531,ORDER_003557,BUYER_00340,SELLER_00178,2025-06-13 04:30:41.150718,changed_mind,approved,True,return_abuse
RETURN_004532,ORDER_003565,BUYER_00340,SELLER_00289,2025-05-30 10:16:41.568758,changed_mind,approved,True,return_abuse
RETURN_004533,ORDER_003573,BUYER_00340,SELLER_00152,2025-07-06 05:24:03.794183,wrong_item_received,approved,True,return_abuse
RETURN_004534,ORDER_003554,BUYER_00340,SELLER_00473,2025-07-07 13:25:42.722578,changed_mind,approved,True,return_abuse
RETURN_004535,ORDER_003585,BUYER_00340,SELLER_00016,2025-06-02 11:49:09.928251,changed_mind,approved,True,return_abuse
RETURN_004536,ORDER_003533,BUYER_00340,SELLER_00056,2025-07-16 06:31:27.587922,defective,approved,True,return_abuse
RETURN_004537,ORDER_003541,BUYER_00340,SELLER_00015,2025-05-20 03:23:40.942209,defective,approved,True,return_abuse
RETURN_004538,ORDER_011932,BUYER_01192,SELLER_00430,2025-07-11 18:25:29.437905,size_issue,approved,True,return_abuse
RETURN_004539,ORDER_032787,BUYER_03277,SELLER_00151,2025-08-22 18:01:38.581073,wrong_item_received,approved,True,return_abuse
RETURN_004540,ORDER_032780,BUYER_03277,SELLER_00141,2025-07-15 06:06:55.390613,defective,approved,True,return_abuse
RETURN_004541,ORDER_032788,BUYER_03277,SELLER_00442,2025-10-07 08:28:32.721279,size_issue,approved,True,return_abuse
RETURN_004542,ORDER_032786,BUYER_03277,SELLER_00158,2025-11-07 00:38:45.459629,changed_mind,approved,True,return_abuse
RETURN_004543,ORDER_042804,BUYER_04285,SELLER_00175,2025-11-08 09:20:19.226283,size_issue,approved,True,return_abuse
RETURN_004544,ORDER_042807,BUYER_04285,SELLER_00078,2025-12-17 20:11:58.711554,size_issue,approved,True,return_abuse
RETURN_004545,ORDER_008182,BUYER_00792,SELLER_00327,2025-02-21 06:39:14.470526,wrong_item_received,approved,True,return_abuse
RETURN_004546,ORDER_008178,BUYER_00792,SELLER_00155,2025-12-23 20:32:09.411733,size_issue,approved,True,return_abuse
RETURN_004547,ORDER_008176,BUYER_00792,SELLER_00162,2025-07-03 09:06:08.713582,size_issue,approved,True,return_abuse
RETURN_004548,ORDER_021290,BUYER_02142,SELLER_00337,2025-12-12 17:51:21.902494,wrong_item_received,approved,True,return_abuse
RETURN_004549,ORDER_049041,BUYER_04908,SELLER_00019,2025-11-07 22:29:11.620394,changed_mind,approved,True,return_abuse
RETURN_004550,ORDER_016608,BUYER_01683,SELLER_00408,2025-12-01 23:56:23.592833,size_issue,approved,True,return_abuse
RETURN_004551,ORDER_016607,BUYER_01683,SELLER_00012,2025-10-13 17:28:58.071450,size_issue,approved,True,return_abuse
RETURN_004552,ORDER_016605,BUYER_01683,SELLER_00423,2025-09-18 05:26:17.728535,defective,approved,True,return_abuse
RETURN_004553,ORDER_016599,BUYER_01683,SELLER_00170,2025-09-26 21:13:12.828990,changed_mind,approved,True,return_abuse
RETURN_004554,ORDER_016606,BUYER_01683,SELLER_00425,2025-10-09 10:48:48.041270,defective,approved,True,return_abuse
RETURN_004555,ORDER_034108,BUYER_03419,SELLER_00455,2025-11-30 08:00:33.970619,defective,approved,True,return_abuse
RETURN_004556,ORDER_034111,BUYER_03419,SELLER_00288,2025-10-30 11:16:19.487519,changed_mind,approved,True,return_abuse
RETURN_004557,ORDER_031906,BUYER_03202,SELLER_00424,2025-12-15 14:40:13.315655,changed_mind,approved,True,return_abuse
RETURN_004558,ORDER_031904,BUYER_03202,SELLER_00218,2025-12-22 20:32:52.184769,changed_mind,approved,True,return_abuse
RETURN_004559,ORDER_031909,BUYER_03202,SELLER_00367,2025-12-10 21:22:56.287303,changed_mind,approved,True,return_abuse
RETURN_004560,ORDER_023623,BUYER_02377,SELLER_00133,2025-05-10 10:05:24.724316,defective,approved,True,return_abuse
RETURN_004561,ORDER_006680,BUYER_00657,SELLER_00143,2025-03-21 19:16:45.506624,defective,approved,True,return_abuse
RETURN_004562,ORDER_006682,BUYER_00657,SELLER_00077,2025-06-22 20:05:21.385683,size_issue,approved,True,return_abuse
RETURN_004563,ORDER_006683,BUYER_00657,SELLER_00233,2025-03-20 12:47:00.581881,defective,approved,True,return_abuse
RETURN_004564,ORDER_006688,BUYER_00657,SELLER_00049,2025-03-15 16:12:52.528419,defective,approved,True,return_abuse
RETURN_004565,ORDER_006691,BUYER_00657,SELLER_00123,2025-04-20 06:24:56.106509,defective,approved,True,return_abuse
RETURN_004566,ORDER_006685,BUYER_00657,SELLER_00455,2025-11-12 02:54:08.027428,changed_mind,approved,True,return_abuse
RETURN_004567,ORDER_035922,BUYER_03599,SELLER_00341,2025-11-24 23:21:46.159606,wrong_item_received,approved,True,return_abuse
RETURN_004568,ORDER_035915,BUYER_03599,SELLER_00356,2025-12-08 22:28:59.435305,changed_mind,approved,True,return_abuse
RETURN_004569,ORDER_035919,BUYER_03599,SELLER_00145,2025-12-01 23:58:44.357518,size_issue,approved,True,return_abuse
RETURN_004570,ORDER_035924,BUYER_03599,SELLER_00108,2025-12-21 06:10:58.097503,changed_mind,approved,True,return_abuse
RETURN_004571,ORDER_014436,BUYER_01454,SELLER_00210,2025-03-22 13:45:18.514819,defective,approved,True,return_abuse
RETURN_004572,ORDER_014440,BUYER_01454,SELLER_00233,2025-08-12 02:15:27.730515,defective,approved,True,return_abuse
RETURN_004573,ORDER_014435,BUYER_01454,SELLER_00430,2025-06-01 03:46:54.189866,size_issue,approved,True,return_abuse
RETURN_004574,ORDER_014438,BUYER_01454,SELLER_00271,2025-06-11 11:43:22.341279,changed_mind,approved,True,return_abuse
RETURN_004575,ORDER_038848,BUYER_03905,SELLER_00104,2025-12-08 00:23:25.984387,size_issue,approved,True,return_abuse
RETURN_004576,ORDER_030175,BUYER_03042,SELLER_00483,2025-06-26 05:01:55.912450,size_issue,approved,True,return_abuse
RETURN_004577,ORDER_030172,BUYER_03042,SELLER_00299,2025-10-19 19:35:10.007839,defective,approved,True,return_abuse
RETURN_004578,ORDER_038907,BUYER_03910,SELLER_00384,2025-08-27 03:11:27.623700,changed_mind,approved,True,return_abuse
RETURN_004579,ORDER_019279,BUYER_01928,SELLER_00010,2025-05-26 17:25:48.937682,wrong_item_received,approved,True,return_abuse
RETURN_004580,ORDER_036139,BUYER_03620,SELLER_00120,2025-10-08 18:21:47.779880,defective,approved,True,return_abuse
RETURN_004581,ORDER_016351,BUYER_01652,SELLER_00298,2025-11-02 02:01:34.058950,changed_mind,approved,True,return_abuse
RETURN_004582,ORDER_045143,BUYER_04517,SELLER_00376,2025-09-07 17:12:44.444929,defective,approved,True,return_abuse
RETURN_004583,ORDER_045140,BUYER_04517,SELLER_00387,2025-08-11 08:18:32.928634,changed_mind,approved,True,return_abuse
RETURN_004584,ORDER_045138,BUYER_04517,SELLER_00077,2025-09-27 19:15:42.286598,defective,approved,True,return_abuse
RETURN_004585,ORDER_045148,BUYER_04517,SELLER_00289,2025-08-28 02:06:08.961673,defective,approved,True,return_abuse
RETURN_004586,ORDER_026191,BUYER_02663,SELLER_00468,2025-10-18 00:33:53.768400,changed_mind,approved,True,return_abuse
RETURN_004587,ORDER_026194,BUYER_02663,SELLER_00067,2025-08-08 02:50:03.911993,size_issue,approved,True,return_abuse
RETURN_004588,ORDER_026315,BUYER_02674,SELLER_00045,2025-10-27 14:20:11.507298,changed_mind,approved,True,return_abuse
RETURN_004589,ORDER_020370,BUYER_02044,SELLER_00237,2025-07-22 21:37:02.732348,defective,approved,True,return_abuse
RETURN_004590,ORDER_020375,BUYER_02044,SELLER_00352,2025-09-30 16:31:34.888436,wrong_item_received,approved,True,return_abuse
RETURN_004591,ORDER_020379,BUYER_02044,SELLER_00356,2025-12-12 03:38:30.015842,changed_mind,approved,True,return_abuse
RETURN_004592,ORDER_020381,BUYER_02044,SELLER_00143,2025-06-30 18:11:26.411775,changed_mind,approved,True,return_abuse
RETURN_004593,ORDER_020376,BUYER_02044,SELLER_00289,2025-07-23 18:35:41.122863,changed_mind,approved,True,return_abuse
RETURN_004594,ORDER_017230,BUYER_01735,SELLER_00123,2025-12-26 16:38:57.819080,defective,approved,True,return_abuse
RETURN_004595,ORDER_017233,BUYER_01735,SELLER_00148,2025-11-22 16:12:06.890443,wrong_item_received,approved,True,return_abuse
RETURN_004596,ORDER_017228,BUYER_01735,SELLER_00289,2025-07-08 21:11:09.274805,changed_mind,approved,True,return_abuse
RETURN_004597,ORDER_034814,BUYER_03491,SELLER_00376,2025-12-26 09:32:31.234486,changed_mind,approved,True,return_abuse
RETURN_004598,ORDER_034823,BUYER_03491,SELLER_00036,2025-12-21 03:46:06.233338,changed_mind,approved,True,return_abuse
RETURN_004599,ORDER_034822,BUYER_03491,SELLER_00157,2025-12-24 06:36:13.951885,defective,approved,True,return_abuse
RETURN_004600,ORDER_012415,BUYER_01249,SELLER_00161,2025-06-01 09:51:29.014940,defective,approved,True,return_abuse
RETURN_004601,ORDER_012421,BUYER_01249,SELLER_00313,2025-10-28 23:35:09.644440,defective,approved,True,return_abuse
RETURN_004602,ORDER_012417,BUYER_01249,SELLER_00210,2025-07-31 21:34:47.218261,size_issue,approved,True,return_abuse
RETURN_004603,ORDER_012411,BUYER_01249,SELLER_00233,2025-09-11 02:40:03.017317,changed_mind,approved,True,return_abuse
RETURN_004604,ORDER_020124,BUYER_02025,SELLER_00016,2025-09-01 02:10:47.539416,changed_mind,approved,True,return_abuse
RETURN_004605,ORDER_020123,BUYER_02025,SELLER_00473,2025-08-17 15:25:34.680714,changed_mind,approved,True,return_abuse
RETURN_004606,ORDER_036942,BUYER_03704,SELLER_00082,2025-10-29 07:24:18.465288,size_issue,approved,True,return_abuse
RETURN_004607,ORDER_036947,BUYER_03704,SELLER_00096,2025-11-28 09:29:01.408686,defective,approved,True,return_abuse
RETURN_004608,ORDER_036950,BUYER_03704,SELLER_00209,2025-10-18 19:34:44.085659,changed_mind,approved,True,return_abuse
RETURN_004609,ORDER_036944,BUYER_03704,SELLER_00131,2025-12-26 13:50:25.991084,defective,approved,True,return_abuse
RETURN_004610,ORDER_017737,BUYER_01793,SELLER_00125,2025-09-11 00:30:57.772151,defective,approved,True,return_abuse
RETURN_004611,ORDER_017735,BUYER_01793,SELLER_00316,2025-10-07 19:38:44.344575,changed_mind,approved,True,return_abuse
RETURN_004612,ORDER_000574,BUYER_00058,SELLER_00494,2025-11-02 05:22:04.105235,wrong_item_received,approved,True,return_abuse
RETURN_004613,ORDER_000570,BUYER_00058,SELLER_00316,2025-07-21 16:05:32.972858,changed_mind,approved,True,return_abuse
RETURN_004614,ORDER_000569,BUYER_00058,SELLER_00024,2025-11-19 15:00:37.215918,changed_mind,approved,True,return_abuse
RETURN_004615,ORDER_000576,BUYER_00058,SELLER_00128,2025-11-22 22:52:09.323480,changed_mind,approved,True,return_abuse
RETURN_004616,ORDER_022659,BUYER_02287,SELLER_00376,2025-12-29 11:53:06.419049,size_issue,approved,True,return_abuse
RETURN_004617,ORDER_022658,BUYER_02287,SELLER_00018,2025-12-26 17:20:04.909045,changed_mind,approved,True,return_abuse
RETURN_004618,ORDER_033507,BUYER_03359,SELLER_00109,2025-10-06 01:56:36.583293,changed_mind,approved,True,return_abuse
RETURN_004619,ORDER_033513,BUYER_03359,SELLER_00113,2025-10-07 21:14:14.062071,size_issue,approved,True,return_abuse
RETURN_004620,ORDER_033514,BUYER_03359,SELLER_00213,2025-12-29 09:44:07.376300,changed_mind,approved,True,return_abuse
RETURN_004621,ORDER_033512,BUYER_03359,SELLER_00148,2025-10-17 10:03:23.665182,size_issue,approved,True,return_abuse
RETURN_004622,ORDER_023164,BUYER_02333,SELLER_00028,2025-12-24 02:53:23.679871,defective,approved,True,return_abuse
RETURN_004623,ORDER_023162,BUYER_02333,SELLER_00376,2025-12-21 14:05:50.030849,changed_mind,approved,True,return_abuse
RETURN_004624,ORDER_034779,BUYER_03486,SELLER_00444,2025-08-01 23:01:02.887965,size_issue,approved,True,return_abuse
RETURN_004625,ORDER_034780,BUYER_03486,SELLER_00347,2025-12-06 11:16:03.759828,defective,approved,True,return_abuse
RETURN_004626,ORDER_038259,BUYER_03843,SELLER_00153,2025-12-28 09:14:26.380406,changed_mind,approved,True,return_abuse
RETURN_004627,ORDER_031831,BUYER_03194,SELLER_00021,2025-09-26 22:34:25.369995,changed_mind,approved,True,return_abuse
RETURN_004628,ORDER_031815,BUYER_03194,SELLER_00049,2025-07-28 08:07:49.896071,defective,approved,True,return_abuse
RETURN_004629,ORDER_031828,BUYER_03194,SELLER_00438,2025-07-22 01:06:53.771991,defective,approved,True,return_abuse
RETURN_004630,ORDER_031824,BUYER_03194,SELLER_00237,2025-06-22 02:32:28.927142,changed_mind,approved,True,return_abuse
RETURN_004631,ORDER_031816,BUYER_03194,SELLER_00216,2025-08-23 19:22:35.150898,size_issue,approved,True,return_abuse
RETURN_004632,ORDER_031821,BUYER_03194,SELLER_00101,2025-07-24 15:58:01.069381,wrong_item_received,approved,True,return_abuse
RETURN_004633,ORDER_031817,BUYER_03194,SELLER_00237,2025-06-06 06:43:47.548018,changed_mind,approved,True,return_abuse
RETURN_004634,ORDER_031830,BUYER_03194,SELLER_00494,2025-09-23 16:39:23.533419,defective,approved,True,return_abuse
RETURN_004635,ORDER_015074,BUYER_01520,SELLER_00009,2025-10-31 03:29:50.055952,size_issue,approved,True,return_abuse
RETURN_004636,ORDER_015070,BUYER_01520,SELLER_00128,2025-12-20 11:19:16.328561,changed_mind,approved,True,return_abuse
RETURN_004637,ORDER_015060,BUYER_01520,SELLER_00387,2025-09-11 17:19:26.536939,defective,approved,True,return_abuse
RETURN_004638,ORDER_015058,BUYER_01520,SELLER_00034,2025-11-24 13:34:42.078344,wrong_item_received,approved,True,return_abuse
RETURN_004639,ORDER_015073,BUYER_01520,SELLER_00203,2025-12-25 19:47:45.583761,size_issue,approved,True,return_abuse
RETURN_004640,ORDER_015075,BUYER_01520,SELLER_00081,2025-10-11 02:17:21.155276,changed_mind,approved,True,return_abuse
RETURN_004641,ORDER_015065,BUYER_01520,SELLER_00494,2025-09-23 09:00:40.742940,size_issue,approved,True,return_abuse
RETURN_004642,ORDER_023911,BUYER_02410,SELLER_00243,2025-12-03 20:48:23.840799,changed_mind,approved,True,return_abuse
RETURN_004643,ORDER_023907,BUYER_02410,SELLER_00356,2025-11-01 18:46:07.249242,changed_mind,approved,True,return_abuse
RETURN_004644,ORDER_007049,BUYER_00684,SELLER_00141,2025-10-06 16:28:26.588245,changed_mind,approved,True,return_abuse
RETURN_004645,ORDER_027472,BUYER_02777,SELLER_00232,2025-12-23 13:41:43.323301,defective,approved,True,return_abuse
RETURN_004646,ORDER_027474,BUYER_02777,SELLER_00174,2025-10-02 17:47:10.802411,changed_mind,approved,True,return_abuse
RETURN_004647,ORDER_014192,BUYER_01426,SELLER_00357,2025-12-13 06:14:51.967038,wrong_item_received,approved,True,return_abuse
RETURN_004648,ORDER_034907,BUYER_03501,SELLER_00289,2025-11-27 22:15:00.435663,changed_mind,approved,True,return_abuse
RETURN_004649,ORDER_034909,BUYER_03501,SELLER_00427,2025-12-08 13:48:48.778884,defective,approved,True,return_abuse
RETURN_004650,ORDER_025146,BUYER_02535,SELLER_00368,2025-12-22 16:06:26.714029,defective,approved,True,return_abuse
RETURN_004651,ORDER_025148,BUYER_02535,SELLER_00238,2025-12-29 23:37:12.728997,changed_mind,approved,True,return_abuse
RETURN_004652,ORDER_025151,BUYER_02535,SELLER_00187,2025-12-24 18:04:42.691693,defective,approved,True,return_abuse
RETURN_004653,ORDER_048124,BUYER_04813,SELLER_00368,2025-08-01 17:15:42.854803,size_issue,approved,True,return_abuse
RETURN_004654,ORDER_048120,BUYER_04813,SELLER_00451,2025-10-09 20:07:03.609228,changed_mind,approved,True,return_abuse
RETURN_004655,ORDER_048118,BUYER_04813,SELLER_00030,2025-12-01 21:15:56.413447,changed_mind,approved,True,return_abuse
RETURN_004656,ORDER_048123,BUYER_04813,SELLER_00289,2025-09-29 17:00:44.649373,defective,approved,True,return_abuse
RETURN_004657,ORDER_041472,BUYER_04159,SELLER_00071,2025-06-13 19:50:13.358592,size_issue,approved,True,return_abuse
RETURN_004658,ORDER_041473,BUYER_04159,SELLER_00468,2025-05-25 14:35:54.924476,changed_mind,approved,True,return_abuse
RETURN_004659,ORDER_041479,BUYER_04159,SELLER_00007,2025-12-12 21:06:14.610735,changed_mind,approved,True,return_abuse
RETURN_004660,ORDER_041475,BUYER_04159,SELLER_00122,2025-07-24 01:01:52.596327,defective,approved,True,return_abuse
RETURN_004661,ORDER_022393,BUYER_02261,SELLER_00010,2025-11-18 06:06:41.638872,size_issue,approved,True,return_abuse
RETURN_004662,ORDER_022392,BUYER_02261,SELLER_00099,2025-11-09 17:39:04.517026,size_issue,approved,True,return_abuse
RETURN_004663,ORDER_022397,BUYER_02261,SELLER_00153,2025-09-19 12:21:55.825243,defective,approved,True,return_abuse
RETURN_004664,ORDER_009176,BUYER_00887,SELLER_00437,2025-10-11 02:25:30.264834,defective,approved,True,return_abuse
RETURN_004665,ORDER_009178,BUYER_00887,SELLER_00468,2025-11-06 10:35:49.417917,changed_mind,approved,True,return_abuse
RETURN_004666,ORDER_019133,BUYER_01911,SELLER_00487,2025-09-27 16:15:56.735408,defective,approved,True,return_abuse
RETURN_004667,ORDER_040682,BUYER_04089,SELLER_00435,2025-10-26 01:22:59.013307,defective,approved,True,return_abuse
RETURN_004668,ORDER_005897,BUYER_00578,SELLER_00295,2025-07-12 23:28:28.166594,changed_mind,approved,True,return_abuse
RETURN_004669,ORDER_005928,BUYER_00578,SELLER_00326,2025-10-26 18:17:38.627617,wrong_item_received,approved,True,return_abuse
RETURN_004670,ORDER_005899,BUYER_00578,SELLER_00347,2025-03-26 21:49:00.174901,changed_mind,approved,True,return_abuse
RETURN_004671,ORDER_005916,BUYER_00578,SELLER_00014,2025-07-15 22:50:43.570878,defective,approved,True,return_abuse
RETURN_004672,ORDER_005922,BUYER_00578,SELLER_00218,2025-12-28 05:16:20.555275,changed_mind,approved,True,return_abuse
RETURN_004673,ORDER_005908,BUYER_00578,SELLER_00237,2025-06-21 15:32:39.233479,size_issue,approved,True,return_abuse
RETURN_004674,ORDER_005906,BUYER_00578,SELLER_00007,2025-09-25 15:09:08.857726,changed_mind,approved,True,return_abuse
RETURN_004675,ORDER_005918,BUYER_00578,SELLER_00153,2025-03-31 10:16:33.688299,size_issue,approved,True,return_abuse
RETURN_004676,ORDER_005917,BUYER_00578,SELLER_00108,2025-06-20 12:41:11.191433,size_issue,approved,True,return_abuse
RETURN_004677,ORDER_005921,BUYER_00578,SELLER_00386,2025-06-16 06:11:36.162892,changed_mind,approved,True,return_abuse
RETURN_004678,ORDER_005929,BUYER_00578,SELLER_00167,2025-07-31 23:36:42.453469,defective,approved,True,return_abuse
RETURN_004679,ORDER_005913,BUYER_00578,SELLER_00065,2025-07-27 15:24:44.785206,defective,approved,True,return_abuse
RETURN_004680,ORDER_005904,BUYER_00578,SELLER_00003,2025-10-10 10:46:56.307768,defective,approved,True,return_abuse
RETURN_004681,ORDER_005925,BUYER_00578,SELLER_00405,2025-09-27 08:59:45.773303,defective,approved,True,return_abuse
RETURN_004682,ORDER_005927,BUYER_00578,SELLER_00428,2025-07-27 14:40:40.471217,changed_mind,approved,True,return_abuse
RETURN_004683,ORDER_023306,BUYER_02350,SELLER_00187,2025-11-29 05:06:00.440120,changed_mind,approved,True,return_abuse
RETURN_004684,ORDER_039160,BUYER_03943,SELLER_00404,2025-01-10 23:22:06.290238,wrong_item_received,approved,True,return_abuse
RETURN_004685,ORDER_039159,BUYER_03943,SELLER_00275,2025-11-26 21:07:33.269513,defective,approved,True,return_abuse
RETURN_004686,ORDER_035002,BUYER_03507,SELLER_00439,2025-10-28 02:28:31.792274,defective,approved,True,return_abuse
RETURN_004687,ORDER_034996,BUYER_03507,SELLER_00247,2025-10-25 04:09:54.315850,wrong_item_received,approved,True,return_abuse
RETURN_004688,ORDER_000172,BUYER_00017,SELLER_00376,2025-12-23 02:09:33.901180,size_issue,approved,True,return_abuse
RETURN_004689,ORDER_000177,BUYER_00017,SELLER_00217,2025-12-04 21:32:00.781266,changed_mind,approved,True,return_abuse
RETURN_004690,ORDER_012101,BUYER_01215,SELLER_00378,2025-10-27 15:13:45.789096,changed_mind,approved,True,return_abuse
RETURN_004691,ORDER_010672,BUYER_01044,SELLER_00472,2025-11-15 04:59:01.828063,defective,approved,True,return_abuse
RETURN_004692,ORDER_010668,BUYER_01044,SELLER_00233,2025-08-07 22:12:52.351363,defective,approved,True,return_abuse
RETURN_004693,ORDER_010671,BUYER_01044,SELLER_00024,2025-11-17 11:41:59.645146,defective,approved,True,return_abuse
RETURN_004694,ORDER_010677,BUYER_01044,SELLER_00316,2025-10-06 21:36:32.299876,changed_mind,approved,True,return_abuse
RETURN_004695,ORDER_000421,BUYER_00041,SELLER_00237,2025-08-04 13:06:06.422209,changed_mind,approved,True,return_abuse
RETURN_004696,ORDER_000420,BUYER_00041,SELLER_00079,2025-09-11 08:12:44.536523,size_issue,approved,True,return_abuse
RETURN_004697,ORDER_036861,BUYER_03695,SELLER_00100,2025-12-03 22:12:08.459133,changed_mind,approved,True,return_abuse
RETURN_004698,ORDER_036853,BUYER_03695,SELLER_00314,2025-09-23 07:17:15.281726,changed_mind,approved,True,return_abuse
RETURN_004699,ORDER_036856,BUYER_03695,SELLER_00376,2025-11-26 15:00:20.766924,defective,approved,True,return_abuse
RETURN_004700,ORDER_022541,BUYER_02272,SELLER_00036,2025-06-29 07:35:50.434378,defective,approved,True,return_abuse
RETURN_004701,ORDER_022542,BUYER_02272,SELLER_00153,2025-08-05 20:06:10.422204,size_issue,approved,True,return_abuse
RETURN_004702,ORDER_022545,BUYER_02272,SELLER_00434,2025-04-21 09:49:17.612585,wrong_item_received,approved,True,return_abuse
RETURN_004703,ORDER_022543,BUYER_02272,SELLER_00470,2025-11-15 23:04:22.453304,wrong_item_received,approved,True,return_abuse
RETURN_004704,ORDER_045429,BUYER_04546,SELLER_00424,2025-11-16 18:06:08.717128,wrong_item_received,approved,True,return_abuse
RETURN_004705,ORDER_045437,BUYER_04546,SELLER_00376,2025-12-08 01:22:13.652096,changed_mind,approved,True,return_abuse
RETURN_004706,ORDER_045432,BUYER_04546,SELLER_00014,2025-11-27 15:35:41.408192,wrong_item_received,approved,True,return_abuse
RETURN_004707,ORDER_045442,BUYER_04546,SELLER_00418,2025-11-28 06:41:36.476294,size_issue,approved,True,return_abuse
RETURN_004708,ORDER_045441,BUYER_04546,SELLER_00070,2025-11-12 18:04:20.557107,changed_mind,approved,True,return_abuse
RETURN_004709,ORDER_045439,BUYER_04546,SELLER_00152,2025-11-17 10:19:14.626755,defective,approved,True,return_abuse
RETURN_004710,ORDER_014196,BUYER_01427,SELLER_00077,2025-12-25 15:38:49.245165,defective,approved,True,return_abuse
RETURN_004711,ORDER_014204,BUYER_01427,SELLER_00426,2025-09-21 00:34:41.331392,changed_mind,approved,True,return_abuse
RETURN_004712,ORDER_014206,BUYER_01427,SELLER_00234,2025-12-04 22:08:08.906726,size_issue,approved,True,return_abuse
RETURN_004713,ORDER_014197,BUYER_01427,SELLER_00477,2025-09-13 15:31:07.219712,defective,approved,True,return_abuse
RETURN_004714,ORDER_014207,BUYER_01427,SELLER_00203,2025-08-31 16:00:26.773376,changed_mind,approved,True,return_abuse
RETURN_004715,ORDER_042375,BUYER_04236,SELLER_00183,2025-09-15 08:24:41.502243,changed_mind,approved,True,return_abuse
RETURN_004716,ORDER_042382,BUYER_04236,SELLER_00334,2025-09-04 09:24:45.375016,defective,approved,True,return_abuse
RETURN_004717,ORDER_042388,BUYER_04236,SELLER_00498,2025-10-21 20:34:27.933097,defective,approved,True,return_abuse
RETURN_004718,ORDER_042377,BUYER_04236,SELLER_00460,2025-09-10 00:56:08.920881,changed_mind,approved,True,return_abuse
RETURN_004719,ORDER_042384,BUYER_04236,SELLER_00366,2025-11-13 04:54:14.304257,defective,approved,True,return_abuse
RETURN_004720,ORDER_029078,BUYER_02938,SELLER_00482,2025-07-19 18:27:49.861083,changed_mind,approved,True,return_abuse
RETURN_004721,ORDER_029080,BUYER_02938,SELLER_00124,2025-08-19 18:25:53.984486,wrong_item_received,approved,True,return_abuse
RETURN_004722,ORDER_029077,BUYER_02938,SELLER_00418,2025-06-15 01:03:36.369554,changed_mind,approved,True,return_abuse
RETURN_004723,ORDER_040961,BUYER_04111,SELLER_00080,2025-11-17 14:56:41.204161,changed_mind,approved,True,return_abuse
RETURN_004724,ORDER_040962,BUYER_04111,SELLER_00232,2025-11-13 23:44:56.071810,size_issue,approved,True,return_abuse
RETURN_004725,ORDER_036180,BUYER_03627,SELLER_00063,2025-12-11 08:59:03.003599,defective,approved,True,return_abuse
RETURN_004726,ORDER_008389,BUYER_00813,SELLER_00159,2025-10-15 00:27:46.369545,size_issue,approved,True,return_abuse
RETURN_004727,ORDER_008378,BUYER_00813,SELLER_00321,2025-10-01 03:34:46.944178,wrong_item_received,approved,True,return_abuse
RETURN_004728,ORDER_008379,BUYER_00813,SELLER_00126,2025-10-31 07:27:18.253511,size_issue,approved,True,return_abuse
RETURN_004729,ORDER_008394,BUYER_00813,SELLER_00277,2025-10-28 11:58:40.123899,defective,approved,True,return_abuse
RETURN_004730,ORDER_008384,BUYER_00813,SELLER_00232,2025-09-17 15:31:20.632722,wrong_item_received,approved,True,return_abuse
RETURN_004731,ORDER_008400,BUYER_00813,SELLER_00115,2025-12-21 14:57:53.786911,size_issue,approved,True,return_abuse
RETURN_004732,ORDER_008380,BUYER_00813,SELLER_00180,2025-12-27 07:56:04.241109,size_issue,approved,True,return_abuse
RETURN_004733,ORDER_021094,BUYER_02124,SELLER_00468,2025-09-17 11:35:35.311723,defective,approved,True,return_abuse
RETURN_004734,ORDER_021089,BUYER_02124,SELLER_00333,2025-08-13 14:33:55.004386,size_issue,approved,True,return_abuse
RETURN_004735,ORDER_021093,BUYER_02124,SELLER_00122,2025-08-05 14:34:46.193546,changed_mind,approved,True,return_abuse
RETURN_004736,ORDER_021087,BUYER_02124,SELLER_00056,2025-12-08 06:29:04.015617,wrong_item_received,approved,True,return_abuse
RETURN_004737,ORDER_028983,BUYER_02931,SELLER_00147,2025-12-23 06:47:26.798252,size_issue,approved,True,return_abuse
RETURN_004738,ORDER_028973,BUYER_02931,SELLER_00462,2025-12-19 23:44:37.666518,defective,approved,True,return_abuse
RETURN_004739,ORDER_028979,BUYER_02931,SELLER_00123,2025-12-21 09:01:39.734676,defective,approved,True,return_abuse
RETURN_004740,ORDER_047471,BUYER_04740,SELLER_00231,2025-11-11 08:33:22.406498,size_issue,approved,True,return_abuse
RETURN_004741,ORDER_047476,BUYER_04740,SELLER_00326,2025-08-06 09:28:08.863614,size_issue,approved,True,return_abuse
RETURN_004742,ORDER_047473,BUYER_04740,SELLER_00177,2025-10-10 17:56:16.271539,changed_mind,approved,True,return_abuse
RETURN_004743,ORDER_047850,BUYER_04783,SELLER_00034,2025-10-04 23:19:16.341612,defective,approved,True,return_abuse
RETURN_004744,ORDER_047845,BUYER_04783,SELLER_00231,2025-10-08 22:06:25.331406,changed_mind,approved,True,return_abuse
RETURN_004745,ORDER_047847,BUYER_04783,SELLER_00141,2025-05-31 20:11:22.565834,defective,approved,True,return_abuse
RETURN_004746,ORDER_047867,BUYER_04783,SELLER_00309,2025-11-23 08:32:56.244494,wrong_item_received,approved,True,return_abuse
RETURN_004747,ORDER_047866,BUYER_04783,SELLER_00458,2025-12-09 06:44:07.383128,changed_mind,approved,True,return_abuse
RETURN_004748,ORDER_047848,BUYER_04783,SELLER_00309,2025-11-28 01:23:41.281713,wrong_item_received,approved,True,return_abuse
RETURN_004749,ORDER_047857,BUYER_04783,SELLER_00214,2025-05-12 11:43:33.236638,changed_mind,approved,True,return_abuse
RETURN_004750,ORDER_047864,BUYER_04783,SELLER_00032,2025-10-03 10:50:41.379837,defective,approved,True,return_abuse
RETURN_004751,ORDER_047865,BUYER_04783,SELLER_00399,2025-10-08 05:26:59.336577,defective,approved,True,return_abuse
RETURN_004752,ORDER_047863,BUYER_04783,SELLER_00034,2025-12-14 12:24:27.560278,changed_mind,approved,True,return_abuse
RETURN_004753,ORDER_002530,BUYER_00237,SELLER_00326,2025-04-24 07:15:39.288092,changed_mind,approved,True,return_abuse
RETURN_004754,ORDER_002527,BUYER_00237,SELLER_00325,2025-02-12 21:23:00.338164,changed_mind,approved,True,return_abuse
RETURN_004755,ORDER_002525,BUYER_00237,SELLER_00444,2025-11-18 10:10:05.836233,changed_mind,approved,True,return_abuse
RETURN_004756,ORDER_038423,BUYER_03861,SELLER_00101,2025-12-07 16:10:47.359309,size_issue,approved,True,return_abuse
RETURN_004757,ORDER_038421,BUYER_03861,SELLER_00123,2025-08-25 04:30:29.693379,defective,approved,True,return_abuse
RETURN_004758,ORDER_014057,BUYER_01408,SELLER_00314,2025-05-16 13:12:55.041912,changed_mind,approved,True,return_abuse
RETURN_004759,ORDER_014058,BUYER_01408,SELLER_00189,2025-05-24 06:09:11.928510,defective,approved,True,return_abuse
RETURN_004760,ORDER_014365,BUYER_01449,SELLER_00269,2025-11-17 10:24:39.427454,size_issue,approved,True,return_abuse
RETURN_004761,ORDER_014368,BUYER_01449,SELLER_00387,2025-11-05 14:35:58.784930,size_issue,approved,True,return_abuse
RETURN_004762,ORDER_014369,BUYER_01449,SELLER_00424,2025-11-22 16:43:03.262800,changed_mind,approved,True,return_abuse
RETURN_004763,ORDER_033772,BUYER_03385,SELLER_00472,2025-04-21 20:53:24.213886,changed_mind,approved,True,return_abuse
RETURN_004764,ORDER_033773,BUYER_03385,SELLER_00169,2025-05-06 01:15:06.931370,size_issue,approved,True,return_abuse
RETURN_004765,ORDER_004117,BUYER_00396,SELLER_00166,2025-09-01 07:02:03.993868,size_issue,approved,True,return_abuse
RETURN_004766,ORDER_021465,BUYER_02157,SELLER_00164,2025-11-04 16:20:30.613886,size_issue,approved,True,return_abuse
RETURN_004767,ORDER_021463,BUYER_02157,SELLER_00341,2025-07-21 08:25:24.063534,changed_mind,approved,True,return_abuse
RETURN_004768,ORDER_031597,BUYER_03174,SELLER_00016,2025-04-12 23:36:51.535496,size_issue,approved,True,return_abuse
RETURN_004769,ORDER_031594,BUYER_03174,SELLER_00430,2025-06-30 22:12:21.558959,size_issue,approved,True,return_abuse
RETURN_004770,ORDER_031596,BUYER_03174,SELLER_00150,2025-03-29 20:58:32.456601,changed_mind,approved,True,return_abuse
RETURN_004771,ORDER_031601,BUYER_03174,SELLER_00117,2025-07-17 01:47:13.734599,size_issue,approved,True,return_abuse
RETURN_004772,ORDER_000751,BUYER_00075,SELLER_00430,2025-11-11 01:31:14.249818,size_issue,approved,True,return_abuse
RETURN_004773,ORDER_000756,BUYER_00075,SELLER_00352,2025-12-30 03:06:09.095333,wrong_item_received,approved,True,return_abuse
RETURN_004774,ORDER_000754,BUYER_00075,SELLER_00326,2025-10-05 12:00:26.966722,wrong_item_received,approved,True,return_abuse
RETURN_004775,ORDER_047656,BUYER_04756,SELLER_00365,2025-09-29 15:10:28.403335,defective,approved,True,return_abuse
RETURN_004776,ORDER_047652,BUYER_04756,SELLER_00281,2025-10-15 03:10:52.366089,size_issue,approved,True,return_abuse
RETURN_004777,ORDER_047654,BUYER_04756,SELLER_00017,2025-09-26 17:36:37.032086,defective,approved,True,return_abuse
RETURN_004778,ORDER_007551,BUYER_00733,SELLER_00041,2025-07-12 20:35:06.214639,defective,approved,True,return_abuse
RETURN_004779,ORDER_029094,BUYER_02939,SELLER_00077,2025-10-22 15:06:47.794188,wrong_item_received,approved,True,return_abuse
RETURN_004780,ORDER_029090,BUYER_02939,SELLER_00410,2025-12-29 14:00:11.029002,size_issue,approved,True,return_abuse
RETURN_004781,ORDER_029084,BUYER_02939,SELLER_00164,2025-10-13 19:03:48.095702,defective,approved,True,return_abuse
RETURN_004782,ORDER_029089,BUYER_02939,SELLER_00377,2025-10-18 17:41:41.507052,size_issue,approved,True,return_abuse
RETURN_004783,ORDER_029100,BUYER_02939,SELLER_00056,2025-10-01 05:39:45.325259,changed_mind,approved,True,return_abuse
RETURN_004784,ORDER_026587,BUYER_02708,SELLER_00481,2025-04-23 12:55:23.558488,changed_mind,approved,True,return_abuse
RETURN_004785,ORDER_026586,BUYER_02708,SELLER_00024,2025-04-28 06:36:51.600288,changed_mind,approved,True,return_abuse
RETURN_004786,ORDER_026585,BUYER_02708,SELLER_00102,2025-08-30 20:24:14.719308,size_issue,approved,True,return_abuse
RETURN_004787,ORDER_043461,BUYER_04348,SELLER_00275,2025-11-03 12:07:01.524987,wrong_item_received,approved,True,return_abuse
RETURN_004788,ORDER_043459,BUYER_04348,SELLER_00016,2025-10-07 21:02:23.261759,changed_mind,approved,True,return_abuse
RETURN_004789,ORDER_023215,BUYER_02340,SELLER_00246,2025-11-09 09:50:35.227712,defective,approved,True,return_abuse
RETURN_004790,ORDER_023216,BUYER_02340,SELLER_00494,2025-08-30 20:47:15.377362,wrong_item_received,approved,True,return_abuse
RETURN_004791,ORDER_029862,BUYER_03010,SELLER_00382,2025-10-05 23:22:33.662768,changed_mind,approved,True,return_abuse
RETURN_004792,ORDER_029860,BUYER_03010,SELLER_00471,2025-12-22 00:37:30.753786,changed_mind,approved,True,return_abuse
RETURN_004793,ORDER_040421,BUYER_04062,SELLER_00418,2025-06-07 14:28:35.511238,changed_mind,approved,True,return_abuse
RETURN_004794,ORDER_040420,BUYER_04062,SELLER_00492,2025-07-28 20:32:29.930479,changed_mind,approved,True,return_abuse
RETURN_004795,ORDER_040422,BUYER_04062,SELLER_00026,2025-11-04 07:44:15.787450,defective,approved,True,return_abuse
RETURN_004796,ORDER_040426,BUYER_04062,SELLER_00481,2025-09-08 16:28:04.965553,defective,approved,True,return_abuse
RETURN_004797,ORDER_040423,BUYER_04062,SELLER_00155,2025-07-20 06:53:28.537310,changed_mind,approved,True,return_abuse
RETURN_004798,ORDER_040415,BUYER_04062,SELLER_00405,2025-09-06 05:30:14.690659,changed_mind,approved,True,return_abuse
RETURN_004799,ORDER_040427,BUYER_04062,SELLER_00232,2025-07-29 20:18:36.796975,defective,approved,True,return_abuse
RETURN_004800,ORDER_040414,BUYER_04062,SELLER_00425,2025-07-28 11:30:32.985957,size_issue,approved,True,return_abuse
RETURN_004801,ORDER_021310,BUYER_02143,SELLER_00123,2025-05-13 21:43:18.705906,wrong_item_received,approved,True,return_abuse
RETURN_004802,ORDER_021299,BUYER_02143,SELLER_00340,2025-12-20 19:38:27.028555,defective,approved,True,return_abuse
RETURN_004803,ORDER_021311,BUYER_02143,SELLER_00183,2025-07-04 16:54:54.577663,size_issue,approved,True,return_abuse
RETURN_004804,ORDER_021300,BUYER_02143,SELLER_00205,2025-02-28 00:47:42.510147,size_issue,approved,True,return_abuse
RETURN_004805,ORDER_021296,BUYER_02143,SELLER_00350,2025-03-05 16:57:06.172844,wrong_item_received,approved,True,return_abuse
RETURN_004806,ORDER_021308,BUYER_02143,SELLER_00399,2025-10-18 12:54:55.659175,wrong_item_received,approved,True,return_abuse
RETURN_004807,ORDER_021302,BUYER_02143,SELLER_00244,2025-11-16 23:05:19.865915,defective,approved,True,return_abuse
RETURN_004808,ORDER_031336,BUYER_03140,SELLER_00021,2025-05-30 17:43:29.126042,size_issue,approved,True,return_abuse
RETURN_004809,ORDER_031337,BUYER_03140,SELLER_00188,2025-05-06 16:03:14.722903,size_issue,approved,True,return_abuse
RETURN_004810,ORDER_031331,BUYER_03140,SELLER_00210,2025-10-31 23:11:02.039685,defective,approved,True,return_abuse
RETURN_004811,ORDER_031326,BUYER_03140,SELLER_00332,2025-08-06 02:22:27.807085,size_issue,approved,True,return_abuse
RETURN_004812,ORDER_031325,BUYER_03140,SELLER_00446,2025-12-10 10:16:57.912575,wrong_item_received,approved,True,return_abuse
RETURN_004813,ORDER_019581,BUYER_01964,SELLER_00381,2025-09-09 15:56:30.926961,size_issue,approved,True,return_abuse
RETURN_004814,ORDER_030820,BUYER_03095,SELLER_00077,2025-10-27 17:18:10.244171,defective,approved,True,return_abuse
RETURN_004815,ORDER_030814,BUYER_03095,SELLER_00116,2025-08-30 13:50:05.900714,wrong_item_received,approved,True,return_abuse
RETURN_004816,ORDER_010384,BUYER_01017,SELLER_00076,2025-05-20 04:14:03.955408,defective,approved,True,return_abuse
RETURN_004817,ORDER_010389,BUYER_01017,SELLER_00161,2025-01-30 19:00:02.883122,size_issue,approved,True,return_abuse
RETURN_004818,ORDER_010392,BUYER_01017,SELLER_00281,2025-04-30 11:19:35.391882,defective,approved,True,return_abuse
RETURN_004819,ORDER_010385,BUYER_01017,SELLER_00300,2025-09-20 20:56:51.708670,defective,approved,True,return_abuse
RETURN_004820,ORDER_010390,BUYER_01017,SELLER_00289,2025-02-27 06:03:25.596152,changed_mind,approved,True,return_abuse
RETURN_004821,ORDER_010381,BUYER_01017,SELLER_00253,2025-02-28 09:48:42.878540,size_issue,approved,True,return_abuse
RETURN_004822,ORDER_011731,BUYER_01173,SELLER_00009,2025-10-13 22:10:58.235589,changed_mind,approved,True,return_abuse
RETURN_004823,ORDER_011730,BUYER_01173,SELLER_00148,2025-12-19 08:43:34.799694,size_issue,approved,True,return_abuse
RETURN_004824,ORDER_032967,BUYER_03298,SELLER_00198,2025-02-09 17:49:30.348018,defective,approved,True,return_abuse
RETURN_004825,ORDER_032969,BUYER_03298,SELLER_00482,2025-04-06 03:04:42.823603,changed_mind,approved,True,return_abuse
RETURN_004826,ORDER_032968,BUYER_03298,SELLER_00348,2025-07-19 00:57:09.364300,changed_mind,approved,True,return_abuse
RETURN_004827,ORDER_032970,BUYER_03298,SELLER_00358,2025-09-03 06:21:53.572570,wrong_item_received,approved,True,return_abuse
RETURN_004828,ORDER_015577,BUYER_01561,SELLER_00386,2025-12-14 11:49:52.674543,defective,approved,True,return_abuse
RETURN_004829,ORDER_015575,BUYER_01561,SELLER_00048,2025-12-29 10:55:36.359268,size_issue,approved,True,return_abuse
RETURN_004830,ORDER_015578,BUYER_01561,SELLER_00206,2025-11-30 06:13:06.808114,defective,approved,True,return_abuse
RETURN_004831,ORDER_020910,BUYER_02101,SELLER_00329,2025-12-29 10:57:52.168299,changed_mind,approved,True,return_abuse
RETURN_004832,ORDER_041870,BUYER_04192,SELLER_00304,2025-07-07 18:33:49.627535,size_issue,approved,True,return_abuse
RETURN_004833,ORDER_004853,BUYER_00468,SELLER_00392,2025-12-06 13:02:45.180473,wrong_item_received,approved,True,return_abuse
RETURN_004834,ORDER_025953,BUYER_02631,SELLER_00164,2025-09-13 02:56:41.957504,changed_mind,approved,True,return_abuse
RETURN_004835,ORDER_025951,BUYER_02631,SELLER_00241,2025-08-01 12:04:49.857654,size_issue,approved,True,return_abuse
RETURN_004836,ORDER_025955,BUYER_02631,SELLER_00462,2025-06-07 12:37:42.742300,changed_mind,approved,True,return_abuse
RETURN_004837,ORDER_045307,BUYER_04532,SELLER_00243,2025-12-23 12:36:26.338070,changed_mind,approved,True,return_abuse
RETURN_004838,ORDER_045304,BUYER_04532,SELLER_00038,2025-10-20 12:23:32.793514,defective,approved,True,return_abuse
RETURN_004839,ORDER_045309,BUYER_04532,SELLER_00285,2025-08-28 11:10:51.025957,changed_mind,approved,True,return_abuse
RETURN_004840,ORDER_048802,BUYER_04882,SELLER_00409,2025-12-27 19:48:41.727115,changed_mind,approved,True,return_abuse
RETURN_004841,ORDER_048797,BUYER_04882,SELLER_00424,2025-08-07 06:11:01.823304,size_issue,approved,True,return_abuse
RETURN_004842,ORDER_028376,BUYER_02868,SELLER_00395,2025-07-27 15:14:15.674681,size_issue,approved,True,return_abuse
RETURN_004843,ORDER_028378,BUYER_02868,SELLER_00459,2025-10-08 22:42:07.169944,size_issue,approved,True,return_abuse
RETURN_004844,ORDER_039276,BUYER_03954,SELLER_00135,2025-12-30 06:42:36.471025,defective,approved,True,return_abuse
RETURN_004845,ORDER_039282,BUYER_03954,SELLER_00483,2025-12-23 14:03:07.833784,defective,approved,True,return_abuse
RETURN_004846,ORDER_039274,BUYER_03954,SELLER_00338,2025-12-24 15:11:41.453879,defective,approved,True,return_abuse
RETURN_004847,ORDER_039278,BUYER_03954,SELLER_00084,2025-12-28 22:56:52.311424,wrong_item_received,approved,True,return_abuse
RETURN_004848,ORDER_039275,BUYER_03954,SELLER_00313,2025-12-27 16:11:30.535334,size_issue,approved,True,return_abuse
RETURN_004849,ORDER_048589,BUYER_04857,SELLER_00101,2025-12-29 15:48:52.315593,changed_mind,approved,True,return_abuse
RETURN_004850,ORDER_048593,BUYER_04857,SELLER_00084,2025-11-22 22:10:17.804129,changed_mind,approved,True,return_abuse
RETURN_004851,ORDER_038417,BUYER_03860,SELLER_00140,2025-05-02 07:18:37.483615,defective,approved,True,return_abuse
RETURN_004852,ORDER_037566,BUYER_03770,SELLER_00161,2025-08-16 03:47:22.961917,wrong_item_received,approved,True,return_abuse
RETURN_004853,ORDER_037567,BUYER_03770,SELLER_00277,2025-08-20 09:00:12.595021,changed_mind,approved,True,return_abuse
RETURN_004854,ORDER_028551,BUYER_02892,SELLER_00206,2025-10-07 12:19:08.183452,changed_mind,approved,True,return_abuse
RETURN_004855,ORDER_028547,BUYER_02892,SELLER_00225,2025-10-02 06:57:08.636653,wrong_item_received,approved,True,return_abuse
RETURN_004856,ORDER_028549,BUYER_02892,SELLER_00227,2025-11-07 05:17:29.128545,defective,approved,True,return_abuse
RETURN_004857,ORDER_016723,BUYER_01697,SELLER_00023,2025-11-22 02:44:16.266101,size_issue,approved,True,return_abuse
RETURN_004858,ORDER_016721,BUYER_01697,SELLER_00405,2025-11-18 00:53:45.537568,changed_mind,approved,True,return_abuse
RETURN_004859,ORDER_016717,BUYER_01697,SELLER_00328,2025-11-14 00:40:50.550433,defective,approved,True,return_abuse
RETURN_004860,ORDER_016722,BUYER_01697,SELLER_00172,2025-12-19 05:03:58.764926,defective,approved,True,return_abuse
RETURN_004861,ORDER_015160,BUYER_01527,SELLER_00316,2025-04-20 02:39:40.374261,defective,approved,True,return_abuse
RETURN_004862,ORDER_039688,BUYER_03995,SELLER_00026,2025-12-19 09:30:52.991901,changed_mind,approved,True,return_abuse
RETURN_004863,ORDER_016918,BUYER_01713,SELLER_00020,2025-10-24 01:34:46.895723,defective,approved,True,return_abuse
RETURN_004864,ORDER_016911,BUYER_01713,SELLER_00185,2025-09-30 13:44:09.122171,changed_mind,approved,True,return_abuse
RETURN_004865,ORDER_016917,BUYER_01713,SELLER_00033,2025-11-06 20:52:27.464413,defective,approved,True,return_abuse
RETURN_004866,ORDER_049316,BUYER_04936,SELLER_00100,2025-12-26 20:40:08.843703,defective,approved,True,return_abuse
RETURN_004867,ORDER_036127,BUYER_03618,SELLER_00064,2025-12-20 19:31:05.525528,size_issue,approved,True,return_abuse
RETURN_004868,ORDER_036122,BUYER_03618,SELLER_00177,2025-12-12 02:11:55.182616,size_issue,approved,True,return_abuse
RETURN_004869,ORDER_036129,BUYER_03618,SELLER_00351,2025-12-20 06:02:49.507157,defective,approved,True,return_abuse
RETURN_004870,ORDER_036118,BUYER_03618,SELLER_00430,2025-12-15 19:22:11.829523,size_issue,approved,True,return_abuse
RETURN_004871,ORDER_036109,BUYER_03618,SELLER_00175,2025-12-20 23:36:50.540980,size_issue,approved,True,return_abuse
RETURN_004872,ORDER_036123,BUYER_03618,SELLER_00152,2025-12-09 07:34:27.572197,changed_mind,approved,True,return_abuse
RETURN_004873,ORDER_036128,BUYER_03618,SELLER_00460,2025-12-16 15:52:22.189464,size_issue,approved,True,return_abuse
RETURN_004874,ORDER_036120,BUYER_03618,SELLER_00016,2025-12-04 18:48:29.387023,defective,approved,True,return_abuse
RETURN_004875,ORDER_025619,BUYER_02591,SELLER_00178,2025-09-11 02:10:55.211152,defective,approved,True,return_abuse
RETURN_004876,ORDER_008476,BUYER_00817,SELLER_00372,2025-10-29 10:55:36.359168,changed_mind,approved,True,return_abuse
RETURN_004877,ORDER_008477,BUYER_00817,SELLER_00133,2025-09-19 16:09:20.906395,size_issue,approved,True,return_abuse
RETURN_004878,ORDER_004062,BUYER_00389,SELLER_00257,2025-12-11 22:57:05.153719,size_issue,approved,True,return_abuse
RETURN_004879,ORDER_004063,BUYER_00389,SELLER_00393,2025-10-03 09:16:53.878418,size_issue,approved,True,return_abuse
RETURN_004880,ORDER_004066,BUYER_00389,SELLER_00324,2025-09-05 02:20:13.710262,defective,approved,True,return_abuse
RETURN_004881,ORDER_004056,BUYER_00389,SELLER_00271,2025-09-28 02:33:54.830549,changed_mind,approved,True,return_abuse
RETURN_004882,ORDER_004050,BUYER_00389,SELLER_00459,2025-09-17 13:27:47.482160,changed_mind,approved,True,return_abuse
RETURN_004883,ORDER_004052,BUYER_00389,SELLER_00092,2025-11-10 17:55:00.501341,size_issue,approved,True,return_abuse
RETURN_004884,ORDER_004049,BUYER_00389,SELLER_00164,2025-08-29 08:19:31.251449,defective,approved,True,return_abuse
RETURN_004885,ORDER_004064,BUYER_00389,SELLER_00130,2025-09-16 06:41:02.030802,size_issue,approved,True,return_abuse
RETURN_004886,ORDER_005262,BUYER_00516,SELLER_00313,2025-06-04 18:13:06.610898,wrong_item_received,approved,True,return_abuse
RETURN_004887,ORDER_027655,BUYER_02792,SELLER_00275,2025-11-10 04:48:08.836865,size_issue,approved,True,return_abuse
RETURN_004888,ORDER_048378,BUYER_04836,SELLER_00314,2025-09-25 18:14:52.692254,changed_mind,approved,True,return_abuse
RETURN_004889,ORDER_011859,BUYER_01183,SELLER_00016,2025-09-16 20:48:49.247502,changed_mind,approved,True,return_abuse
RETURN_004890,ORDER_011856,BUYER_01183,SELLER_00214,2025-08-14 03:05:05.054686,changed_mind,approved,True,return_abuse
RETURN_004891,ORDER_029432,BUYER_02966,SELLER_00381,2025-11-23 15:34:04.561796,changed_mind,approved,True,return_abuse
RETURN_004892,ORDER_029433,BUYER_02966,SELLER_00291,2025-08-31 12:07:09.713388,changed_mind,approved,True,return_abuse
RETURN_004893,ORDER_008930,BUYER_00863,SELLER_00101,2025-11-10 08:47:48.706246,changed_mind,approved,True,return_abuse
RETURN_004894,ORDER_047348,BUYER_04728,SELLER_00226,2025-11-21 02:25:30.974232,defective,approved,True,return_abuse
RETURN_004895,ORDER_047345,BUYER_04728,SELLER_00386,2025-09-14 20:13:14.625928,changed_mind,approved,True,return_abuse
RETURN_004896,ORDER_047347,BUYER_04728,SELLER_00202,2025-12-30 16:55:38.579546,defective,approved,True,return_abuse
RETURN_004897,ORDER_047346,BUYER_04728,SELLER_00185,2025-10-28 02:35:33.646509,wrong_item_received,approved,True,return_abuse
RETURN_004898,ORDER_019643,BUYER_01972,SELLER_00112,2025-12-12 11:14:10.245825,changed_mind,approved,True,return_abuse
RETURN_004899,ORDER_019645,BUYER_01972,SELLER_00301,2025-06-22 02:28:17.638039,defective,approved,True,return_abuse
RETURN_004900,ORDER_019641,BUYER_01972,SELLER_00033,2025-02-08 12:02:31.334408,changed_mind,approved,True,return_abuse
RETURN_004901,ORDER_019636,BUYER_01972,SELLER_00016,2025-10-16 13:48:17.940954,defective,approved,True,return_abuse
RETURN_004902,ORDER_043227,BUYER_04327,SELLER_00405,2025-03-28 04:28:43.777878,defective,approved,True,return_abuse
RETURN_004903,ORDER_043229,BUYER_04327,SELLER_00068,2025-12-06 01:01:06.260785,wrong_item_received,approved,True,return_abuse
RETURN_004904,ORDER_043231,BUYER_04327,SELLER_00271,2025-07-24 07:32:24.710644,defective,approved,True,return_abuse
RETURN_004905,ORDER_043224,BUYER_04327,SELLER_00418,2025-11-09 08:12:33.361793,wrong_item_received,approved,True,return_abuse
RETURN_004906,ORDER_024015,BUYER_02424,SELLER_00463,2025-03-26 15:17:33.965870,size_issue,approved,True,return_abuse
RETURN_004907,ORDER_024020,BUYER_02424,SELLER_00463,2025-10-21 16:28:18.276737,defective,approved,True,return_abuse
RETURN_004908,ORDER_024022,BUYER_02424,SELLER_00399,2025-11-08 03:39:24.169513,defective,approved,True,return_abuse
RETURN_004909,ORDER_024013,BUYER_02424,SELLER_00481,2025-12-27 20:15:27.580697,size_issue,approved,True,return_abuse
RETURN_004910,ORDER_024010,BUYER_02424,SELLER_00316,2025-04-08 07:34:15.753264,changed_mind,approved,True,return_abuse
RETURN_004911,ORDER_024000,BUYER_02424,SELLER_00371,2025-06-15 01:26:16.842718,size_issue,approved,True,return_abuse
RETURN_004912,ORDER_024006,BUYER_02424,SELLER_00376,2025-05-25 08:36:30.823007,wrong_item_received,approved,True,return_abuse
RETURN_004913,ORDER_000881,BUYER_00088,SELLER_00464,2025-12-08 21:03:29.384454,wrong_item_received,approved,True,return_abuse
RETURN_004914,ORDER_032511,BUYER_03249,SELLER_00420,2025-07-12 23:42:13.389091,size_issue,approved,True,return_abuse
RETURN_004915,ORDER_032510,BUYER_03249,SELLER_00152,2025-12-04 09:23:08.774756,defective,approved,True,return_abuse
RETURN_004916,ORDER_035499,BUYER_03559,SELLER_00031,2025-12-21 14:15:42.258000,wrong_item_received,approved,True,return_abuse
RETURN_004917,ORDER_035511,BUYER_03559,SELLER_00325,2025-12-25 06:14:27.312560,defective,approved,True,return_abuse
RETURN_004918,ORDER_035498,BUYER_03559,SELLER_00101,2025-12-10 08:26:36.356144,size_issue,approved,True,return_abuse
RETURN_004919,ORDER_035504,BUYER_03559,SELLER_00173,2025-12-18 10:39:53.625493,changed_mind,approved,True,return_abuse
RETURN_004920,ORDER_013363,BUYER_01334,SELLER_00326,2025-11-06 09:39:34.965683,wrong_item_received,approved,True,return_abuse
RETURN_004921,ORDER_013367,BUYER_01334,SELLER_00084,2025-11-13 22:43:29.643753,changed_mind,approved,True,return_abuse
RETURN_004922,ORDER_013375,BUYER_01334,SELLER_00290,2025-09-30 23:59:08.928852,changed_mind,approved,True,return_abuse
RETURN_004923,ORDER_013366,BUYER_01334,SELLER_00126,2025-11-29 00:34:49.584352,defective,approved,True,return_abuse
RETURN_004924,ORDER_037163,BUYER_03728,SELLER_00468,2025-10-22 04:05:33.878443,changed_mind,approved,True,return_abuse
RETURN_004925,ORDER_037167,BUYER_03728,SELLER_00205,2025-12-07 22:04:28.374131,defective,approved,True,return_abuse
RETURN_004926,ORDER_037168,BUYER_03728,SELLER_00153,2025-07-13 12:07:35.709223,defective,approved,True,return_abuse
RETURN_004927,ORDER_037172,BUYER_03728,SELLER_00357,2025-12-11 00:16:26.830136,defective,approved,True,return_abuse
RETURN_004928,ORDER_010305,BUYER_01005,SELLER_00206,2025-11-15 05:37:02.470951,size_issue,approved,True,return_abuse
RETURN_004929,ORDER_014694,BUYER_01485,SELLER_00123,2025-11-15 01:51:10.763159,defective,approved,True,return_abuse
RETURN_004930,ORDER_014698,BUYER_01485,SELLER_00463,2025-03-11 16:51:04.947380,defective,approved,True,return_abuse
RETURN_004931,ORDER_014692,BUYER_01485,SELLER_00162,2025-03-26 12:54:29.783397,defective,approved,True,return_abuse
RETURN_004932,ORDER_041992,BUYER_04204,SELLER_00209,2025-08-23 22:01:33.148142,defective,approved,True,return_abuse
RETURN_004933,ORDER_032916,BUYER_03292,SELLER_00438,2025-12-15 13:01:11.874787,defective,approved,True,return_abuse
RETURN_004934,ORDER_024506,BUYER_02472,SELLER_00203,2025-12-02 18:32:21.907804,size_issue,approved,True,return_abuse
RETURN_004935,ORDER_024503,BUYER_02472,SELLER_00140,2025-11-03 04:32:45.172867,size_issue,approved,True,return_abuse
RETURN_004936,ORDER_024502,BUYER_02472,SELLER_00316,2025-11-05 01:40:34.765231,changed_mind,approved,True,return_abuse
RETURN_004937,ORDER_011097,BUYER_01095,SELLER_00374,2025-11-17 21:03:15.076265,changed_mind,approved,True,return_abuse
RETURN_004938,ORDER_019590,BUYER_01966,SELLER_00346,2025-12-21 22:56:31.446657,wrong_item_received,approved,True,return_abuse
RETURN_004939,ORDER_019589,BUYER_01966,SELLER_00423,2025-09-16 14:14:48.391015,size_issue,approved,True,return_abuse
RETURN_004940,ORDER_028537,BUYER_02890,SELLER_00468,2025-12-21 16:19:12.758754,defective,approved,True,return_abuse
RETURN_004941,ORDER_043903,BUYER_04394,SELLER_00017,2025-08-29 05:05:08.760843,size_issue,approved,True,return_abuse
RETURN_004942,ORDER_041393,BUYER_04150,SELLER_00143,2025-03-10 18:45:00.308838,size_issue,approved,True,return_abuse
RETURN_004943,ORDER_041389,BUYER_04150,SELLER_00189,2025-10-17 10:17:47.887092,defective,approved,True,return_abuse
RETURN_004944,ORDER_013780,BUYER_01382,SELLER_00377,2025-12-12 08:21:42.079904,size_issue,approved,True,return_abuse
RETURN_004945,ORDER_021843,BUYER_02200,SELLER_00446,2025-11-22 13:34:21.198891,size_issue,approved,True,return_abuse
RETURN_004946,ORDER_021842,BUYER_02200,SELLER_00084,2025-09-12 10:12:31.867571,defective,approved,True,return_abuse
RETURN_004947,ORDER_020347,BUYER_02041,SELLER_00459,2025-11-25 14:32:02.723395,changed_mind,approved,True,return_abuse
RETURN_004948,ORDER_020340,BUYER_02041,SELLER_00347,2025-03-17 13:34:15.118539,changed_mind,approved,True,return_abuse
RETURN_004949,ORDER_020337,BUYER_02041,SELLER_00405,2025-01-19 17:55:25.829684,defective,approved,True,return_abuse
RETURN_004950,ORDER_020343,BUYER_02041,SELLER_00461,2025-10-21 22:27:30.155203,wrong_item_received,approved,True,return_abuse
RETURN_004951,ORDER_014095,BUYER_01413,SELLER_00498,2025-12-24 16:15:09.013991,wrong_item_received,approved,True,return_abuse
RETURN_004952,ORDER_014087,BUYER_01413,SELLER_00089,2025-12-29 01:03:15.947281,defective,approved,True,return_abuse
RETURN_004953,ORDER_014088,BUYER_01413,SELLER_00227,2025-12-20 12:53:40.572371,defective,approved,True,return_abuse
RETURN_004954,ORDER_015199,BUYER_01530,SELLER_00169,2025-06-15 16:47:03.593025,size_issue,approved,True,return_abuse
RETURN_004955,ORDER_049294,BUYER_04933,SELLER_00356,2025-08-25 23:19:02.536276,size_issue,approved,True,return_abuse
RETURN_004956,ORDER_049300,BUYER_04933,SELLER_00112,2025-08-01 22:36:38.692162,changed_mind,approved,True,return_abuse
RETURN_004957,ORDER_049295,BUYER_04933,SELLER_00177,2025-11-01 10:27:38.432223,size_issue,approved,True,return_abuse
RETURN_004958,ORDER_049302,BUYER_04933,SELLER_00028,2025-09-12 08:04:57.411008,changed_mind,approved,True,return_abuse
RETURN_004959,ORDER_049304,BUYER_04933,SELLER_00167,2025-12-27 21:31:13.315322,changed_mind,approved,True,return_abuse
RETURN_004960,ORDER_003819,BUYER_00363,SELLER_00196,2025-06-11 20:23:16.804149,changed_mind,approved,True,return_abuse
RETURN_004961,ORDER_003812,BUYER_00363,SELLER_00018,2025-06-24 13:45:58.424592,defective,approved,True,return_abuse
RETURN_004962,ORDER_003813,BUYER_00363,SELLER_00399,2025-05-28 20:08:21.803325,size_issue,approved,True,return_abuse
RETURN_004963,ORDER_004221,BUYER_00405,SELLER_00040,2025-11-22 10:16:36.277258,size_issue,approved,True,return_abuse
RETURN_004964,ORDER_004216,BUYER_00405,SELLER_00121,2025-12-28 12:57:19.002519,changed_mind,approved,True,return_abuse
RETURN_004965,ORDER_004220,BUYER_00405,SELLER_00196,2025-12-25 08:39:36.962566,wrong_item_received,approved,True,return_abuse
RETURN_004966,ORDER_004210,BUYER_00405,SELLER_00460,2025-11-12 04:37:50.889230,defective,approved,True,return_abuse
RETURN_004967,ORDER_007671,BUYER_00748,SELLER_00455,2025-09-09 00:30:13.231198,changed_mind,approved,True,return_abuse
RETURN_004968,ORDER_007656,BUYER_00748,SELLER_00351,2025-11-28 07:31:40.072835,defective,approved,True,return_abuse
RETURN_004969,ORDER_007657,BUYER_00748,SELLER_00288,2025-10-27 23:56:12.813135,defective,approved,True,return_abuse
RETURN_004970,ORDER_007663,BUYER_00748,SELLER_00366,2025-05-23 05:20:31.624954,defective,approved,True,return_abuse
RETURN_004971,ORDER_007661,BUYER_00748,SELLER_00172,2025-07-30 08:51:40.256795,changed_mind,approved,True,return_abuse
RETURN_004972,ORDER_007654,BUYER_00748,SELLER_00205,2025-11-28 18:14:41.192259,wrong_item_received,approved,True,return_abuse
RETURN_004973,ORDER_007670,BUYER_00748,SELLER_00335,2025-07-15 12:13:03.398470,defective,approved,True,return_abuse
RETURN_004974,ORDER_036919,BUYER_03701,SELLER_00299,2025-08-09 20:28:49.654062,size_issue,approved,True,return_abuse
RETURN_004975,ORDER_036917,BUYER_03701,SELLER_00225,2025-12-08 02:58:08.980438,changed_mind,approved,True,return_abuse
RETURN_004976,ORDER_042765,BUYER_04282,SELLER_00269,2025-07-09 03:56:18.255981,size_issue,approved,True,return_abuse
RETURN_004977,ORDER_042764,BUYER_04282,SELLER_00232,2025-01-15 20:19:55.390924,size_issue,approved,True,return_abuse
RETURN_004978,ORDER_042776,BUYER_04282,SELLER_00178,2025-10-22 08:54:08.044001,changed_mind,approved,True,return_abuse
RETURN_004979,ORDER_035121,BUYER_03525,SELLER_00269,2025-03-13 07:41:39.235475,changed_mind,approved,True,return_abuse
RETURN_004980,ORDER_035137,BUYER_03525,SELLER_00146,2025-02-23 07:17:03.997842,changed_mind,approved,True,return_abuse
RETURN_004981,ORDER_035134,BUYER_03525,SELLER_00155,2025-01-30 12:32:30.686342,defective,approved,True,return_abuse
RETURN_004982,ORDER_035135,BUYER_03525,SELLER_00054,2025-06-04 13:49:39.177626,wrong_item_received,approved,True,return_abuse
RETURN_004983,ORDER_035126,BUYER_03525,SELLER_00122,2025-05-01 05:33:00.486117,changed_mind,approved,True,return_abuse
RETURN_004984,ORDER_035133,BUYER_03525,SELLER_00399,2025-05-03 23:57:52.001237,size_issue,approved,True,return_abuse
RETURN_004985,ORDER_035122,BUYER_03525,SELLER_00413,2025-04-17 22:30:23.816541,defective,approved,True,return_abuse
RETURN_004986,ORDER_035123,BUYER_03525,SELLER_00057,2025-08-21 16:59:45.076550,changed_mind,approved,True,return_abuse
RETURN_004987,ORDER_047500,BUYER_04744,SELLER_00306,2025-12-29 18:06:36.838962,changed_mind,approved,True,return_abuse
RETURN_004988,ORDER_047498,BUYER_04744,SELLER_00185,2025-12-18 19:21:21.864820,changed_mind,approved,True,return_abuse
RETURN_004989,ORDER_047502,BUYER_04744,SELLER_00291,2025-12-24 08:30:07.713565,changed_mind,approved,True,return_abuse
RETURN_004990,ORDER_039805,BUYER_04006,SELLER_00437,2025-07-10 00:49:31.000404,size_issue,approved,True,return_abuse
RETURN_004991,ORDER_009783,BUYER_00952,SELLER_00112,2025-10-03 22:43:02.233713,changed_mind,approved,True,return_abuse
RETURN_004992,ORDER_009784,BUYER_00952,SELLER_00304,2025-10-30 08:20:01.928367,changed_mind,approved,True,return_abuse
RETURN_004993,ORDER_028500,BUYER_02885,SELLER_00221,2025-12-22 22:56:59.190583,size_issue,approved,True,return_abuse
RETURN_004994,ORDER_028501,BUYER_02885,SELLER_00178,2025-10-11 04:20:44.622677,defective,approved,True,return_abuse
RETURN_004995,ORDER_016031,BUYER_01614,SELLER_00200,2025-02-17 10:12:38.103964,wrong_item_received,approved,True,return_abuse
RETURN_004996,ORDER_016025,BUYER_01614,SELLER_00231,2025-02-19 21:35:43.835321,wrong_item_received,approved,True,return_abuse
RETURN_004997,ORDER_016034,BUYER_01614,SELLER_00282,2025-04-13 12:49:22.138263,size_issue,approved,True,return_abuse
RETURN_004998,ORDER_016045,BUYER_01614,SELLER_00292,2025-10-19 08:06:14.814195,changed_mind,approved,True,return_abuse
RETURN_004999,ORDER_016030,BUYER_01614,SELLER_00278,2025-08-10 18:40:13.005434,defective,approved,True,return_abuse
RETURN_005000,ORDER_016024,BUYER_01614,SELLER_00413,2025-12-10 03:25:40.633931,changed_mind,approved,True,return_abuse
RETURN_005001,ORDER_016043,BUYER_01614,SELLER_00438,2025-10-12 11:57:39.591205,changed_mind,approved,True,return_abuse
RETURN_005002,ORDER_016038,BUYER_01614,SELLER_00455,2025-02-26 18:04:24.814029,defective,approved,True,return_abuse
RETURN_005003,ORDER_016037,BUYER_01614,SELLER_00498,2025-10-14 19:49:24.708296,wrong_item_received,approved,True,return_abuse
RETURN_005004,ORDER_016035,BUYER_01614,SELLER_00285,2025-07-15 02:44:10.837147,defective,approved,True,return_abuse
RETURN_005005,ORDER_008785,BUYER_00847,SELLER_00418,2025-05-27 20:34:02.624254,defective,approved,True,return_abuse
RETURN_005006,ORDER_016152,BUYER_01626,SELLER_00418,2025-12-28 21:20:57.303003,defective,approved,True,return_abuse
RETURN_005007,ORDER_047127,BUYER_04712,SELLER_00141,2025-10-05 11:56:16.228437,wrong_item_received,approved,True,return_abuse
RETURN_005008,ORDER_036756,BUYER_03683,SELLER_00294,2025-08-17 20:14:32.251375,defective,approved,True,return_abuse
RETURN_005009,ORDER_036762,BUYER_03683,SELLER_00166,2025-11-26 22:01:03.490721,size_issue,approved,True,return_abuse
RETURN_005010,ORDER_036759,BUYER_03683,SELLER_00446,2025-12-15 14:19:56.035885,changed_mind,approved,True,return_abuse
RETURN_005011,ORDER_024162,BUYER_02440,SELLER_00007,2025-07-13 00:05:35.451192,wrong_item_received,approved,True,return_abuse
RETURN_005012,ORDER_048608,BUYER_04860,SELLER_00468,2025-12-11 05:54:01.767769,size_issue,approved,True,return_abuse
RETURN_005013,ORDER_034328,BUYER_03441,SELLER_00423,2025-04-06 02:11:18.467952,defective,approved,True,return_abuse
RETURN_005014,ORDER_034325,BUYER_03441,SELLER_00227,2025-05-03 20:11:51.539600,size_issue,approved,True,return_abuse
RETURN_005015,ORDER_034326,BUYER_03441,SELLER_00124,2025-04-05 15:03:36.004264,defective,approved,True,return_abuse
RETURN_005016,ORDER_012957,BUYER_01297,SELLER_00444,2025-08-17 13:17:48.812458,size_issue,approved,True,return_abuse
RETURN_005017,ORDER_012949,BUYER_01297,SELLER_00460,2025-10-10 01:55:02.377002,changed_mind,approved,True,return_abuse
RETURN_005018,ORDER_012955,BUYER_01297,SELLER_00143,2025-07-07 14:22:07.287194,changed_mind,approved,True,return_abuse
RETURN_005019,ORDER_012948,BUYER_01297,SELLER_00152,2025-08-04 16:13:31.182191,changed_mind,approved,True,return_abuse
RETURN_005020,ORDER_041597,BUYER_04169,SELLER_00191,2025-10-15 02:29:13.777184,size_issue,approved,True,return_abuse
RETURN_005021,ORDER_004663,BUYER_00446,SELLER_00313,2025-08-23 23:04:24.505688,defective,approved,True,return_abuse
RETURN_005022,ORDER_004667,BUYER_00446,SELLER_00237,2025-03-13 22:08:11.355470,size_issue,approved,True,return_abuse
RETURN_005023,ORDER_004668,BUYER_00446,SELLER_00472,2025-07-08 12:30:23.706335,changed_mind,approved,True,return_abuse
RETURN_005024,ORDER_004675,BUYER_00446,SELLER_00192,2025-06-17 13:48:08.207011,defective,approved,True,return_abuse
RETURN_005025,ORDER_004665,BUYER_00446,SELLER_00417,2025-08-15 20:32:05.825129,defective,approved,True,return_abuse
RETURN_005026,ORDER_049928,BUYER_04992,SELLER_00289,2025-08-31 22:48:06.537551,changed_mind,approved,True,return_abuse
RETURN_005027,ORDER_049931,BUYER_04992,SELLER_00482,2025-05-02 23:27:28.366012,defective,approved,True,return_abuse
RETURN_005028,ORDER_012357,BUYER_01244,SELLER_00368,2025-11-19 17:27:01.549895,size_issue,approved,True,return_abuse
RETURN_005029,ORDER_017112,BUYER_01723,SELLER_00112,2025-08-17 15:30:31.876928,changed_mind,approved,True,return_abuse
RETURN_005030,ORDER_013764,BUYER_01380,SELLER_00018,2025-05-26 19:33:46.271334,defective,approved,True,return_abuse
RETURN_005031,ORDER_013769,BUYER_01380,SELLER_00072,2025-06-17 04:07:16.233894,changed_mind,approved,True,return_abuse
RETURN_005032,ORDER_013763,BUYER_01380,SELLER_00009,2025-11-28 12:46:04.811581,changed_mind,approved,True,return_abuse
RETURN_005033,ORDER_046803,BUYER_04676,SELLER_00357,2025-11-04 19:16:10.762519,defective,approved,True,return_abuse
RETURN_005034,ORDER_046801,BUYER_04676,SELLER_00050,2025-11-18 14:06:19.175072,changed_mind,approved,True,return_abuse
RETURN_005035,ORDER_046802,BUYER_04676,SELLER_00487,2025-12-26 23:36:56.013298,defective,approved,True,return_abuse
RETURN_005036,ORDER_046805,BUYER_04676,SELLER_00021,2025-10-22 05:06:37.631140,changed_mind,approved,True,return_abuse
RETURN_005037,ORDER_046799,BUYER_04676,SELLER_00126,2025-12-28 00:53:31.247456,size_issue,approved,True,return_abuse
RETURN_005038,ORDER_013120,BUYER_01319,SELLER_00164,2025-09-19 20:51:26.878086,defective,approved,True,return_abuse
RETURN_005039,ORDER_013117,BUYER_01319,SELLER_00115,2025-08-25 09:17:20.191705,changed_mind,approved,True,return_abuse
RETURN_005040,ORDER_013119,BUYER_01319,SELLER_00491,2025-09-05 01:36:24.569109,changed_mind,approved,True,return_abuse
RETURN_005041,ORDER_049089,BUYER_04915,SELLER_00474,2025-07-16 20:32:59.940874,changed_mind,approved,True,return_abuse
RETURN_005042,ORDER_016333,BUYER_01649,SELLER_00461,2025-11-23 21:24:07.015446,defective,approved,True,return_abuse
RETURN_005043,ORDER_016332,BUYER_01649,SELLER_00326,2025-10-28 00:28:54.324788,size_issue,approved,True,return_abuse
RETURN_005044,ORDER_029863,BUYER_03011,SELLER_00054,2025-09-03 06:57:47.780170,size_issue,approved,True,return_abuse
RETURN_005045,ORDER_029865,BUYER_03011,SELLER_00324,2025-09-11 05:00:59.692893,defective,approved,True,return_abuse
RETURN_005046,ORDER_029870,BUYER_03011,SELLER_00000,2025-12-02 11:35:38.926960,size_issue,approved,True,return_abuse
RETURN_005047,ORDER_035800,BUYER_03590,SELLER_00242,2025-10-13 17:16:37.793201,wrong_item_received,approved,True,return_abuse
RETURN_005048,ORDER_035796,BUYER_03590,SELLER_00232,2025-08-11 14:20:50.273113,size_issue,approved,True,return_abuse
RETURN_005049,ORDER_035810,BUYER_03590,SELLER_00405,2025-12-21 01:57:26.254259,defective,approved,True,return_abuse
RETURN_005050,ORDER_035792,BUYER_03590,SELLER_00423,2025-08-22 06:54:18.041924,defective,approved,True,return_abuse
RETURN_005051,ORDER_035814,BUYER_03590,SELLER_00399,2025-09-03 17:34:59.803560,changed_mind,approved,True,return_abuse
RETURN_005052,ORDER_035791,BUYER_03590,SELLER_00290,2025-09-19 13:29:36.143195,changed_mind,approved,True,return_abuse
RETURN_005053,ORDER_035812,BUYER_03590,SELLER_00341,2025-12-01 02:54:15.397924,size_issue,approved,True,return_abuse
RETURN_005054,ORDER_035808,BUYER_03590,SELLER_00137,2025-09-06 05:32:40.027250,changed_mind,approved,True,return_abuse
RETURN_005055,ORDER_035799,BUYER_03590,SELLER_00237,2025-12-18 00:45:42.289322,size_issue,approved,True,return_abuse
RETURN_005056,ORDER_035804,BUYER_03590,SELLER_00263,2025-10-23 03:35:08.165377,defective,approved,True,return_abuse
RETURN_005057,ORDER_028169,BUYER_02853,SELLER_00167,2025-11-23 07:28:04.587651,defective,approved,True,return_abuse
RETURN_005058,ORDER_028178,BUYER_02853,SELLER_00173,2025-12-25 04:53:46.877490,changed_mind,approved,True,return_abuse
RETURN_005059,ORDER_028191,BUYER_02853,SELLER_00148,2025-11-11 20:58:46.430465,size_issue,approved,True,return_abuse
RETURN_005060,ORDER_028177,BUYER_02853,SELLER_00457,2025-10-23 11:28:45.608076,size_issue,approved,True,return_abuse
RETURN_005061,ORDER_028168,BUYER_02853,SELLER_00221,2025-12-22 04:53:06.894735,defective,approved,True,return_abuse
RETURN_005062,ORDER_028181,BUYER_02853,SELLER_00095,2025-11-15 17:38:26.517359,defective,approved,True,return_abuse
RETURN_005063,ORDER_028187,BUYER_02853,SELLER_00143,2025-12-21 23:16:21.335758,wrong_item_received,approved,True,return_abuse
RETURN_005064,ORDER_028184,BUYER_02853,SELLER_00367,2025-11-27 02:52:28.550439,defective,approved,True,return_abuse
RETURN_005065,ORDER_028170,BUYER_02853,SELLER_00438,2025-12-16 00:28:49.145273,changed_mind,approved,True,return_abuse
RETURN_005066,ORDER_028193,BUYER_02853,SELLER_00153,2025-10-28 10:03:54.074621,changed_mind,approved,True,return_abuse
RETURN_005067,ORDER_028200,BUYER_02853,SELLER_00244,2025-11-03 23:54:07.695750,size_issue,approved,True,return_abuse
RETURN_005068,ORDER_028195,BUYER_02853,SELLER_00423,2025-11-18 00:45:11.673468,size_issue,approved,True,return_abuse
RETURN_005069,ORDER_046929,BUYER_04690,SELLER_00278,2025-12-25 16:18:00.758649,defective,approved,True,return_abuse
RETURN_005070,ORDER_046941,BUYER_04690,SELLER_00104,2025-12-19 02:12:37.158996,changed_mind,approved,True,return_abuse
RETURN_005071,ORDER_046937,BUYER_04690,SELLER_00362,2025-12-13 02:09:08.933070,changed_mind,approved,True,return_abuse
RETURN_005072,ORDER_046935,BUYER_04690,SELLER_00153,2025-12-26 16:28:27.433817,defective,approved,True,return_abuse
RETURN_005073,ORDER_046931,BUYER_04690,SELLER_00368,2025-12-26 06:53:15.753905,wrong_item_received,approved,True,return_abuse
RETURN_005074,ORDER_026775,BUYER_02724,SELLER_00016,2025-11-02 14:16:36.813233,changed_mind,approved,True,return_abuse
RETURN_005075,ORDER_027795,BUYER_02806,SELLER_00455,2025-12-29 11:51:12.907472,defective,approved,True,return_abuse
RETURN_005076,ORDER_027789,BUYER_02806,SELLER_00289,2025-12-03 11:36:21.328110,defective,approved,True,return_abuse
RETURN_005077,ORDER_020334,BUYER_02040,SELLER_00177,2025-12-22 10:28:29.684851,size_issue,approved,True,return_abuse
RETURN_005078,ORDER_019033,BUYER_01902,SELLER_00304,2025-05-30 18:30:42.005693,defective,approved,True,return_abuse
RETURN_005079,ORDER_002393,BUYER_00222,SELLER_00483,2025-06-09 19:35:47.830095,wrong_item_received,approved,True,return_abuse
RETURN_005080,ORDER_043365,BUYER_04341,SELLER_00260,2025-06-09 09:14:26.880239,changed_mind,approved,True,return_abuse
RETURN_005081,ORDER_043363,BUYER_04341,SELLER_00148,2025-11-09 20:39:34.247799,defective,approved,True,return_abuse
RETURN_005082,ORDER_016307,BUYER_01645,SELLER_00392,2025-11-24 06:27:40.812437,wrong_item_received,approved,True,return_abuse
RETURN_005083,ORDER_042450,BUYER_04242,SELLER_00436,2025-12-14 14:32:54.575461,defective,approved,True,return_abuse
RETURN_005084,ORDER_042447,BUYER_04242,SELLER_00401,2025-12-11 14:41:00.368964,size_issue,approved,True,return_abuse
RETURN_005085,ORDER_014636,BUYER_01479,SELLER_00355,2025-10-05 13:27:35.516241,changed_mind,approved,True,return_abuse
RETURN_005086,ORDER_014641,BUYER_01479,SELLER_00431,2025-10-27 17:03:45.676685,changed_mind,approved,True,return_abuse
RETURN_005087,ORDER_036453,BUYER_03651,SELLER_00199,2025-08-30 09:26:04.885297,changed_mind,approved,True,return_abuse
RETURN_005088,ORDER_036458,BUYER_03651,SELLER_00269,2025-12-04 04:36:27.945918,wrong_item_received,approved,True,return_abuse
RETURN_005089,ORDER_019424,BUYER_01946,SELLER_00470,2025-10-22 03:36:39.907999,changed_mind,approved,True,return_abuse
RETURN_005090,ORDER_019423,BUYER_01946,SELLER_00214,2025-12-23 17:43:20.394112,changed_mind,approved,True,return_abuse
RETURN_005091,ORDER_035965,BUYER_03604,SELLER_00255,2025-10-10 13:22:11.627336,size_issue,approved,True,return_abuse
RETURN_005092,ORDER_014985,BUYER_01510,SELLER_00150,2025-07-08 10:47:34.533603,defective,approved,True,return_abuse
RETURN_005093,ORDER_002021,BUYER_00183,SELLER_00277,2025-06-28 12:45:49.617479,changed_mind,approved,True,return_abuse
RETURN_005094,ORDER_002009,BUYER_00183,SELLER_00122,2025-12-05 05:30:25.816104,defective,approved,True,return_abuse
RETURN_005095,ORDER_002012,BUYER_00183,SELLER_00400,2025-04-02 17:32:19.105709,defective,approved,True,return_abuse
RETURN_005096,ORDER_002011,BUYER_00183,SELLER_00118,2025-04-29 19:25:59.689557,defective,approved,True,return_abuse
RETURN_005097,ORDER_004729,BUYER_00450,SELLER_00161,2025-08-11 06:17:19.429863,wrong_item_received,approved,True,return_abuse
RETURN_005098,ORDER_004726,BUYER_00450,SELLER_00318,2025-01-29 03:25:51.196656,defective,approved,True,return_abuse
RETURN_005099,ORDER_004728,BUYER_00450,SELLER_00135,2025-05-05 03:54:05.292140,wrong_item_received,approved,True,return_abuse
RETURN_005100,ORDER_004730,BUYER_00450,SELLER_00314,2025-03-18 09:41:05.661124,wrong_item_received,approved,True,return_abuse
RETURN_005101,ORDER_004733,BUYER_00450,SELLER_00057,2025-07-16 09:04:58.174007,size_issue,approved,True,return_abuse
RETURN_005102,ORDER_018003,BUYER_01817,SELLER_00232,2025-12-25 17:07:19.315610,changed_mind,approved,True,return_abuse
RETURN_005103,ORDER_018006,BUYER_01817,SELLER_00455,2025-09-21 06:55:40.595742,defective,approved,True,return_abuse
RETURN_005104,ORDER_018005,BUYER_01817,SELLER_00076,2025-06-30 15:47:57.594815,changed_mind,approved,True,return_abuse
RETURN_005105,ORDER_018012,BUYER_01817,SELLER_00231,2025-03-16 20:34:17.250141,changed_mind,approved,True,return_abuse
RETURN_005106,ORDER_018016,BUYER_01817,SELLER_00345,2025-03-08 00:01:07.688692,wrong_item_received,approved,True,return_abuse
RETURN_005107,ORDER_018017,BUYER_01817,SELLER_00282,2025-04-07 04:28:22.252074,changed_mind,approved,True,return_abuse
RETURN_005108,ORDER_018014,BUYER_01817,SELLER_00472,2025-02-24 21:06:23.786027,changed_mind,approved,True,return_abuse
RETURN_005109,ORDER_026296,BUYER_02672,SELLER_00478,2025-12-05 14:34:16.260017,defective,approved,True,return_abuse
RETURN_005110,ORDER_026292,BUYER_02672,SELLER_00313,2025-12-22 08:46:56.179995,changed_mind,approved,True,return_abuse
RETURN_005111,ORDER_026290,BUYER_02672,SELLER_00270,2025-12-06 21:52:18.166561,changed_mind,approved,True,return_abuse
RETURN_005112,ORDER_006918,BUYER_00672,SELLER_00233,2025-05-14 13:18:13.323122,defective,approved,True,return_abuse
RETURN_005113,ORDER_011078,BUYER_01092,SELLER_00313,2025-12-20 00:52:33.883436,defective,approved,True,return_abuse
RETURN_005114,ORDER_013754,BUYER_01378,SELLER_00024,2025-12-21 22:51:22.458857,changed_mind,approved,True,return_abuse
RETURN_005115,ORDER_011698,BUYER_01167,SELLER_00352,2025-12-28 20:50:49.491468,defective,approved,True,return_abuse
RETURN_005116,ORDER_008490,BUYER_00819,SELLER_00366,2025-09-18 01:50:44.758273,defective,approved,True,return_abuse
RETURN_005117,ORDER_008496,BUYER_00819,SELLER_00329,2025-11-10 15:48:49.154897,changed_mind,approved,True,return_abuse
RETURN_005118,ORDER_004474,BUYER_00430,SELLER_00101,2025-12-03 23:59:00.760374,defective,approved,True,return_abuse
RETURN_005119,ORDER_004477,BUYER_00430,SELLER_00005,2025-11-17 05:46:22.489804,size_issue,approved,True,return_abuse
RETURN_005120,ORDER_004475,BUYER_00430,SELLER_00092,2025-11-23 06:29:11.231025,size_issue,approved,True,return_abuse
RETURN_005121,ORDER_006196,BUYER_00606,SELLER_00055,2025-12-21 23:02:51.001600,changed_mind,approved,True,return_abuse
RETURN_005122,ORDER_006209,BUYER_00606,SELLER_00012,2025-09-29 13:06:06.222766,changed_mind,approved,True,return_abuse
RETURN_005123,ORDER_006192,BUYER_00606,SELLER_00339,2025-11-14 12:10:30.533906,size_issue,approved,True,return_abuse
RETURN_005124,ORDER_006212,BUYER_00606,SELLER_00275,2025-11-05 08:30:28.515061,size_issue,approved,True,return_abuse
RETURN_005125,ORDER_006191,BUYER_00606,SELLER_00026,2025-11-05 16:53:43.479381,changed_mind,approved,True,return_abuse
RETURN_005126,ORDER_006198,BUYER_00606,SELLER_00313,2025-09-17 19:08:04.600779,changed_mind,approved,True,return_abuse
RETURN_005127,ORDER_006208,BUYER_00606,SELLER_00148,2025-12-28 07:03:24.262423,defective,approved,True,return_abuse
RETURN_005128,ORDER_006197,BUYER_00606,SELLER_00319,2025-10-03 05:17:06.524369,changed_mind,approved,True,return_abuse
RETURN_005129,ORDER_006203,BUYER_00606,SELLER_00390,2025-09-18 08:16:04.256714,defective,approved,True,return_abuse
RETURN_005130,ORDER_006182,BUYER_00606,SELLER_00275,2025-11-01 02:46:44.398767,changed_mind,approved,True,return_abuse
RETURN_005131,ORDER_002726,BUYER_00256,SELLER_00217,2025-12-15 10:52:09.585089,defective,approved,True,return_abuse
RETURN_005132,ORDER_016526,BUYER_01676,SELLER_00063,2025-12-04 00:49:23.010345,changed_mind,approved,True,return_abuse
RETURN_005133,ORDER_035391,BUYER_03551,SELLER_00438,2025-08-18 20:16:24.957509,defective,approved,True,return_abuse
RETURN_005134,ORDER_035387,BUYER_03551,SELLER_00017,2025-08-24 19:59:49.683119,defective,approved,True,return_abuse
RETURN_005135,ORDER_035392,BUYER_03551,SELLER_00232,2025-10-22 10:00:02.764690,size_issue,approved,True,return_abuse
RETURN_005136,ORDER_035389,BUYER_03551,SELLER_00468,2025-12-29 01:51:09.848316,changed_mind,approved,True,return_abuse
RETURN_005137,ORDER_035395,BUYER_03551,SELLER_00112,2025-08-05 21:27:37.351954,changed_mind,approved,True,return_abuse
RETURN_005138,ORDER_034316,BUYER_03439,SELLER_00049,2025-10-07 02:46:32.039752,defective,approved,True,return_abuse
RETURN_005139,ORDER_023152,BUYER_02332,SELLER_00068,2025-12-29 13:29:10.135404,size_issue,approved,True,return_abuse
RETURN_005140,ORDER_023157,BUYER_02332,SELLER_00449,2025-11-22 14:33:41.549918,defective,approved,True,return_abuse
RETURN_005141,ORDER_000733,BUYER_00071,SELLER_00491,2025-11-18 14:12:26.553596,size_issue,approved,True,return_abuse
RETURN_005142,ORDER_000735,BUYER_00071,SELLER_00449,2025-09-27 22:06:34.509019,wrong_item_received,approved,True,return_abuse
RETURN_005143,ORDER_006980,BUYER_00677,SELLER_00316,2025-06-20 06:01:35.967116,changed_mind,approved,True,return_abuse
RETURN_005144,ORDER_006982,BUYER_00677,SELLER_00001,2025-06-14 20:09:28.882351,changed_mind,approved,True,return_abuse
RETURN_005145,ORDER_013959,BUYER_01401,SELLER_00488,2025-03-20 01:26:25.661597,wrong_item_received,approved,True,return_abuse
RETURN_005146,ORDER_013954,BUYER_01401,SELLER_00021,2025-10-09 22:39:12.959717,size_issue,approved,True,return_abuse
RETURN_005147,ORDER_013962,BUYER_01401,SELLER_00133,2025-03-26 09:29:56.604853,changed_mind,approved,True,return_abuse
RETURN_005148,ORDER_013956,BUYER_01401,SELLER_00076,2025-06-01 18:44:24.424521,defective,approved,True,return_abuse
RETURN_005149,ORDER_008153,BUYER_00788,SELLER_00387,2025-06-10 03:17:24.292327,changed_mind,approved,True,return_abuse
RETURN_005150,ORDER_008148,BUYER_00788,SELLER_00178,2025-07-02 00:06:32.932311,wrong_item_received,approved,True,return_abuse
RETURN_005151,ORDER_008155,BUYER_00788,SELLER_00313,2025-06-10 07:47:53.611806,size_issue,approved,True,return_abuse
RETURN_005152,ORDER_001695,BUYER_00155,SELLER_00228,2025-10-12 00:00:00.000000,size_issue,approved,True,seller_buyer_collusion
RETURN_005153,ORDER_047752,BUYER_04770,SELLER_00228,2025-10-11 00:00:00.000000,wrong_item_received,approved,True,seller_buyer_collusion
RETURN_005154,ORDER_031190,BUYER_03127,SELLER_00228,2025-10-18 00:00:00.000000,size_issue,approved,True,seller_buyer_collusion
RETURN_005155,ORDER_018949,BUYER_01896,SELLER_00228,2025-10-12 00:00:00.000000,defective,approved,True,seller_buyer_collusion
RETURN_005156,ORDER_047645,BUYER_04755,SELLER_00358,2025-12-31 00:00:00.000000,changed_mind,approved,True,seller_buyer_collusion
RETURN_005157,ORDER_026702,BUYER_02718,SELLER_00358,2025-12-28 00:00:00.000000,changed_mind,approved,True,seller_buyer_collusion
RETURN_005158,ORDER_007447,BUYER_00723,SELLER_00403,2025-11-08 00:00:00.000000,wrong_item_received,approved,True,seller_buyer_collusion
RETURN_005159,ORDER_027244,BUYER_02766,SELLER_00403,2025-11-09 00:00:00.000000,changed_mind,approved,True,seller_buyer_collusion
RETURN_005160,ORDER_010370,BUYER_01015,SELLER_00403,2025-11-10 00:00:00.000000,defective,approved,True,seller_buyer_collusion
RETURN_005161,ORDER_045044,BUYER_04505,SELLER_00403,2025-11-10 00:00:00.000000,size_issue,approved,True,seller_buyer_collusion
RETURN_005162,ORDER_044333,BUYER_04437,SELLER_00199,2025-12-21 00:00:00.000000,defective,approved,True,seller_buyer_collusion
RETURN_005163,ORDER_047430,BUYER_04735,SELLER_00199,2025-12-28 00:00:00.000000,defective,approved,True,seller_buyer_collusion
RETURN_005164,ORDER_015217,BUYER_01531,SELLER_00199,2025-12-25 00:00:00.000000,defective,approved,True,seller_buyer_collusion
RETURN_005165,ORDER_000449,BUYER_00044,SELLER_00498,2025-10-21 00:00:00.000000,defective,approved,True,seller_buyer_collusion
RETURN_005166,ORDER_045519,BUYER_04555,SELLER_00498,2025-10-21 00:00:00.000000,size_issue,approved,True,seller_buyer_collusion
RETURN_005167,ORDER_036198,BUYER_03629,SELLER_00498,2025-10-23 00:00:00.000000,size_issue,approved,True,seller_buyer_collusion
RETURN_005168,ORDER_015261,BUYER_01536,SELLER_00180,2025-12-19 12:44:58.677392,changed_mind,approved,True,seller_buyer_collusion
RETURN_005169,ORDER_038835,BUYER_03903,SELLER_00180,2025-12-19 12:44:58.677392,wrong_item_received,approved,True,seller_buyer_collusion
RETURN_005170,ORDER_012958,BUYER_01297,SELLER_00180,2025-12-16 12:44:58.677392,defective,approved,True,seller_buyer_collusion
RETURN_005171,ORDER_035342,BUYER_03548,SELLER_00023,2025-09-21 00:00:00.000000,changed_mind,approved,True,seller_buyer_collusion
RETURN_005172,ORDER_010970,BUYER_01080,SELLER_00023,2025-09-23 00:00:00.000000,defective,approved,True,seller_buyer_collusion
RETURN_005173,ORDER_040160,BUYER_04031,SELLER_00137,2025-12-12 00:00:00.000000,defective,approved,True,seller_buyer_collusion
RETURN_005174,ORDER_042239,BUYER_04222,SELLER_00137,2025-12-13 00:00:00.000000,defective,approved,True,seller_buyer_collusion
RETURN_005175,ORDER_023688,BUYER_02384,SELLER_00137,2025-12-08 00:00:00.000000,defective,approved,True,seller_buyer_collusion
RETURN_005176,ORDER_027514,BUYER_02779,SELLER_00184,2025-09-12 04:45:18.561408,wrong_item_received,approved,True,seller_buyer_collusion
RETURN_005177,ORDER_016648,BUYER_01688,SELLER_00184,2025-09-13 04:45:18.561408,size_issue,approved,True,seller_buyer_collusion
RETURN_005178,ORDER_031485,BUYER_03159,SELLER_00184,2025-09-10 04:45:18.561408,size_issue,approved,True,seller_buyer_collusion
RETURN_005179,ORDER_033584,BUYER_03366,SELLER_00054,2025-11-07 00:00:00.000000,defective,approved,True,seller_buyer_collusion
RETURN_005180,ORDER_025276,BUYER_02551,SELLER_00054,2025-11-07 00:00:00.000000,changed_mind,approved,True,seller_buyer_collusion
RETURN_005181,ORDER_025274,BUYER_02551,SELLER_00054,2025-11-03 00:00:00.000000,size_issue,approved,True,seller_buyer_collusion
RETURN_005182,ORDER_019737,BUYER_01983,SELLER_00054,2025-11-03 00:00:00.000000,defective,approved,True,seller_buyer_collusion
RETURN_005183,ORDER_003256,BUYER_00309,SELLER_00043,2025-12-22 00:00:00.000000,size_issue,approved,True,seller_buyer_collusion
RETURN_005184,ORDER_018609,BUYER_01867,SELLER_00043,2025-12-24 00:00:00.000000,defective,approved,True,seller_buyer_collusion
RETURN_005185,ORDER_047576,BUYER_04747,SELLER_00078,2025-12-23 00:00:00.000000,changed_mind,approved,True,seller_buyer_collusion
RETURN_005186,ORDER_008675,BUYER_00835,SELLER_00078,2025-12-23 00:00:00.000000,defective,approved,True,seller_buyer_collusion
RETURN_005187,ORDER_041859,BUYER_04190,SELLER_00078,2025-12-18 00:00:00.000000,wrong_item_received,approved,True,seller_buyer_collusion
RETURN_005188,ORDER_005894,BUYER_00577,SELLER_00202,2025-12-25 00:00:00.000000,changed_mind,approved,True,seller_buyer_collusion
RETURN_005189,ORDER_047299,BUYER_04724,SELLER_00202,2025-12-24 00:00:00.000000,wrong_item_received,approved,True,seller_buyer_collusion
RETURN_005190,ORDER_021561,BUYER_02168,SELLER_00326,2025-12-17 00:00:00.000000,defective,approved,True,seller_buyer_collusion
RETURN_005191,ORDER_036100,BUYER_03618,SELLER_00326,2025-12-17 00:00:00.000000,changed_mind,approved,True,seller_buyer_collusion
RETURN_005192,ORDER_042849,BUYER_04291,SELLER_00326,2025-12-19 00:00:00.000000,wrong_item_received,approved,True,seller_buyer_collusion
RETURN_005193,ORDER_014671,BUYER_01482,SELLER_00069,2025-12-28 00:00:00.000000,defective,approved,True,seller_buyer_collusion
RETURN_005194,ORDER_038814,BUYER_03901,SELLER_00069,2025-12-29 00:00:00.000000,changed_mind,approved,True,seller_buyer_collusion
RETURN_005195,ORDER_049604,BUYER_04960,SELLER_00063,2025-12-06 00:00:00.000000,changed_mind,approved,True,seller_buyer_collusion
RETURN_005196,ORDER_017161,BUYER_01728,SELLER_00063,2025-12-05 00:00:00.000000,size_issue,approved,True,seller_buyer_collusion
RETURN_005197,ORDER_020784,BUYER_02088,SELLER_00284,2025-12-26 00:00:00.000000,size_issue,approved,True,seller_buyer_collusion
RETURN_005198,ORDER_002191,BUYER_00205,SELLER_00284,2025-12-26 00:00:00.000000,wrong_item_received,approved,True,seller_buyer_collusion
RETURN_005199,ORDER_044258,BUYER_04427,SELLER_00284,2025-12-25 00:00:00.000000,changed_mind,approved,True,seller_buyer_collusion
RETURN_005200,ORDER_043916,BUYER_04395,SELLER_00297,2025-11-05 15:24:30.448027,wrong_item_received,approved,True,seller_buyer_collusion
RETURN_005201,ORDER_042908,BUYER_04296,SELLER_00297,2025-11-05 15:24:30.448027,size_issue,approved,True,seller_buyer_collusion
RETURN_005202,ORDER_022976,BUYER_02319,SELLER_00297,2025-11-06 15:24:30.448027,wrong_item_received,approved,True,seller_buyer_collusion
RETURN_005203,ORDER_004302,BUYER_00413,SELLER_00148,2025-11-25 00:00:00.000000,defective,approved,True,seller_buyer_collusion
RETURN_005204,ORDER_046084,BUYER_04607,SELLER_00148,2025-11-25 00:00:00.000000,changed_mind,approved,True,seller_buyer_collusion
RETURN_005205,ORDER_017942,BUYER_01813,SELLER_00186,2025-12-08 11:44:16.323922,defective,approved,True,seller_buyer_collusion
RETURN_005206,ORDER_025876,BUYER_02621,SELLER_00186,2025-12-07 11:44:16.323922,defective,approved,True,seller_buyer_collusion
RETURN_005207,ORDER_008429,BUYER_00815,SELLER_00079,2025-12-09 00:00:00.000000,changed_mind,approved,True,seller_buyer_collusion
RETURN_005208,ORDER_024335,BUYER_02455,SELLER_00079,2025-12-06 00:00:00.000000,defective,approved,True,seller_buyer_collusion
RETURN_005209,ORDER_009335,BUYER_00905,SELLER_00132,2025-08-17 00:00:00.000000,wrong_item_received,approved,True,seller_buyer_collusion
RETURN_005210,ORDER_015163,BUYER_01528,SELLER_00132,2025-08-18 00:00:00.000000,defective,approved,True,seller_buyer_collusion
RETURN_005211,ORDER_026810,BUYER_02728,SELLER_00132,2025-08-21 00:00:00.000000,wrong_item_received,approved,True,seller_buyer_collusion
RETURN_005212,ORDER_047125,BUYER_04712,SELLER_00058,2025-11-15 00:00:00.000000,changed_mind,approved,True,seller_buyer_collusion
RETURN_005213,ORDER_020949,BUYER_02109,SELLER_00058,2025-11-10 00:00:00.000000,wrong_item_received,approved,True,seller_buyer_collusion
RETURN_005214,ORDER_012454,BUYER_01253,SELLER_00233,2025-12-21 00:00:00.000000,wrong_item_received,approved,True,seller_buyer_collusion
RETURN_005215,ORDER_005105,BUYER_00498,SELLER_00233,2025-12-21 00:00:00.000000,defective,approved,True,seller_buyer_collusion
RETURN_005216,ORDER_010926,BUYER_01076,SELLER_00170,2025-10-13 00:00:00.000000,size_issue,approved,True,seller_buyer_collusion
RETURN_005217,ORDER_045334,BUYER_04534,SELLER_00170,2025-10-11 00:00:00.000000,defective,approved,True,seller_buyer_collusion
RETURN_005218,ORDER_008525,BUYER_00823,SELLER_00170,2025-10-08 00:00:00.000000,changed_mind,approved,True,seller_buyer_collusion
RETURN_005219,ORDER_034988,BUYER_03507,SELLER_00170,2025-10-07 00:00:00.000000,defective,approved,True,seller_buyer_collusion
RETURN_005220,ORDER_005416,BUYER_00534,SELLER_00430,2025-12-25 00:00:00.000000,size_issue,approved,True,seller_buyer_collusion
RETURN_005221,ORDER_040062,BUYER_04029,SELLER_00430,2025-12-23 00:00:00.000000,size_issue,approved,True,seller_buyer_collusion
RETURN_005222,ORDER_037320,BUYER_03743,SELLER_00232,2025-12-04 00:00:00.000000,wrong_item_received,approved,True,seller_buyer_collusion
RETURN_005223,ORDER_026871,BUYER_02731,SELLER_00232,2025-12-03 00:00:00.000000,defective,approved,True,seller_buyer_collusion
RETURN_005224,ORDER_030710,BUYER_03091,SELLER_00232,2025-12-06 00:00:00.000000,changed_mind,approved,True,seller_buyer_collusion
RETURN_005225,ORDER_021566,BUYER_02168,SELLER_00014,2025-12-22 00:00:00.000000,defective,approved,True,seller_buyer_collusion
RETURN_005226,ORDER_007820,BUYER_00764,SELLER_00014,2025-12-21 00:00:00.000000,changed_mind,approved,True,seller_buyer_collusion
RETURN_005227,ORDER_030308,BUYER_03056,SELLER_00014,2025-12-21 00:00:00.000000,defective,approved,True,seller_buyer_collusion
RETURN_005228,ORDER_022828,BUYER_02305,SELLER_00014,2025-12-21 00:00:00.000000,changed_mind,approved,True,seller_buyer_collusion
RETURN_005229,ORDER_029586,BUYER_02981,SELLER_00396,2025-12-10 00:00:00.000000,defective,approved,True,seller_buyer_collusion
RETURN_005230,ORDER_016115,BUYER_01622,SELLER_00396,2025-12-08 00:00:00.000000,defective,approved,True,seller_buyer_collusion
RETURN_005231,ORDER_035366,BUYER_03549,SELLER_00396,2025-12-07 00:00:00.000000,defective,approved,True,seller_buyer_collusion
RETURN_005232,ORDER_001978,BUYER_00181,SELLER_00149,2025-12-17 00:00:00.000000,changed_mind,approved,True,seller_buyer_collusion
RETURN_005233,ORDER_027475,BUYER_02777,SELLER_00149,2025-12-19 00:00:00.000000,wrong_item_received,approved,True,seller_buyer_collusion
RETURN_005234,ORDER_040037,BUYER_04026,SELLER_00304,2025-12-04 00:00:00.000000,changed_mind,approved,True,seller_buyer_collusion
RETURN_005235,ORDER_046188,BUYER_04615,SELLER_00304,2025-12-05 00:00:00.000000,size_issue,approved,True,seller_buyer_collusion
RETURN_005236,ORDER_034286,BUYER_03435,SELLER_00304,2025-11-27 00:00:00.000000,changed_mind,approved,True,seller_buyer_collusion
RETURN_005237,ORDER_033960,BUYER_03402,SELLER_00270,2025-12-24 06:07:26.000324,defective,approved,True,seller_buyer_collusion
RETURN_005238,ORDER_023203,BUYER_02337,SELLER_00270,2025-12-21 06:07:26.000324,size_issue,approved,True,seller_buyer_collusion
RETURN_005239,ORDER_018715,BUYER_01877,SELLER_00270,2025-12-21 06:07:26.000324,size_issue,approved,True,seller_buyer_collusion
RETURN_005240,ORDER_039313,BUYER_03957,SELLER_00270,2025-12-26 06:07:26.000324,size_issue,approved,True,seller_buyer_collusion
RETURN_005241,ORDER_014136,BUYER_01417,SELLER_00019,2025-11-22 00:00:00.000000,size_issue,approved,True,seller_buyer_collusion
RETURN_005242,ORDER_011999,BUYER_01203,SELLER_00019,2025-11-26 00:00:00.000000,wrong_item_received,approved,True,seller_buyer_collusion
RETURN_005243,ORDER_012600,BUYER_01267,SELLER_00019,2025-11-23 00:00:00.000000,wrong_item_received,approved,True,seller_buyer_collusion
RETURN_005244,ORDER_008396,BUYER_00813,SELLER_00019,2025-11-27 00:00:00.000000,wrong_item_received,approved,True,seller_buyer_collusion
RETURN_005245,ORDER_036850,BUYER_03694,SELLER_00139,2025-11-05 00:00:00.000000,changed_mind,approved,True,seller_buyer_collusion
RETURN_005246,ORDER_048551,BUYER_04852,SELLER_00139,2025-11-08 00:00:00.000000,defective,approved,True,seller_buyer_collusion
RETURN_005247,ORDER_006390,BUYER_00625,SELLER_00405,2025-12-04 00:00:00.000000,defective,approved,True,seller_buyer_collusion
RETURN_005248,ORDER_047509,BUYER_04745,SELLER_00405,2025-12-03 00:00:00.000000,defective,approved,True,seller_buyer_collusion
RETURN_005249,ORDER_041233,BUYER_04134,SELLER_00405,2025-12-06 00:00:00.000000,size_issue,approved,True,seller_buyer_collusion
RETURN_005250,ORDER_014292,BUYER_01437,SELLER_00405,2025-12-05 00:00:00.000000,changed_mind,approved,True,seller_buyer_collusion
RETURN_005251,ORDER_032846,BUYER_03285,SELLER_00439,2025-10-27 00:00:00.000000,wrong_item_received,approved,True,seller_buyer_collusion
RETURN_005252,ORDER_005177,BUYER_00508,SELLER_00439,2025-11-04 00:00:00.000000,size_issue,approved,True,seller_buyer_collusion
RETURN_005253,ORDER_023646,BUYER_02380,SELLER_00439,2025-11-02 00:00:00.000000,wrong_item_received,approved,True,seller_buyer_collusion
RETURN_005254,ORDER_028683,BUYER_02904,SELLER_00083,2025-12-19 00:00:00.000000,changed_mind,approved,True,seller_buyer_collusion
RETURN_005255,ORDER_039695,BUYER_03997,SELLER_00083,2025-12-15 00:00:00.000000,defective,approved,True,seller_buyer_collusion
RETURN_005256,ORDER_033971,BUYER_03402,SELLER_00157,2025-12-04 00:00:00.000000,wrong_item_received,approved,True,seller_buyer_collusion
RETURN_005257,ORDER_049765,BUYER_04971,SELLER_00157,2025-12-11 00:00:00.000000,defective,approved,True,seller_buyer_collusion
RETURN_005258,ORDER_016363,BUYER_01655,SELLER_00157,2025-12-11 00:00:00.000000,changed_mind,approved,True,seller_buyer_collusion
RETURN_005259,ORDER_033974,BUYER_03403,SELLER_00028,2025-12-26 00:00:00.000000,defective,approved,True,seller_buyer_collusion
RETURN_005260,ORDER_028732,BUYER_02908,SELLER_00028,2025-12-21 00:00:00.000000,defective,approved,True,seller_buyer_collusion
RETURN_005261,ORDER_008560,BUYER_00826,SELLER_00028,2025-12-23 00:00:00.000000,defective,approved,True,seller_buyer_collusion
RETURN_005262,ORDER_035421,BUYER_03554,SELLER_00315,2025-10-19 00:00:00.000000,changed_mind,approved,True,seller_buyer_collusion
RETURN_005263,ORDER_021424,BUYER_02153,SELLER_00156,2025-12-12 00:00:00.000000,defective,approved,True,seller_buyer_collusion
RETURN_005264,ORDER_046982,BUYER_04699,SELLER_00156,2025-12-08 00:00:00.000000,size_issue,approved,True,seller_buyer_collusion
RETURN_005265,ORDER_028425,BUYER_02875,SELLER_00225,2025-11-09 00:00:00.000000,wrong_item_received,approved,True,seller_buyer_collusion
RETURN_005266,ORDER_042946,BUYER_04299,SELLER_00225,2025-11-14 00:00:00.000000,defective,approved,True,seller_buyer_collusion
RETURN_005267,ORDER_011349,BUYER_01121,SELLER_00225,2025-11-08 00:00:00.000000,defective,approved,True,seller_buyer_collusion
RETURN_005268,ORDER_044657,BUYER_04463,SELLER_00359,2025-11-25 00:00:00.000000,wrong_item_received,approved,True,seller_buyer_collusion
RETURN_005269,ORDER_020635,BUYER_02075,SELLER_00359,2025-11-26 00:00:00.000000,changed_mind,approved,True,seller_buyer_collusion
RETURN_005270,ORDER_032071,BUYER_03219,SELLER_00359,2025-11-28 00:00:00.000000,changed_mind,approved,True,seller_buyer_collusion
RETURN_005271,ORDER_045528,BUYER_04557,SELLER_00482,2025-11-23 00:00:00.000000,size_issue,approved,True,seller_buyer_collusion
RETURN_005272,ORDER_045525,BUYER_04556,SELLER_00482,2025-11-19 00:00:00.000000,size_issue,approved,True,seller_buyer_collusion
RETURN_005273,ORDER_033170,BUYER_03318,SELLER_00482,2025-11-21 00:00:00.000000,changed_mind,approved,True,seller_buyer_collusion
RETURN_005274,ORDER_017877,BUYER_01809,SELLER_00482,2025-11-22 00:00:00.000000,size_issue,approved,True,seller_buyer_collusion
RETURN_005275,ORDER_027110,BUYER_02758,SELLER_00432,2025-12-21 00:00:00.000000,changed_mind,approved,True,seller_buyer_collusion
RETURN_005276,ORDER_028018,BUYER_02834,SELLER_00432,2025-12-26 00:00:00.000000,changed_mind,approved,True,seller_buyer_collusion
RETURN_005277,ORDER_040134,BUYER_04031,SELLER_00432,2025-12-22 00:00:00.000000,defective,approved,True,seller_buyer_collusion
RETURN_005278,ORDER_042888,BUYER_04295,SELLER_00432,2025-12-26 00:00:00.000000,defective,approved,True,seller_buyer_collusion
RETURN_005279,ORDER_045167,BUYER_04520,SELLER_00159,2025-12-02 00:00:00.000000,size_issue,approved,True,seller_buyer_collusion
RETURN_005280,ORDER_040341,BUYER_04055,SELLER_00159,2025-12-05 00:00:00.000000,wrong_item_received,approved,True,seller_buyer_collusion
RETURN_005281,ORDER_037932,BUYER_03810,SELLER_00475,2025-11-08 00:00:00.000000,defective,approved,True,seller_buyer_collusion
RETURN_005282,ORDER_031450,BUYER_03155,SELLER_00143,2025-12-11 00:00:00.000000,wrong_item_received,approved,True,seller_buyer_collusion
RETURN_005283,ORDER_007616,BUYER_00743,SELLER_00143,2025-12-17 00:00:00.000000,defective,approved,True,seller_buyer_collusion
RETURN_005284,ORDER_034402,BUYER_03447,SELLER_00143,2025-12-10 00:00:00.000000,changed_mind,approved,True,seller_buyer_collusion
RETURN_005285,ORDER_046032,BUYER_04600,SELLER_00094,2025-12-24 00:00:00.000000,defective,approved,True,seller_buyer_collusion
RETURN_005286,ORDER_036735,BUYER_03680,SELLER_00094,2025-12-23 00:00:00.000000,defective,approved,True,seller_buyer_collusion
RETURN_005287,ORDER_037061,BUYER_03716,SELLER_00094,2025-12-26 00:00:00.000000,wrong_item_received,approved,True,seller_buyer_collusion
RETURN_005288,ORDER_029277,BUYER_02954,SELLER_00094,2025-12-21 00:00:00.000000,defective,approved,True,seller_buyer_collusion
RETURN_005289,ORDER_006150,BUYER_00601,SELLER_00094,2025-12-21 00:00:00.000000,size_issue,approved,True,seller_buyer_collusion
RETURN_005290,ORDER_021696,BUYER_02181,SELLER_00201,2025-12-17 00:00:00.000000,defective,approved,True,seller_buyer_collusion
RETURN_005291,ORDER_016990,BUYER_01715,SELLER_00201,2025-12-13 00:00:00.000000,wrong_item_received,approved,True,seller_buyer_collusion
RETURN_005292,ORDER_030453,BUYER_03067,SELLER_00353,2025-11-30 14:36:21.317251,changed_mind,approved,True,seller_buyer_collusion
RETURN_005293,ORDER_003574,BUYER_00340,SELLER_00353,2025-11-28 14:36:21.317251,wrong_item_received,approved,True,seller_buyer_collusion
RETURN_005294,ORDER_036183,BUYER_03628,SELLER_00353,2025-11-29 14:36:21.317251,changed_mind,approved,True,seller_buyer_collusion
RETURN_005295,ORDER_045198,BUYER_04523,SELLER_00353,2025-11-28 14:36:21.317251,changed_mind,approved,True,seller_buyer_collusion
RETURN_005296,ORDER_027226,BUYER_02763,SELLER_00353,2025-11-28 14:36:21.317251,wrong_item_received,approved,True,seller_buyer_collusion
RETURN_005297,ORDER_003192,BUYER_00303,SELLER_00456,2025-12-13 00:00:00.000000,changed_mind,approved,True,seller_buyer_collusion
RETURN_005298,ORDER_038977,BUYER_03922,SELLER_00456,2025-12-14 00:00:00.000000,size_issue,approved,True,seller_buyer_collusion
RETURN_005299,ORDER_039566,BUYER_03985,SELLER_00456,2025-12-19 00:00:00.000000,wrong_item_received,approved,True,seller_buyer_collusion
RETURN_005300,ORDER_038333,BUYER_03852,SELLER_00456,2025-12-17 00:00:00.000000,wrong_item_received,approved,True,seller_buyer_collusion
RETURN_005301,ORDER_044646,BUYER_04462,SELLER_00456,2025-12-19 00:00:00.000000,changed_mind,approved,True,seller_buyer_collusion
RETURN_005302,ORDER_006931,BUYER_00673,SELLER_00064,2025-10-20 10:23:41.762942,changed_mind,approved,True,seller_buyer_collusion
RETURN_005303,ORDER_032683,BUYER_03266,SELLER_00064,2025-10-21 10:23:41.762942,wrong_item_received,approved,True,seller_buyer_collusion
RETURN_005304,ORDER_012993,BUYER_01304,SELLER_00064,2025-10-20 10:23:41.762942,size_issue,approved,True,seller_buyer_collusion
RETURN_005305,ORDER_018330,BUYER_01850,SELLER_00196,2025-12-22 00:00:00.000000,defective,approved,True,seller_buyer_collusion
RETURN_005306,ORDER_023827,BUYER_02399,SELLER_00196,2025-12-31 00:00:00.000000,changed_mind,approved,True,seller_buyer_collusion
RETURN_005307,ORDER_049109,BUYER_04916,SELLER_00196,2025-12-28 00:00:00.000000,size_issue,approved,True,seller_buyer_collusion
RETURN_005308,ORDER_046771,BUYER_04672,SELLER_00196,2025-12-30 00:00:00.000000,changed_mind,approved,True,seller_buyer_collusion
RETURN_005309,ORDER_049561,BUYER_04954,SELLER_00196,2025-12-28 00:00:00.000000,changed_mind,approved,True,seller_buyer_collusion
RETURN_005310,ORDER_032652,BUYER_03263,SELLER_00266,2025-08-24 00:00:00.000000,defective,approved,True,seller_buyer_collusion
RETURN_005311,ORDER_029404,BUYER_02961,SELLER_00177,2025-12-22 00:00:00.000000,defective,approved,True,seller_buyer_collusion
RETURN_005312,ORDER_029349,BUYER_02958,SELLER_00177,2025-12-19 00:00:00.000000,wrong_item_received,approved,True,seller_buyer_collusion
RETURN_005313,ORDER_003645,BUYER_00344,SELLER_00146,2025-10-26 00:00:00.000000,defective,approved,True,seller_buyer_collusion
RETURN_005314,ORDER_022549,BUYER_02273,SELLER_00436,2025-11-25 00:00:00.000000,changed_mind,approved,True,seller_buyer_collusion
RETURN_005315,ORDER_008875,BUYER_00856,SELLER_00436,2025-11-24 00:00:00.000000,size_issue,approved,True,seller_buyer_collusion
RETURN_005316,ORDER_009910,BUYER_00968,SELLER_00436,2025-11-22 00:00:00.000000,defective,approved,True,seller_buyer_collusion
RETURN_005317,ORDER_042291,BUYER_04227,SELLER_00339,2025-11-05 02:51:34.620221,changed_mind,approved,True,seller_buyer_collusion
RETURN_005318,ORDER_022986,BUYER_02319,SELLER_00339,2025-11-06 02:51:34.620221,changed_mind,approved,True,seller_buyer_collusion
RETURN_005319,ORDER_001210,BUYER_00119,SELLER_00339,2025-11-09 02:51:34.620221,wrong_item_received,approved,True,seller_buyer_collusion
RETURN_005320,ORDER_033760,BUYER_03384,SELLER_00339,2025-11-06 02:51:34.620221,size_issue,approved,True,seller_buyer_collusion
RETURN_005321,ORDER_011728,BUYER_01173,SELLER_00025,2025-11-07 00:00:00.000000,wrong_item_received,approved,True,seller_buyer_collusion
RETURN_005322,ORDER_029842,BUYER_03008,SELLER_00025,2025-11-07 00:00:00.000000,size_issue,approved,True,seller_buyer_collusion
RETURN_005323,ORDER_046340,BUYER_04639,SELLER_00025,2025-11-08 00:00:00.000000,changed_mind,approved,True,seller_buyer_collusion
RETURN_005324,ORDER_003239,BUYER_00307,SELLER_00463,2025-11-28 15:34:00.996694,wrong_item_received,approved,True,seller_buyer_collusion
RETURN_005325,ORDER_037469,BUYER_03758,SELLER_00463,2025-11-30 15:34:00.996694,size_issue,approved,True,seller_buyer_collusion
RETURN_005326,ORDER_048470,BUYER_04845,SELLER_00463,2025-11-29 15:34:00.996694,defective,approved,True,seller_buyer_collusion
RETURN_005327,ORDER_009138,BUYER_00885,SELLER_00175,2025-12-15 00:00:00.000000,changed_mind,approved,True,seller_buyer_collusion
RETURN_005328,ORDER_000615,BUYER_00061,SELLER_00175,2025-12-17 00:00:00.000000,size_issue,approved,True,seller_buyer_collusion
RETURN_005329,ORDER_030826,BUYER_03096,SELLER_00175,2025-12-17 00:00:00.000000,changed_mind,approved,True,seller_buyer_collusion
RETURN_005330,ORDER_004069,BUYER_00390,SELLER_00302,2025-10-06 00:00:00.000000,defective,approved,True,seller_buyer_collusion
RETURN_005331,ORDER_017494,BUYER_01765,SELLER_00226,2025-12-22 00:00:00.000000,defective,approved,True,seller_buyer_collusion
RETURN_005332,ORDER_003754,BUYER_00358,SELLER_00226,2025-12-23 00:00:00.000000,changed_mind,approved,True,seller_buyer_collusion
RETURN_005333,ORDER_042117,BUYER_04218,SELLER_00226,2025-12-24 00:00:00.000000,defective,approved,True,seller_buyer_collusion
RETURN_005334,ORDER_018634,BUYER_01870,SELLER_00236,2025-10-06 02:30:25.432103,defective,approved,True,seller_buyer_collusion
RETURN_005335,ORDER_045351,BUYER_04536,SELLER_00236,2025-10-04 02:30:25.432103,changed_mind,approved,True,seller_buyer_collusion
RETURN_005336,ORDER_005013,BUYER_00488,SELLER_00236,2025-10-03 02:30:25.432103,defective,approved,True,seller_buyer_collusion
RETURN_005337,ORDER_013341,BUYER_01332,SELLER_00206,2025-11-08 00:00:00.000000,defective,approved,True,seller_buyer_collusion
RETURN_005338,ORDER_032793,BUYER_03278,SELLER_00206,2025-11-08 00:00:00.000000,wrong_item_received,approved,True,seller_buyer_collusion
RETURN_005339,ORDER_041188,BUYER_04130,SELLER_00206,2025-11-06 00:00:00.000000,defective,approved,True,seller_buyer_collusion
RETURN_005340,ORDER_039887,BUYER_04012,SELLER_00153,2025-12-27 00:00:00.000000,size_issue,approved,True,seller_buyer_collusion
RETURN_005341,ORDER_017210,BUYER_01732,SELLER_00153,2025-12-24 00:00:00.000000,size_issue,approved,True,seller_buyer_collusion
RETURN_005342,ORDER_004109,BUYER_00394,SELLER_00153,2025-12-25 00:00:00.000000,changed_mind,approved,True,seller_buyer_collusion
RETURN_005343,ORDER_023332,BUYER_02352,SELLER_00153,2025-12-23 00:00:00.000000,size_issue,approved,True,seller_buyer_collusion
RETURN_005344,ORDER_028944,BUYER_02925,SELLER_00215,2025-11-11 00:00:00.000000,size_issue,approved,True,seller_buyer_collusion
RETURN_005345,ORDER_049235,BUYER_04928,SELLER_00215,2025-11-13 00:00:00.000000,defective,approved,True,seller_buyer_collusion
RETURN_005346,ORDER_007736,BUYER_00756,SELLER_00222,2025-10-26 20:27:50.934715,defective,approved,True,seller_buyer_collusion
RETURN_005347,ORDER_017353,BUYER_01751,SELLER_00222,2025-10-22 20:27:50.934715,defective,approved,True,seller_buyer_collusion
RETURN_005348,ORDER_004012,BUYER_00386,SELLER_00287,2025-12-25 00:00:00.000000,defective,approved,True,seller_buyer_collusion
RETURN_005349,ORDER_045160,BUYER_04519,SELLER_00287,2025-12-18 00:00:00.000000,defective,approved,True,seller_buyer_collusion
RETURN_005350,ORDER_011223,BUYER_01108,SELLER_00118,2025-11-27 19:56:33.999861,defective,approved,True,seller_buyer_collusion
RETURN_005351,ORDER_028047,BUYER_02838,SELLER_00091,2025-11-19 00:00:00.000000,changed_mind,approved,True,seller_buyer_collusion
RETURN_005352,ORDER_032642,BUYER_03261,SELLER_00091,2025-11-19 00:00:00.000000,size_issue,approved,True,seller_buyer_collusion
RETURN_005353,ORDER_035339,BUYER_03548,SELLER_00412,2025-12-23 00:00:00.000000,size_issue,approved,True,seller_buyer_collusion
RETURN_005354,ORDER_034002,BUYER_03405,SELLER_00412,2025-12-23 00:00:00.000000,defective,approved,True,seller_buyer_collusion
RETURN_005355,ORDER_034080,BUYER_03415,SELLER_00412,2025-12-24 00:00:00.000000,defective,approved,True,seller_buyer_collusion
RETURN_005356,ORDER_012787,BUYER_01280,SELLER_00412,2025-12-22 00:00:00.000000,changed_mind,approved,True,seller_buyer_collusion
RETURN_005357,ORDER_004288,BUYER_00413,SELLER_00450,2025-12-08 00:00:00.000000,changed_mind,approved,True,seller_buyer_collusion
RETURN_005358,ORDER_002371,BUYER_00220,SELLER_00131,2025-12-21 00:00:00.000000,size_issue,approved,True,seller_buyer_collusion
RETURN_005359,ORDER_001968,BUYER_00180,SELLER_00131,2025-12-22 00:00:00.000000,changed_mind,approved,True,seller_buyer_collusion
RETURN_005360,ORDER_012241,BUYER_01233,SELLER_00128,2025-12-02 00:00:00.000000,changed_mind,approved,True,seller_buyer_collusion
RETURN_005361,ORDER_006080,BUYER_00593,SELLER_00128,2025-12-03 00:00:00.000000,changed_mind,approved,True,seller_buyer_collusion
RETURN_005362,ORDER_037903,BUYER_03807,SELLER_00128,2025-12-02 00:00:00.000000,size_issue,approved,True,seller_buyer_collusion
RETURN_005363,ORDER_007982,BUYER_00779,SELLER_00382,2025-12-24 00:00:00.000000,wrong_item_received,approved,True,seller_buyer_collusion
RETURN_005364,ORDER_004333,BUYER_00415,SELLER_00382,2025-12-21 00:00:00.000000,defective,approved,True,seller_buyer_collusion
RETURN_005365,ORDER_019388,BUYER_01941,SELLER_00382,2025-12-24 00:00:00.000000,wrong_item_received,approved,True,seller_buyer_collusion
RETURN_005366,ORDER_013485,BUYER_01344,SELLER_00102,2025-11-25 23:20:15.375233,changed_mind,approved,True,seller_buyer_collusion
RETURN_005367,ORDER_020452,BUYER_02052,SELLER_00102,2025-11-26 23:20:15.375233,defective,approved,True,seller_buyer_collusion
RETURN_005368,ORDER_006815,BUYER_00665,SELLER_00102,2025-11-28 23:20:15.375233,changed_mind,approved,True,seller_buyer_collusion
RETURN_005369,ORDER_014519,BUYER_01464,SELLER_00102,2025-11-24 23:20:15.375233,wrong_item_received,approved,True,seller_buyer_collusion
RETURN_005370,ORDER_027935,BUYER_02824,SELLER_00102,2025-11-24 23:20:15.375233,changed_mind,approved,True,seller_buyer_collusion
RETURN_005371,ORDER_030221,BUYER_03046,SELLER_00380,2025-12-15 00:00:00.000000,size_issue,approved,True,seller_buyer_collusion
RETURN_005372,ORDER_010682,BUYER_01045,SELLER_00380,2025-12-11 00:00:00.000000,changed_mind,approved,True,seller_buyer_collusion
RETURN_005373,ORDER_039817,BUYER_04007,SELLER_00380,2025-12-17 00:00:00.000000,defective,approved,True,seller_buyer_collusion
RETURN_005374,ORDER_000276,BUYER_00028,SELLER_00380,2025-12-14 00:00:00.000000,wrong_item_received,approved,True,seller_buyer_collusion
RETURN_005375,ORDER_013669,BUYER_01362,SELLER_00114,2025-12-14 00:00:00.000000,defective,approved,True,seller_buyer_collusion
RETURN_005376,ORDER_042332,BUYER_04232,SELLER_00114,2025-12-06 00:00:00.000000,defective,approved,True,seller_buyer_collusion
RETURN_005377,ORDER_039670,BUYER_03993,SELLER_00480,2025-10-19 00:00:00.000000,changed_mind,approved,True,seller_buyer_collusion
RETURN_005378,ORDER_009594,BUYER_00936,SELLER_00480,2025-10-19 00:00:00.000000,size_issue,approved,True,seller_buyer_collusion
RETURN_005379,ORDER_024932,BUYER_02516,SELLER_00480,2025-10-19 00:00:00.000000,defective,approved,True,seller_buyer_collusion
RETURN_005380,ORDER_031504,BUYER_03162,SELLER_00294,2025-11-15 00:00:00.000000,defective,approved,True,seller_buyer_collusion
RETURN_005381,ORDER_007460,BUYER_00724,SELLER_00294,2025-11-10 00:00:00.000000,changed_mind,approved,True,seller_buyer_collusion
RETURN_005382,ORDER_001700,BUYER_00155,SELLER_00294,2025-11-18 00:00:00.000000,wrong_item_received,approved,True,seller_buyer_collusion
RETURN_005383,ORDER_041468,BUYER_04158,SELLER_00294,2025-11-12 00:00:00.000000,size_issue,approved,True,seller_buyer_collusion
RETURN_005384,ORDER_043443,BUYER_04345,SELLER_00036,2025-12-11 00:00:00.000000,changed_mind,approved,True,seller_buyer_collusion
RETURN_005385,ORDER_030296,BUYER_03053,SELLER_00036,2025-12-08 00:00:00.000000,changed_mind,approved,True,seller_buyer_collusion
RETURN_005386,ORDER_022647,BUYER_02285,SELLER_00281,2025-12-25 00:00:00.000000,wrong_item_received,approved,True,seller_buyer_collusion
RETURN_005387,ORDER_034833,BUYER_03493,SELLER_00281,2025-12-25 00:00:00.000000,wrong_item_received,approved,True,seller_buyer_collusion
RETURN_005388,ORDER_029387,BUYER_02961,SELLER_00281,2025-12-22 00:00:00.000000,wrong_item_received,approved,True,seller_buyer_collusion
RETURN_005389,ORDER_020714,BUYER_02081,SELLER_00235,2025-12-08 00:00:00.000000,wrong_item_received,approved,True,seller_buyer_collusion
RETURN_005390,ORDER_006488,BUYER_00635,SELLER_00235,2025-12-09 00:00:00.000000,size_issue,approved,True,seller_buyer_collusion
RETURN_005391,ORDER_018576,BUYER_01864,SELLER_00235,2025-12-10 00:00:00.000000,defective,approved,True,seller_buyer_collusion
RETURN_005392,ORDER_020698,BUYER_02080,SELLER_00235,2025-12-07 00:00:00.000000,defective,approved,True,seller_buyer_collusion
RETURN_005393,ORDER_043948,BUYER_04398,SELLER_00235,2025-12-10 00:00:00.000000,wrong_item_received,approved,True,seller_buyer_collusion
RETURN_005394,ORDER_000606,BUYER_00060,SELLER_00484,2025-12-21 00:00:00.000000,size_issue,approved,True,seller_buyer_collusion
RETURN_005395,ORDER_022836,BUYER_02306,SELLER_00484,2025-12-21 00:00:00.000000,changed_mind,approved,True,seller_buyer_collusion
RETURN_005396,ORDER_028994,BUYER_02933,SELLER_00484,2025-12-14 00:00:00.000000,changed_mind,approved,True,seller_buyer_collusion
RETURN_005397,ORDER_032268,BUYER_03231,SELLER_00364,2025-12-13 01:48:33.037101,wrong_item_received,approved,True,seller_buyer_collusion
RETURN_005398,ORDER_045220,BUYER_04524,SELLER_00364,2025-12-11 01:48:33.037101,changed_mind,approved,True,seller_buyer_collusion
RETURN_005399,ORDER_009780,BUYER_00951,SELLER_00364,2025-12-12 01:48:33.037101,size_issue,approved,True,seller_buyer_collusion
RETURN_005400,ORDER_045688,BUYER_04569,SELLER_00026,2025-12-26 00:00:00.000000,changed_mind,approved,True,seller_buyer_collusion
RETURN_005401,ORDER_030499,BUYER_03073,SELLER_00026,2025-12-18 00:00:00.000000,size_issue,approved,True,seller_buyer_collusion
RETURN_005402,ORDER_017572,BUYER_01773,SELLER_00026,2025-12-20 00:00:00.000000,wrong_item_received,approved,True,seller_buyer_collusion
RETURN_005403,ORDER_025007,BUYER_02525,SELLER_00179,2025-12-20 00:00:00.000000,defective,approved,True,seller_buyer_collusion
RETURN_005404,ORDER_044121,BUYER_04417,SELLER_00210,2025-12-16 00:00:00.000000,size_issue,approved,True,seller_buyer_collusion
RETURN_005405,ORDER_049628,BUYER_04960,SELLER_00449,2025-12-31 00:00:00.000000,size_issue,approved,True,seller_buyer_collusion
RETURN_005406,ORDER_037105,BUYER_03720,SELLER_00449,2025-12-29 00:00:00.000000,changed_mind,approved,True,seller_buyer_collusion
RETURN_005407,ORDER_002756,BUYER_00259,SELLER_00437,2025-12-16 00:00:00.000000,changed_mind,approved,True,seller_buyer_collusion
RETURN_005408,ORDER_025773,BUYER_02607,SELLER_00437,2025-12-15 00:00:00.000000,size_issue,approved,True,seller_buyer_collusion
RETURN_005409,ORDER_047011,BUYER_04701,SELLER_00336,2025-10-26 00:00:00.000000,changed_mind,approved,True,seller_buyer_collusion
RETURN_005410,ORDER_015688,BUYER_01577,SELLER_00336,2025-10-21 00:00:00.000000,changed_mind,approved,True,seller_buyer_collusion
RETURN_005411,ORDER_020249,BUYER_02030,SELLER_00336,2025-10-23 00:00:00.000000,size_issue,approved,True,seller_buyer_collusion
RETURN_005412,ORDER_003931,BUYER_00378,SELLER_00336,2025-10-27 00:00:00.000000,size_issue,approved,True,seller_buyer_collusion
RETURN_005413,ORDER_023669,BUYER_02382,SELLER_00377,2025-12-24 00:00:00.000000,size_issue,approved,True,seller_buyer_collusion
RETURN_005414,ORDER_048611,BUYER_04861,SELLER_00377,2025-12-19 00:00:00.000000,defective,approved,True,seller_buyer_collusion
RETURN_005415,ORDER_013559,BUYER_01352,SELLER_00377,2025-12-24 00:00:00.000000,defective,approved,True,seller_buyer_collusion
RETURN_005416,ORDER_029967,BUYER_03021,SELLER_00112,2025-12-22 00:00:00.000000,changed_mind,approved,True,seller_buyer_collusion
RETURN_005417,ORDER_000109,BUYER_00010,SELLER_00112,2025-12-24 00:00:00.000000,changed_mind,approved,True,seller_buyer_collusion
RETURN_005418,ORDER_018432,BUYER_01856,SELLER_00253,2025-12-18 00:00:00.000000,size_issue,approved,True,seller_buyer_collusion
RETURN_005419,ORDER_028747,BUYER_02910,SELLER_00253,2025-12-17 00:00:00.000000,size_issue,approved,True,seller_buyer_collusion
RETURN_005420,ORDER_046663,BUYER_04666,SELLER_00253,2025-12-13 00:00:00.000000,changed_mind,approved,True,seller_buyer_collusion
RETURN_005421,ORDER_014634,BUYER_01478,SELLER_00253,2025-12-15 00:00:00.000000,wrong_item_received,approved,True,seller_buyer_collusion
RETURN_005422,ORDER_049442,BUYER_04945,SELLER_00253,2025-12-17 00:00:00.000000,defective,approved,True,seller_buyer_collusion
RETURN_005423,ORDER_020288,BUYER_02036,SELLER_00277,2025-12-29 00:00:00.000000,defective,approved,True,seller_buyer_collusion
RETURN_005424,ORDER_036097,BUYER_03617,SELLER_00277,2025-12-28 00:00:00.000000,defective,approved,True,seller_buyer_collusion
RETURN_005425,ORDER_037883,BUYER_03805,SELLER_00189,2025-12-18 00:00:00.000000,changed_mind,approved,True,seller_buyer_collusion
RETURN_005426,ORDER_023908,BUYER_02410,SELLER_00189,2025-12-19 00:00:00.000000,defective,approved,True,seller_buyer_collusion
RETURN_005427,ORDER_034230,BUYER_03431,SELLER_00189,2025-12-18 00:00:00.000000,wrong_item_received,approved,True,seller_buyer_collusion
RETURN_005428,ORDER_047457,BUYER_04738,SELLER_00451,2025-12-23 00:00:00.000000,defective,approved,True,seller_buyer_collusion
RETURN_005429,ORDER_008441,BUYER_00816,SELLER_00451,2025-12-29 00:00:00.000000,changed_mind,approved,True,seller_buyer_collusion
RETURN_005430,ORDER_025894,BUYER_02623,SELLER_00047,2025-12-25 00:00:00.000000,defective,approved,True,seller_buyer_collusion
RETURN_005431,ORDER_034618,BUYER_03474,SELLER_00047,2025-12-23 00:00:00.000000,changed_mind,approved,True,seller_buyer_collusion
RETURN_005432,ORDER_041873,BUYER_04193,SELLER_00165,2025-12-14 00:00:00.000000,changed_mind,approved,True,seller_buyer_collusion
RETURN_005433,ORDER_039785,BUYER_04004,SELLER_00165,2025-12-16 00:00:00.000000,changed_mind,approved,True,seller_buyer_collusion
RETURN_005434,ORDER_014112,BUYER_01414,SELLER_00165,2025-12-14 00:00:00.000000,defective,approved,True,seller_buyer_collusion
RETURN_005435,ORDER_014252,BUYER_01432,SELLER_00497,2025-12-17 00:00:00.000000,changed_mind,approved,True,seller_buyer_collusion
RETURN_005436,ORDER_016005,BUYER_01612,SELLER_00497,2025-12-15 00:00:00.000000,size_issue,approved,True,seller_buyer_collusion
RETURN_005437,ORDER_036277,BUYER_03635,SELLER_00497,2025-12-15 00:00:00.000000,changed_mind,approved,True,seller_buyer_collusion
RETURN_005438,ORDER_022619,BUYER_02281,SELLER_00360,2025-12-14 00:00:00.000000,size_issue,approved,True,seller_buyer_collusion
RETURN_005439,ORDER_001808,BUYER_00169,SELLER_00360,2025-12-20 00:00:00.000000,wrong_item_received,approved,True,seller_buyer_collusion
RETURN_005440,ORDER_036525,BUYER_03659,SELLER_00360,2025-12-15 00:00:00.000000,changed_mind,approved,True,seller_buyer_collusion
RETURN_005441,ORDER_036117,BUYER_03618,SELLER_00360,2025-12-15 00:00:00.000000,defective,approved,True,seller_buyer_collusion
RETURN_005442,ORDER_048098,BUYER_04811,SELLER_00111,2025-12-19 00:00:00.000000,defective,approved,True,seller_buyer_collusion
RETURN_005443,ORDER_002153,BUYER_00200,SELLER_00111,2025-12-15 00:00:00.000000,size_issue,approved,True,seller_buyer_collusion
RETURN_005444,ORDER_021212,BUYER_02138,SELLER_00142,2025-11-02 00:00:00.000000,changed_mind,approved,True,seller_buyer_collusion
RETURN_005445,ORDER_033131,BUYER_03316,SELLER_00142,2025-11-02 00:00:00.000000,wrong_item_received,approved,True,seller_buyer_collusion
RETURN_005446,ORDER_031897,BUYER_03201,SELLER_00142,2025-11-05 00:00:00.000000,defective,approved,True,seller_buyer_collusion
RETURN_005447,ORDER_035610,BUYER_03569,SELLER_00308,2025-09-14 00:00:00.000000,defective,approved,True,seller_buyer_collusion
RETURN_005448,ORDER_033098,BUYER_03314,SELLER_00308,2025-09-14 00:00:00.000000,defective,approved,True,seller_buyer_collusion
RETURN_005449,ORDER_022403,BUYER_02262,SELLER_00011,2025-11-24 00:00:00.000000,wrong_item_received,approved,True,seller_buyer_collusion
RETURN_005450,ORDER_041575,BUYER_04166,SELLER_00011,2025-11-21 00:00:00.000000,defective,approved,True,seller_buyer_collusion
RETURN_005451,ORDER_015422,BUYER_01547,SELLER_00011,2025-11-22 00:00:00.000000,wrong_item_received,approved,True,seller_buyer_collusion
RETURN_005452,ORDER_029917,BUYER_03017,SELLER_00230,2025-10-22 00:00:00.000000,size_issue,approved,True,seller_buyer_collusion
RETURN_005453,ORDER_039429,BUYER_03969,SELLER_00230,2025-10-25 00:00:00.000000,changed_mind,approved,True,seller_buyer_collusion
RETURN_005454,ORDER_026631,BUYER_02711,SELLER_00262,2025-12-23 00:00:00.000000,wrong_item_received,approved,True,seller_buyer_collusion
RETURN_005455,ORDER_014459,BUYER_01457,SELLER_00262,2025-12-27 00:00:00.000000,wrong_item_received,approved,True,seller_buyer_collusion
RETURN_005456,ORDER_047616,BUYER_04751,SELLER_00262,2025-12-25 00:00:00.000000,changed_mind,approved,True,seller_buyer_collusion
RETURN_005457,ORDER_048297,BUYER_04831,SELLER_00349,2025-12-20 03:06:26.362364,defective,approved,True,seller_buyer_collusion
RETURN_005458,ORDER_004779,BUYER_00458,SELLER_00349,2025-12-19 03:06:26.362364,changed_mind,approved,True,seller_buyer_collusion
RETURN_005459,ORDER_001514,BUYER_00140,SELLER_00312,2025-12-25 00:00:00.000000,defective,approved,True,seller_buyer_collusion
RETURN_005460,ORDER_009148,BUYER_00885,SELLER_00312,2025-12-28 00:00:00.000000,wrong_item_received,approved,True,seller_buyer_collusion
RETURN_005461,ORDER_011822,BUYER_01179,SELLER_00312,2025-12-26 00:00:00.000000,defective,approved,True,seller_buyer_collusion
RETURN_005462,ORDER_041078,BUYER_04123,SELLER_00176,2025-12-08 13:08:12.310412,defective,approved,True,seller_buyer_collusion
RETURN_005463,ORDER_038713,BUYER_03888,SELLER_00176,2025-12-09 13:08:12.310412,changed_mind,approved,True,seller_buyer_collusion
RETURN_005464,ORDER_011545,BUYER_01149,SELLER_00176,2025-12-14 13:08:12.310412,defective,approved,True,seller_buyer_collusion
RETURN_005465,ORDER_030516,BUYER_03075,SELLER_00122,2025-12-20 00:00:00.000000,size_issue,approved,True,seller_buyer_collusion
RETURN_005466,ORDER_035767,BUYER_03588,SELLER_00122,2025-12-21 00:00:00.000000,changed_mind,approved,True,seller_buyer_collusion
RETURN_005467,ORDER_014084,BUYER_01412,SELLER_00122,2025-12-18 00:00:00.000000,changed_mind,approved,True,seller_buyer_collusion
RETURN_005468,ORDER_021334,BUYER_02146,SELLER_00122,2025-12-20 00:00:00.000000,defective,approved,True,seller_buyer_collusion
RETURN_005469,ORDER_049864,BUYER_04982,SELLER_00127,2025-10-21 00:00:00.000000,defective,approved,True,seller_buyer_collusion
RETURN_005470,ORDER_018590,BUYER_01865,SELLER_00127,2025-10-19 00:00:00.000000,changed_mind,approved,True,seller_buyer_collusion
RETURN_005471,ORDER_044402,BUYER_04444,SELLER_00127,2025-10-24 00:00:00.000000,defective,approved,True,seller_buyer_collusion
RETURN_005472,ORDER_002235,BUYER_00209,SELLER_00171,2025-12-27 22:07:22.042016,defective,approved,True,seller_buyer_collusion
RETURN_005473,ORDER_030932,BUYER_03105,SELLER_00171,2025-12-28 22:07:22.042016,changed_mind,approved,True,seller_buyer_collusion
RETURN_005474,ORDER_020450,BUYER_02052,SELLER_00171,2025-12-25 22:07:22.042016,defective,approved,True,seller_buyer_collusion
RETURN_005475,ORDER_013155,BUYER_01321,SELLER_00171,2025-12-22 22:07:22.042016,size_issue,approved,True,seller_buyer_collusion
RETURN_005476,ORDER_025614,BUYER_02590,SELLER_00171,2025-12-25 22:07:22.042016,size_issue,approved,True,seller_buyer_collusion
RETURN_005477,ORDER_025564,BUYER_02586,SELLER_00241,2025-11-29 00:00:00.000000,defective,approved,True,seller_buyer_collusion
RETURN_005478,ORDER_044598,BUYER_04457,SELLER_00241,2025-12-02 00:00:00.000000,size_issue,approved,True,seller_buyer_collusion
RETURN_005479,ORDER_045821,BUYER_04583,SELLER_00241,2025-11-27 00:00:00.000000,defective,approved,True,seller_buyer_collusion
RETURN_005480,ORDER_035612,BUYER_03569,SELLER_00241,2025-11-28 00:00:00.000000,changed_mind,approved,True,seller_buyer_collusion
RETURN_005481,ORDER_023970,BUYER_02421,SELLER_00476,2025-12-02 04:15:02.426289,changed_mind,approved,True,seller_buyer_collusion
RETURN_005482,ORDER_040617,BUYER_04083,SELLER_00476,2025-12-03 04:15:02.426289,wrong_item_received,approved,True,seller_buyer_collusion
RETURN_005483,ORDER_000069,BUYER_00004,SELLER_00305,2025-12-18 00:00:00.000000,changed_mind,approved,True,seller_buyer_collusion
RETURN_005484,ORDER_024385,BUYER_02457,SELLER_00305,2025-12-19 00:00:00.000000,defective,approved,True,seller_buyer_collusion
RETURN_005485,ORDER_045961,BUYER_04597,SELLER_00350,2025-12-21 00:00:00.000000,changed_mind,approved,True,seller_buyer_collusion
RETURN_005486,ORDER_000354,BUYER_00035,SELLER_00350,2025-12-25 00:00:00.000000,changed_mind,approved,True,seller_buyer_collusion
RETURN_005487,ORDER_013606,BUYER_01356,SELLER_00350,2025-12-31 00:00:00.000000,defective,approved,True,seller_buyer_collusion
RETURN_005488,ORDER_007292,BUYER_00709,SELLER_00350,2025-12-27 00:00:00.000000,wrong_item_received,approved,True,seller_buyer_collusion
RETURN_005489,ORDER_041561,BUYER_04166,SELLER_00113,2025-04-09 00:00:00.000000,wrong_item_received,approved,True,seller_buyer_collusion
RETURN_005490,ORDER_027287,BUYER_02769,SELLER_00113,2025-04-09 00:00:00.000000,size_issue,approved,True,seller_buyer_collusion
RETURN_005491,ORDER_003424,BUYER_00330,SELLER_00113,2025-04-08 00:00:00.000000,defective,approved,True,seller_buyer_collusion
RETURN_005492,ORDER_043944,BUYER_04397,SELLER_00000,2025-12-23 00:00:00.000000,defective,approved,True,seller_buyer_collusion
RETURN_005493,ORDER_029699,BUYER_02994,SELLER_00000,2025-12-24 00:00:00.000000,changed_mind,approved,True,seller_buyer_collusion
RETURN_005494,ORDER_010749,BUYER_01052,SELLER_00000,2025-12-25 00:00:00.000000,defective,approved,True,seller_buyer_collusion
RETURN_005495,ORDER_046176,BUYER_04615,SELLER_00356,2025-12-13 00:00:00.000000,wrong_item_received,approved,True,seller_buyer_collusion
RETURN_005496,ORDER_013480,BUYER_01344,SELLER_00356,2025-12-20 00:00:00.000000,size_issue,approved,True,seller_buyer_collusion
RETURN_005497,ORDER_020822,BUYER_02092,SELLER_00117,2025-10-06 00:00:00.000000,defective,approved,True,seller_buyer_collusion
RETURN_005498,ORDER_026258,BUYER_02669,SELLER_00117,2025-10-06 00:00:00.000000,size_issue,approved,True,seller_buyer_collusion
RETURN_005499,ORDER_017840,BUYER_01804,SELLER_00117,2025-10-01 00:00:00.000000,size_issue,approved,True,seller_buyer_collusion
RETURN_005500,ORDER_011187,BUYER_01104,SELLER_00134,2025-12-18 00:00:00.000000,wrong_item_received,approved,True,seller_buyer_collusion
RETURN_005501,ORDER_046222,BUYER_04622,SELLER_00134,2025-12-20 00:00:00.000000,changed_mind,approved,True,seller_buyer_collusion
RETURN_005502,ORDER_024662,BUYER_02489,SELLER_00134,2025-12-17 00:00:00.000000,defective,approved,True,seller_buyer_collusion
RETURN_005503,ORDER_019648,BUYER_01973,SELLER_00134,2025-12-19 00:00:00.000000,size_issue,approved,True,seller_buyer_collusion
RETURN_005504,ORDER_019652,BUYER_01973,SELLER_00033,2025-12-20 00:00:00.000000,size_issue,approved,True,seller_buyer_collusion
RETURN_005505,ORDER_022618,BUYER_02281,SELLER_00033,2025-12-12 00:00:00.000000,defective,approved,True,seller_buyer_collusion
RETURN_005506,ORDER_032107,BUYER_03221,SELLER_00033,2025-12-19 00:00:00.000000,size_issue,approved,True,seller_buyer_collusion
RETURN_005507,ORDER_017563,BUYER_01773,SELLER_00070,2025-11-12 00:00:00.000000,defective,approved,True,seller_buyer_collusion
RETURN_005508,ORDER_020966,BUYER_02111,SELLER_00070,2025-11-19 00:00:00.000000,changed_mind,approved,True,seller_buyer_collusion
RETURN_005509,ORDER_024231,BUYER_02446,SELLER_00070,2025-11-19 00:00:00.000000,changed_mind,approved,True,seller_buyer_collusion
RETURN_005510,ORDER_029724,BUYER_02997,SELLER_00070,2025-11-19 00:00:00.000000,changed_mind,approved,True,seller_buyer_collusion
RETURN_005511,ORDER_033860,BUYER_03397,SELLER_00352,2025-10-28 00:00:00.000000,defective,approved,True,seller_buyer_collusion
RETURN_005512,ORDER_002310,BUYER_00215,SELLER_00352,2025-10-27 00:00:00.000000,changed_mind,approved,True,seller_buyer_collusion
RETURN_005513,ORDER_049274,BUYER_04931,SELLER_00352,2025-10-30 00:00:00.000000,size_issue,approved,True,seller_buyer_collusion
RETURN_005514,ORDER_008074,BUYER_00787,SELLER_00280,2025-12-17 00:00:00.000000,defective,approved,True,seller_buyer_collusion
RETURN_005515,ORDER_040728,BUYER_04093,SELLER_00220,2025-11-18 00:00:00.000000,defective,approved,True,seller_buyer_collusion
RETURN_005516,ORDER_037940,BUYER_03811,SELLER_00220,2025-11-16 00:00:00.000000,defective,approved,True,seller_buyer_collusion
RETURN_005517,ORDER_006384,BUYER_00625,SELLER_00220,2025-11-19 00:00:00.000000,wrong_item_received,approved,True,seller_buyer_collusion
RETURN_005518,ORDER_036031,BUYER_03610,SELLER_00466,2025-12-18 00:00:00.000000,size_issue,approved,True,seller_buyer_collusion
RETURN_005519,ORDER_032024,BUYER_03218,SELLER_00466,2025-12-16 00:00:00.000000,defective,approved,True,seller_buyer_collusion
RETURN_005520,ORDER_030304,BUYER_03055,SELLER_00441,2025-10-08 00:00:00.000000,size_issue,approved,True,seller_buyer_collusion
RETURN_005521,ORDER_047720,BUYER_04767,SELLER_00441,2025-10-04 00:00:00.000000,defective,approved,True,seller_buyer_collusion
RETURN_005522,ORDER_027584,BUYER_02785,SELLER_00441,2025-10-11 00:00:00.000000,changed_mind,approved,True,seller_buyer_collusion
RETURN_005523,ORDER_024580,BUYER_02477,SELLER_00441,2025-10-06 00:00:00.000000,changed_mind,approved,True,seller_buyer_collusion
RETURN_005524,ORDER_033632,BUYER_03373,SELLER_00441,2025-10-08 00:00:00.000000,wrong_item_received,approved,True,seller_buyer_collusion
RETURN_005525,ORDER_020388,BUYER_02045,SELLER_00261,2025-12-29 00:00:00.000000,changed_mind,approved,True,seller_buyer_collusion
RETURN_005526,ORDER_012175,BUYER_01226,SELLER_00261,2025-12-30 00:00:00.000000,defective,approved,True,seller_buyer_collusion
RETURN_005527,ORDER_033083,BUYER_03312,SELLER_00261,2025-12-25 00:00:00.000000,defective,approved,True,seller_buyer_collusion
RETURN_005528,ORDER_007118,BUYER_00691,SELLER_00261,2025-12-31 00:00:00.000000,wrong_item_received,approved,True,seller_buyer_collusion
RETURN_005529,ORDER_006120,BUYER_00598,SELLER_00357,2025-12-14 00:00:00.000000,defective,approved,True,seller_buyer_collusion
RETURN_005530,ORDER_049463,BUYER_04946,SELLER_00357,2025-12-13 00:00:00.000000,changed_mind,approved,True,seller_buyer_collusion
RETURN_005531,ORDER_017327,BUYER_01747,SELLER_00471,2025-12-31 00:00:00.000000,changed_mind,approved,True,seller_buyer_collusion
RETURN_005532,ORDER_031619,BUYER_03176,SELLER_00313,2025-12-24 00:00:00.000000,changed_mind,approved,True,seller_buyer_collusion
RETURN_005533,ORDER_038404,BUYER_03859,SELLER_00313,2025-12-25 00:00:00.000000,size_issue,approved,True,seller_buyer_collusion
RETURN_005534,ORDER_019650,BUYER_01973,SELLER_00313,2025-12-21 00:00:00.000000,size_issue,approved,True,seller_buyer_collusion
RETURN_005535,ORDER_046827,BUYER_04678,SELLER_00115,2025-09-04 00:00:00.000000,defective,approved,True,seller_buyer_collusion
RETURN_005536,ORDER_002719,BUYER_00256,SELLER_00021,2025-12-22 00:00:00.000000,size_issue,approved,True,seller_buyer_collusion
