address_id,pincode_region,first_seen_date
ADDR_000000,REGION_18,2025-10-17
ADDR_000001,REGION_07,2025-06-23
ADDR_000002,REGION_09,2025-11-14
ADDR_000003,REGION_23,2025-09-21
ADDR_000004,REGION_19,2025-02-13
ADDR_000005,REGION_08,2025-12-23
ADDR_000006,REGION_27,2025-10-12
ADDR_000007,REGION_30,2025-10-21
ADDR_000008,REGION_19,2025-02-27
ADDR_000009,REGION_07,2025-06-27
ADDR_000010,REGION_29,2025-05-30
ADDR_000011,REGION_08,2025-12-06
ADDR_000012,REGION_13,2025-09-02
ADDR_000013,REGION_26,2025-11-02
ADDR_000014,REGION_16,2025-06-25
ADDR_000015,REGION_08,2025-04-06
ADDR_000016,REGION_03,2025-08-03
ADDR_000017,REGION_11,2025-01-31
ADDR_000018,REGION_21,2025-11-04
ADDR_000019,REGION_22,2025-08-29
ADDR_000020,REGION_07,2025-10-11
ADDR_000021,REGION_05,2025-05-24
ADDR_000022,REGION_22,2025-12-21
ADDR_000023,REGION_05,2025-11-25
ADDR_000024,REGION_02,2025-10-18
ADDR_000025,REGION_15,2025-03-25
ADDR_000026,REGION_18,2025-07-03
ADDR_000027,REGION_08,2025-01-22
ADDR_000028,REGION_07,2025-03-09
ADDR_000029,REGION_08,2025-09-16
ADDR_000030,REGION_11,2025-10-07
ADDR_000031,REGION_01,2025-12-20
ADDR_000032,REGION_01,2025-05-13
ADDR_000033,REGION_12,2025-05-29
ADDR_000034,REGION_01,2025-07-04
ADDR_000035,REGION_10,2025-03-23
ADDR_000036,REGION_18,2025-02-27
ADDR_000037,REGION_01,2025-07-06
ADDR_000038,REGION_19,2025-04-06
ADDR_000039,REGION_19,2025-09-11
ADDR_000040,REGION_18,2025-06-22
ADDR_000041,REGION_19,2025-11-05
ADDR_000042,REGION_25,2025-09-22
ADDR_000043,REGION_03,2025-05-08
ADDR_000044,REGION_06,2025-11-05
ADDR_000045,REGION_10,2025-10-27
ADDR_000046,REGION_21,2025-06-05
ADDR_000047,REGION_27,2025-04-29
ADDR_000048,REGION_28,2025-09-16
ADDR_000049,REGION_18,2025-03-03
ADDR_000050,REGION_13,2025-03-27
ADDR_000051,REGION_13,2025-01-05
ADDR_000052,REGION_02,2025-10-21
ADDR_000053,REGION_14,2025-09-10
ADDR_000054,REGION_16,2025-09-23
ADDR_000055,REGION_07,2025-10-19
ADDR_000056,REGION_24,2025-06-30
ADDR_000057,REGION_25,2025-08-08
ADDR_000058,REGION_10,2025-03-03
ADDR_000059,REGION_28,2025-02-21
ADDR_000060,REGION_04,2025-09-11
ADDR_000061,REGION_28,2025-07-04
ADDR_000062,REGION_24,2025-08-06
ADDR_000063,REGION_07,2025-10-14
ADDR_000064,REGION_20,2025-08-30
ADDR_000065,REGION_10,2025-08-02
ADDR_000066,REGION_24,2025-08-04
ADDR_000067,REGION_05,2025-05-05
ADDR_000068,REGION_08,2025-01-16
ADDR_000069,REGION_10,2025-06-22
ADDR_000070,REGION_06,2025-04-02
ADDR_000071,REGION_10,2025-06-12
ADDR_000072,REGION_19,2025-11-12
ADDR_000073,REGION_19,2025-04-09
ADDR_000074,REGION_17,2025-01-29
ADDR_000075,REGION_06,2025-04-27
ADDR_000076,REGION_07,2025-05-01
ADDR_000077,REGION_28,2025-09-09
ADDR_000078,REGION_08,2025-08-03
ADDR_000079,REGION_04,2025-10-20
ADDR_000080,REGION_14,2025-09-09
ADDR_000081,REGION_01,2025-06-11
ADDR_000082,REGION_11,2025-10-30
ADDR_000083,REGION_26,2025-03-14
ADDR_000084,REGION_09,2025-01-13
ADDR_000085,REGION_22,2025-02-11
ADDR_000086,REGION_15,2025-09-29
ADDR_000087,REGION_11,2025-07-01
ADDR_000088,REGION_20,2025-03-12
ADDR_000089,REGION_18,2025-07-15
ADDR_000090,REGION_10,2025-03-08
ADDR_000091,REGION_07,2025-09-20
ADDR_000092,REGION_28,2025-06-26
ADDR_000093,REGION_06,2025-06-02
ADDR_000094,REGION_29,2025-05-04
ADDR_000095,REGION_15,2025-08-29
ADDR_000096,REGION_30,2025-05-26
ADDR_000097,REGION_11,2025-02-10
ADDR_000098,REGION_17,2025-02-23
ADDR_000099,REGION_19,2025-12-18
ADDR_000100,REGION_11,2025-11-30
ADDR_000101,REGION_07,2025-09-21
ADDR_000102,REGION_16,2025-04-21
ADDR_000103,REGION_20,2025-12-20
ADDR_000104,REGION_08,2025-10-18
ADDR_000105,REGION_24,2025-09-27
ADDR_000106,REGION_20,2025-06-27
ADDR_000107,REGION_05,2025-04-23
ADDR_000108,REGION_29,2025-02-14
ADDR_000109,REGION_02,2025-11-28
ADDR_000110,REGION_20,2025-06-29
ADDR_000111,REGION_14,2025-03-28
ADDR_000112,REGION_20,2025-05-06
ADDR_000113,REGION_24,2025-08-11
ADDR_000114,REGION_21,2025-03-18
ADDR_000115,REGION_20,2025-11-13
ADDR_000116,REGION_26,2025-10-11
ADDR_000117,REGION_22,2025-09-28
ADDR_000118,REGION_25,2025-06-21
ADDR_000119,REGION_13,2025-08-28
ADDR_000120,REGION_07,2025-08-13
ADDR_000121,REGION_08,2025-09-04
ADDR_000122,REGION_19,2025-02-09
ADDR_000123,REGION_16,2025-06-15
ADDR_000124,REGION_03,2025-01-21
ADDR_000125,REGION_07,2025-07-12
ADDR_000126,REGION_30,2025-05-15
ADDR_000127,REGION_22,2025-03-05
ADDR_000128,REGION_23,2025-02-17
ADDR_000129,REGION_06,2025-08-14
ADDR_000130,REGION_02,2025-03-16
ADDR_000131,REGION_09,2025-12-06
ADDR_000132,REGION_26,2025-08-12
ADDR_000133,REGION_16,2025-05-21
ADDR_000134,REGION_24,2025-08-15
ADDR_000135,REGION_15,2025-01-13
ADDR_000136,REGION_15,2025-12-17
ADDR_000137,REGION_19,2025-07-08
ADDR_000138,REGION_29,2025-10-19
ADDR_000139,REGION_14,2025-02-08
ADDR_000140,REGION_18,2025-07-10
ADDR_000141,REGION_28,2025-07-11
ADDR_000142,REGION_12,2025-12-10
ADDR_000143,REGION_26,2025-08-09
ADDR_000144,REGION_17,2025-07-05
ADDR_000145,REGION_27,2025-04-21
ADDR_000146,REGION_15,2025-05-15
ADDR_000147,REGION_19,2025-07-22
ADDR_000148,REGION_10,2025-06-23
ADDR_000149,REGION_20,2025-01-12
ADDR_000150,REGION_10,2025-11-03
ADDR_000151,REGION_19,2025-11-26
ADDR_000152,REGION_24,2025-03-04
ADDR_000153,REGION_14,2025-08-02
ADDR_000154,REGION_13,2025-02-19
ADDR_000155,REGION_10,2025-09-12
ADDR_000156,REGION_22,2025-04-27
ADDR_000157,REGION_18,2025-09-08
ADDR_000158,REGION_16,2025-10-01
ADDR_000159,REGION_01,2025-10-15
ADDR_000160,REGION_04,2025-02-19
ADDR_000161,REGION_01,2025-12-03
ADDR_000162,REGION_26,2025-04-08
ADDR_000163,REGION_26,2025-01-19
ADDR_000164,REGION_03,2025-08-03
ADDR_000165,REGION_02,2025-05-30
ADDR_000166,REGION_24,2025-11-04
ADDR_000167,REGION_16,2025-10-28
ADDR_000168,REGION_10,2025-05-10
ADDR_000169,REGION_19,2025-12-15
ADDR_000170,REGION_08,2025-04-30
ADDR_000171,REGION_06,2025-07-20
ADDR_000172,REGION_12,2025-04-17
ADDR_000173,REGION_27,2025-12-09
ADDR_000174,REGION_24,2025-03-13
ADDR_000175,REGION_06,2025-01-23
ADDR_000176,REGION_17,2025-06-22
ADDR_000177,REGION_27,2025-12-28
ADDR_000178,REGION_29,2025-11-25
ADDR_000179,REGION_23,2025-10-08
ADDR_000180,REGION_04,2025-11-25
ADDR_000181,REGION_08,2025-11-25
ADDR_000182,REGION_07,2025-07-21
ADDR_000183,REGION_05,2025-05-10
ADDR_000184,REGION_06,2025-10-16
ADDR_000185,REGION_10,2025-09-08
ADDR_000186,REGION_17,2025-05-31
ADDR_000187,REGION_12,2025-02-13
ADDR_000188,REGION_13,2025-10-07
ADDR_000189,REGION_08,2025-04-20
ADDR_000190,REGION_05,2025-12-10
ADDR_000191,REGION_30,2025-04-12
ADDR_000192,REGION_18,2025-02-25
ADDR_000193,REGION_07,2025-11-05
ADDR_000194,REGION_25,2025-03-09
ADDR_000195,REGION_25,2025-03-19
ADDR_000196,REGION_30,2025-08-18
ADDR_000197,REGION_05,2025-11-19
ADDR_000198,REGION_20,2025-03-26
ADDR_000199,REGION_30,2025-05-07
ADDR_000200,REGION_25,2025-10-18
ADDR_000201,REGION_07,2025-12-21
ADDR_000202,REGION_27,2025-07-15
ADDR_000203,REGION_13,2025-03-05
ADDR_000204,REGION_15,2025-01-08
ADDR_000205,REGION_17,2025-04-07
ADDR_000206,REGION_24,2025-02-28
ADDR_000207,REGION_04,2025-09-14
ADDR_000208,REGION_17,2025-02-24
ADDR_000209,REGION_25,2025-07-17
ADDR_000210,REGION_17,2025-09-20
ADDR_000211,REGION_09,2025-08-12
ADDR_000212,REGION_02,2025-03-27
ADDR_000213,REGION_17,2025-10-27
ADDR_000214,REGION_22,2025-09-27
ADDR_000215,REGION_17,2025-10-05
ADDR_000216,REGION_30,2025-02-28
ADDR_000217,REGION_19,2025-02-25
ADDR_000218,REGION_16,2025-12-07
ADDR_000219,REGION_02,2025-06-08
ADDR_000220,REGION_17,2025-05-04
ADDR_000221,REGION_06,2025-07-11
ADDR_000222,REGION_22,2025-09-09
ADDR_000223,REGION_05,2025-12-16
ADDR_000224,REGION_28,2025-04-29
ADDR_000225,REGION_10,2025-12-06
ADDR_000226,REGION_14,2025-01-14
ADDR_000227,REGION_05,2025-08-03
ADDR_000228,REGION_07,2025-08-30
ADDR_000229,REGION_28,2025-02-18
ADDR_000230,REGION_09,2025-03-04
ADDR_000231,REGION_16,2025-06-16
ADDR_000232,REGION_30,2025-12-19
ADDR_000233,REGION_19,2025-08-17
ADDR_000234,REGION_02,2025-12-08
ADDR_000235,REGION_11,2025-10-27
ADDR_000236,REGION_12,2025-07-03
ADDR_000237,REGION_09,2025-10-20
ADDR_000238,REGION_08,2025-01-10
ADDR_000239,REGION_16,2025-02-19
ADDR_000240,REGION_12,2025-11-04
ADDR_000241,REGION_09,2025-10-24
ADDR_000242,REGION_13,2025-04-08
ADDR_000243,REGION_11,2025-07-25
ADDR_000244,REGION_07,2025-08-20
ADDR_000245,REGION_14,2025-11-17
ADDR_000246,REGION_29,2025-08-19
ADDR_000247,REGION_16,2025-06-14
ADDR_000248,REGION_18,2025-05-31
ADDR_000249,REGION_30,2025-06-18
ADDR_000250,REGION_19,2025-09-05
ADDR_000251,REGION_07,2025-11-17
ADDR_000252,REGION_12,2025-06-28
ADDR_000253,REGION_15,2025-04-14
ADDR_000254,REGION_15,2025-04-10
ADDR_000255,REGION_05,2025-10-07
ADDR_000256,REGION_04,2025-10-31
ADDR_000257,REGION_11,2025-02-17
ADDR_000258,REGION_28,2025-02-01
ADDR_000259,REGION_22,2025-08-16
ADDR_000260,REGION_26,2025-03-06
ADDR_000261,REGION_06,2025-11-03
ADDR_000262,REGION_13,2025-05-07
ADDR_000263,REGION_18,2025-03-05
ADDR_000264,REGION_14,2025-12-05
ADDR_000265,REGION_13,2025-03-14
ADDR_000266,REGION_11,2025-04-28
ADDR_000267,REGION_02,2025-03-09
ADDR_000268,REGION_26,2025-02-22
ADDR_000269,REGION_28,2025-01-12
ADDR_000270,REGION_03,2025-01-27
ADDR_000271,REGION_13,2025-03-17
ADDR_000272,REGION_16,2025-01-27
ADDR_000273,REGION_24,2025-08-15
ADDR_000274,REGION_30,2025-09-15
ADDR_000275,REGION_13,2025-06-07
ADDR_000276,REGION_23,2025-05-10
ADDR_000277,REGION_29,2025-07-16
ADDR_000278,REGION_25,2025-11-19
ADDR_000279,REGION_09,2025-11-11
ADDR_000280,REGION_25,2025-01-22
ADDR_000281,REGION_13,2025-03-20
ADDR_000282,REGION_01,2025-04-10
ADDR_000283,REGION_23,2025-04-15
ADDR_000284,REGION_26,2025-08-08
ADDR_000285,REGION_11,2025-06-15
ADDR_000286,REGION_14,2025-01-25
ADDR_000287,REGION_11,2025-05-31
ADDR_000288,REGION_04,2025-07-23
ADDR_000289,REGION_30,2025-02-16
ADDR_000290,REGION_01,2025-11-05
ADDR_000291,REGION_17,2025-01-26
ADDR_000292,REGION_01,2025-12-06
ADDR_000293,REGION_21,2025-02-15
ADDR_000294,REGION_28,2025-11-09
ADDR_000295,REGION_20,2025-11-28
ADDR_000296,REGION_19,2025-12-24
ADDR_000297,REGION_25,2025-10-26
ADDR_000298,REGION_30,2025-10-18
ADDR_000299,REGION_26,2025-09-02
ADDR_000300,REGION_07,2025-10-18
ADDR_000301,REGION_17,2025-03-01
ADDR_000302,REGION_25,2025-07-27
ADDR_000303,REGION_09,2025-07-20
ADDR_000304,REGION_21,2025-11-13
ADDR_000305,REGION_01,2025-07-01
ADDR_000306,REGION_27,2025-06-04
ADDR_000307,REGION_19,2025-09-01
ADDR_000308,REGION_23,2025-04-21
ADDR_000309,REGION_25,2025-03-03
ADDR_000310,REGION_07,2025-07-07
ADDR_000311,REGION_14,2025-06-15
ADDR_000312,REGION_26,2025-04-08
ADDR_000313,REGION_05,2025-05-28
ADDR_000314,REGION_25,2025-05-28
ADDR_000315,REGION_09,2025-05-14
ADDR_000316,REGION_18,2025-06-02
ADDR_000317,REGION_16,2025-09-17
ADDR_000318,REGION_21,2025-05-03
ADDR_000319,REGION_26,2025-12-14
ADDR_000320,REGION_11,2025-12-03
ADDR_000321,REGION_06,2025-07-08
ADDR_000322,REGION_13,2025-05-14
ADDR_000323,REGION_19,2025-07-27
ADDR_000324,REGION_23,2025-11-10
ADDR_000325,REGION_23,2025-09-05
ADDR_000326,REGION_11,2025-10-27
ADDR_000327,REGION_29,2025-07-26
ADDR_000328,REGION_03,2025-08-30
ADDR_000329,REGION_04,2025-04-29
ADDR_000330,REGION_01,2025-10-03
ADDR_000331,REGION_28,2025-03-28
ADDR_000332,REGION_06,2025-09-20
ADDR_000333,REGION_19,2025-11-15
ADDR_000334,REGION_25,2025-02-28
ADDR_000335,REGION_24,2025-08-23
ADDR_000336,REGION_29,2025-02-13
ADDR_000337,REGION_02,2025-09-30
ADDR_000338,REGION_13,2025-02-09
ADDR_000339,REGION_16,2025-12-09
ADDR_000340,REGION_21,2025-03-02
ADDR_000341,REGION_19,2025-12-17
ADDR_000342,REGION_17,2025-10-26
ADDR_000343,REGION_10,2025-08-16
ADDR_000344,REGION_04,2025-10-19
ADDR_000345,REGION_13,2025-10-24
ADDR_000346,REGION_08,2025-12-13
ADDR_000347,REGION_17,2025-04-16
ADDR_000348,REGION_24,2025-08-15
ADDR_000349,REGION_17,2025-02-13
ADDR_000350,REGION_18,2025-08-24
ADDR_000351,REGION_02,2025-03-16
ADDR_000352,REGION_20,2025-08-06
ADDR_000353,REGION_14,2025-08-09
ADDR_000354,REGION_04,2025-07-03
ADDR_000355,REGION_07,2025-07-22
ADDR_000356,REGION_24,2025-10-13
ADDR_000357,REGION_28,2025-10-25
ADDR_000358,REGION_16,2025-07-12
ADDR_000359,REGION_30,2025-08-18
ADDR_000360,REGION_06,2025-12-08
ADDR_000361,REGION_09,2025-02-23
ADDR_000362,REGION_28,2025-02-22
ADDR_000363,REGION_06,2025-02-10
ADDR_000364,REGION_20,2025-09-07
ADDR_000365,REGION_07,2025-06-16
ADDR_000366,REGION_10,2025-10-17
ADDR_000367,REGION_15,2025-09-12
ADDR_000368,REGION_11,2025-05-16
ADDR_000369,REGION_27,2025-11-27
ADDR_000370,REGION_30,2025-10-13
ADDR_000371,REGION_16,2025-04-23
ADDR_000372,REGION_16,2025-05-27
ADDR_000373,REGION_02,2025-05-09
ADDR_000374,REGION_08,2025-03-11
ADDR_000375,REGION_02,2025-03-07
ADDR_000376,REGION_26,2025-12-10
ADDR_000377,REGION_07,2025-06-23
ADDR_000378,REGION_11,2025-06-03
ADDR_000379,REGION_26,2025-10-02
ADDR_000380,REGION_22,2025-08-02
ADDR_000381,REGION_19,2025-12-10
ADDR_000382,REGION_02,2025-10-19
ADDR_000383,REGION_17,2025-07-07
ADDR_000384,REGION_17,2025-06-01
ADDR_000385,REGION_10,2025-12-26
ADDR_000386,REGION_23,2025-09-28
ADDR_000387,REGION_28,2025-12-14
ADDR_000388,REGION_08,2025-02-23
ADDR_000389,REGION_10,2025-11-11
ADDR_000390,REGION_10,2025-08-31
ADDR_000391,REGION_26,2025-02-24
ADDR_000392,REGION_03,2025-08-14
ADDR_000393,REGION_27,2025-09-17
ADDR_000394,REGION_24,2025-01-07
ADDR_000395,REGION_15,2025-06-28
ADDR_000396,REGION_18,2025-11-03
ADDR_000397,REGION_27,2025-05-02
ADDR_000398,REGION_24,2025-06-30
ADDR_000399,REGION_09,2025-06-24
ADDR_000400,REGION_02,2025-05-04
ADDR_000401,REGION_20,2025-12-04
ADDR_000402,REGION_05,2025-10-19
ADDR_000403,REGION_03,2025-02-20
ADDR_000404,REGION_30,2025-12-30
ADDR_000405,REGION_15,2025-11-21
ADDR_000406,REGION_20,2025-04-28
ADDR_000407,REGION_07,2025-11-07
ADDR_000408,REGION_04,2025-02-18
ADDR_000409,REGION_02,2025-12-30
ADDR_000410,REGION_11,2025-09-10
ADDR_000411,REGION_01,2025-09-05
ADDR_000412,REGION_13,2025-02-11
ADDR_000413,REGION_10,2025-11-27
ADDR_000414,REGION_16,2025-01-16
ADDR_000415,REGION_18,2025-04-12
ADDR_000416,REGION_10,2025-03-05
ADDR_000417,REGION_14,2025-10-17
ADDR_000418,REGION_03,2025-03-26
ADDR_000419,REGION_10,2025-12-01
ADDR_000420,REGION_30,2025-09-07
ADDR_000421,REGION_30,2025-01-19
ADDR_000422,REGION_15,2025-01-04
ADDR_000423,REGION_29,2025-01-26
ADDR_000424,REGION_16,2025-08-20
ADDR_000425,REGION_04,2025-10-26
ADDR_000426,REGION_27,2025-04-11
ADDR_000427,REGION_13,2025-11-11
ADDR_000428,REGION_19,2025-01-28
ADDR_000429,REGION_20,2025-10-26
ADDR_000430,REGION_10,2025-12-07
ADDR_000431,REGION_23,2025-10-16
ADDR_000432,REGION_16,2025-09-21
ADDR_000433,REGION_11,2025-11-07
ADDR_000434,REGION_09,2025-01-21
ADDR_000435,REGION_23,2025-03-28
ADDR_000436,REGION_08,2025-02-25
ADDR_000437,REGION_04,2025-07-16
ADDR_000438,REGION_27,2025-10-07
ADDR_000439,REGION_10,2025-08-29
ADDR_000440,REGION_20,2025-11-11
ADDR_000441,REGION_22,2025-03-10
ADDR_000442,REGION_26,2025-10-03
ADDR_000443,REGION_19,2025-03-24
ADDR_000444,REGION_22,2025-04-23
ADDR_000445,REGION_26,2025-09-25
ADDR_000446,REGION_29,2025-12-24
ADDR_000447,REGION_02,2025-08-22
ADDR_000448,REGION_23,2025-01-27
ADDR_000449,REGION_06,2025-08-24
ADDR_000450,REGION_27,2025-01-22
ADDR_000451,REGION_02,2025-11-22
ADDR_000452,REGION_08,2025-09-25
ADDR_000453,REGION_06,2025-03-17
ADDR_000454,REGION_19,2025-02-12
ADDR_000455,REGION_01,2025-03-21
ADDR_000456,REGION_01,2025-12-24
ADDR_000457,REGION_16,2025-06-30
ADDR_000458,REGION_30,2025-10-20
ADDR_000459,REGION_16,2025-08-31
ADDR_000460,REGION_14,2025-08-09
ADDR_000461,REGION_20,2025-03-06
ADDR_000462,REGION_17,2025-12-13
ADDR_000463,REGION_12,2025-05-04
ADDR_000464,REGION_18,2025-08-11
ADDR_000465,REGION_01,2025-09-21
ADDR_000466,REGION_08,2025-09-04
ADDR_000467,REGION_21,2025-12-11
ADDR_000468,REGION_11,2025-03-07
ADDR_000469,REGION_02,2025-07-17
ADDR_000470,REGION_04,2025-06-11
ADDR_000471,REGION_26,2025-07-05
ADDR_000472,REGION_10,2025-02-23
ADDR_000473,REGION_01,2025-03-01
ADDR_000474,REGION_22,2025-04-26
ADDR_000475,REGION_16,2025-05-05
ADDR_000476,REGION_14,2025-06-19
ADDR_000477,REGION_27,2025-08-22
ADDR_000478,REGION_10,2025-08-30
ADDR_000479,REGION_18,2025-06-13
ADDR_000480,REGION_23,2025-06-12
ADDR_000481,REGION_19,2025-04-03
ADDR_000482,REGION_07,2025-08-14
ADDR_000483,REGION_21,2025-05-10
ADDR_000484,REGION_23,2025-01-19
ADDR_000485,REGION_04,2025-06-16
ADDR_000486,REGION_05,2025-07-05
ADDR_000487,REGION_21,2025-04-06
ADDR_000488,REGION_04,2025-08-09
ADDR_000489,REGION_27,2025-08-07
ADDR_000490,REGION_04,2025-09-22
ADDR_000491,REGION_30,2025-09-04
ADDR_000492,REGION_21,2025-09-05
ADDR_000493,REGION_14,2025-05-10
ADDR_000494,REGION_09,2025-10-21
ADDR_000495,REGION_11,2025-08-01
ADDR_000496,REGION_23,2025-06-20
ADDR_000497,REGION_23,2025-08-27
ADDR_000498,REGION_07,2025-05-26
ADDR_000499,REGION_17,2025-07-19
ADDR_000500,REGION_30,2025-10-04
ADDR_000501,REGION_08,2025-11-23
ADDR_000502,REGION_21,2025-12-05
ADDR_000503,REGION_06,2025-07-16
ADDR_000504,REGION_26,2025-07-22
ADDR_000505,REGION_06,2025-10-25
ADDR_000506,REGION_09,2025-05-09
ADDR_000507,REGION_14,2025-11-07
ADDR_000508,REGION_12,2025-07-13
ADDR_000509,REGION_06,2025-02-22
ADDR_000510,REGION_20,2025-02-04
ADDR_000511,REGION_01,2025-11-08
ADDR_000512,REGION_30,2025-01-28
ADDR_000513,REGION_02,2025-04-26
ADDR_000514,REGION_11,2025-05-16
ADDR_000515,REGION_28,2025-03-17
ADDR_000516,REGION_05,2025-05-09
ADDR_000517,REGION_03,2025-10-06
ADDR_000518,REGION_23,2025-01-09
ADDR_000519,REGION_03,2025-11-03
ADDR_000520,REGION_27,2025-11-13
ADDR_000521,REGION_14,2025-05-30
ADDR_000522,REGION_27,2025-03-09
ADDR_000523,REGION_08,2025-08-19
ADDR_000524,REGION_05,2025-02-23
ADDR_000525,REGION_29,2025-05-27
ADDR_000526,REGION_23,2025-12-17
ADDR_000527,REGION_28,2025-12-29
ADDR_000528,REGION_10,2025-10-16
ADDR_000529,REGION_13,2025-05-08
ADDR_000530,REGION_18,2025-09-17
ADDR_000531,REGION_14,2025-09-23
ADDR_000532,REGION_08,2025-06-05
ADDR_000533,REGION_12,2025-09-01
ADDR_000534,REGION_19,2025-01-07
ADDR_000535,REGION_02,2025-03-30
ADDR_000536,REGION_11,2025-07-23
ADDR_000537,REGION_09,2025-03-13
ADDR_000538,REGION_03,2025-03-14
ADDR_000539,REGION_04,2025-11-06
ADDR_000540,REGION_15,2025-12-27
ADDR_000541,REGION_04,2025-08-03
ADDR_000542,REGION_11,2025-11-07
ADDR_000543,REGION_17,2025-12-27
ADDR_000544,REGION_27,2025-03-04
ADDR_000545,REGION_03,2025-06-26
ADDR_000546,REGION_14,2025-06-06
ADDR_000547,REGION_04,2025-02-07
ADDR_000548,REGION_13,2025-10-10
ADDR_000549,REGION_15,2025-06-21
ADDR_000550,REGION_24,2025-07-04
ADDR_000551,REGION_14,2025-03-08
ADDR_000552,REGION_29,2025-03-20
ADDR_000553,REGION_05,2025-11-30
ADDR_000554,REGION_02,2025-01-23
ADDR_000555,REGION_01,2025-04-09
ADDR_000556,REGION_11,2025-05-01
ADDR_000557,REGION_06,2025-07-11
ADDR_000558,REGION_03,2025-08-14
ADDR_000559,REGION_08,2025-07-12
ADDR_000560,REGION_30,2025-02-09
ADDR_000561,REGION_25,2025-04-13
ADDR_000562,REGION_01,2025-11-09
ADDR_000563,REGION_28,2025-08-31
ADDR_000564,REGION_07,2025-09-04
ADDR_000565,REGION_13,2025-09-11
ADDR_000566,REGION_10,2025-10-13
ADDR_000567,REGION_13,2025-01-29
ADDR_000568,REGION_23,2025-05-28
ADDR_000569,REGION_22,2025-07-28
ADDR_000570,REGION_18,2025-05-18
ADDR_000571,REGION_19,2025-11-09
ADDR_000572,REGION_22,2025-07-08
ADDR_000573,REGION_06,2025-10-15
ADDR_000574,REGION_12,2025-11-12
ADDR_000575,REGION_04,2025-07-16
ADDR_000576,REGION_22,2025-12-01
ADDR_000577,REGION_14,2025-08-14
ADDR_000578,REGION_20,2025-11-11
ADDR_000579,REGION_17,2025-05-19
ADDR_000580,REGION_09,2025-07-14
ADDR_000581,REGION_05,2025-07-26
ADDR_000582,REGION_30,2025-02-17
ADDR_000583,REGION_09,2025-06-09
ADDR_000584,REGION_04,2025-12-03
ADDR_000585,REGION_10,2025-08-29
ADDR_000586,REGION_28,2025-03-18
ADDR_000587,REGION_08,2025-05-18
ADDR_000588,REGION_30,2025-03-24
ADDR_000589,REGION_14,2025-01-14
ADDR_000590,REGION_26,2025-12-07
ADDR_000591,REGION_20,2025-06-26
ADDR_000592,REGION_02,2025-05-06
ADDR_000593,REGION_16,2025-08-18
ADDR_000594,REGION_13,2025-01-05
ADDR_000595,REGION_07,2025-04-26
ADDR_000596,REGION_17,2025-09-23
ADDR_000597,REGION_04,2025-08-30
ADDR_000598,REGION_21,2025-12-25
ADDR_000599,REGION_25,2025-08-25
ADDR_000600,REGION_03,2025-07-07
ADDR_000601,REGION_15,2025-10-12
ADDR_000602,REGION_20,2025-11-29
ADDR_000603,REGION_02,2025-09-29
ADDR_000604,REGION_12,2025-12-18
ADDR_000605,REGION_08,2025-10-19
ADDR_000606,REGION_02,2025-11-17
ADDR_000607,REGION_25,2025-02-21
ADDR_000608,REGION_14,2025-10-03
ADDR_000609,REGION_23,2025-06-23
ADDR_000610,REGION_18,2025-08-02
ADDR_000611,REGION_27,2025-09-06
ADDR_000612,REGION_30,2025-12-21
ADDR_000613,REGION_19,2025-12-25
ADDR_000614,REGION_11,2025-04-29
ADDR_000615,REGION_13,2025-10-03
ADDR_000616,REGION_25,2025-10-08
ADDR_000617,REGION_13,2025-05-21
ADDR_000618,REGION_16,2025-02-25
ADDR_000619,REGION_06,2025-01-21
ADDR_000620,REGION_30,2025-10-18
ADDR_000621,REGION_20,2025-07-11
ADDR_000622,REGION_10,2025-12-26
ADDR_000623,REGION_18,2025-07-02
ADDR_000624,REGION_13,2025-12-23
ADDR_000625,REGION_05,2025-06-13
ADDR_000626,REGION_27,2025-10-23
ADDR_000627,REGION_27,2025-02-09
ADDR_000628,REGION_26,2025-08-03
ADDR_000629,REGION_12,2025-10-26
ADDR_000630,REGION_08,2025-12-06
ADDR_000631,REGION_02,2025-11-02
ADDR_000632,REGION_22,2025-01-19
ADDR_000633,REGION_10,2025-05-30
ADDR_000634,REGION_27,2025-01-24
ADDR_000635,REGION_27,2025-02-19
ADDR_000636,REGION_04,2025-09-13
ADDR_000637,REGION_28,2025-09-26
ADDR_000638,REGION_05,2025-10-16
ADDR_000639,REGION_15,2025-11-16
ADDR_000640,REGION_15,2025-10-05
ADDR_000641,REGION_29,2025-10-26
ADDR_000642,REGION_20,2025-01-25
ADDR_000643,REGION_27,2025-04-09
ADDR_000644,REGION_18,2025-08-26
ADDR_000645,REGION_25,2025-11-14
ADDR_000646,REGION_26,2025-01-03
ADDR_000647,REGION_26,2025-07-20
ADDR_000648,REGION_13,2025-09-14
ADDR_000649,REGION_12,2025-01-16
ADDR_000650,REGION_30,2025-06-10
ADDR_000651,REGION_23,2025-11-26
ADDR_000652,REGION_28,2025-09-12
ADDR_000653,REGION_18,2025-04-10
ADDR_000654,REGION_28,2025-11-12
ADDR_000655,REGION_22,2025-05-21
ADDR_000656,REGION_23,2025-11-12
ADDR_000657,REGION_06,2025-05-03
ADDR_000658,REGION_18,2025-08-15
ADDR_000659,REGION_22,2025-06-08
ADDR_000660,REGION_23,2025-04-24
ADDR_000661,REGION_29,2025-11-23
ADDR_000662,REGION_10,2025-03-22
ADDR_000663,REGION_10,2025-02-09
ADDR_000664,REGION_30,2025-05-19
ADDR_000665,REGION_30,2025-09-28
ADDR_000666,REGION_06,2025-10-28
ADDR_000667,REGION_12,2025-12-30
ADDR_000668,REGION_29,2025-05-02
ADDR_000669,REGION_06,2025-06-12
ADDR_000670,REGION_24,2025-03-02
ADDR_000671,REGION_04,2025-08-10
ADDR_000672,REGION_06,2025-12-30
ADDR_000673,REGION_24,2025-09-22
ADDR_000674,REGION_19,2025-08-17
ADDR_000675,REGION_17,2025-06-06
ADDR_000676,REGION_26,2025-12-03
ADDR_000677,REGION_10,2025-07-13
ADDR_000678,REGION_16,2025-03-01
ADDR_000679,REGION_19,2025-05-28
ADDR_000680,REGION_23,2025-02-02
ADDR_000681,REGION_10,2025-03-28
ADDR_000682,REGION_20,2025-01-10
ADDR_000683,REGION_14,2025-06-28
ADDR_000684,REGION_17,2025-08-30
ADDR_000685,REGION_26,2025-05-20
ADDR_000686,REGION_12,2025-06-16
ADDR_000687,REGION_21,2025-12-17
ADDR_000688,REGION_29,2025-10-09
ADDR_000689,REGION_23,2025-07-29
ADDR_000690,REGION_30,2025-04-28
ADDR_000691,REGION_18,2025-11-27
ADDR_000692,REGION_09,2025-04-09
ADDR_000693,REGION_30,2025-05-13
ADDR_000694,REGION_20,2025-12-01
ADDR_000695,REGION_08,2025-07-25
ADDR_000696,REGION_10,2025-10-06
ADDR_000697,REGION_08,2025-08-15
ADDR_000698,REGION_26,2025-09-06
ADDR_000699,REGION_03,2025-05-03
ADDR_000700,REGION_23,2025-04-12
ADDR_000701,REGION_17,2025-05-12
ADDR_000702,REGION_03,2025-03-10
ADDR_000703,REGION_19,2025-11-19
ADDR_000704,REGION_23,2025-04-27
ADDR_000705,REGION_22,2025-08-05
ADDR_000706,REGION_16,2025-10-23
ADDR_000707,REGION_11,2025-10-20
ADDR_000708,REGION_05,2025-06-23
ADDR_000709,REGION_01,2025-07-06
ADDR_000710,REGION_11,2025-12-29
ADDR_000711,REGION_19,2025-09-13
ADDR_000712,REGION_02,2025-10-30
ADDR_000713,REGION_30,2025-11-28
ADDR_000714,REGION_18,2025-10-21
ADDR_000715,REGION_09,2025-03-21
ADDR_000716,REGION_29,2025-08-05
ADDR_000717,REGION_06,2025-02-16
ADDR_000718,REGION_29,2025-09-06
ADDR_000719,REGION_09,2025-12-16
ADDR_000720,REGION_12,2025-07-19
ADDR_000721,REGION_13,2025-06-21
ADDR_000722,REGION_30,2025-01-19
ADDR_000723,REGION_08,2025-12-17
ADDR_000724,REGION_30,2025-02-17
ADDR_000725,REGION_11,2025-01-21
ADDR_000726,REGION_09,2025-04-14
ADDR_000727,REGION_20,2025-02-01
ADDR_000728,REGION_21,2025-06-29
ADDR_000729,REGION_11,2025-07-20
ADDR_000730,REGION_05,2025-05-08
ADDR_000731,REGION_12,2025-01-25
ADDR_000732,REGION_17,2025-02-20
ADDR_000733,REGION_02,2025-06-03
ADDR_000734,REGION_03,2025-01-30
ADDR_000735,REGION_28,2025-09-21
ADDR_000736,REGION_02,2025-03-30
ADDR_000737,REGION_13,2025-05-04
ADDR_000738,REGION_23,2025-06-07
ADDR_000739,REGION_10,2025-06-15
ADDR_000740,REGION_15,2025-01-02
ADDR_000741,REGION_03,2025-02-20
ADDR_000742,REGION_24,2025-11-15
ADDR_000743,REGION_20,2025-01-01
ADDR_000744,REGION_26,2025-07-17
ADDR_000745,REGION_26,2025-07-11
ADDR_000746,REGION_11,2025-05-16
ADDR_000747,REGION_02,2025-06-20
ADDR_000748,REGION_11,2025-10-19
ADDR_000749,REGION_05,2025-11-08
ADDR_000750,REGION_16,2025-04-19
ADDR_000751,REGION_05,2025-05-12
ADDR_000752,REGION_28,2025-04-12
ADDR_000753,REGION_19,2025-07-07
ADDR_000754,REGION_08,2025-09-16
ADDR_000755,REGION_28,2025-04-07
ADDR_000756,REGION_24,2025-05-15
ADDR_000757,REGION_14,2025-12-08
ADDR_000758,REGION_05,2025-01-24
ADDR_000759,REGION_11,2025-07-01
ADDR_000760,REGION_18,2025-09-25
ADDR_000761,REGION_23,2025-03-08
ADDR_000762,REGION_08,2025-01-24
ADDR_000763,REGION_23,2025-03-03
ADDR_000764,REGION_09,2025-12-04
ADDR_000765,REGION_08,2025-01-06
ADDR_000766,REGION_14,2025-03-23
ADDR_000767,REGION_05,2025-01-17
ADDR_000768,REGION_13,2025-02-20
ADDR_000769,REGION_11,2025-08-25
ADDR_000770,REGION_09,2025-04-12
ADDR_000771,REGION_24,2025-08-08
ADDR_000772,REGION_10,2025-08-15
ADDR_000773,REGION_21,2025-11-11
ADDR_000774,REGION_22,2025-01-03
ADDR_000775,REGION_20,2025-11-12
ADDR_000776,REGION_09,2025-08-25
ADDR_000777,REGION_25,2025-03-13
ADDR_000778,REGION_08,2025-10-16
ADDR_000779,REGION_09,2025-11-13
ADDR_000780,REGION_27,2025-04-17
ADDR_000781,REGION_11,2025-12-04
ADDR_000782,REGION_21,2025-06-28
ADDR_000783,REGION_02,2025-08-20
ADDR_000784,REGION_19,2025-12-25
ADDR_000785,REGION_27,2025-05-26
ADDR_000786,REGION_22,2025-10-30
ADDR_000787,REGION_18,2025-05-10
ADDR_000788,REGION_26,2025-10-25
ADDR_000789,REGION_09,2025-08-19
ADDR_000790,REGION_12,2025-04-02
ADDR_000791,REGION_03,2025-06-14
ADDR_000792,REGION_21,2025-05-10
ADDR_000793,REGION_22,2025-02-06
ADDR_000794,REGION_23,2025-01-16
ADDR_000795,REGION_23,2025-05-21
ADDR_000796,REGION_04,2025-01-11
ADDR_000797,REGION_20,2025-03-14
ADDR_000798,REGION_23,2025-09-30
ADDR_000799,REGION_07,2025-09-24
ADDR_000800,REGION_15,2025-10-05
ADDR_000801,REGION_28,2025-05-10
ADDR_000802,REGION_13,2025-11-24
ADDR_000803,REGION_23,2025-08-16
ADDR_000804,REGION_16,2025-02-26
ADDR_000805,REGION_20,2025-03-05
ADDR_000806,REGION_19,2025-09-19
ADDR_000807,REGION_20,2025-03-17
ADDR_000808,REGION_24,2025-07-17
ADDR_000809,REGION_28,2025-12-28
ADDR_000810,REGION_09,2025-01-03
ADDR_000811,REGION_28,2025-01-10
ADDR_000812,REGION_19,2025-12-28
ADDR_000813,REGION_18,2025-08-13
ADDR_000814,REGION_10,2025-02-26
ADDR_000815,REGION_13,2025-11-27
ADDR_000816,REGION_20,2025-11-21
ADDR_000817,REGION_11,2025-07-27
ADDR_000818,REGION_09,2025-08-26
ADDR_000819,REGION_25,2025-04-24
ADDR_000820,REGION_13,2025-01-25
ADDR_000821,REGION_20,2025-08-16
ADDR_000822,REGION_01,2025-05-02
ADDR_000823,REGION_03,2025-09-09
ADDR_000824,REGION_26,2025-11-06
ADDR_000825,REGION_05,2025-01-10
ADDR_000826,REGION_24,2025-08-17
ADDR_000827,REGION_28,2025-04-08
ADDR_000828,REGION_15,2025-11-19
ADDR_000829,REGION_27,2025-04-16
ADDR_000830,REGION_13,2025-08-22
ADDR_000831,REGION_29,2025-08-02
ADDR_000832,REGION_08,2025-06-08
ADDR_000833,REGION_13,2025-09-14
ADDR_000834,REGION_12,2025-09-30
ADDR_000835,REGION_24,2025-08-07
ADDR_000836,REGION_02,2025-10-11
ADDR_000837,REGION_25,2025-12-25
ADDR_000838,REGION_01,2025-06-16
ADDR_000839,REGION_10,2025-07-20
ADDR_000840,REGION_18,2025-01-08
ADDR_000841,REGION_05,2025-10-24
ADDR_000842,REGION_15,2025-07-22
ADDR_000843,REGION_30,2025-06-12
ADDR_000844,REGION_25,2025-02-13
ADDR_000845,REGION_01,2025-11-24
ADDR_000846,REGION_18,2025-06-07
ADDR_000847,REGION_18,2025-09-16
ADDR_000848,REGION_03,2025-03-07
ADDR_000849,REGION_20,2025-12-18
ADDR_000850,REGION_16,2025-03-19
ADDR_000851,REGION_21,2025-03-27
ADDR_000852,REGION_09,2025-11-14
ADDR_000853,REGION_08,2025-12-02
ADDR_000854,REGION_23,2025-04-01
ADDR_000855,REGION_22,2025-07-04
ADDR_000856,REGION_05,2025-10-03
ADDR_000857,REGION_07,2025-11-20
ADDR_000858,REGION_18,2025-06-02
ADDR_000859,REGION_25,2025-07-21
ADDR_000860,REGION_07,2025-10-06
ADDR_000861,REGION_07,2025-10-02
ADDR_000862,REGION_25,2025-10-20
ADDR_000863,REGION_21,2025-08-08
ADDR_000864,REGION_28,2025-02-17
ADDR_000865,REGION_24,2025-11-29
ADDR_000866,REGION_29,2025-11-16
ADDR_000867,REGION_06,2025-10-25
ADDR_000868,REGION_09,2025-02-15
ADDR_000869,REGION_08,2025-03-29
ADDR_000870,REGION_02,2025-10-06
ADDR_000871,REGION_24,2025-01-13
ADDR_000872,REGION_20,2025-12-24
ADDR_000873,REGION_03,2025-06-01
ADDR_000874,REGION_06,2025-09-28
ADDR_000875,REGION_06,2025-11-23
ADDR_000876,REGION_13,2025-06-07
ADDR_000877,REGION_14,2025-05-11
ADDR_000878,REGION_09,2025-08-21
ADDR_000879,REGION_28,2025-08-12
ADDR_000880,REGION_07,2025-06-12
ADDR_000881,REGION_17,2025-08-19
ADDR_000882,REGION_14,2025-12-09
ADDR_000883,REGION_12,2025-07-03
ADDR_000884,REGION_25,2025-03-26
ADDR_000885,REGION_30,2025-06-01
ADDR_000886,REGION_01,2025-06-07
ADDR_000887,REGION_14,2025-02-28
ADDR_000888,REGION_04,2025-03-13
ADDR_000889,REGION_14,2025-09-16
ADDR_000890,REGION_19,2025-05-18
ADDR_000891,REGION_13,2025-12-16
ADDR_000892,REGION_10,2025-04-13
ADDR_000893,REGION_10,2025-02-15
ADDR_000894,REGION_09,2025-10-10
ADDR_000895,REGION_10,2025-11-21
ADDR_000896,REGION_12,2025-04-26
ADDR_000897,REGION_21,2025-03-28
ADDR_000898,REGION_03,2025-03-22
ADDR_000899,REGION_02,2025-07-22
ADDR_000900,REGION_16,2025-07-03
ADDR_000901,REGION_21,2025-04-19
ADDR_000902,REGION_08,2025-01-23
ADDR_000903,REGION_07,2025-07-08
ADDR_000904,REGION_19,2025-12-17
ADDR_000905,REGION_12,2025-09-05
ADDR_000906,REGION_23,2025-07-13
ADDR_000907,REGION_05,2025-02-20
ADDR_000908,REGION_04,2025-04-16
ADDR_000909,REGION_17,2025-05-02
ADDR_000910,REGION_12,2025-10-13
ADDR_000911,REGION_22,2025-11-20
ADDR_000912,REGION_16,2025-11-28
ADDR_000913,REGION_11,2025-12-25
ADDR_000914,REGION_05,2025-12-25
ADDR_000915,REGION_05,2025-12-15
ADDR_000916,REGION_23,2025-02-04
ADDR_000917,REGION_07,2025-03-03
ADDR_000918,REGION_16,2025-05-05
ADDR_000919,REGION_25,2025-08-02
ADDR_000920,REGION_27,2025-02-14
ADDR_000921,REGION_09,2025-11-10
ADDR_000922,REGION_04,2025-08-24
ADDR_000923,REGION_24,2025-07-29
ADDR_000924,REGION_21,2025-03-14
ADDR_000925,REGION_10,2025-04-16
ADDR_000926,REGION_18,2025-03-12
ADDR_000927,REGION_06,2025-11-12
ADDR_000928,REGION_22,2025-08-13
ADDR_000929,REGION_22,2025-10-03
ADDR_000930,REGION_09,2025-05-02
ADDR_000931,REGION_15,2025-05-30
ADDR_000932,REGION_11,2025-06-11
ADDR_000933,REGION_01,2025-10-12
ADDR_000934,REGION_04,2025-10-16
ADDR_000935,REGION_29,2025-03-30
ADDR_000936,REGION_14,2025-12-11
ADDR_000937,REGION_05,2025-02-24
ADDR_000938,REGION_02,2025-11-26
ADDR_000939,REGION_11,2025-02-15
ADDR_000940,REGION_30,2025-04-20
ADDR_000941,REGION_12,2025-11-10
ADDR_000942,REGION_30,2025-03-19
ADDR_000943,REGION_15,2025-06-14
ADDR_000944,REGION_23,2025-06-27
ADDR_000945,REGION_24,2025-04-13
ADDR_000946,REGION_01,2025-09-25
ADDR_000947,REGION_01,2025-11-11
ADDR_000948,REGION_28,2025-11-19
ADDR_000949,REGION_28,2025-05-18
ADDR_000950,REGION_04,2025-07-25
ADDR_000951,REGION_20,2025-04-14
ADDR_000952,REGION_28,2025-04-13
ADDR_000953,REGION_29,2025-03-12
ADDR_000954,REGION_09,2025-12-11
ADDR_000955,REGION_25,2025-11-24
ADDR_000956,REGION_20,2025-10-18
ADDR_000957,REGION_28,2025-07-21
ADDR_000958,REGION_05,2025-07-11
ADDR_000959,REGION_19,2025-07-25
ADDR_000960,REGION_01,2025-07-27
ADDR_000961,REGION_11,2025-06-21
ADDR_000962,REGION_01,2025-02-28
ADDR_000963,REGION_14,2025-02-26
ADDR_000964,REGION_25,2025-12-15
ADDR_000965,REGION_20,2025-07-08
ADDR_000966,REGION_10,2025-12-15
ADDR_000967,REGION_13,2025-03-13
ADDR_000968,REGION_12,2025-08-03
ADDR_000969,REGION_22,2025-03-30
ADDR_000970,REGION_08,2025-04-16
ADDR_000971,REGION_03,2025-01-16
ADDR_000972,REGION_16,2025-02-23
ADDR_000973,REGION_25,2025-12-03
ADDR_000974,REGION_15,2025-05-12
ADDR_000975,REGION_07,2025-08-21
ADDR_000976,REGION_02,2025-07-02
ADDR_000977,REGION_29,2025-06-09
ADDR_000978,REGION_23,2025-07-26
ADDR_000979,REGION_05,2025-03-22
ADDR_000980,REGION_03,2025-12-27
ADDR_000981,REGION_04,2025-10-31
ADDR_000982,REGION_12,2025-10-06
ADDR_000983,REGION_25,2025-07-04
ADDR_000984,REGION_05,2025-03-09
ADDR_000985,REGION_25,2025-12-04
ADDR_000986,REGION_01,2025-05-19
ADDR_000987,REGION_23,2025-01-25
ADDR_000988,REGION_09,2025-05-19
ADDR_000989,REGION_29,2025-10-23
ADDR_000990,REGION_15,2025-08-26
ADDR_000991,REGION_09,2025-10-09
ADDR_000992,REGION_08,2025-10-23
ADDR_000993,REGION_25,2025-04-01
ADDR_000994,REGION_13,2025-12-05
ADDR_000995,REGION_11,2025-06-23
ADDR_000996,REGION_23,2025-09-01
ADDR_000997,REGION_17,2025-01-02
ADDR_000998,REGION_20,2025-12-28
ADDR_000999,REGION_14,2025-04-27
ADDR_001000,REGION_02,2025-01-30
ADDR_001001,REGION_01,2025-06-30
ADDR_001002,REGION_02,2025-02-27
ADDR_001003,REGION_18,2025-03-08
ADDR_001004,REGION_16,2025-08-29
ADDR_001005,REGION_23,2025-06-07
ADDR_001006,REGION_27,2025-12-05
ADDR_001007,REGION_06,2025-05-11
ADDR_001008,REGION_29,2025-09-30
ADDR_001009,REGION_28,2025-07-01
ADDR_001010,REGION_19,2025-09-08
ADDR_001011,REGION_16,2025-08-18
ADDR_001012,REGION_06,2025-07-05
ADDR_001013,REGION_06,2025-12-14
ADDR_001014,REGION_01,2025-05-19
ADDR_001015,REGION_20,2025-03-18
ADDR_001016,REGION_13,2025-09-14
ADDR_001017,REGION_06,2025-11-10
ADDR_001018,REGION_05,2025-01-21
ADDR_001019,REGION_02,2025-06-27
ADDR_001020,REGION_20,2025-11-25
ADDR_001021,REGION_21,2025-10-08
ADDR_001022,REGION_19,2025-12-28
ADDR_001023,REGION_04,2025-07-26
ADDR_001024,REGION_02,2025-09-08
ADDR_001025,REGION_04,2025-05-05
ADDR_001026,REGION_23,2025-12-13
ADDR_001027,REGION_23,2025-05-28
ADDR_001028,REGION_09,2025-10-05
ADDR_001029,REGION_02,2025-06-10
ADDR_001030,REGION_10,2025-08-05
ADDR_001031,REGION_25,2025-09-28
ADDR_001032,REGION_05,2025-07-18
ADDR_001033,REGION_24,2025-11-30
ADDR_001034,REGION_14,2025-06-16
ADDR_001035,REGION_05,2025-09-04
ADDR_001036,REGION_29,2025-05-19
ADDR_001037,REGION_16,2025-06-12
ADDR_001038,REGION_21,2025-06-23
ADDR_001039,REGION_03,2025-02-26
ADDR_001040,REGION_12,2025-02-12
ADDR_001041,REGION_19,2025-09-10
ADDR_001042,REGION_20,2025-09-06
ADDR_001043,REGION_02,2025-09-09
ADDR_001044,REGION_19,2025-01-11
ADDR_001045,REGION_29,2025-05-13
ADDR_001046,REGION_24,2025-03-26
ADDR_001047,REGION_07,2025-10-18
ADDR_001048,REGION_28,2025-11-15
ADDR_001049,REGION_21,2025-04-14
ADDR_001050,REGION_02,2025-09-11
ADDR_001051,REGION_04,2025-02-27
ADDR_001052,REGION_28,2025-04-24
ADDR_001053,REGION_07,2025-03-03
ADDR_001054,REGION_03,2025-04-28
ADDR_001055,REGION_14,2025-09-13
ADDR_001056,REGION_16,2025-12-01
ADDR_001057,REGION_18,2025-03-28
ADDR_001058,REGION_20,2025-07-29
ADDR_001059,REGION_30,2025-09-22
ADDR_001060,REGION_23,2025-12-15
ADDR_001061,REGION_01,2025-08-22
ADDR_001062,REGION_03,2025-04-17
ADDR_001063,REGION_01,2025-08-27
ADDR_001064,REGION_12,2025-05-11
ADDR_001065,REGION_11,2025-12-23
ADDR_001066,REGION_29,2025-06-09
ADDR_001067,REGION_11,2025-09-17
ADDR_001068,REGION_01,2025-01-13
ADDR_001069,REGION_27,2025-06-09
ADDR_001070,REGION_08,2025-11-19
ADDR_001071,REGION_28,2025-08-22
ADDR_001072,REGION_24,2025-06-25
ADDR_001073,REGION_27,2025-12-09
ADDR_001074,REGION_25,2025-11-12
ADDR_001075,REGION_05,2025-05-12
ADDR_001076,REGION_19,2025-07-30
ADDR_001077,REGION_13,2025-07-11
ADDR_001078,REGION_19,2025-08-29
ADDR_001079,REGION_23,2025-05-16
ADDR_001080,REGION_16,2025-04-13
ADDR_001081,REGION_10,2025-12-02
ADDR_001082,REGION_28,2025-12-05
ADDR_001083,REGION_20,2025-11-09
ADDR_001084,REGION_27,2025-12-23
ADDR_001085,REGION_08,2025-10-07
ADDR_001086,REGION_26,2025-10-13
ADDR_001087,REGION_10,2025-10-13
ADDR_001088,REGION_14,2025-07-08
ADDR_001089,REGION_26,2025-06-29
ADDR_001090,REGION_11,2025-04-11
ADDR_001091,REGION_08,2025-09-03
ADDR_001092,REGION_28,2025-04-30
ADDR_001093,REGION_29,2025-04-18
ADDR_001094,REGION_10,2025-08-14
ADDR_001095,REGION_10,2025-06-13
ADDR_001096,REGION_07,2025-04-03
ADDR_001097,REGION_01,2025-10-31
ADDR_001098,REGION_17,2025-11-14
ADDR_001099,REGION_08,2025-03-14
ADDR_001100,REGION_26,2025-01-05
ADDR_001101,REGION_06,2025-05-17
ADDR_001102,REGION_20,2025-10-24
ADDR_001103,REGION_16,2025-11-07
ADDR_001104,REGION_19,2025-03-03
ADDR_001105,REGION_04,2025-10-17
ADDR_001106,REGION_14,2025-02-22
ADDR_001107,REGION_19,2025-06-05
ADDR_001108,REGION_11,2025-12-30
ADDR_001109,REGION_27,2025-03-24
ADDR_001110,REGION_16,2025-03-09
ADDR_001111,REGION_11,2025-06-17
ADDR_001112,REGION_01,2025-08-25
ADDR_001113,REGION_06,2025-12-08
ADDR_001114,REGION_15,2025-12-24
ADDR_001115,REGION_13,2025-02-03
ADDR_001116,REGION_27,2025-03-03
ADDR_001117,REGION_24,2025-10-22
ADDR_001118,REGION_05,2025-04-23
ADDR_001119,REGION_18,2025-11-23
ADDR_001120,REGION_14,2025-09-09
ADDR_001121,REGION_04,2025-02-20
ADDR_001122,REGION_20,2025-11-05
ADDR_001123,REGION_17,2025-03-18
ADDR_001124,REGION_03,2025-06-17
ADDR_001125,REGION_15,2025-08-02
ADDR_001126,REGION_22,2025-07-15
ADDR_001127,REGION_10,2025-09-17
ADDR_001128,REGION_11,2025-09-05
ADDR_001129,REGION_04,2025-12-28
ADDR_001130,REGION_07,2025-12-30
ADDR_001131,REGION_30,2025-07-20
ADDR_001132,REGION_19,2025-02-13
ADDR_001133,REGION_06,2025-10-01
ADDR_001134,REGION_15,2025-12-23
ADDR_001135,REGION_06,2025-05-10
ADDR_001136,REGION_14,2025-07-01
ADDR_001137,REGION_05,2025-06-18
ADDR_001138,REGION_19,2025-01-26
ADDR_001139,REGION_18,2025-09-12
ADDR_001140,REGION_20,2025-05-23
ADDR_001141,REGION_14,2025-10-21
ADDR_001142,REGION_09,2025-11-05
ADDR_001143,REGION_08,2025-11-01
ADDR_001144,REGION_07,2025-06-15
ADDR_001145,REGION_13,2025-05-12
ADDR_001146,REGION_14,2025-10-08
ADDR_001147,REGION_21,2025-10-26
ADDR_001148,REGION_02,2025-07-11
ADDR_001149,REGION_09,2025-11-25
ADDR_001150,REGION_26,2025-03-05
ADDR_001151,REGION_28,2025-11-21
ADDR_001152,REGION_28,2025-02-14
ADDR_001153,REGION_10,2025-03-09
ADDR_001154,REGION_05,2025-07-26
ADDR_001155,REGION_06,2025-02-02
ADDR_001156,REGION_04,2025-01-26
ADDR_001157,REGION_29,2025-01-01
ADDR_001158,REGION_27,2025-06-22
ADDR_001159,REGION_25,2025-10-17
ADDR_001160,REGION_22,2025-01-18
ADDR_001161,REGION_11,2025-09-05
ADDR_001162,REGION_15,2025-11-02
ADDR_001163,REGION_26,2025-03-15
ADDR_001164,REGION_25,2025-03-06
ADDR_001165,REGION_16,2025-11-15
ADDR_001166,REGION_26,2025-11-02
ADDR_001167,REGION_11,2025-07-28
ADDR_001168,REGION_13,2025-11-01
ADDR_001169,REGION_26,2025-02-12
ADDR_001170,REGION_12,2025-06-07
ADDR_001171,REGION_23,2025-10-04
ADDR_001172,REGION_14,2025-04-18
ADDR_001173,REGION_09,2025-10-09
ADDR_001174,REGION_07,2025-07-16
ADDR_001175,REGION_19,2025-10-09
ADDR_001176,REGION_15,2025-07-02
ADDR_001177,REGION_12,2025-05-29
ADDR_001178,REGION_23,2025-04-03
ADDR_001179,REGION_01,2025-03-30
ADDR_001180,REGION_03,2025-10-09
ADDR_001181,REGION_29,2025-02-23
ADDR_001182,REGION_20,2025-02-10
ADDR_001183,REGION_17,2025-03-18
ADDR_001184,REGION_01,2025-03-17
ADDR_001185,REGION_18,2025-11-02
ADDR_001186,REGION_14,2025-06-09
ADDR_001187,REGION_18,2025-12-27
ADDR_001188,REGION_02,2025-03-02
ADDR_001189,REGION_17,2025-09-06
ADDR_001190,REGION_18,2025-06-26
ADDR_001191,REGION_09,2025-06-07
ADDR_001192,REGION_02,2025-11-19
ADDR_001193,REGION_30,2025-12-22
ADDR_001194,REGION_22,2025-11-19
ADDR_001195,REGION_19,2025-03-24
ADDR_001196,REGION_24,2025-04-04
ADDR_001197,REGION_21,2025-09-07
ADDR_001198,REGION_05,2025-04-30
ADDR_001199,REGION_14,2025-10-03
ADDR_001200,REGION_27,2025-08-07
ADDR_001201,REGION_09,2025-08-01
ADDR_001202,REGION_30,2025-11-04
ADDR_001203,REGION_02,2025-09-25
ADDR_001204,REGION_10,2025-01-14
ADDR_001205,REGION_11,2025-01-25
ADDR_001206,REGION_19,2025-08-19
ADDR_001207,REGION_06,2025-07-10
ADDR_001208,REGION_07,2025-04-19
ADDR_001209,REGION_20,2025-06-16
ADDR_001210,REGION_09,2025-10-11
ADDR_001211,REGION_27,2025-11-03
ADDR_001212,REGION_27,2025-08-05
ADDR_001213,REGION_10,2025-06-04
ADDR_001214,REGION_17,2025-04-23
ADDR_001215,REGION_10,2025-07-22
ADDR_001216,REGION_11,2025-05-09
ADDR_001217,REGION_21,2025-08-06
ADDR_001218,REGION_09,2025-09-14
ADDR_001219,REGION_05,2025-02-01
ADDR_001220,REGION_08,2025-01-01
ADDR_001221,REGION_28,2025-04-01
ADDR_001222,REGION_08,2025-11-26
ADDR_001223,REGION_11,2025-09-03
ADDR_001224,REGION_19,2025-03-16
ADDR_001225,REGION_04,2025-11-24
ADDR_001226,REGION_09,2025-07-04
ADDR_001227,REGION_06,2025-07-06
ADDR_001228,REGION_28,2025-12-09
ADDR_001229,REGION_28,2025-01-29
ADDR_001230,REGION_23,2025-04-02
ADDR_001231,REGION_08,2025-08-13
ADDR_001232,REGION_19,2025-03-25
ADDR_001233,REGION_20,2025-09-15
ADDR_001234,REGION_27,2025-04-01
ADDR_001235,REGION_05,2025-02-15
ADDR_001236,REGION_23,2025-03-30
ADDR_001237,REGION_06,2025-06-17
ADDR_001238,REGION_18,2025-03-18
ADDR_001239,REGION_27,2025-03-01
ADDR_001240,REGION_02,2025-11-14
ADDR_001241,REGION_05,2025-05-11
ADDR_001242,REGION_25,2025-05-26
ADDR_001243,REGION_01,2025-01-27
ADDR_001244,REGION_21,2025-05-25
ADDR_001245,REGION_16,2025-04-21
ADDR_001246,REGION_11,2025-08-22
ADDR_001247,REGION_26,2025-03-29
ADDR_001248,REGION_26,2025-11-24
ADDR_001249,REGION_10,2025-12-07
ADDR_001250,REGION_01,2025-02-15
ADDR_001251,REGION_04,2025-02-18
ADDR_001252,REGION_04,2025-02-22
ADDR_001253,REGION_30,2025-08-25
ADDR_001254,REGION_18,2025-02-24
ADDR_001255,REGION_21,2025-11-12
ADDR_001256,REGION_07,2025-10-10
ADDR_001257,REGION_26,2025-11-01
ADDR_001258,REGION_22,2025-07-24
ADDR_001259,REGION_23,2025-12-29
ADDR_001260,REGION_15,2025-01-22
ADDR_001261,REGION_21,2025-06-10
ADDR_001262,REGION_17,2025-05-12
ADDR_001263,REGION_12,2025-12-14
ADDR_001264,REGION_18,2025-08-10
ADDR_001265,REGION_10,2025-10-27
ADDR_001266,REGION_29,2025-03-16
ADDR_001267,REGION_22,2025-12-23
ADDR_001268,REGION_23,2025-07-14
ADDR_001269,REGION_22,2025-07-12
ADDR_001270,REGION_14,2025-12-21
ADDR_001271,REGION_29,2025-06-02
ADDR_001272,REGION_07,2025-06-08
ADDR_001273,REGION_18,2025-08-13
ADDR_001274,REGION_03,2025-02-27
ADDR_001275,REGION_09,2025-05-11
ADDR_001276,REGION_18,2025-03-24
ADDR_001277,REGION_15,2025-02-17
ADDR_001278,REGION_29,2025-11-16
ADDR_001279,REGION_19,2025-08-15
ADDR_001280,REGION_13,2025-05-25
ADDR_001281,REGION_13,2025-06-12
ADDR_001282,REGION_19,2025-06-20
ADDR_001283,REGION_24,2025-08-30
ADDR_001284,REGION_09,2025-12-06
ADDR_001285,REGION_18,2025-12-08
ADDR_001286,REGION_18,2025-06-06
ADDR_001287,REGION_01,2025-05-14
ADDR_001288,REGION_28,2025-06-27
ADDR_001289,REGION_18,2025-08-07
ADDR_001290,REGION_08,2025-07-01
ADDR_001291,REGION_20,2025-09-08
ADDR_001292,REGION_21,2025-08-03
ADDR_001293,REGION_28,2025-05-11
ADDR_001294,REGION_02,2025-05-20
ADDR_001295,REGION_13,2025-06-01
ADDR_001296,REGION_06,2025-02-13
ADDR_001297,REGION_18,2025-03-14
ADDR_001298,REGION_16,2025-09-29
ADDR_001299,REGION_15,2025-06-05
ADDR_001300,REGION_30,2025-04-02
ADDR_001301,REGION_16,2025-08-05
ADDR_001302,REGION_13,2025-10-10
ADDR_001303,REGION_03,2025-04-18
ADDR_001304,REGION_09,2025-11-03
ADDR_001305,REGION_27,2025-12-07
ADDR_001306,REGION_14,2025-08-17
ADDR_001307,REGION_28,2025-09-11
ADDR_001308,REGION_16,2025-01-26
ADDR_001309,REGION_17,2025-12-13
ADDR_001310,REGION_13,2025-06-06
ADDR_001311,REGION_17,2025-12-05
ADDR_001312,REGION_03,2025-08-11
ADDR_001313,REGION_02,2025-01-03
ADDR_001314,REGION_15,2025-01-20
ADDR_001315,REGION_18,2025-09-15
ADDR_001316,REGION_17,2025-08-05
ADDR_001317,REGION_13,2025-01-14
ADDR_001318,REGION_09,2025-10-06
ADDR_001319,REGION_22,2025-11-12
ADDR_001320,REGION_19,2025-07-13
ADDR_001321,REGION_02,2025-07-02
ADDR_001322,REGION_14,2025-01-04
ADDR_001323,REGION_22,2025-10-21
ADDR_001324,REGION_24,2025-05-15
ADDR_001325,REGION_09,2025-11-21
ADDR_001326,REGION_28,2025-05-30
ADDR_001327,REGION_20,2025-08-06
ADDR_001328,REGION_14,2025-04-23
ADDR_001329,REGION_19,2025-03-12
ADDR_001330,REGION_27,2025-10-17
ADDR_001331,REGION_07,2025-07-13
ADDR_001332,REGION_05,2025-07-27
ADDR_001333,REGION_14,2025-12-19
ADDR_001334,REGION_03,2025-12-19
ADDR_001335,REGION_26,2025-11-13
ADDR_001336,REGION_30,2025-03-22
ADDR_001337,REGION_19,2025-08-16
ADDR_001338,REGION_30,2025-11-20
ADDR_001339,REGION_03,2025-05-31
ADDR_001340,REGION_19,2025-02-16
ADDR_001341,REGION_14,2025-10-29
ADDR_001342,REGION_09,2025-07-08
ADDR_001343,REGION_10,2025-08-06
ADDR_001344,REGION_17,2025-12-25
ADDR_001345,REGION_20,2025-08-21
ADDR_001346,REGION_05,2025-06-18
ADDR_001347,REGION_19,2025-05-29
ADDR_001348,REGION_28,2025-06-15
ADDR_001349,REGION_01,2025-02-23
ADDR_001350,REGION_27,2025-10-24
ADDR_001351,REGION_19,2025-11-07
ADDR_001352,REGION_11,2025-04-28
ADDR_001353,REGION_23,2025-05-05
ADDR_001354,REGION_19,2025-11-19
ADDR_001355,REGION_24,2025-01-13
ADDR_001356,REGION_03,2025-07-22
ADDR_001357,REGION_02,2025-07-02
ADDR_001358,REGION_20,2025-09-18
ADDR_001359,REGION_10,2025-03-13
ADDR_001360,REGION_08,2025-09-11
ADDR_001361,REGION_13,2025-06-01
ADDR_001362,REGION_22,2025-08-25
ADDR_001363,REGION_06,2025-01-21
ADDR_001364,REGION_30,2025-07-01
ADDR_001365,REGION_13,2025-07-22
ADDR_001366,REGION_05,2025-04-02
ADDR_001367,REGION_03,2025-03-03
ADDR_001368,REGION_26,2025-03-23
ADDR_001369,REGION_04,2025-05-20
ADDR_001370,REGION_13,2025-02-14
ADDR_001371,REGION_21,2025-12-13
ADDR_001372,REGION_16,2025-06-11
ADDR_001373,REGION_08,2025-10-28
ADDR_001374,REGION_04,2025-12-22
ADDR_001375,REGION_22,2025-02-07
ADDR_001376,REGION_15,2025-09-05
ADDR_001377,REGION_02,2025-11-18
ADDR_001378,REGION_06,2025-08-30
ADDR_001379,REGION_17,2025-06-19
ADDR_001380,REGION_06,2025-06-20
ADDR_001381,REGION_12,2025-01-19
ADDR_001382,REGION_04,2025-07-27
ADDR_001383,REGION_24,2025-12-28
ADDR_001384,REGION_19,2025-12-17
ADDR_001385,REGION_24,2025-01-21
ADDR_001386,REGION_02,2025-09-24
ADDR_001387,REGION_12,2025-05-04
ADDR_001388,REGION_09,2025-11-29
ADDR_001389,REGION_19,2025-01-23
ADDR_001390,REGION_25,2025-12-09
ADDR_001391,REGION_07,2025-11-07
ADDR_001392,REGION_24,2025-02-22
ADDR_001393,REGION_18,2025-01-29
ADDR_001394,REGION_25,2025-11-06
ADDR_001395,REGION_03,2025-03-10
ADDR_001396,REGION_30,2025-07-27
ADDR_001397,REGION_14,2025-12-03
ADDR_001398,REGION_09,2025-08-07
ADDR_001399,REGION_06,2025-06-08
ADDR_001400,REGION_30,2025-06-25
ADDR_001401,REGION_27,2025-01-31
ADDR_001402,REGION_04,2025-12-20
ADDR_001403,REGION_14,2025-05-08
ADDR_001404,REGION_23,2025-03-23
ADDR_001405,REGION_18,2025-04-29
ADDR_001406,REGION_06,2025-12-19
ADDR_001407,REGION_11,2025-02-13
ADDR_001408,REGION_12,2025-11-17
ADDR_001409,REGION_09,2025-09-24
ADDR_001410,REGION_29,2025-11-04
ADDR_001411,REGION_07,2025-12-23
ADDR_001412,REGION_22,2025-11-08
ADDR_001413,REGION_28,2025-12-12
ADDR_001414,REGION_24,2025-02-26
ADDR_001415,REGION_24,2025-10-24
ADDR_001416,REGION_05,2025-07-31
ADDR_001417,REGION_04,2025-07-30
ADDR_001418,REGION_24,2025-11-27
ADDR_001419,REGION_23,2025-12-21
ADDR_001420,REGION_23,2025-09-23
ADDR_001421,REGION_13,2025-07-09
ADDR_001422,REGION_16,2025-06-29
ADDR_001423,REGION_01,2025-06-04
ADDR_001424,REGION_09,2025-05-26
ADDR_001425,REGION_16,2025-06-06
ADDR_001426,REGION_04,2025-02-11
ADDR_001427,REGION_04,2025-02-06
ADDR_001428,REGION_02,2025-10-19
ADDR_001429,REGION_07,2025-06-26
ADDR_001430,REGION_30,2025-12-08
ADDR_001431,REGION_21,2025-08-23
ADDR_001432,REGION_29,2025-01-18
ADDR_001433,REGION_08,2025-03-10
ADDR_001434,REGION_18,2025-03-29
ADDR_001435,REGION_27,2025-12-23
ADDR_001436,REGION_11,2025-04-03
ADDR_001437,REGION_20,2025-07-20
ADDR_001438,REGION_21,2025-12-10
ADDR_001439,REGION_25,2025-12-23
ADDR_001440,REGION_30,2025-04-10
ADDR_001441,REGION_19,2025-01-25
ADDR_001442,REGION_18,2025-03-09
ADDR_001443,REGION_27,2025-01-31
ADDR_001444,REGION_21,2025-03-25
ADDR_001445,REGION_11,2025-08-07
ADDR_001446,REGION_19,2025-12-02
ADDR_001447,REGION_17,2025-07-28
ADDR_001448,REGION_07,2025-08-27
ADDR_001449,REGION_16,2025-03-28
ADDR_001450,REGION_19,2025-10-25
ADDR_001451,REGION_28,2025-08-24
ADDR_001452,REGION_18,2025-11-16
ADDR_001453,REGION_05,2025-12-14
ADDR_001454,REGION_30,2025-05-21
ADDR_001455,REGION_18,2025-02-11
ADDR_001456,REGION_09,2025-04-06
ADDR_001457,REGION_23,2025-06-23
ADDR_001458,REGION_12,2025-12-13
ADDR_001459,REGION_12,2025-06-01
ADDR_001460,REGION_26,2025-10-15
ADDR_001461,REGION_27,2025-07-29
ADDR_001462,REGION_16,2025-03-20
ADDR_001463,REGION_12,2025-05-11
ADDR_001464,REGION_26,2025-09-06
ADDR_001465,REGION_06,2025-09-12
ADDR_001466,REGION_23,2025-06-21
ADDR_001467,REGION_18,2025-04-07
ADDR_001468,REGION_26,2025-09-29
ADDR_001469,REGION_13,2025-03-15
ADDR_001470,REGION_25,2025-12-10
ADDR_001471,REGION_01,2025-03-22
ADDR_001472,REGION_23,2025-02-18
ADDR_001473,REGION_03,2025-07-14
ADDR_001474,REGION_20,2025-07-21
ADDR_001475,REGION_06,2025-07-17
ADDR_001476,REGION_29,2025-06-22
ADDR_001477,REGION_24,2025-12-29
ADDR_001478,REGION_04,2025-07-10
ADDR_001479,REGION_27,2025-07-07
ADDR_001480,REGION_08,2025-06-17
ADDR_001481,REGION_17,2025-02-01
ADDR_001482,REGION_03,2025-08-16
ADDR_001483,REGION_04,2025-04-07
ADDR_001484,REGION_08,2025-08-31
ADDR_001485,REGION_17,2025-01-25
ADDR_001486,REGION_17,2025-12-24
ADDR_001487,REGION_26,2025-07-04
ADDR_001488,REGION_05,2025-11-26
ADDR_001489,REGION_23,2025-07-06
ADDR_001490,REGION_01,2025-01-30
ADDR_001491,REGION_09,2025-11-02
ADDR_001492,REGION_06,2025-09-04
ADDR_001493,REGION_04,2025-10-19
ADDR_001494,REGION_18,2025-06-19
ADDR_001495,REGION_28,2025-08-31
ADDR_001496,REGION_21,2025-11-13
ADDR_001497,REGION_26,2025-08-29
ADDR_001498,REGION_18,2025-05-21
ADDR_001499,REGION_02,2025-09-09
ADDR_001500,REGION_11,2025-09-12
ADDR_001501,REGION_25,2025-12-18
ADDR_001502,REGION_02,2025-05-30
ADDR_001503,REGION_03,2025-06-18
ADDR_001504,REGION_26,2025-10-29
ADDR_001505,REGION_02,2025-07-17
ADDR_001506,REGION_29,2025-10-04
ADDR_001507,REGION_23,2025-06-30
ADDR_001508,REGION_20,2025-04-02
ADDR_001509,REGION_17,2025-10-07
ADDR_001510,REGION_03,2025-02-28
ADDR_001511,REGION_13,2025-03-26
ADDR_001512,REGION_25,2025-08-28
ADDR_001513,REGION_28,2025-10-08
ADDR_001514,REGION_14,2025-11-26
ADDR_001515,REGION_26,2025-04-23
ADDR_001516,REGION_24,2025-02-20
ADDR_001517,REGION_02,2025-12-16
ADDR_001518,REGION_19,2025-03-09
ADDR_001519,REGION_19,2025-03-26
ADDR_001520,REGION_17,2025-04-30
ADDR_001521,REGION_24,2025-07-25
ADDR_001522,REGION_27,2025-11-22
ADDR_001523,REGION_17,2025-10-12
ADDR_001524,REGION_10,2025-09-24
ADDR_001525,REGION_30,2025-03-17
ADDR_001526,REGION_29,2025-05-25
ADDR_001527,REGION_21,2025-07-07
ADDR_001528,REGION_20,2025-03-06
ADDR_001529,REGION_04,2025-04-24
ADDR_001530,REGION_13,2025-05-07
ADDR_001531,REGION_06,2025-02-26
ADDR_001532,REGION_16,2025-08-01
ADDR_001533,REGION_25,2025-09-23
ADDR_001534,REGION_07,2025-02-03
ADDR_001535,REGION_30,2025-07-08
ADDR_001536,REGION_04,2025-10-19
ADDR_001537,REGION_03,2025-10-08
ADDR_001538,REGION_30,2025-10-30
ADDR_001539,REGION_04,2025-06-26
ADDR_001540,REGION_23,2025-11-01
ADDR_001541,REGION_23,2025-04-12
ADDR_001542,REGION_10,2025-05-26
ADDR_001543,REGION_02,2025-03-18
ADDR_001544,REGION_10,2025-07-03
ADDR_001545,REGION_03,2025-06-06
ADDR_001546,REGION_21,2025-04-12
ADDR_001547,REGION_27,2025-10-09
ADDR_001548,REGION_30,2025-05-09
ADDR_001549,REGION_25,2025-04-24
ADDR_001550,REGION_24,2025-02-28
ADDR_001551,REGION_27,2025-06-23
ADDR_001552,REGION_24,2025-05-05
ADDR_001553,REGION_20,2025-05-29
ADDR_001554,REGION_30,2025-04-10
ADDR_001555,REGION_10,2025-10-13
ADDR_001556,REGION_13,2025-12-07
ADDR_001557,REGION_28,2025-07-14
ADDR_001558,REGION_10,2025-09-02
ADDR_001559,REGION_09,2025-11-17
ADDR_001560,REGION_05,2025-12-30
ADDR_001561,REGION_09,2025-08-23
ADDR_001562,REGION_18,2025-11-24
ADDR_001563,REGION_27,2025-11-30
ADDR_001564,REGION_05,2025-10-22
ADDR_001565,REGION_21,2025-07-01
ADDR_001566,REGION_23,2025-02-07
ADDR_001567,REGION_27,2025-01-09
ADDR_001568,REGION_23,2025-07-07
ADDR_001569,REGION_05,2025-07-13
ADDR_001570,REGION_15,2025-06-12
ADDR_001571,REGION_29,2025-08-07
ADDR_001572,REGION_28,2025-08-02
ADDR_001573,REGION_19,2025-11-07
ADDR_001574,REGION_29,2025-02-19
ADDR_001575,REGION_21,2025-04-06
ADDR_001576,REGION_02,2025-10-23
ADDR_001577,REGION_28,2025-11-10
ADDR_001578,REGION_06,2025-12-29
ADDR_001579,REGION_12,2025-11-19
ADDR_001580,REGION_08,2025-11-24
ADDR_001581,REGION_22,2025-05-09
ADDR_001582,REGION_01,2025-06-10
ADDR_001583,REGION_20,2025-04-22
ADDR_001584,REGION_26,2025-08-21
ADDR_001585,REGION_24,2025-12-10
ADDR_001586,REGION_10,2025-05-20
ADDR_001587,REGION_27,2025-08-03
ADDR_001588,REGION_11,2025-05-02
ADDR_001589,REGION_21,2025-03-15
ADDR_001590,REGION_16,2025-03-25
ADDR_001591,REGION_03,2025-01-29
ADDR_001592,REGION_01,2025-12-14
ADDR_001593,REGION_06,2025-06-10
ADDR_001594,REGION_29,2025-11-06
ADDR_001595,REGION_29,2025-09-15
ADDR_001596,REGION_13,2025-03-24
ADDR_001597,REGION_30,2025-03-18
ADDR_001598,REGION_02,2025-10-29
ADDR_001599,REGION_30,2025-04-21
ADDR_001600,REGION_07,2025-12-02
ADDR_001601,REGION_02,2025-03-04
ADDR_001602,REGION_23,2025-09-14
ADDR_001603,REGION_12,2025-10-30
ADDR_001604,REGION_09,2025-04-09
ADDR_001605,REGION_23,2025-04-25
ADDR_001606,REGION_10,2025-12-19
ADDR_001607,REGION_23,2025-04-21
ADDR_001608,REGION_06,2025-06-20
ADDR_001609,REGION_03,2025-06-21
ADDR_001610,REGION_10,2025-04-16
ADDR_001611,REGION_19,2025-10-17
ADDR_001612,REGION_07,2025-10-16
ADDR_001613,REGION_05,2025-06-01
ADDR_001614,REGION_23,2025-11-06
ADDR_001615,REGION_15,2025-04-01
ADDR_001616,REGION_13,2025-01-03
ADDR_001617,REGION_08,2025-08-08
ADDR_001618,REGION_01,2025-12-29
ADDR_001619,REGION_02,2025-01-20
ADDR_001620,REGION_21,2025-03-30
ADDR_001621,REGION_03,2025-07-21
ADDR_001622,REGION_08,2025-10-29
ADDR_001623,REGION_28,2025-02-11
ADDR_001624,REGION_11,2025-06-07
ADDR_001625,REGION_23,2025-10-07
ADDR_001626,REGION_11,2025-05-30
ADDR_001627,REGION_28,2025-03-23
ADDR_001628,REGION_25,2025-03-25
ADDR_001629,REGION_15,2025-06-13
ADDR_001630,REGION_21,2025-07-07
ADDR_001631,REGION_13,2025-11-15
ADDR_001632,REGION_29,2025-09-02
ADDR_001633,REGION_11,2025-09-18
ADDR_001634,REGION_26,2025-12-25
ADDR_001635,REGION_19,2025-06-13
ADDR_001636,REGION_20,2025-06-10
ADDR_001637,REGION_11,2025-12-05
ADDR_001638,REGION_25,2025-04-13
ADDR_001639,REGION_23,2025-10-02
ADDR_001640,REGION_25,2025-10-10
ADDR_001641,REGION_25,2025-02-14
ADDR_001642,REGION_05,2025-07-03
ADDR_001643,REGION_27,2025-03-27
ADDR_001644,REGION_26,2025-03-21
ADDR_001645,REGION_08,2025-07-02
ADDR_001646,REGION_30,2025-04-30
ADDR_001647,REGION_16,2025-10-24
ADDR_001648,REGION_10,2025-11-30
ADDR_001649,REGION_07,2025-10-26
ADDR_001650,REGION_11,2025-04-21
ADDR_001651,REGION_02,2025-04-24
ADDR_001652,REGION_21,2025-04-17
ADDR_001653,REGION_22,2025-03-02
ADDR_001654,REGION_21,2025-12-12
ADDR_001655,REGION_17,2025-06-10
ADDR_001656,REGION_11,2025-04-05
ADDR_001657,REGION_22,2025-11-10
ADDR_001658,REGION_27,2025-06-09
ADDR_001659,REGION_03,2025-01-18
ADDR_001660,REGION_12,2025-03-12
ADDR_001661,REGION_30,2025-09-01
ADDR_001662,REGION_26,2025-10-20
ADDR_001663,REGION_30,2025-03-31
ADDR_001664,REGION_06,2025-12-03
ADDR_001665,REGION_14,2025-11-11
ADDR_001666,REGION_04,2025-11-10
ADDR_001667,REGION_26,2025-04-07
ADDR_001668,REGION_16,2025-01-25
ADDR_001669,REGION_08,2025-11-17
ADDR_001670,REGION_03,2025-05-06
ADDR_001671,REGION_23,2025-08-25
ADDR_001672,REGION_25,2025-10-12
ADDR_001673,REGION_27,2025-02-27
ADDR_001674,REGION_30,2025-10-19
ADDR_001675,REGION_25,2025-12-10
ADDR_001676,REGION_24,2025-10-01
ADDR_001677,REGION_25,2025-06-24
ADDR_001678,REGION_30,2025-11-20
ADDR_001679,REGION_14,2025-07-24
ADDR_001680,REGION_23,2025-10-07
ADDR_001681,REGION_25,2025-11-01
ADDR_001682,REGION_04,2025-10-08
ADDR_001683,REGION_21,2025-04-29
ADDR_001684,REGION_11,2025-02-23
ADDR_001685,REGION_04,2025-04-11
ADDR_001686,REGION_06,2025-07-16
ADDR_001687,REGION_04,2025-07-16
ADDR_001688,REGION_27,2025-08-12
ADDR_001689,REGION_24,2025-06-07
ADDR_001690,REGION_04,2025-10-21
ADDR_001691,REGION_19,2025-12-02
ADDR_001692,REGION_20,2025-04-14
ADDR_001693,REGION_16,2025-10-04
ADDR_001694,REGION_19,2025-09-14
ADDR_001695,REGION_28,2025-07-23
ADDR_001696,REGION_16,2025-03-23
ADDR_001697,REGION_20,2025-10-24
ADDR_001698,REGION_18,2025-12-18
ADDR_001699,REGION_12,2025-09-29
ADDR_001700,REGION_27,2025-12-03
ADDR_001701,REGION_13,2025-12-25
ADDR_001702,REGION_24,2025-05-23
ADDR_001703,REGION_19,2025-08-31
ADDR_001704,REGION_21,2025-07-05
ADDR_001705,REGION_23,2025-12-26
ADDR_001706,REGION_23,2025-02-13
ADDR_001707,REGION_17,2025-06-14
ADDR_001708,REGION_19,2025-11-19
ADDR_001709,REGION_16,2025-04-28
ADDR_001710,REGION_11,2025-10-21
ADDR_001711,REGION_22,2025-06-03
ADDR_001712,REGION_27,2025-12-24
ADDR_001713,REGION_22,2025-11-22
ADDR_001714,REGION_24,2025-05-04
ADDR_001715,REGION_25,2025-10-15
ADDR_001716,REGION_12,2025-05-17
ADDR_001717,REGION_02,2025-08-21
ADDR_001718,REGION_11,2025-09-07
ADDR_001719,REGION_23,2025-11-04
ADDR_001720,REGION_25,2025-01-13
ADDR_001721,REGION_16,2025-04-04
ADDR_001722,REGION_24,2025-09-26
ADDR_001723,REGION_03,2025-08-06
ADDR_001724,REGION_20,2025-07-13
ADDR_001725,REGION_21,2025-01-27
ADDR_001726,REGION_16,2025-05-21
ADDR_001727,REGION_22,2025-11-16
ADDR_001728,REGION_15,2025-01-16
ADDR_001729,REGION_16,2025-06-08
ADDR_001730,REGION_19,2025-12-12
ADDR_001731,REGION_24,2025-01-25
ADDR_001732,REGION_08,2025-10-08
ADDR_001733,REGION_10,2025-04-18
ADDR_001734,REGION_13,2025-11-16
ADDR_001735,REGION_07,2025-10-07
ADDR_001736,REGION_11,2025-11-23
ADDR_001737,REGION_11,2025-04-02
ADDR_001738,REGION_10,2025-07-26
ADDR_001739,REGION_13,2025-10-18
ADDR_001740,REGION_16,2025-04-13
ADDR_001741,REGION_21,2025-04-08
ADDR_001742,REGION_10,2025-01-15
ADDR_001743,REGION_26,2025-12-17
ADDR_001744,REGION_15,2025-09-25
ADDR_001745,REGION_22,2025-08-31
ADDR_001746,REGION_04,2025-10-06
ADDR_001747,REGION_06,2025-07-26
ADDR_001748,REGION_14,2025-07-06
ADDR_001749,REGION_11,2025-06-27
ADDR_001750,REGION_15,2025-09-01
ADDR_001751,REGION_05,2025-03-28
ADDR_001752,REGION_15,2025-11-24
ADDR_001753,REGION_21,2025-10-29
ADDR_001754,REGION_22,2025-05-22
ADDR_001755,REGION_08,2025-08-11
ADDR_001756,REGION_11,2025-03-04
ADDR_001757,REGION_16,2025-12-21
ADDR_001758,REGION_16,2025-11-29
ADDR_001759,REGION_24,2025-12-05
ADDR_001760,REGION_12,2025-05-15
ADDR_001761,REGION_21,2025-03-15
ADDR_001762,REGION_27,2025-04-01
ADDR_001763,REGION_09,2025-02-11
ADDR_001764,REGION_25,2025-02-24
ADDR_001765,REGION_10,2025-02-03
ADDR_001766,REGION_11,2025-12-27
ADDR_001767,REGION_20,2025-02-04
ADDR_001768,REGION_19,2025-03-01
ADDR_001769,REGION_17,2025-11-03
ADDR_001770,REGION_07,2025-08-12
ADDR_001771,REGION_03,2025-10-17
ADDR_001772,REGION_28,2025-08-29
ADDR_001773,REGION_27,2025-11-22
ADDR_001774,REGION_27,2025-09-01
ADDR_001775,REGION_16,2025-07-22
ADDR_001776,REGION_27,2025-09-26
ADDR_001777,REGION_15,2025-06-26
ADDR_001778,REGION_03,2025-05-21
ADDR_001779,REGION_06,2025-07-03
ADDR_001780,REGION_09,2025-03-15
ADDR_001781,REGION_12,2025-10-24
ADDR_001782,REGION_29,2025-04-19
ADDR_001783,REGION_10,2025-03-09
ADDR_001784,REGION_19,2025-04-14
ADDR_001785,REGION_09,2025-11-08
ADDR_001786,REGION_20,2025-05-15
ADDR_001787,REGION_18,2025-09-17
ADDR_001788,REGION_05,2025-11-13
ADDR_001789,REGION_14,2025-02-06
ADDR_001790,REGION_04,2025-10-14
ADDR_001791,REGION_27,2025-05-07
ADDR_001792,REGION_22,2025-04-02
ADDR_001793,REGION_29,2025-09-18
ADDR_001794,REGION_27,2025-12-01
ADDR_001795,REGION_07,2025-05-02
ADDR_001796,REGION_22,2025-08-08
ADDR_001797,REGION_04,2025-04-30
ADDR_001798,REGION_29,2025-08-03
ADDR_001799,REGION_24,2025-08-26
ADDR_001800,REGION_21,2025-08-22
ADDR_001801,REGION_30,2025-08-26
ADDR_001802,REGION_26,2025-03-02
ADDR_001803,REGION_26,2025-09-19
ADDR_001804,REGION_04,2025-09-13
ADDR_001805,REGION_01,2025-09-16
ADDR_001806,REGION_29,2025-02-04
ADDR_001807,REGION_08,2025-06-26
ADDR_001808,REGION_13,2025-06-12
ADDR_001809,REGION_02,2025-02-10
ADDR_001810,REGION_19,2025-04-05
ADDR_001811,REGION_25,2025-06-24
ADDR_001812,REGION_26,2025-10-06
ADDR_001813,REGION_18,2025-04-10
ADDR_001814,REGION_20,2025-11-04
ADDR_001815,REGION_16,2025-07-31
ADDR_001816,REGION_14,2025-10-12
ADDR_001817,REGION_17,2025-07-05
ADDR_001818,REGION_29,2025-07-14
ADDR_001819,REGION_08,2025-08-25
ADDR_001820,REGION_15,2025-12-07
ADDR_001821,REGION_19,2025-07-12
ADDR_001822,REGION_18,2025-07-25
ADDR_001823,REGION_01,2025-08-19
ADDR_001824,REGION_09,2025-10-04
ADDR_001825,REGION_20,2025-02-04
ADDR_001826,REGION_21,2025-07-20
ADDR_001827,REGION_23,2025-07-08
ADDR_001828,REGION_30,2025-12-05
ADDR_001829,REGION_21,2025-07-12
ADDR_001830,REGION_18,2025-07-03
ADDR_001831,REGION_10,2025-12-18
ADDR_001832,REGION_12,2025-06-27
ADDR_001833,REGION_25,2025-03-20
ADDR_001834,REGION_15,2025-04-02
ADDR_001835,REGION_22,2025-02-13
ADDR_001836,REGION_04,2025-01-01
ADDR_001837,REGION_04,2025-06-20
ADDR_001838,REGION_07,2025-10-15
ADDR_001839,REGION_06,2025-10-03
ADDR_001840,REGION_19,2025-01-17
ADDR_001841,REGION_20,2025-08-08
ADDR_001842,REGION_17,2025-03-09
ADDR_001843,REGION_09,2025-12-11
ADDR_001844,REGION_18,2025-03-14
ADDR_001845,REGION_04,2025-08-28
ADDR_001846,REGION_15,2025-05-13
ADDR_001847,REGION_05,2025-09-02
ADDR_001848,REGION_03,2025-06-13
ADDR_001849,REGION_05,2025-10-12
ADDR_001850,REGION_04,2025-04-08
ADDR_001851,REGION_15,2025-11-29
ADDR_001852,REGION_17,2025-07-15
ADDR_001853,REGION_19,2025-10-11
ADDR_001854,REGION_14,2025-11-11
ADDR_001855,REGION_06,2025-12-30
ADDR_001856,REGION_01,2025-04-05
ADDR_001857,REGION_22,2025-04-29
ADDR_001858,REGION_30,2025-04-15
ADDR_001859,REGION_09,2025-04-20
ADDR_001860,REGION_07,2025-08-12
ADDR_001861,REGION_10,2025-12-28
ADDR_001862,REGION_07,2025-12-27
ADDR_001863,REGION_07,2025-07-24
ADDR_001864,REGION_15,2025-09-01
ADDR_001865,REGION_24,2025-11-14
ADDR_001866,REGION_22,2025-12-08
ADDR_001867,REGION_29,2025-03-28
ADDR_001868,REGION_11,2025-07-25
ADDR_001869,REGION_15,2025-11-05
ADDR_001870,REGION_12,2025-05-05
ADDR_001871,REGION_02,2025-06-23
ADDR_001872,REGION_12,2025-12-26
ADDR_001873,REGION_08,2025-12-26
ADDR_001874,REGION_15,2025-11-30
ADDR_001875,REGION_05,2025-10-25
ADDR_001876,REGION_23,2025-04-22
ADDR_001877,REGION_26,2025-05-11
ADDR_001878,REGION_29,2025-07-31
ADDR_001879,REGION_03,2025-08-05
ADDR_001880,REGION_04,2025-07-16
ADDR_001881,REGION_29,2025-08-31
ADDR_001882,REGION_26,2025-06-12
ADDR_001883,REGION_18,2025-10-08
ADDR_001884,REGION_10,2025-05-16
ADDR_001885,REGION_16,2025-05-15
ADDR_001886,REGION_17,2025-02-26
ADDR_001887,REGION_26,2025-03-23
ADDR_001888,REGION_16,2025-11-11
ADDR_001889,REGION_01,2025-06-26
ADDR_001890,REGION_21,2025-04-07
ADDR_001891,REGION_24,2025-10-12
ADDR_001892,REGION_09,2025-08-02
ADDR_001893,REGION_04,2025-01-12
ADDR_001894,REGION_05,2025-05-10
ADDR_001895,REGION_26,2025-03-18
ADDR_001896,REGION_14,2025-09-07
ADDR_001897,REGION_16,2025-04-24
ADDR_001898,REGION_29,2025-02-01
ADDR_001899,REGION_02,2025-01-27
ADDR_001900,REGION_07,2025-08-12
ADDR_001901,REGION_25,2025-01-12
ADDR_001902,REGION_17,2025-11-11
ADDR_001903,REGION_01,2025-03-10
ADDR_001904,REGION_22,2025-08-21
ADDR_001905,REGION_05,2025-06-25
ADDR_001906,REGION_24,2025-06-24
ADDR_001907,REGION_24,2025-02-04
ADDR_001908,REGION_25,2025-10-26
ADDR_001909,REGION_14,2025-11-25
ADDR_001910,REGION_09,2025-01-07
ADDR_001911,REGION_27,2025-03-19
ADDR_001912,REGION_17,2025-11-29
ADDR_001913,REGION_20,2025-08-01
ADDR_001914,REGION_05,2025-03-08
ADDR_001915,REGION_19,2025-03-28
ADDR_001916,REGION_18,2025-09-08
ADDR_001917,REGION_09,2025-09-30
ADDR_001918,REGION_24,2025-08-18
ADDR_001919,REGION_05,2025-12-15
ADDR_001920,REGION_22,2025-07-12
ADDR_001921,REGION_29,2025-05-04
ADDR_001922,REGION_18,2025-07-07
ADDR_001923,REGION_04,2025-05-26
ADDR_001924,REGION_17,2025-04-05
ADDR_001925,REGION_16,2025-01-23
ADDR_001926,REGION_17,2025-05-23
ADDR_001927,REGION_09,2025-09-25
ADDR_001928,REGION_19,2025-01-11
ADDR_001929,REGION_08,2025-06-23
ADDR_001930,REGION_17,2025-09-02
ADDR_001931,REGION_18,2025-08-22
ADDR_001932,REGION_20,2025-10-17
ADDR_001933,REGION_24,2025-10-29
ADDR_001934,REGION_27,2025-09-26
ADDR_001935,REGION_24,2025-02-16
ADDR_001936,REGION_24,2025-07-06
ADDR_001937,REGION_27,2025-08-20
ADDR_001938,REGION_08,2025-04-13
ADDR_001939,REGION_09,2025-01-22
ADDR_001940,REGION_16,2025-04-05
ADDR_001941,REGION_14,2025-06-29
ADDR_001942,REGION_22,2025-06-14
ADDR_001943,REGION_01,2025-03-18
ADDR_001944,REGION_05,2025-11-02
ADDR_001945,REGION_23,2025-12-06
ADDR_001946,REGION_25,2025-03-28
ADDR_001947,REGION_10,2025-12-07
ADDR_001948,REGION_10,2025-01-10
ADDR_001949,REGION_17,2025-12-06
ADDR_001950,REGION_15,2025-12-15
ADDR_001951,REGION_06,2025-01-07
ADDR_001952,REGION_16,2025-10-13
ADDR_001953,REGION_25,2025-12-21
ADDR_001954,REGION_22,2025-11-30
ADDR_001955,REGION_25,2025-12-21
ADDR_001956,REGION_20,2025-08-01
ADDR_001957,REGION_27,2025-02-06
ADDR_001958,REGION_08,2025-11-11
ADDR_001959,REGION_02,2025-08-23
ADDR_001960,REGION_04,2025-08-23
ADDR_001961,REGION_30,2025-06-15
ADDR_001962,REGION_20,2025-08-09
ADDR_001963,REGION_08,2025-03-09
ADDR_001964,REGION_26,2025-10-05
ADDR_001965,REGION_10,2025-02-05
ADDR_001966,REGION_18,2025-10-02
ADDR_001967,REGION_08,2025-11-11
ADDR_001968,REGION_03,2025-07-05
ADDR_001969,REGION_09,2025-07-18
ADDR_001970,REGION_07,2025-05-08
ADDR_001971,REGION_17,2025-12-20
ADDR_001972,REGION_01,2025-10-03
ADDR_001973,REGION_08,2025-05-29
ADDR_001974,REGION_18,2025-03-17
ADDR_001975,REGION_12,2025-04-04
ADDR_001976,REGION_20,2025-07-02
ADDR_001977,REGION_20,2025-12-12
ADDR_001978,REGION_29,2025-10-03
ADDR_001979,REGION_26,2025-04-02
ADDR_001980,REGION_07,2025-11-14
ADDR_001981,REGION_21,2025-06-01
ADDR_001982,REGION_19,2025-11-12
ADDR_001983,REGION_18,2025-04-12
ADDR_001984,REGION_24,2025-08-25
ADDR_001985,REGION_05,2025-12-06
ADDR_001986,REGION_12,2025-04-18
ADDR_001987,REGION_25,2025-09-19
ADDR_001988,REGION_27,2025-12-26
ADDR_001989,REGION_02,2025-03-08
ADDR_001990,REGION_15,2025-02-11
ADDR_001991,REGION_08,2025-09-13
ADDR_001992,REGION_06,2025-05-18
ADDR_001993,REGION_02,2025-02-03
ADDR_001994,REGION_17,2025-07-06
ADDR_001995,REGION_21,2025-10-10
ADDR_001996,REGION_16,2025-04-28
ADDR_001997,REGION_12,2025-05-17
ADDR_001998,REGION_24,2025-11-10
ADDR_001999,REGION_20,2025-07-22
ADDR_002000,REGION_28,2025-11-09
ADDR_002001,REGION_11,2025-06-26
ADDR_002002,REGION_08,2025-12-15
ADDR_002003,REGION_14,2025-09-05
ADDR_002004,REGION_16,2025-02-22
ADDR_002005,REGION_14,2025-11-23
ADDR_002006,REGION_25,2025-07-11
ADDR_002007,REGION_02,2025-03-04
ADDR_002008,REGION_16,2025-03-09
ADDR_002009,REGION_13,2025-09-17
ADDR_002010,REGION_07,2025-01-24
ADDR_002011,REGION_20,2025-04-29
ADDR_002012,REGION_25,2025-03-03
ADDR_002013,REGION_17,2025-06-24
ADDR_002014,REGION_03,2025-06-14
ADDR_002015,REGION_03,2025-07-22
ADDR_002016,REGION_13,2025-04-26
ADDR_002017,REGION_21,2025-01-17
ADDR_002018,REGION_10,2025-08-23
ADDR_002019,REGION_10,2025-05-31
ADDR_002020,REGION_26,2025-09-05
ADDR_002021,REGION_01,2025-02-19
ADDR_002022,REGION_03,2025-01-08
ADDR_002023,REGION_05,2025-04-14
ADDR_002024,REGION_30,2025-06-29
ADDR_002025,REGION_15,2025-06-07
ADDR_002026,REGION_05,2025-10-29
ADDR_002027,REGION_10,2025-06-01
ADDR_002028,REGION_30,2025-07-25
ADDR_002029,REGION_21,2025-08-16
ADDR_002030,REGION_07,2025-01-12
ADDR_002031,REGION_08,2025-07-20
ADDR_002032,REGION_03,2025-05-20
ADDR_002033,REGION_24,2025-06-17
ADDR_002034,REGION_05,2025-02-15
ADDR_002035,REGION_09,2025-10-20
ADDR_002036,REGION_11,2025-12-12
ADDR_002037,REGION_19,2025-01-12
ADDR_002038,REGION_19,2025-08-19
ADDR_002039,REGION_24,2025-10-13
ADDR_002040,REGION_09,2025-04-28
ADDR_002041,REGION_12,2025-10-21
ADDR_002042,REGION_12,2025-08-29
ADDR_002043,REGION_02,2025-12-07
ADDR_002044,REGION_23,2025-12-24
ADDR_002045,REGION_17,2025-01-22
ADDR_002046,REGION_15,2025-06-25
ADDR_002047,REGION_30,2025-07-31
ADDR_002048,REGION_06,2025-03-06
ADDR_002049,REGION_30,2025-05-17
ADDR_002050,REGION_21,2025-12-26
ADDR_002051,REGION_07,2025-01-09
ADDR_002052,REGION_21,2025-06-28
ADDR_002053,REGION_23,2025-11-09
ADDR_002054,REGION_11,2025-05-12
ADDR_002055,REGION_11,2025-07-07
ADDR_002056,REGION_26,2025-12-23
ADDR_002057,REGION_05,2025-07-06
ADDR_002058,REGION_01,2025-02-28
ADDR_002059,REGION_20,2025-01-26
ADDR_002060,REGION_28,2025-12-13
ADDR_002061,REGION_16,2025-04-21
ADDR_002062,REGION_05,2025-07-16
ADDR_002063,REGION_17,2025-02-11
ADDR_002064,REGION_08,2025-06-18
ADDR_002065,REGION_25,2025-12-08
ADDR_002066,REGION_19,2025-07-15
ADDR_002067,REGION_11,2025-12-21
ADDR_002068,REGION_19,2025-04-18
ADDR_002069,REGION_21,2025-07-16
ADDR_002070,REGION_21,2025-11-14
ADDR_002071,REGION_11,2025-06-26
ADDR_002072,REGION_18,2025-04-26
ADDR_002073,REGION_02,2025-11-13
ADDR_002074,REGION_13,2025-06-05
ADDR_002075,REGION_12,2025-07-25
ADDR_002076,REGION_17,2025-12-23
ADDR_002077,REGION_29,2025-03-22
ADDR_002078,REGION_29,2025-05-04
ADDR_002079,REGION_15,2025-01-17
ADDR_002080,REGION_20,2025-06-06
ADDR_002081,REGION_04,2025-03-27
ADDR_002082,REGION_15,2025-09-15
ADDR_002083,REGION_21,2025-03-20
ADDR_002084,REGION_21,2025-09-13
ADDR_002085,REGION_29,2025-04-20
ADDR_002086,REGION_14,2025-05-24
ADDR_002087,REGION_28,2025-05-22
ADDR_002088,REGION_30,2025-09-27
ADDR_002089,REGION_18,2025-07-03
ADDR_002090,REGION_03,2025-05-26
ADDR_002091,REGION_12,2025-11-12
ADDR_002092,REGION_23,2025-08-09
ADDR_002093,REGION_18,2025-04-01
ADDR_002094,REGION_29,2025-11-28
ADDR_002095,REGION_25,2025-05-19
ADDR_002096,REGION_02,2025-01-20
ADDR_002097,REGION_26,2025-07-13
ADDR_002098,REGION_11,2025-02-25
ADDR_002099,REGION_25,2025-04-11
ADDR_002100,REGION_16,2025-10-07
ADDR_002101,REGION_14,2025-02-28
ADDR_002102,REGION_03,2025-10-28
ADDR_002103,REGION_04,2025-12-10
ADDR_002104,REGION_18,2025-08-21
ADDR_002105,REGION_18,2025-09-25
ADDR_002106,REGION_17,2025-09-26
ADDR_002107,REGION_05,2025-12-28
ADDR_002108,REGION_16,2025-05-19
ADDR_002109,REGION_02,2025-03-13
ADDR_002110,REGION_05,2025-07-21
ADDR_002111,REGION_15,2025-07-26
ADDR_002112,REGION_19,2025-03-18
ADDR_002113,REGION_20,2025-08-23
ADDR_002114,REGION_30,2025-01-08
ADDR_002115,REGION_26,2025-12-07
ADDR_002116,REGION_12,2025-04-21
ADDR_002117,REGION_24,2025-01-20
ADDR_002118,REGION_03,2025-02-19
ADDR_002119,REGION_26,2025-04-11
ADDR_002120,REGION_12,2025-04-24
ADDR_002121,REGION_23,2025-01-17
ADDR_002122,REGION_30,2025-04-26
ADDR_002123,REGION_22,2025-03-24
ADDR_002124,REGION_28,2025-06-01
ADDR_002125,REGION_01,2025-06-04
ADDR_002126,REGION_06,2025-05-18
ADDR_002127,REGION_19,2025-05-14
ADDR_002128,REGION_17,2025-02-11
ADDR_002129,REGION_04,2025-01-14
ADDR_002130,REGION_22,2025-03-28
ADDR_002131,REGION_02,2025-10-11
ADDR_002132,REGION_30,2025-12-27
ADDR_002133,REGION_05,2025-12-07
ADDR_002134,REGION_14,2025-07-16
ADDR_002135,REGION_25,2025-07-26
ADDR_002136,REGION_16,2025-05-09
ADDR_002137,REGION_23,2025-10-17
ADDR_002138,REGION_22,2025-10-13
ADDR_002139,REGION_29,2025-11-09
ADDR_002140,REGION_14,2025-11-26
ADDR_002141,REGION_30,2025-06-21
ADDR_002142,REGION_16,2025-10-14
ADDR_002143,REGION_27,2025-10-27
ADDR_002144,REGION_22,2025-05-07
ADDR_002145,REGION_04,2025-12-07
ADDR_002146,REGION_20,2025-02-13
ADDR_002147,REGION_27,2025-12-29
ADDR_002148,REGION_04,2025-10-15
ADDR_002149,REGION_26,2025-02-13
ADDR_002150,REGION_04,2025-09-07
ADDR_002151,REGION_27,2025-01-18
ADDR_002152,REGION_24,2025-10-15
ADDR_002153,REGION_05,2025-10-25
ADDR_002154,REGION_22,2025-08-19
ADDR_002155,REGION_04,2025-11-13
ADDR_002156,REGION_18,2025-02-14
ADDR_002157,REGION_28,2025-04-25
ADDR_002158,REGION_07,2025-06-14
ADDR_002159,REGION_06,2025-01-22
ADDR_002160,REGION_13,2025-06-26
ADDR_002161,REGION_12,2025-04-21
ADDR_002162,REGION_02,2025-06-06
ADDR_002163,REGION_14,2025-06-18
ADDR_002164,REGION_08,2025-11-21
ADDR_002165,REGION_04,2025-04-23
ADDR_002166,REGION_09,2025-11-25
ADDR_002167,REGION_01,2025-06-18
ADDR_002168,REGION_28,2025-05-14
ADDR_002169,REGION_30,2025-07-15
ADDR_002170,REGION_12,2025-06-15
ADDR_002171,REGION_27,2025-04-18
ADDR_002172,REGION_14,2025-07-16
ADDR_002173,REGION_28,2025-03-08
ADDR_002174,REGION_06,2025-05-23
ADDR_002175,REGION_09,2025-08-07
ADDR_002176,REGION_23,2025-06-14
ADDR_002177,REGION_07,2025-11-02
ADDR_002178,REGION_25,2025-04-18
ADDR_002179,REGION_13,2025-12-21
ADDR_002180,REGION_13,2025-10-20
ADDR_002181,REGION_14,2025-12-20
ADDR_002182,REGION_24,2025-11-07
ADDR_002183,REGION_01,2025-03-04
ADDR_002184,REGION_23,2025-07-24
ADDR_002185,REGION_24,2025-03-15
ADDR_002186,REGION_25,2025-10-31
ADDR_002187,REGION_30,2025-08-13
ADDR_002188,REGION_24,2025-04-20
ADDR_002189,REGION_16,2025-12-07
ADDR_002190,REGION_14,2025-02-22
ADDR_002191,REGION_12,2025-08-06
ADDR_002192,REGION_25,2025-09-29
ADDR_002193,REGION_12,2025-01-29
ADDR_002194,REGION_18,2025-08-18
ADDR_002195,REGION_03,2025-10-31
ADDR_002196,REGION_10,2025-02-02
ADDR_002197,REGION_08,2025-07-19
ADDR_002198,REGION_14,2025-04-18
ADDR_002199,REGION_16,2025-09-09
ADDR_002200,REGION_22,2025-02-23
ADDR_002201,REGION_13,2025-12-10
ADDR_002202,REGION_05,2025-11-26
ADDR_002203,REGION_17,2025-03-22
ADDR_002204,REGION_02,2025-05-12
ADDR_002205,REGION_26,2025-08-14
ADDR_002206,REGION_24,2025-09-28
ADDR_002207,REGION_07,2025-06-24
ADDR_002208,REGION_08,2025-03-10
ADDR_002209,REGION_01,2025-02-17
ADDR_002210,REGION_11,2025-12-30
ADDR_002211,REGION_02,2025-06-29
ADDR_002212,REGION_29,2025-11-18
ADDR_002213,REGION_05,2025-07-08
ADDR_002214,REGION_20,2025-12-05
ADDR_002215,REGION_18,2025-02-10
ADDR_002216,REGION_08,2025-02-21
ADDR_002217,REGION_25,2025-12-07
ADDR_002218,REGION_04,2025-12-13
ADDR_002219,REGION_27,2025-05-09
ADDR_002220,REGION_23,2025-05-24
ADDR_002221,REGION_20,2025-06-28
ADDR_002222,REGION_27,2025-06-15
ADDR_002223,REGION_13,2025-03-23
ADDR_002224,REGION_09,2025-11-27
ADDR_002225,REGION_05,2025-04-16
ADDR_002226,REGION_28,2025-09-23
ADDR_002227,REGION_13,2025-02-02
ADDR_002228,REGION_25,2025-01-20
ADDR_002229,REGION_10,2025-09-06
ADDR_002230,REGION_29,2025-05-18
ADDR_002231,REGION_27,2025-09-06
ADDR_002232,REGION_10,2025-02-13
ADDR_002233,REGION_15,2025-12-14
ADDR_002234,REGION_24,2025-10-08
ADDR_002235,REGION_07,2025-11-20
ADDR_002236,REGION_01,2025-03-02
ADDR_002237,REGION_09,2025-05-11
ADDR_002238,REGION_18,2025-05-29
ADDR_002239,REGION_05,2025-07-28
ADDR_002240,REGION_11,2025-05-03
ADDR_002241,REGION_28,2025-01-30
ADDR_002242,REGION_03,2025-05-29
ADDR_002243,REGION_02,2025-04-17
ADDR_002244,REGION_13,2025-06-04
ADDR_002245,REGION_01,2025-03-26
ADDR_002246,REGION_01,2025-04-19
ADDR_002247,REGION_06,2025-08-28
ADDR_002248,REGION_04,2025-06-05
ADDR_002249,REGION_25,2025-05-20
ADDR_002250,REGION_04,2025-07-26
ADDR_002251,REGION_16,2025-10-16
ADDR_002252,REGION_22,2025-06-01
ADDR_002253,REGION_19,2025-08-14
ADDR_002254,REGION_20,2025-12-19
ADDR_002255,REGION_11,2025-07-22
ADDR_002256,REGION_27,2025-12-01
ADDR_002257,REGION_03,2025-10-23
ADDR_002258,REGION_04,2025-01-29
ADDR_002259,REGION_26,2025-06-19
ADDR_002260,REGION_03,2025-09-21
ADDR_002261,REGION_06,2025-12-26
ADDR_002262,REGION_06,2025-06-30
ADDR_002263,REGION_01,2025-02-12
ADDR_002264,REGION_04,2025-08-05
ADDR_002265,REGION_18,2025-02-26
ADDR_002266,REGION_20,2025-10-09
ADDR_002267,REGION_03,2025-07-17
ADDR_002268,REGION_29,2025-09-29
ADDR_002269,REGION_03,2025-11-17
ADDR_002270,REGION_21,2025-08-28
ADDR_002271,REGION_25,2025-08-23
ADDR_002272,REGION_16,2025-10-10
ADDR_002273,REGION_15,2025-11-08
ADDR_002274,REGION_04,2025-11-17
ADDR_002275,REGION_08,2025-01-19
ADDR_002276,REGION_26,2025-08-03
ADDR_002277,REGION_11,2025-04-02
ADDR_002278,REGION_02,2025-11-14
ADDR_002279,REGION_22,2025-09-04
ADDR_002280,REGION_21,2025-06-16
ADDR_002281,REGION_02,2025-03-22
ADDR_002282,REGION_02,2025-05-18
ADDR_002283,REGION_04,2025-09-23
ADDR_002284,REGION_02,2025-03-29
ADDR_002285,REGION_19,2025-02-13
ADDR_002286,REGION_04,2025-11-24
ADDR_002287,REGION_19,2025-10-13
ADDR_002288,REGION_06,2025-03-27
ADDR_002289,REGION_30,2025-05-01
ADDR_002290,REGION_22,2025-12-21
ADDR_002291,REGION_12,2025-09-24
ADDR_002292,REGION_13,2025-08-22
ADDR_002293,REGION_02,2025-05-06
ADDR_002294,REGION_02,2025-05-03
ADDR_002295,REGION_17,2025-01-20
ADDR_002296,REGION_01,2025-10-01
ADDR_002297,REGION_20,2025-01-22
ADDR_002298,REGION_12,2025-01-04
ADDR_002299,REGION_05,2025-10-02
ADDR_002300,REGION_17,2025-12-14
ADDR_002301,REGION_17,2025-10-11
ADDR_002302,REGION_23,2025-07-05
ADDR_002303,REGION_06,2025-07-10
ADDR_002304,REGION_17,2025-06-22
ADDR_002305,REGION_26,2025-05-13
ADDR_002306,REGION_09,2025-07-22
ADDR_002307,REGION_26,2025-06-20
ADDR_002308,REGION_22,2025-08-18
ADDR_002309,REGION_13,2025-11-27
ADDR_002310,REGION_27,2025-12-29
ADDR_002311,REGION_30,2025-02-06
ADDR_002312,REGION_08,2025-06-04
ADDR_002313,REGION_30,2025-03-20
ADDR_002314,REGION_01,2025-05-23
ADDR_002315,REGION_04,2025-04-29
ADDR_002316,REGION_02,2025-03-17
ADDR_002317,REGION_12,2025-10-13
ADDR_002318,REGION_29,2025-07-13
ADDR_002319,REGION_19,2025-12-04
ADDR_002320,REGION_19,2025-01-17
ADDR_002321,REGION_03,2025-02-01
ADDR_002322,REGION_16,2025-06-10
ADDR_002323,REGION_12,2025-02-07
ADDR_002324,REGION_15,2025-04-20
ADDR_002325,REGION_08,2025-12-26
ADDR_002326,REGION_07,2025-03-30
ADDR_002327,REGION_29,2025-03-26
ADDR_002328,REGION_17,2025-08-09
ADDR_002329,REGION_13,2025-07-14
ADDR_002330,REGION_03,2025-08-12
ADDR_002331,REGION_23,2025-06-01
ADDR_002332,REGION_15,2025-11-03
ADDR_002333,REGION_12,2025-03-03
ADDR_002334,REGION_21,2025-06-19
ADDR_002335,REGION_04,2025-09-18
ADDR_002336,REGION_16,2025-11-17
ADDR_002337,REGION_26,2025-05-29
ADDR_002338,REGION_14,2025-08-07
ADDR_002339,REGION_01,2025-02-02
ADDR_002340,REGION_07,2025-03-16
ADDR_002341,REGION_02,2025-02-02
ADDR_002342,REGION_16,2025-10-01
ADDR_002343,REGION_11,2025-04-29
ADDR_002344,REGION_04,2025-09-30
ADDR_002345,REGION_21,2025-02-01
ADDR_002346,REGION_06,2025-11-15
ADDR_002347,REGION_11,2025-11-06
ADDR_002348,REGION_30,2025-02-11
ADDR_002349,REGION_02,2025-01-13
ADDR_002350,REGION_08,2025-01-28
ADDR_002351,REGION_10,2025-11-12
ADDR_002352,REGION_16,2025-04-09
ADDR_002353,REGION_08,2025-07-31
ADDR_002354,REGION_30,2025-06-18
ADDR_002355,REGION_01,2025-10-24
ADDR_002356,REGION_29,2025-07-11
ADDR_002357,REGION_17,2025-07-15
ADDR_002358,REGION_02,2025-12-27
ADDR_002359,REGION_04,2025-03-08
ADDR_002360,REGION_04,2025-11-05
ADDR_002361,REGION_09,2025-01-26
ADDR_002362,REGION_10,2025-07-07
ADDR_002363,REGION_20,2025-11-23
ADDR_002364,REGION_10,2025-09-10
ADDR_002365,REGION_22,2025-09-17
ADDR_002366,REGION_09,2025-04-20
ADDR_002367,REGION_08,2025-06-16
ADDR_002368,REGION_09,2025-05-28
ADDR_002369,REGION_10,2025-07-22
ADDR_002370,REGION_26,2025-07-01
ADDR_002371,REGION_08,2025-05-14
ADDR_002372,REGION_09,2025-05-06
ADDR_002373,REGION_29,2025-04-15
ADDR_002374,REGION_20,2025-05-27
ADDR_002375,REGION_06,2025-03-07
ADDR_002376,REGION_27,2025-11-18
ADDR_002377,REGION_06,2025-08-19
ADDR_002378,REGION_05,2025-03-01
ADDR_002379,REGION_14,2025-09-19
ADDR_002380,REGION_21,2025-11-10
ADDR_002381,REGION_06,2025-04-10
ADDR_002382,REGION_23,2025-03-08
ADDR_002383,REGION_05,2025-01-06
ADDR_002384,REGION_24,2025-01-24
ADDR_002385,REGION_03,2025-10-13
ADDR_002386,REGION_14,2025-12-26
ADDR_002387,REGION_20,2025-01-23
ADDR_002388,REGION_08,2025-10-08
ADDR_002389,REGION_19,2025-02-04
ADDR_002390,REGION_21,2025-08-16
ADDR_002391,REGION_20,2025-10-11
ADDR_002392,REGION_12,2025-05-25
ADDR_002393,REGION_24,2025-01-07
ADDR_002394,REGION_22,2025-08-17
ADDR_002395,REGION_10,2025-12-28
ADDR_002396,REGION_23,2025-04-18
ADDR_002397,REGION_28,2025-03-23
ADDR_002398,REGION_25,2025-02-25
ADDR_002399,REGION_22,2025-08-03
ADDR_002400,REGION_23,2025-08-17
ADDR_002401,REGION_25,2025-10-23
ADDR_002402,REGION_09,2025-10-10
ADDR_002403,REGION_22,2025-11-25
ADDR_002404,REGION_06,2025-10-27
ADDR_002405,REGION_11,2025-04-14
ADDR_002406,REGION_29,2025-08-03
ADDR_002407,REGION_09,2025-05-03
ADDR_002408,REGION_26,2025-05-15
ADDR_002409,REGION_13,2025-12-08
ADDR_002410,REGION_07,2025-09-15
ADDR_002411,REGION_03,2025-12-22
ADDR_002412,REGION_17,2025-06-15
ADDR_002413,REGION_14,2025-07-28
ADDR_002414,REGION_16,2025-07-10
ADDR_002415,REGION_02,2025-02-18
ADDR_002416,REGION_09,2025-04-10
ADDR_002417,REGION_01,2025-07-24
ADDR_002418,REGION_10,2025-02-02
ADDR_002419,REGION_28,2025-12-08
ADDR_002420,REGION_05,2025-02-25
ADDR_002421,REGION_21,2025-03-26
ADDR_002422,REGION_01,2025-10-14
ADDR_002423,REGION_17,2025-02-14
ADDR_002424,REGION_28,2025-11-28
ADDR_002425,REGION_11,2025-09-30
ADDR_002426,REGION_06,2025-02-02
ADDR_002427,REGION_18,2025-09-19
ADDR_002428,REGION_09,2025-08-29
ADDR_002429,REGION_27,2025-10-11
ADDR_002430,REGION_26,2025-11-04
ADDR_002431,REGION_20,2025-09-28
ADDR_002432,REGION_20,2025-08-14
ADDR_002433,REGION_19,2025-05-12
ADDR_002434,REGION_23,2025-09-21
ADDR_002435,REGION_14,2025-12-16
ADDR_002436,REGION_30,2025-08-14
ADDR_002437,REGION_11,2025-09-09
ADDR_002438,REGION_01,2025-06-22
ADDR_002439,REGION_21,2025-10-11
ADDR_002440,REGION_20,2025-12-30
ADDR_002441,REGION_30,2025-03-12
ADDR_002442,REGION_12,2025-03-28
ADDR_002443,REGION_13,2025-07-28
ADDR_002444,REGION_17,2025-07-08
ADDR_002445,REGION_12,2025-08-09
ADDR_002446,REGION_24,2025-01-25
ADDR_002447,REGION_13,2025-06-11
ADDR_002448,REGION_24,2025-08-12
ADDR_002449,REGION_13,2025-08-13
ADDR_002450,REGION_07,2025-09-07
ADDR_002451,REGION_30,2025-09-28
ADDR_002452,REGION_16,2025-09-02
ADDR_002453,REGION_22,2025-10-22
ADDR_002454,REGION_18,2025-08-27
ADDR_002455,REGION_11,2025-07-28
ADDR_002456,REGION_30,2025-08-20
ADDR_002457,REGION_12,2025-02-16
ADDR_002458,REGION_30,2025-04-24
ADDR_002459,REGION_13,2025-07-24
ADDR_002460,REGION_01,2025-11-19
ADDR_002461,REGION_02,2025-09-14
ADDR_002462,REGION_30,2025-02-11
ADDR_002463,REGION_16,2025-08-16
ADDR_002464,REGION_12,2025-04-04
ADDR_002465,REGION_25,2025-10-03
ADDR_002466,REGION_19,2025-11-03
ADDR_002467,REGION_20,2025-08-16
ADDR_002468,REGION_21,2025-08-15
ADDR_002469,REGION_06,2025-05-18
ADDR_002470,REGION_03,2025-06-26
ADDR_002471,REGION_22,2025-11-16
ADDR_002472,REGION_01,2025-09-29
ADDR_002473,REGION_22,2025-07-21
ADDR_002474,REGION_04,2025-05-29
ADDR_002475,REGION_08,2025-01-25
ADDR_002476,REGION_22,2025-03-05
ADDR_002477,REGION_19,2025-03-24
ADDR_002478,REGION_24,2025-05-30
ADDR_002479,REGION_19,2025-12-12
ADDR_002480,REGION_02,2025-07-16
ADDR_002481,REGION_26,2025-04-09
ADDR_002482,REGION_07,2025-02-18
ADDR_002483,REGION_05,2025-05-18
ADDR_002484,REGION_27,2025-10-31
ADDR_002485,REGION_06,2025-06-03
ADDR_002486,REGION_17,2025-10-16
ADDR_002487,REGION_15,2025-10-26
ADDR_002488,REGION_24,2025-02-20
ADDR_002489,REGION_02,2025-08-21
ADDR_002490,REGION_04,2025-12-17
ADDR_002491,REGION_13,2025-06-10
ADDR_002492,REGION_15,2025-01-25
ADDR_002493,REGION_24,2025-12-05
ADDR_002494,REGION_19,2025-11-22
ADDR_002495,REGION_05,2025-07-22
ADDR_002496,REGION_30,2025-08-02
ADDR_002497,REGION_14,2025-04-01
ADDR_002498,REGION_29,2025-11-01
ADDR_002499,REGION_30,2025-07-14
ADDR_002500,REGION_02,2025-01-18
ADDR_002501,REGION_16,2025-09-16
ADDR_002502,REGION_13,2025-12-14
ADDR_002503,REGION_15,2025-11-04
ADDR_002504,REGION_10,2025-04-25
ADDR_002505,REGION_17,2025-01-27
ADDR_002506,REGION_15,2025-12-11
ADDR_002507,REGION_06,2025-12-10
ADDR_002508,REGION_09,2025-07-26
ADDR_002509,REGION_05,2025-09-02
ADDR_002510,REGION_26,2025-07-01
ADDR_002511,REGION_21,2025-06-16
ADDR_002512,REGION_12,2025-02-23
ADDR_002513,REGION_12,2025-02-14
ADDR_002514,REGION_03,2025-04-09
ADDR_002515,REGION_09,2025-11-07
ADDR_002516,REGION_28,2025-03-06
ADDR_002517,REGION_01,2025-04-06
ADDR_002518,REGION_05,2025-08-01
ADDR_002519,REGION_26,2025-04-02
ADDR_002520,REGION_16,2025-03-13
ADDR_002521,REGION_01,2025-08-06
ADDR_002522,REGION_15,2025-05-29
ADDR_002523,REGION_23,2025-08-27
ADDR_002524,REGION_11,2025-12-02
ADDR_002525,REGION_12,2025-03-08
ADDR_002526,REGION_19,2025-12-02
ADDR_002527,REGION_18,2025-11-28
ADDR_002528,REGION_28,2025-11-04
ADDR_002529,REGION_08,2025-08-29
ADDR_002530,REGION_09,2025-08-25
ADDR_002531,REGION_05,2025-09-01
ADDR_002532,REGION_20,2025-09-18
ADDR_002533,REGION_17,2025-01-10
ADDR_002534,REGION_11,2025-12-17
ADDR_002535,REGION_21,2025-08-13
ADDR_002536,REGION_12,2025-10-19
ADDR_002537,REGION_06,2025-06-01
ADDR_002538,REGION_17,2025-01-07
ADDR_002539,REGION_14,2025-07-18
ADDR_002540,REGION_13,2025-07-17
ADDR_002541,REGION_14,2025-06-22
ADDR_002542,REGION_28,2025-05-18
ADDR_002543,REGION_07,2025-04-15
ADDR_002544,REGION_09,2025-07-24
ADDR_002545,REGION_17,2025-05-31
ADDR_002546,REGION_02,2025-12-21
ADDR_002547,REGION_05,2025-03-17
ADDR_002548,REGION_17,2025-05-11
ADDR_002549,REGION_16,2025-05-01
ADDR_002550,REGION_20,2025-07-30
ADDR_002551,REGION_04,2025-07-14
ADDR_002552,REGION_26,2025-09-02
ADDR_002553,REGION_15,2025-12-14
ADDR_002554,REGION_05,2025-04-28
ADDR_002555,REGION_10,2025-09-19
ADDR_002556,REGION_07,2025-01-14
ADDR_002557,REGION_14,2025-04-20
ADDR_002558,REGION_15,2025-07-02
ADDR_002559,REGION_14,2025-01-16
ADDR_002560,REGION_14,2025-08-24
ADDR_002561,REGION_28,2025-09-14
ADDR_002562,REGION_29,2025-10-07
ADDR_002563,REGION_15,2025-07-20
ADDR_002564,REGION_29,2025-08-20
ADDR_002565,REGION_25,2025-06-08
ADDR_002566,REGION_25,2025-01-21
ADDR_002567,REGION_07,2025-02-15
ADDR_002568,REGION_14,2025-09-06
ADDR_002569,REGION_11,2025-12-29
ADDR_002570,REGION_03,2025-01-09
ADDR_002571,REGION_03,2025-08-04
ADDR_002572,REGION_19,2025-10-09
ADDR_002573,REGION_13,2025-11-03
ADDR_002574,REGION_25,2025-07-30
ADDR_002575,REGION_21,2025-08-25
ADDR_002576,REGION_03,2025-09-20
ADDR_002577,REGION_26,2025-11-14
ADDR_002578,REGION_15,2025-02-24
ADDR_002579,REGION_17,2025-12-06
ADDR_002580,REGION_29,2025-01-14
ADDR_002581,REGION_20,2025-11-06
ADDR_002582,REGION_01,2025-02-06
ADDR_002583,REGION_06,2025-03-25
ADDR_002584,REGION_13,2025-01-03
ADDR_002585,REGION_02,2025-06-25
ADDR_002586,REGION_06,2025-05-16
ADDR_002587,REGION_24,2025-03-14
ADDR_002588,REGION_05,2025-06-27
ADDR_002589,REGION_06,2025-06-10
ADDR_002590,REGION_16,2025-10-14
ADDR_002591,REGION_03,2025-11-25
ADDR_002592,REGION_08,2025-09-05
ADDR_002593,REGION_29,2025-02-25
ADDR_002594,REGION_19,2025-05-02
ADDR_002595,REGION_29,2025-12-02
ADDR_002596,REGION_11,2025-02-11
ADDR_002597,REGION_19,2025-06-12
ADDR_002598,REGION_08,2025-12-12
ADDR_002599,REGION_12,2025-12-14
ADDR_002600,REGION_06,2025-06-13
ADDR_002601,REGION_25,2025-09-10
ADDR_002602,REGION_06,2025-06-29
ADDR_002603,REGION_07,2025-10-10
ADDR_002604,REGION_14,2025-01-17
ADDR_002605,REGION_13,2025-03-05
ADDR_002606,REGION_10,2025-08-23
ADDR_002607,REGION_11,2025-04-08
ADDR_002608,REGION_09,2025-09-10
ADDR_002609,REGION_28,2025-05-22
ADDR_002610,REGION_18,2025-11-23
ADDR_002611,REGION_28,2025-11-01
ADDR_002612,REGION_30,2025-07-12
ADDR_002613,REGION_20,2025-10-16
ADDR_002614,REGION_25,2025-04-23
ADDR_002615,REGION_04,2025-07-13
ADDR_002616,REGION_29,2025-03-26
ADDR_002617,REGION_15,2025-11-15
ADDR_002618,REGION_22,2025-11-02
ADDR_002619,REGION_08,2025-11-28
ADDR_002620,REGION_03,2025-11-20
ADDR_002621,REGION_27,2025-12-17
ADDR_002622,REGION_14,2025-04-07
ADDR_002623,REGION_05,2025-12-08
ADDR_002624,REGION_20,2025-08-08
ADDR_002625,REGION_02,2025-06-17
ADDR_002626,REGION_14,2025-08-05
ADDR_002627,REGION_22,2025-05-19
ADDR_002628,REGION_22,2025-04-29
ADDR_002629,REGION_14,2025-04-12
ADDR_002630,REGION_12,2025-02-08
ADDR_002631,REGION_26,2025-07-13
ADDR_002632,REGION_06,2025-11-24
ADDR_002633,REGION_03,2025-08-29
ADDR_002634,REGION_05,2025-07-22
ADDR_002635,REGION_25,2025-06-19
ADDR_002636,REGION_15,2025-07-02
ADDR_002637,REGION_02,2025-03-31
ADDR_002638,REGION_06,2025-11-02
ADDR_002639,REGION_01,2025-03-26
ADDR_002640,REGION_25,2025-09-27
ADDR_002641,REGION_14,2025-10-12
ADDR_002642,REGION_03,2025-08-10
ADDR_002643,REGION_07,2025-11-15
ADDR_002644,REGION_19,2025-04-30
ADDR_002645,REGION_18,2025-11-21
ADDR_002646,REGION_25,2025-10-02
ADDR_002647,REGION_01,2025-10-25
ADDR_002648,REGION_03,2025-09-09
ADDR_002649,REGION_02,2025-11-10
ADDR_002650,REGION_12,2025-12-28
ADDR_002651,REGION_22,2025-06-16
ADDR_002652,REGION_20,2025-10-30
ADDR_002653,REGION_07,2025-10-07
ADDR_002654,REGION_20,2025-06-28
ADDR_002655,REGION_20,2025-12-06
ADDR_002656,REGION_06,2025-06-07
ADDR_002657,REGION_23,2025-08-06
ADDR_002658,REGION_13,2025-02-18
ADDR_002659,REGION_02,2025-04-06
ADDR_002660,REGION_12,2025-11-08
ADDR_002661,REGION_24,2025-06-08
ADDR_002662,REGION_21,2025-06-07
ADDR_002663,REGION_09,2025-04-14
ADDR_002664,REGION_23,2025-07-12
ADDR_002665,REGION_12,2025-10-27
ADDR_002666,REGION_14,2025-11-26
ADDR_002667,REGION_03,2025-02-03
ADDR_002668,REGION_30,2025-08-10
ADDR_002669,REGION_26,2025-07-03
ADDR_002670,REGION_06,2025-08-23
ADDR_002671,REGION_17,2025-06-26
ADDR_002672,REGION_24,2025-06-09
ADDR_002673,REGION_16,2025-07-05
ADDR_002674,REGION_07,2025-08-12
ADDR_002675,REGION_30,2025-07-15
ADDR_002676,REGION_09,2025-07-05
ADDR_002677,REGION_11,2025-10-31
ADDR_002678,REGION_12,2025-10-07
ADDR_002679,REGION_27,2025-05-19
ADDR_002680,REGION_16,2025-10-25
ADDR_002681,REGION_22,2025-11-12
ADDR_002682,REGION_28,2025-03-09
ADDR_002683,REGION_28,2025-08-12
ADDR_002684,REGION_26,2025-04-28
ADDR_002685,REGION_28,2025-10-05
ADDR_002686,REGION_29,2025-04-11
ADDR_002687,REGION_30,2025-09-12
ADDR_002688,REGION_20,2025-04-17
ADDR_002689,REGION_04,2025-07-18
ADDR_002690,REGION_04,2025-12-14
ADDR_002691,REGION_24,2025-06-02
ADDR_002692,REGION_10,2025-11-20
ADDR_002693,REGION_25,2025-12-26
ADDR_002694,REGION_29,2025-11-19
ADDR_002695,REGION_20,2025-03-14
ADDR_002696,REGION_23,2025-11-01
ADDR_002697,REGION_09,2025-01-17
ADDR_002698,REGION_14,2025-06-07
ADDR_002699,REGION_29,2025-11-18
ADDR_002700,REGION_25,2025-09-18
ADDR_002701,REGION_07,2025-07-26
ADDR_002702,REGION_29,2025-06-05
ADDR_002703,REGION_15,2025-10-29
ADDR_002704,REGION_26,2025-09-25
ADDR_002705,REGION_16,2025-07-03
ADDR_002706,REGION_19,2025-11-25
ADDR_002707,REGION_05,2025-04-07
ADDR_002708,REGION_11,2025-03-16
ADDR_002709,REGION_22,2025-09-02
ADDR_002710,REGION_26,2025-12-21
ADDR_002711,REGION_03,2025-04-14
ADDR_002712,REGION_03,2025-04-15
ADDR_002713,REGION_21,2025-03-03
ADDR_002714,REGION_14,2025-11-14
ADDR_002715,REGION_26,2025-04-06
ADDR_002716,REGION_03,2025-07-16
ADDR_002717,REGION_11,2025-12-28
ADDR_002718,REGION_02,2025-01-07
ADDR_002719,REGION_22,2025-08-03
ADDR_002720,REGION_26,2025-07-19
ADDR_002721,REGION_05,2025-10-28
ADDR_002722,REGION_10,2025-05-24
ADDR_002723,REGION_26,2025-06-13
ADDR_002724,REGION_02,2025-03-15
ADDR_002725,REGION_29,2025-10-05
ADDR_002726,REGION_27,2025-10-20
ADDR_002727,REGION_05,2025-03-02
ADDR_002728,REGION_05,2025-06-07
ADDR_002729,REGION_21,2025-11-25
ADDR_002730,REGION_01,2025-01-02
ADDR_002731,REGION_16,2025-05-03
ADDR_002732,REGION_02,2025-08-03
ADDR_002733,REGION_16,2025-05-16
ADDR_002734,REGION_11,2025-04-23
ADDR_002735,REGION_22,2025-06-30
ADDR_002736,REGION_27,2025-03-20
ADDR_002737,REGION_15,2025-07-25
ADDR_002738,REGION_20,2025-09-24
ADDR_002739,REGION_19,2025-08-10
ADDR_002740,REGION_30,2025-02-12
ADDR_002741,REGION_07,2025-11-09
ADDR_002742,REGION_08,2025-03-17
ADDR_002743,REGION_12,2025-10-13
ADDR_002744,REGION_23,2025-05-26
ADDR_002745,REGION_26,2025-10-19
ADDR_002746,REGION_09,2025-03-29
ADDR_002747,REGION_04,2025-03-22
ADDR_002748,REGION_19,2025-07-14
ADDR_002749,REGION_18,2025-01-17
ADDR_002750,REGION_12,2025-04-06
ADDR_002751,REGION_06,2025-09-30
ADDR_002752,REGION_26,2025-11-07
ADDR_002753,REGION_26,2025-02-07
ADDR_002754,REGION_23,2025-11-22
ADDR_002755,REGION_18,2025-10-24
ADDR_002756,REGION_08,2025-11-18
ADDR_002757,REGION_13,2025-09-21
ADDR_002758,REGION_03,2025-09-13
ADDR_002759,REGION_08,2025-07-23
ADDR_002760,REGION_14,2025-09-05
ADDR_002761,REGION_14,2025-12-04
ADDR_002762,REGION_03,2025-02-16
ADDR_002763,REGION_29,2025-05-09
ADDR_002764,REGION_09,2025-02-04
ADDR_002765,REGION_16,2025-12-12
ADDR_002766,REGION_14,2025-06-25
ADDR_002767,REGION_15,2025-09-13
ADDR_002768,REGION_26,2025-11-08
ADDR_002769,REGION_23,2025-12-28
ADDR_002770,REGION_27,2025-03-12
ADDR_002771,REGION_12,2025-10-25
ADDR_002772,REGION_08,2025-11-23
ADDR_002773,REGION_13,2025-01-25
ADDR_002774,REGION_17,2025-10-10
ADDR_002775,REGION_11,2025-05-24
ADDR_002776,REGION_14,2025-09-04
ADDR_002777,REGION_05,2025-07-19
ADDR_002778,REGION_18,2025-04-19
ADDR_002779,REGION_22,2025-03-02
ADDR_002780,REGION_16,2025-02-22
ADDR_002781,REGION_27,2025-02-17
ADDR_002782,REGION_30,2025-08-31
ADDR_002783,REGION_28,2025-05-23
ADDR_002784,REGION_03,2025-04-02
ADDR_002785,REGION_27,2025-09-19
ADDR_002786,REGION_11,2025-09-17
ADDR_002787,REGION_14,2025-07-28
ADDR_002788,REGION_13,2025-12-09
ADDR_002789,REGION_09,2025-06-04
ADDR_002790,REGION_27,2025-11-06
ADDR_002791,REGION_20,2025-02-05
ADDR_002792,REGION_30,2025-10-05
ADDR_002793,REGION_29,2025-12-27
ADDR_002794,REGION_13,2025-11-10
ADDR_002795,REGION_22,2025-08-11
ADDR_002796,REGION_16,2025-08-28
ADDR_002797,REGION_15,2025-05-23
ADDR_002798,REGION_23,2025-09-15
ADDR_002799,REGION_21,2025-10-15
ADDR_002800,REGION_28,2025-12-30
ADDR_002801,REGION_24,2025-07-12
ADDR_002802,REGION_19,2025-01-30
ADDR_002803,REGION_28,2025-08-17
ADDR_002804,REGION_04,2025-02-23
ADDR_002805,REGION_23,2025-04-13
ADDR_002806,REGION_12,2025-05-14
ADDR_002807,REGION_13,2025-10-02
ADDR_002808,REGION_24,2025-03-21
ADDR_002809,REGION_09,2025-03-14
ADDR_002810,REGION_27,2025-01-23
ADDR_002811,REGION_15,2025-11-19
ADDR_002812,REGION_11,2025-09-19
ADDR_002813,REGION_10,2025-01-21
ADDR_002814,REGION_13,2025-01-15
ADDR_002815,REGION_29,2025-08-04
ADDR_002816,REGION_04,2025-04-27
ADDR_002817,REGION_16,2025-08-17
ADDR_002818,REGION_26,2025-06-21
ADDR_002819,REGION_15,2025-12-05
ADDR_002820,REGION_17,2025-04-29
ADDR_002821,REGION_11,2025-09-14
ADDR_002822,REGION_05,2025-01-27
ADDR_002823,REGION_20,2025-12-16
ADDR_002824,REGION_28,2025-12-24
ADDR_002825,REGION_16,2025-10-05
ADDR_002826,REGION_13,2025-07-02
ADDR_002827,REGION_04,2025-04-04
ADDR_002828,REGION_29,2025-10-29
ADDR_002829,REGION_27,2025-10-04
ADDR_002830,REGION_28,2025-04-04
ADDR_002831,REGION_11,2025-06-27
ADDR_002832,REGION_19,2025-07-01
ADDR_002833,REGION_13,2025-11-03
ADDR_002834,REGION_08,2025-09-16
ADDR_002835,REGION_07,2025-09-02
ADDR_002836,REGION_12,2025-09-04
ADDR_002837,REGION_17,2025-04-23
ADDR_002838,REGION_04,2025-05-30
ADDR_002839,REGION_22,2025-01-23
ADDR_002840,REGION_14,2025-10-21
ADDR_002841,REGION_27,2025-06-21
ADDR_002842,REGION_09,2025-06-23
ADDR_002843,REGION_02,2025-04-13
ADDR_002844,REGION_10,2025-03-31
ADDR_002845,REGION_30,2025-08-14
ADDR_002846,REGION_10,2025-04-08
ADDR_002847,REGION_22,2025-01-31
ADDR_002848,REGION_26,2025-10-14
ADDR_002849,REGION_09,2025-06-01
ADDR_002850,REGION_20,2025-06-02
ADDR_002851,REGION_07,2025-06-20
ADDR_002852,REGION_11,2025-10-30
ADDR_002853,REGION_09,2025-05-11
ADDR_002854,REGION_21,2025-10-11
ADDR_002855,REGION_27,2025-12-11
ADDR_002856,REGION_08,2025-09-08
ADDR_002857,REGION_09,2025-06-20
ADDR_002858,REGION_25,2025-10-08
ADDR_002859,REGION_14,2025-06-30
ADDR_002860,REGION_16,2025-06-14
ADDR_002861,REGION_22,2025-07-23
ADDR_002862,REGION_05,2025-05-10
ADDR_002863,REGION_27,2025-02-17
ADDR_002864,REGION_11,2025-06-14
ADDR_002865,REGION_20,2025-02-25
ADDR_002866,REGION_13,2025-06-13
ADDR_002867,REGION_23,2025-08-03
ADDR_002868,REGION_19,2025-12-08
ADDR_002869,REGION_06,2025-01-19
ADDR_002870,REGION_06,2025-08-26
ADDR_002871,REGION_27,2025-06-30
ADDR_002872,REGION_16,2025-01-11
ADDR_002873,REGION_09,2025-04-15
ADDR_002874,REGION_05,2025-02-23
ADDR_002875,REGION_04,2025-04-02
ADDR_002876,REGION_28,2025-04-24
ADDR_002877,REGION_30,2025-06-10
ADDR_002878,REGION_12,2025-07-25
ADDR_002879,REGION_07,2025-01-01
ADDR_002880,REGION_13,2025-03-12
ADDR_002881,REGION_05,2025-02-13
ADDR_002882,REGION_17,2025-08-01
ADDR_002883,REGION_19,2025-05-14
ADDR_002884,REGION_30,2025-07-31
ADDR_002885,REGION_10,2025-04-04
ADDR_002886,REGION_06,2025-01-13
ADDR_002887,REGION_05,2025-12-11
ADDR_002888,REGION_12,2025-02-19
ADDR_002889,REGION_19,2025-02-26
ADDR_002890,REGION_02,2025-03-06
ADDR_002891,REGION_23,2025-12-24
ADDR_002892,REGION_14,2025-08-24
ADDR_002893,REGION_24,2025-08-22
ADDR_002894,REGION_14,2025-12-26
ADDR_002895,REGION_05,2025-02-11
ADDR_002896,REGION_01,2025-12-22
ADDR_002897,REGION_17,2025-03-29
ADDR_002898,REGION_17,2025-08-26
ADDR_002899,REGION_25,2025-06-16
ADDR_002900,REGION_27,2025-06-03
ADDR_002901,REGION_05,2025-12-08
ADDR_002902,REGION_10,2025-03-07
ADDR_002903,REGION_07,2025-12-30
ADDR_002904,REGION_04,2025-06-02
ADDR_002905,REGION_01,2025-09-04
ADDR_002906,REGION_03,2025-12-20
ADDR_002907,REGION_16,2025-01-28
ADDR_002908,REGION_05,2025-12-05
ADDR_002909,REGION_06,2025-08-07
ADDR_002910,REGION_04,2025-09-23
ADDR_002911,REGION_22,2025-03-07
ADDR_002912,REGION_20,2025-07-26
ADDR_002913,REGION_29,2025-09-13
ADDR_002914,REGION_04,2025-06-29
ADDR_002915,REGION_07,2025-03-09
ADDR_002916,REGION_14,2025-04-13
ADDR_002917,REGION_20,2025-11-12
ADDR_002918,REGION_04,2025-01-18
ADDR_002919,REGION_07,2025-09-25
ADDR_002920,REGION_13,2025-12-30
ADDR_002921,REGION_01,2025-01-05
ADDR_002922,REGION_12,2025-03-12
ADDR_002923,REGION_23,2025-09-13
ADDR_002924,REGION_16,2025-01-29
ADDR_002925,REGION_14,2025-08-15
ADDR_002926,REGION_15,2025-09-16
ADDR_002927,REGION_29,2025-08-14
ADDR_002928,REGION_16,2025-05-28
ADDR_002929,REGION_17,2025-09-21
ADDR_002930,REGION_28,2025-08-16
ADDR_002931,REGION_05,2025-03-30
ADDR_002932,REGION_03,2025-08-06
ADDR_002933,REGION_14,2025-11-22
ADDR_002934,REGION_10,2025-09-10
ADDR_002935,REGION_07,2025-07-05
ADDR_002936,REGION_04,2025-05-12
ADDR_002937,REGION_27,2025-02-09
ADDR_002938,REGION_19,2025-04-13
ADDR_002939,REGION_21,2025-01-07
ADDR_002940,REGION_04,2025-12-26
ADDR_002941,REGION_11,2025-04-05
ADDR_002942,REGION_19,2025-10-30
ADDR_002943,REGION_16,2025-03-15
ADDR_002944,REGION_21,2025-04-28
ADDR_002945,REGION_21,2025-06-16
ADDR_002946,REGION_13,2025-05-13
ADDR_002947,REGION_24,2025-10-25
ADDR_002948,REGION_08,2025-12-17
ADDR_002949,REGION_03,2025-11-19
ADDR_002950,REGION_28,2025-03-09
ADDR_002951,REGION_01,2025-10-17
ADDR_002952,REGION_09,2025-03-07
ADDR_002953,REGION_04,2025-12-02
ADDR_002954,REGION_07,2025-07-21
ADDR_002955,REGION_12,2025-05-17
ADDR_002956,REGION_04,2025-03-10
ADDR_002957,REGION_15,2025-01-07
ADDR_002958,REGION_28,2025-04-14
ADDR_002959,REGION_05,2025-12-02
ADDR_002960,REGION_28,2025-10-24
ADDR_002961,REGION_13,2025-12-21
ADDR_002962,REGION_18,2025-02-16
ADDR_002963,REGION_14,2025-08-16
ADDR_002964,REGION_10,2025-04-18
ADDR_002965,REGION_04,2025-07-30
ADDR_002966,REGION_18,2025-05-11
ADDR_002967,REGION_28,2025-04-28
ADDR_002968,REGION_16,2025-08-09
ADDR_002969,REGION_18,2025-03-21
ADDR_002970,REGION_20,2025-07-04
ADDR_002971,REGION_12,2025-09-05
ADDR_002972,REGION_04,2025-02-27
ADDR_002973,REGION_16,2025-12-08
ADDR_002974,REGION_27,2025-07-17
ADDR_002975,REGION_10,2025-11-01
ADDR_002976,REGION_27,2025-09-06
ADDR_002977,REGION_26,2025-09-25
ADDR_002978,REGION_08,2025-09-27
ADDR_002979,REGION_18,2025-11-19
ADDR_002980,REGION_23,2025-08-23
ADDR_002981,REGION_15,2025-04-26
ADDR_002982,REGION_21,2025-02-15
ADDR_002983,REGION_28,2025-08-21
ADDR_002984,REGION_19,2025-02-01
ADDR_002985,REGION_26,2025-04-12
ADDR_002986,REGION_25,2025-01-30
ADDR_002987,REGION_25,2025-08-01
ADDR_002988,REGION_26,2025-03-12
ADDR_002989,REGION_07,2025-08-22
ADDR_002990,REGION_01,2025-10-22
ADDR_002991,REGION_05,2025-11-02
ADDR_002992,REGION_08,2025-05-07
ADDR_002993,REGION_21,2025-08-01
ADDR_002994,REGION_16,2025-08-06
ADDR_002995,REGION_15,2025-07-05
ADDR_002996,REGION_01,2025-09-06
ADDR_002997,REGION_21,2025-03-31
ADDR_002998,REGION_11,2025-12-24
ADDR_002999,REGION_23,2025-02-15
ADDR_003000,REGION_04,2025-11-04
ADDR_003001,REGION_09,2025-08-16
ADDR_003002,REGION_02,2025-04-13
ADDR_003003,REGION_09,2025-10-07
ADDR_003004,REGION_28,2025-02-09
ADDR_003005,REGION_15,2025-10-17
ADDR_003006,REGION_14,2025-08-15
ADDR_003007,REGION_09,2025-02-20
ADDR_003008,REGION_08,2025-02-07
ADDR_003009,REGION_21,2025-10-09
ADDR_003010,REGION_30,2025-05-01
ADDR_003011,REGION_23,2025-11-24
ADDR_003012,REGION_23,2025-10-13
ADDR_003013,REGION_15,2025-09-21
ADDR_003014,REGION_03,2025-04-26
ADDR_003015,REGION_22,2025-09-25
ADDR_003016,REGION_25,2025-12-13
ADDR_003017,REGION_16,2025-02-12
ADDR_003018,REGION_03,2025-05-13
ADDR_003019,REGION_22,2025-04-09
ADDR_003020,REGION_28,2025-06-07
ADDR_003021,REGION_07,2025-10-06
ADDR_003022,REGION_05,2025-07-05
ADDR_003023,REGION_23,2025-08-08
ADDR_003024,REGION_10,2025-05-09
ADDR_003025,REGION_22,2025-03-04
ADDR_003026,REGION_22,2025-04-21
ADDR_003027,REGION_08,2025-11-14
ADDR_003028,REGION_02,2025-08-19
ADDR_003029,REGION_17,2025-06-01
ADDR_003030,REGION_13,2025-10-22
ADDR_003031,REGION_26,2025-01-31
ADDR_003032,REGION_11,2025-04-16
ADDR_003033,REGION_08,2025-04-08
ADDR_003034,REGION_26,2025-12-26
ADDR_003035,REGION_23,2025-09-24
ADDR_003036,REGION_19,2025-08-24
ADDR_003037,REGION_29,2025-01-04
ADDR_003038,REGION_24,2025-03-21
ADDR_003039,REGION_26,2025-08-31
ADDR_003040,REGION_24,2025-06-02
ADDR_003041,REGION_13,2025-12-06
ADDR_003042,REGION_02,2025-10-13
ADDR_003043,REGION_19,2025-06-26
ADDR_003044,REGION_23,2025-10-08
ADDR_003045,REGION_30,2025-12-22
ADDR_003046,REGION_21,2025-07-01
ADDR_003047,REGION_18,2025-09-02
ADDR_003048,REGION_18,2025-12-04
ADDR_003049,REGION_04,2025-04-15
ADDR_003050,REGION_01,2025-11-23
ADDR_003051,REGION_02,2025-02-14
ADDR_003052,REGION_28,2025-09-04
ADDR_003053,REGION_24,2025-10-20
ADDR_003054,REGION_08,2025-08-23
ADDR_003055,REGION_13,2025-07-13
ADDR_003056,REGION_15,2025-08-24
ADDR_003057,REGION_08,2025-03-08
ADDR_003058,REGION_13,2025-04-02
ADDR_003059,REGION_11,2025-04-22
ADDR_003060,REGION_21,2025-08-18
ADDR_003061,REGION_23,2025-06-24
ADDR_003062,REGION_03,2025-04-13
ADDR_003063,REGION_14,2025-11-22
ADDR_003064,REGION_30,2025-05-31
ADDR_003065,REGION_27,2025-06-26
ADDR_003066,REGION_24,2025-06-13
ADDR_003067,REGION_23,2025-03-20
ADDR_003068,REGION_01,2025-10-02
ADDR_003069,REGION_30,2025-06-26
ADDR_003070,REGION_23,2025-01-09
ADDR_003071,REGION_27,2025-12-19
ADDR_003072,REGION_28,2025-10-31
ADDR_003073,REGION_08,2025-09-30
ADDR_003074,REGION_01,2025-11-17
ADDR_003075,REGION_20,2025-11-30
ADDR_003076,REGION_14,2025-05-17
ADDR_003077,REGION_01,2025-08-22
ADDR_003078,REGION_09,2025-08-21
ADDR_003079,REGION_30,2025-04-22
ADDR_003080,REGION_11,2025-04-04
ADDR_003081,REGION_08,2025-02-21
ADDR_003082,REGION_20,2025-09-08
ADDR_003083,REGION_20,2025-10-19
ADDR_003084,REGION_10,2025-10-12
ADDR_003085,REGION_26,2025-05-10
ADDR_003086,REGION_18,2025-03-29
ADDR_003087,REGION_05,2025-06-28
ADDR_003088,REGION_10,2025-07-31
ADDR_003089,REGION_26,2025-12-04
ADDR_003090,REGION_03,2025-11-19
ADDR_003091,REGION_01,2025-12-03
ADDR_003092,REGION_20,2025-11-11
ADDR_003093,REGION_14,2025-12-19
ADDR_003094,REGION_08,2025-07-02
ADDR_003095,REGION_15,2025-01-24
ADDR_003096,REGION_06,2025-02-08
ADDR_003097,REGION_12,2025-06-06
ADDR_003098,REGION_08,2025-04-18
ADDR_003099,REGION_18,2025-03-15
ADDR_003100,REGION_21,2025-12-15
ADDR_003101,REGION_28,2025-03-25
ADDR_003102,REGION_03,2025-12-17
ADDR_003103,REGION_10,2025-10-12
ADDR_003104,REGION_08,2025-09-01
ADDR_003105,REGION_18,2025-09-13
ADDR_003106,REGION_16,2025-05-15
ADDR_003107,REGION_27,2025-09-03
ADDR_003108,REGION_28,2025-03-22
ADDR_003109,REGION_24,2025-12-10
ADDR_003110,REGION_06,2025-05-04
ADDR_003111,REGION_02,2025-04-17
ADDR_003112,REGION_27,2025-09-25
ADDR_003113,REGION_29,2025-09-07
ADDR_003114,REGION_08,2025-06-27
ADDR_003115,REGION_02,2025-08-30
ADDR_003116,REGION_21,2025-03-11
ADDR_003117,REGION_18,2025-09-12
ADDR_003118,REGION_27,2025-04-23
ADDR_003119,REGION_18,2025-04-24
ADDR_003120,REGION_23,2025-03-12
ADDR_003121,REGION_24,2025-05-16
ADDR_003122,REGION_01,2025-05-15
ADDR_003123,REGION_05,2025-06-28
ADDR_003124,REGION_24,2025-03-23
ADDR_003125,REGION_06,2025-03-24
ADDR_003126,REGION_07,2025-07-29
ADDR_003127,REGION_23,2025-02-27
ADDR_003128,REGION_07,2025-09-18
ADDR_003129,REGION_05,2025-12-12
ADDR_003130,REGION_01,2025-06-19
ADDR_003131,REGION_15,2025-11-28
ADDR_003132,REGION_20,2025-02-15
ADDR_003133,REGION_22,2025-01-22
ADDR_003134,REGION_28,2025-09-29
ADDR_003135,REGION_20,2025-10-12
ADDR_003136,REGION_23,2025-11-09
ADDR_003137,REGION_07,2025-01-28
ADDR_003138,REGION_11,2025-10-18
ADDR_003139,REGION_10,2025-06-01
ADDR_003140,REGION_02,2025-05-05
ADDR_003141,REGION_30,2025-03-17
ADDR_003142,REGION_08,2025-12-29
ADDR_003143,REGION_14,2025-01-31
ADDR_003144,REGION_11,2025-11-03
ADDR_003145,REGION_02,2025-09-01
ADDR_003146,REGION_28,2025-10-03
ADDR_003147,REGION_07,2025-09-26
ADDR_003148,REGION_04,2025-11-14
ADDR_003149,REGION_11,2025-03-21
ADDR_003150,REGION_05,2025-01-01
ADDR_003151,REGION_30,2025-08-18
ADDR_003152,REGION_06,2025-05-23
ADDR_003153,REGION_10,2025-02-25
ADDR_003154,REGION_09,2025-03-22
ADDR_003155,REGION_01,2025-05-15
ADDR_003156,REGION_01,2025-02-03
ADDR_003157,REGION_16,2025-01-28
ADDR_003158,REGION_07,2025-12-03
ADDR_003159,REGION_03,2025-05-08
ADDR_003160,REGION_09,2025-12-25
ADDR_003161,REGION_09,2025-12-19
ADDR_003162,REGION_13,2025-03-05
ADDR_003163,REGION_30,2025-09-27
ADDR_003164,REGION_10,2025-08-19
ADDR_003165,REGION_22,2025-09-18
ADDR_003166,REGION_24,2025-02-14
ADDR_003167,REGION_02,2025-03-23
ADDR_003168,REGION_16,2025-02-06
ADDR_003169,REGION_14,2025-08-20
ADDR_003170,REGION_16,2025-12-26
ADDR_003171,REGION_06,2025-09-12
ADDR_003172,REGION_14,2025-09-25
ADDR_003173,REGION_04,2025-12-25
ADDR_003174,REGION_29,2025-09-14
ADDR_003175,REGION_18,2025-01-21
ADDR_003176,REGION_02,2025-11-17
ADDR_003177,REGION_16,2025-05-27
ADDR_003178,REGION_28,2025-01-03
ADDR_003179,REGION_23,2025-07-17
ADDR_003180,REGION_09,2025-12-10
ADDR_003181,REGION_27,2025-04-18
ADDR_003182,REGION_06,2025-07-12
ADDR_003183,REGION_08,2025-03-17
ADDR_003184,REGION_05,2025-01-28
ADDR_003185,REGION_28,2025-02-07
ADDR_003186,REGION_22,2025-10-01
ADDR_003187,REGION_16,2025-11-16
ADDR_003188,REGION_21,2025-03-05
ADDR_003189,REGION_08,2025-04-29
ADDR_003190,REGION_03,2025-03-25
ADDR_003191,REGION_26,2025-01-15
ADDR_003192,REGION_29,2025-08-02
ADDR_003193,REGION_02,2025-09-22
ADDR_003194,REGION_02,2025-09-04
ADDR_003195,REGION_17,2025-06-05
ADDR_003196,REGION_02,2025-08-03
ADDR_003197,REGION_22,2025-02-13
ADDR_003198,REGION_29,2025-03-09
ADDR_003199,REGION_09,2025-12-08
ADDR_003200,REGION_09,2025-10-12
ADDR_003201,REGION_26,2025-12-05
ADDR_003202,REGION_11,2025-12-03
ADDR_003203,REGION_08,2025-09-04
ADDR_003204,REGION_03,2025-12-07
ADDR_003205,REGION_26,2025-06-15
ADDR_003206,REGION_28,2025-01-03
ADDR_003207,REGION_03,2025-01-31
ADDR_003208,REGION_25,2025-02-19
ADDR_003209,REGION_05,2025-02-13
ADDR_003210,REGION_05,2025-05-23
ADDR_003211,REGION_12,2025-09-22
ADDR_003212,REGION_14,2025-10-22
ADDR_003213,REGION_26,2025-08-15
ADDR_003214,REGION_21,2025-03-06
ADDR_003215,REGION_05,2025-10-08
ADDR_003216,REGION_18,2025-05-24
ADDR_003217,REGION_27,2025-01-08
ADDR_003218,REGION_20,2025-04-26
ADDR_003219,REGION_07,2025-05-15
ADDR_003220,REGION_04,2025-04-24
ADDR_003221,REGION_14,2025-10-29
ADDR_003222,REGION_15,2025-10-12
ADDR_003223,REGION_11,2025-09-20
ADDR_003224,REGION_04,2025-03-03
ADDR_003225,REGION_04,2025-10-28
ADDR_003226,REGION_16,2025-09-14
ADDR_003227,REGION_29,2025-03-25
ADDR_003228,REGION_18,2025-09-04
ADDR_003229,REGION_14,2025-07-09
ADDR_003230,REGION_28,2025-06-23
ADDR_003231,REGION_21,2025-02-20
ADDR_003232,REGION_22,2025-07-21
ADDR_003233,REGION_18,2025-02-15
ADDR_003234,REGION_23,2025-03-13
ADDR_003235,REGION_16,2025-03-01
ADDR_003236,REGION_19,2025-12-15
ADDR_003237,REGION_19,2025-04-28
ADDR_003238,REGION_23,2025-05-24
ADDR_003239,REGION_27,2025-05-12
ADDR_003240,REGION_09,2025-11-27
ADDR_003241,REGION_21,2025-08-06
ADDR_003242,REGION_01,2025-12-04
ADDR_003243,REGION_16,2025-05-04
ADDR_003244,REGION_27,2025-02-21
ADDR_003245,REGION_20,2025-08-03
ADDR_003246,REGION_09,2025-05-20
ADDR_003247,REGION_19,2025-10-26
ADDR_003248,REGION_11,2025-11-21
ADDR_003249,REGION_13,2025-07-05
ADDR_003250,REGION_07,2025-12-21
ADDR_003251,REGION_19,2025-08-02
ADDR_003252,REGION_06,2025-04-23
ADDR_003253,REGION_14,2025-07-11
ADDR_003254,REGION_29,2025-01-19
ADDR_003255,REGION_23,2025-10-27
ADDR_003256,REGION_13,2025-02-16
ADDR_003257,REGION_30,2025-05-07
ADDR_003258,REGION_01,2025-08-06
ADDR_003259,REGION_29,2025-01-22
ADDR_003260,REGION_11,2025-02-07
ADDR_003261,REGION_25,2025-09-20
ADDR_003262,REGION_29,2025-02-04
ADDR_003263,REGION_19,2025-07-06
ADDR_003264,REGION_19,2025-05-18
ADDR_003265,REGION_23,2025-04-07
ADDR_003266,REGION_08,2025-03-23
ADDR_003267,REGION_06,2025-10-13
ADDR_003268,REGION_11,2025-12-15
ADDR_003269,REGION_15,2025-03-04
ADDR_003270,REGION_23,2025-12-17
ADDR_003271,REGION_08,2025-08-17
ADDR_003272,REGION_17,2025-09-02
ADDR_003273,REGION_01,2025-09-25
ADDR_003274,REGION_01,2025-09-23
ADDR_003275,REGION_30,2025-11-01
ADDR_003276,REGION_26,2025-07-09
ADDR_003277,REGION_26,2025-07-26
ADDR_003278,REGION_10,2025-05-12
ADDR_003279,REGION_16,2025-02-17
ADDR_003280,REGION_21,2025-09-10
ADDR_003281,REGION_08,2025-01-18
ADDR_003282,REGION_23,2025-04-25
ADDR_003283,REGION_21,2025-02-13
ADDR_003284,REGION_13,2025-03-23
ADDR_003285,REGION_14,2025-09-01
ADDR_003286,REGION_10,2025-08-28
ADDR_003287,REGION_25,2025-06-17
ADDR_003288,REGION_30,2025-02-11
ADDR_003289,REGION_30,2025-06-21
ADDR_003290,REGION_24,2025-05-23
ADDR_003291,REGION_11,2025-09-28
ADDR_003292,REGION_24,2025-08-11
ADDR_003293,REGION_08,2025-07-12
ADDR_003294,REGION_27,2025-07-10
ADDR_003295,REGION_09,2025-12-19
ADDR_003296,REGION_13,2025-10-11
ADDR_003297,REGION_03,2025-07-14
ADDR_003298,REGION_03,2025-07-07
ADDR_003299,REGION_12,2025-01-14
ADDR_003300,REGION_17,2025-12-12
ADDR_003301,REGION_01,2025-05-11
ADDR_003302,REGION_26,2025-04-17
ADDR_003303,REGION_04,2025-12-30
ADDR_003304,REGION_30,2025-09-28
ADDR_003305,REGION_09,2025-01-24
ADDR_003306,REGION_12,2025-01-30
ADDR_003307,REGION_05,2025-01-14
ADDR_003308,REGION_25,2025-08-18
ADDR_003309,REGION_22,2025-02-03
ADDR_003310,REGION_03,2025-12-09
ADDR_003311,REGION_04,2025-12-10
ADDR_003312,REGION_19,2025-07-31
ADDR_003313,REGION_26,2025-08-24
ADDR_003314,REGION_04,2025-05-01
ADDR_003315,REGION_07,2025-01-31
ADDR_003316,REGION_17,2025-10-04
ADDR_003317,REGION_04,2025-02-16
ADDR_003318,REGION_10,2025-02-09
ADDR_003319,REGION_01,2025-05-08
ADDR_003320,REGION_15,2025-01-08
ADDR_003321,REGION_22,2025-06-21
ADDR_003322,REGION_13,2025-09-24
ADDR_003323,REGION_08,2025-10-26
ADDR_003324,REGION_13,2025-08-20
ADDR_003325,REGION_16,2025-11-10
ADDR_003326,REGION_05,2025-06-11
ADDR_003327,REGION_04,2025-11-11
ADDR_003328,REGION_06,2025-07-17
ADDR_003329,REGION_30,2025-04-05
ADDR_003330,REGION_22,2025-12-12
ADDR_003331,REGION_04,2025-04-24
ADDR_003332,REGION_10,2025-01-14
ADDR_003333,REGION_13,2025-04-12
ADDR_003334,REGION_06,2025-05-28
ADDR_003335,REGION_26,2025-05-22
ADDR_003336,REGION_29,2025-07-23
ADDR_003337,REGION_08,2025-11-22
ADDR_003338,REGION_01,2025-05-01
ADDR_003339,REGION_09,2025-07-22
ADDR_003340,REGION_18,2025-05-18
ADDR_003341,REGION_25,2025-11-02
ADDR_003342,REGION_11,2025-03-11
ADDR_003343,REGION_09,2025-02-17
ADDR_003344,REGION_08,2025-07-16
ADDR_003345,REGION_01,2025-09-12
ADDR_003346,REGION_01,2025-10-24
ADDR_003347,REGION_13,2025-08-15
ADDR_003348,REGION_19,2025-10-16
ADDR_003349,REGION_01,2025-06-06
ADDR_003350,REGION_07,2025-01-17
ADDR_003351,REGION_28,2025-02-22
ADDR_003352,REGION_30,2025-01-20
ADDR_003353,REGION_20,2025-05-14
ADDR_003354,REGION_16,2025-07-13
ADDR_003355,REGION_18,2025-05-24
ADDR_003356,REGION_12,2025-08-05
ADDR_003357,REGION_07,2025-07-08
ADDR_003358,REGION_12,2025-09-14
ADDR_003359,REGION_21,2025-09-10
ADDR_003360,REGION_20,2025-05-10
ADDR_003361,REGION_21,2025-05-21
ADDR_003362,REGION_19,2025-08-13
ADDR_003363,REGION_02,2025-08-17
ADDR_003364,REGION_19,2025-05-09
ADDR_003365,REGION_27,2025-05-15
ADDR_003366,REGION_20,2025-09-20
ADDR_003367,REGION_18,2025-09-04
ADDR_003368,REGION_07,2025-03-02
ADDR_003369,REGION_24,2025-06-24
ADDR_003370,REGION_14,2025-11-25
ADDR_003371,REGION_08,2025-01-19
ADDR_003372,REGION_15,2025-11-13
ADDR_003373,REGION_04,2025-03-13
ADDR_003374,REGION_28,2025-07-17
ADDR_003375,REGION_22,2025-06-18
ADDR_003376,REGION_10,2025-01-06
ADDR_003377,REGION_24,2025-12-03
ADDR_003378,REGION_02,2025-06-29
ADDR_003379,REGION_12,2025-12-15
ADDR_003380,REGION_20,2025-04-29
ADDR_003381,REGION_01,2025-11-16
ADDR_003382,REGION_22,2025-12-05
ADDR_003383,REGION_25,2025-08-03
ADDR_003384,REGION_18,2025-03-28
ADDR_003385,REGION_07,2025-09-17
ADDR_003386,REGION_23,2025-08-01
ADDR_003387,REGION_11,2025-12-12
ADDR_003388,REGION_23,2025-06-23
ADDR_003389,REGION_19,2025-04-22
ADDR_003390,REGION_03,2025-03-03
ADDR_003391,REGION_03,2025-09-21
ADDR_003392,REGION_01,2025-12-22
ADDR_003393,REGION_03,2025-01-15
ADDR_003394,REGION_09,2025-10-05
ADDR_003395,REGION_01,2025-12-06
ADDR_003396,REGION_29,2025-02-05
ADDR_003397,REGION_28,2025-02-19
ADDR_003398,REGION_06,2025-09-19
ADDR_003399,REGION_10,2025-09-04
ADDR_003400,REGION_23,2025-02-02
ADDR_003401,REGION_20,2025-11-06
ADDR_003402,REGION_18,2025-07-23
ADDR_003403,REGION_30,2025-11-30
ADDR_003404,REGION_19,2025-11-20
ADDR_003405,REGION_21,2025-10-29
ADDR_003406,REGION_16,2025-07-20
ADDR_003407,REGION_16,2025-04-16
ADDR_003408,REGION_09,2025-07-17
ADDR_003409,REGION_16,2025-02-16
ADDR_003410,REGION_28,2025-09-08
ADDR_003411,REGION_12,2025-03-01
ADDR_003412,REGION_04,2025-07-18
ADDR_003413,REGION_18,2025-01-27
ADDR_003414,REGION_24,2025-05-03
ADDR_003415,REGION_29,2025-04-08
ADDR_003416,REGION_17,2025-08-25
ADDR_003417,REGION_24,2025-10-21
ADDR_003418,REGION_08,2025-01-28
ADDR_003419,REGION_13,2025-11-11
ADDR_003420,REGION_13,2025-11-15
ADDR_003421,REGION_10,2025-05-19
ADDR_003422,REGION_22,2025-09-08
ADDR_003423,REGION_27,2025-06-10
ADDR_003424,REGION_10,2025-03-09
ADDR_003425,REGION_05,2025-07-25
ADDR_003426,REGION_25,2025-02-10
ADDR_003427,REGION_26,2025-11-20
ADDR_003428,REGION_29,2025-12-06
ADDR_003429,REGION_08,2025-11-02
ADDR_003430,REGION_22,2025-08-05
ADDR_003431,REGION_22,2025-08-04
ADDR_003432,REGION_24,2025-12-25
ADDR_003433,REGION_25,2025-04-14
ADDR_003434,REGION_29,2025-02-05
ADDR_003435,REGION_15,2025-08-05
ADDR_003436,REGION_03,2025-05-14
ADDR_003437,REGION_06,2025-05-12
ADDR_003438,REGION_27,2025-01-05
ADDR_003439,REGION_26,2025-08-17
ADDR_003440,REGION_01,2025-04-20
ADDR_003441,REGION_12,2025-03-22
ADDR_003442,REGION_08,2025-01-21
ADDR_003443,REGION_10,2025-05-27
ADDR_003444,REGION_20,2025-11-21
ADDR_003445,REGION_16,2025-05-17
ADDR_003446,REGION_15,2025-09-14
ADDR_003447,REGION_14,2025-10-11
ADDR_003448,REGION_20,2025-05-14
ADDR_003449,REGION_21,2025-11-02
ADDR_003450,REGION_02,2025-09-19
ADDR_003451,REGION_05,2025-08-04
ADDR_003452,REGION_11,2025-01-01
ADDR_003453,REGION_14,2025-01-18
ADDR_003454,REGION_30,2025-12-28
ADDR_003455,REGION_27,2025-10-19
ADDR_003456,REGION_20,2025-12-10
ADDR_003457,REGION_02,2025-11-28
ADDR_003458,REGION_04,2025-01-11
ADDR_003459,REGION_14,2025-10-23
ADDR_003460,REGION_18,2025-06-27
ADDR_003461,REGION_20,2025-10-22
ADDR_003462,REGION_05,2025-01-05
ADDR_003463,REGION_27,2025-04-29
ADDR_003464,REGION_15,2025-10-09
ADDR_003465,REGION_18,2025-10-23
ADDR_003466,REGION_02,2025-08-25
ADDR_003467,REGION_25,2025-05-04
ADDR_003468,REGION_17,2025-05-07
ADDR_003469,REGION_07,2025-12-20
ADDR_003470,REGION_10,2025-06-23
ADDR_003471,REGION_11,2025-06-26
ADDR_003472,REGION_01,2025-08-02
ADDR_003473,REGION_29,2025-06-12
ADDR_003474,REGION_25,2025-08-02
ADDR_003475,REGION_27,2025-06-21
ADDR_003476,REGION_11,2025-11-03
ADDR_003477,REGION_17,2025-12-01
ADDR_003478,REGION_14,2025-12-08
ADDR_003479,REGION_15,2025-08-06
ADDR_003480,REGION_18,2025-06-24
ADDR_003481,REGION_14,2025-09-23
ADDR_003482,REGION_24,2025-11-07
ADDR_003483,REGION_02,2025-08-06
ADDR_003484,REGION_06,2025-09-22
ADDR_003485,REGION_27,2025-10-08
ADDR_003486,REGION_27,2025-09-14
ADDR_003487,REGION_25,2025-10-07
ADDR_003488,REGION_12,2025-03-30
ADDR_003489,REGION_14,2025-07-14
ADDR_003490,REGION_01,2025-08-14
ADDR_003491,REGION_09,2025-01-02
ADDR_003492,REGION_22,2025-11-13
ADDR_003493,REGION_11,2025-08-22
ADDR_003494,REGION_15,2025-02-27
ADDR_003495,REGION_04,2025-10-31
ADDR_003496,REGION_15,2025-09-27
ADDR_003497,REGION_22,2025-10-11
ADDR_003498,REGION_18,2025-06-06
ADDR_003499,REGION_17,2025-11-12
ADDR_003500,REGION_28,2025-06-14
ADDR_003501,REGION_08,2025-08-08
ADDR_003502,REGION_09,2025-01-01
ADDR_003503,REGION_19,2025-09-03
ADDR_003504,REGION_15,2025-09-28
ADDR_003505,REGION_30,2025-08-07
ADDR_003506,REGION_02,2025-07-13
ADDR_003507,REGION_04,2025-10-29
ADDR_003508,REGION_11,2025-09-15
ADDR_003509,REGION_14,2025-04-26
ADDR_003510,REGION_27,2025-12-17
ADDR_003511,REGION_15,2025-09-24
ADDR_003512,REGION_14,2025-12-27
ADDR_003513,REGION_06,2025-12-21
ADDR_003514,REGION_14,2025-12-04
ADDR_003515,REGION_16,2025-10-10
ADDR_003516,REGION_18,2025-08-22
ADDR_003517,REGION_19,2025-03-16
ADDR_003518,REGION_13,2025-07-30
ADDR_003519,REGION_05,2025-10-14
ADDR_003520,REGION_05,2025-07-22
ADDR_003521,REGION_05,2025-11-17
ADDR_003522,REGION_19,2025-02-19
ADDR_003523,REGION_26,2025-06-02
ADDR_003524,REGION_27,2025-07-17
ADDR_003525,REGION_10,2025-06-21
ADDR_003526,REGION_03,2025-02-19
ADDR_003527,REGION_19,2025-03-09
ADDR_003528,REGION_02,2025-11-07
ADDR_003529,REGION_19,2025-07-09
ADDR_003530,REGION_12,2025-01-24
ADDR_003531,REGION_26,2025-01-10
ADDR_003532,REGION_19,2025-07-05
ADDR_003533,REGION_23,2025-03-13
ADDR_003534,REGION_13,2025-09-23
ADDR_003535,REGION_26,2025-10-24
ADDR_003536,REGION_16,2025-04-07
ADDR_003537,REGION_19,2025-08-16
ADDR_003538,REGION_11,2025-03-09
ADDR_003539,REGION_14,2025-05-05
ADDR_003540,REGION_26,2025-11-24
ADDR_003541,REGION_12,2025-07-30
ADDR_003542,REGION_01,2025-11-23
ADDR_003543,REGION_12,2025-04-06
ADDR_003544,REGION_12,2025-05-15
ADDR_003545,REGION_13,2025-07-04
ADDR_003546,REGION_03,2025-07-08
ADDR_003547,REGION_04,2025-12-30
ADDR_003548,REGION_10,2025-02-21
ADDR_003549,REGION_13,2025-11-12
ADDR_003550,REGION_01,2025-11-16
ADDR_003551,REGION_12,2025-08-02
ADDR_003552,REGION_10,2025-05-20
ADDR_003553,REGION_02,2025-07-21
ADDR_003554,REGION_08,2025-05-01
ADDR_003555,REGION_09,2025-10-25
ADDR_003556,REGION_05,2025-07-14
ADDR_003557,REGION_23,2025-12-06
ADDR_003558,REGION_03,2025-08-26
ADDR_003559,REGION_18,2025-07-20
ADDR_003560,REGION_20,2025-09-25
ADDR_003561,REGION_25,2025-07-16
ADDR_003562,REGION_17,2025-11-29
ADDR_003563,REGION_17,2025-03-21
ADDR_003564,REGION_23,2025-12-22
ADDR_003565,REGION_26,2025-10-29
ADDR_003566,REGION_07,2025-11-15
ADDR_003567,REGION_24,2025-07-09
ADDR_003568,REGION_14,2025-11-07
ADDR_003569,REGION_03,2025-05-06
ADDR_003570,REGION_19,2025-10-12
ADDR_003571,REGION_30,2025-03-04
ADDR_003572,REGION_05,2025-05-06
ADDR_003573,REGION_01,2025-06-25
ADDR_003574,REGION_28,2025-05-12
ADDR_003575,REGION_18,2025-06-04
ADDR_003576,REGION_07,2025-11-01
ADDR_003577,REGION_24,2025-04-18
ADDR_003578,REGION_12,2025-10-07
ADDR_003579,REGION_10,2025-02-04
ADDR_003580,REGION_09,2025-10-14
ADDR_003581,REGION_18,2025-10-23
ADDR_003582,REGION_05,2025-06-10
ADDR_003583,REGION_11,2025-09-29
ADDR_003584,REGION_10,2025-12-03
ADDR_003585,REGION_02,2025-10-26
ADDR_003586,REGION_23,2025-06-06
ADDR_003587,REGION_01,2025-07-09
ADDR_003588,REGION_29,2025-10-18
ADDR_003589,REGION_03,2025-05-01
ADDR_003590,REGION_11,2025-10-27
ADDR_003591,REGION_03,2025-05-14
ADDR_003592,REGION_12,2025-10-27
ADDR_003593,REGION_19,2025-02-10
ADDR_003594,REGION_03,2025-01-23
ADDR_003595,REGION_16,2025-12-30
ADDR_003596,REGION_24,2025-11-17
ADDR_003597,REGION_14,2025-11-22
ADDR_003598,REGION_04,2025-12-14
ADDR_003599,REGION_21,2025-06-23
ADDR_003600,REGION_06,2025-04-29
ADDR_003601,REGION_01,2025-02-28
ADDR_003602,REGION_14,2025-07-15
ADDR_003603,REGION_09,2025-04-04
ADDR_003604,REGION_01,2025-12-09
ADDR_003605,REGION_24,2025-01-03
ADDR_003606,REGION_18,2025-03-05
ADDR_003607,REGION_28,2025-04-14
ADDR_003608,REGION_15,2025-03-27
ADDR_003609,REGION_14,2025-04-06
ADDR_003610,REGION_26,2025-09-07
ADDR_003611,REGION_03,2025-05-14
ADDR_003612,REGION_11,2025-08-24
ADDR_003613,REGION_24,2025-11-24
ADDR_003614,REGION_09,2025-08-19
ADDR_003615,REGION_27,2025-09-20
ADDR_003616,REGION_09,2025-05-28
ADDR_003617,REGION_13,2025-03-11
ADDR_003618,REGION_27,2025-05-11
ADDR_003619,REGION_08,2025-12-19
ADDR_003620,REGION_30,2025-08-26
ADDR_003621,REGION_02,2025-04-25
ADDR_003622,REGION_08,2025-06-27
ADDR_003623,REGION_18,2025-11-06
ADDR_003624,REGION_18,2025-09-11
ADDR_003625,REGION_28,2025-08-05
ADDR_003626,REGION_29,2025-11-23
ADDR_003627,REGION_21,2025-09-12
ADDR_003628,REGION_20,2025-09-02
ADDR_003629,REGION_10,2025-03-23
ADDR_003630,REGION_25,2025-02-18
ADDR_003631,REGION_20,2025-12-19
ADDR_003632,REGION_01,2025-08-18
ADDR_003633,REGION_25,2025-06-15
ADDR_003634,REGION_11,2025-08-15
ADDR_003635,REGION_15,2025-01-30
ADDR_003636,REGION_15,2025-11-02
ADDR_003637,REGION_25,2025-04-02
ADDR_003638,REGION_09,2025-10-27
ADDR_003639,REGION_12,2025-07-27
ADDR_003640,REGION_02,2025-04-25
ADDR_003641,REGION_11,2025-01-16
ADDR_003642,REGION_03,2025-10-31
ADDR_003643,REGION_18,2025-03-18
ADDR_003644,REGION_27,2025-01-26
ADDR_003645,REGION_14,2025-10-10
ADDR_003646,REGION_28,2025-05-22
ADDR_003647,REGION_30,2025-06-05
ADDR_003648,REGION_02,2025-04-14
ADDR_003649,REGION_16,2025-11-14
ADDR_003650,REGION_16,2025-05-03
ADDR_003651,REGION_12,2025-03-31
ADDR_003652,REGION_25,2025-05-07
ADDR_003653,REGION_12,2025-03-28
ADDR_003654,REGION_02,2025-05-10
ADDR_003655,REGION_17,2025-02-08
ADDR_003656,REGION_07,2025-03-11
ADDR_003657,REGION_11,2025-06-15
ADDR_003658,REGION_16,2025-11-21
ADDR_003659,REGION_22,2025-01-28
ADDR_003660,REGION_09,2025-04-01
ADDR_003661,REGION_12,2025-11-30
ADDR_003662,REGION_03,2025-11-24
ADDR_003663,REGION_12,2025-09-15
ADDR_003664,REGION_18,2025-04-11
ADDR_003665,REGION_19,2025-06-16
ADDR_003666,REGION_09,2025-03-31
ADDR_003667,REGION_02,2025-02-27
ADDR_003668,REGION_18,2025-06-02
ADDR_003669,REGION_20,2025-08-10
ADDR_003670,REGION_03,2025-05-26
ADDR_003671,REGION_16,2025-08-22
ADDR_003672,REGION_03,2025-05-02
ADDR_003673,REGION_14,2025-05-20
ADDR_003674,REGION_20,2025-10-22
ADDR_003675,REGION_22,2025-11-20
ADDR_003676,REGION_22,2025-05-12
ADDR_003677,REGION_23,2025-08-09
ADDR_003678,REGION_08,2025-04-26
ADDR_003679,REGION_26,2025-01-27
ADDR_003680,REGION_11,2025-10-04
ADDR_003681,REGION_12,2025-03-16
ADDR_003682,REGION_24,2025-06-18
ADDR_003683,REGION_10,2025-07-10
ADDR_003684,REGION_03,2025-03-21
ADDR_003685,REGION_22,2025-02-13
ADDR_003686,REGION_20,2025-05-21
ADDR_003687,REGION_18,2025-12-15
ADDR_003688,REGION_05,2025-08-24
ADDR_003689,REGION_19,2025-06-02
ADDR_003690,REGION_06,2025-01-20
ADDR_003691,REGION_17,2025-08-18
ADDR_003692,REGION_16,2025-02-12
ADDR_003693,REGION_24,2025-07-29
ADDR_003694,REGION_30,2025-10-09
ADDR_003695,REGION_06,2025-06-18
ADDR_003696,REGION_04,2025-05-03
ADDR_003697,REGION_17,2025-01-24
ADDR_003698,REGION_29,2025-01-14
ADDR_003699,REGION_05,2025-06-20
ADDR_003700,REGION_15,2025-11-22
ADDR_003701,REGION_13,2025-04-13
ADDR_003702,REGION_10,2025-08-09
ADDR_003703,REGION_20,2025-09-16
ADDR_003704,REGION_09,2025-01-30
ADDR_003705,REGION_15,2025-03-09
ADDR_003706,REGION_26,2025-05-15
ADDR_003707,REGION_12,2025-09-11
ADDR_003708,REGION_01,2025-06-23
ADDR_003709,REGION_27,2025-10-03
ADDR_003710,REGION_09,2025-11-17
ADDR_003711,REGION_24,2025-10-11
ADDR_003712,REGION_23,2025-12-28
ADDR_003713,REGION_16,2025-10-10
ADDR_003714,REGION_03,2025-11-12
ADDR_003715,REGION_29,2025-11-05
ADDR_003716,REGION_21,2025-10-02
ADDR_003717,REGION_13,2025-10-26
ADDR_003718,REGION_26,2025-12-09
ADDR_003719,REGION_24,2025-07-06
ADDR_003720,REGION_23,2025-09-01
ADDR_003721,REGION_06,2025-07-20
ADDR_003722,REGION_19,2025-11-11
ADDR_003723,REGION_09,2025-06-20
ADDR_003724,REGION_03,2025-11-01
ADDR_003725,REGION_11,2025-10-25
ADDR_003726,REGION_04,2025-12-18
ADDR_003727,REGION_04,2025-04-15
ADDR_003728,REGION_22,2025-09-25
ADDR_003729,REGION_16,2025-10-11
ADDR_003730,REGION_12,2025-12-10
ADDR_003731,REGION_06,2025-11-30
ADDR_003732,REGION_24,2025-08-09
ADDR_003733,REGION_20,2025-08-11
ADDR_003734,REGION_18,2025-03-14
ADDR_003735,REGION_06,2025-12-22
ADDR_003736,REGION_04,2025-04-17
ADDR_003737,REGION_04,2025-09-30
ADDR_003738,REGION_01,2025-10-24
ADDR_003739,REGION_30,2025-06-24
ADDR_003740,REGION_12,2025-03-31
ADDR_003741,REGION_20,2025-03-23
ADDR_003742,REGION_30,2025-11-13
ADDR_003743,REGION_29,2025-07-18
ADDR_003744,REGION_10,2025-02-11
ADDR_003745,REGION_15,2025-09-27
ADDR_003746,REGION_14,2025-04-15
ADDR_003747,REGION_02,2025-11-20
ADDR_003748,REGION_24,2025-05-07
ADDR_003749,REGION_18,2025-03-27
ADDR_003750,REGION_12,2025-02-09
ADDR_003751,REGION_17,2025-07-19
ADDR_003752,REGION_23,2025-06-27
ADDR_003753,REGION_01,2025-10-09
ADDR_003754,REGION_20,2025-07-02
ADDR_003755,REGION_26,2025-05-20
ADDR_003756,REGION_22,2025-04-19
ADDR_003757,REGION_19,2025-04-26
ADDR_003758,REGION_03,2025-12-07
ADDR_003759,REGION_23,2025-03-13
ADDR_003760,REGION_23,2025-12-27
ADDR_003761,REGION_15,2025-05-14
ADDR_003762,REGION_18,2025-02-11
ADDR_003763,REGION_19,2025-04-15
ADDR_003764,REGION_04,2025-01-29
ADDR_003765,REGION_08,2025-10-22
ADDR_003766,REGION_24,2025-07-19
ADDR_003767,REGION_30,2025-05-17
ADDR_003768,REGION_09,2025-09-09
ADDR_003769,REGION_13,2025-08-29
ADDR_003770,REGION_28,2025-12-11
ADDR_003771,REGION_05,2025-12-18
ADDR_003772,REGION_08,2025-09-15
ADDR_003773,REGION_02,2025-10-31
ADDR_003774,REGION_08,2025-10-23
ADDR_003775,REGION_20,2025-07-12
ADDR_003776,REGION_11,2025-09-23
ADDR_003777,REGION_30,2025-02-06
ADDR_003778,REGION_27,2025-10-11
ADDR_003779,REGION_27,2025-12-18
ADDR_003780,REGION_22,2025-02-09
ADDR_003781,REGION_22,2025-11-06
ADDR_003782,REGION_16,2025-12-08
ADDR_003783,REGION_30,2025-04-06
ADDR_003784,REGION_03,2025-07-23
ADDR_003785,REGION_22,2025-12-07
ADDR_003786,REGION_05,2025-12-17
ADDR_003787,REGION_11,2025-02-27
ADDR_003788,REGION_08,2025-05-22
ADDR_003789,REGION_19,2025-09-21
ADDR_003790,REGION_24,2025-04-04
ADDR_003791,REGION_03,2025-05-13
ADDR_003792,REGION_19,2025-01-13
ADDR_003793,REGION_07,2025-03-09
ADDR_003794,REGION_03,2025-08-05
ADDR_003795,REGION_13,2025-09-06
ADDR_003796,REGION_18,2025-09-04
ADDR_003797,REGION_07,2025-10-18
ADDR_003798,REGION_12,2025-06-15
ADDR_003799,REGION_29,2025-04-24
ADDR_003800,REGION_11,2025-01-09
ADDR_003801,REGION_30,2025-03-30
ADDR_003802,REGION_26,2025-05-08
ADDR_003803,REGION_12,2025-03-19
ADDR_003804,REGION_18,2025-01-11
ADDR_003805,REGION_22,2025-03-10
ADDR_003806,REGION_14,2025-09-10
ADDR_003807,REGION_13,2025-08-29
ADDR_003808,REGION_10,2025-12-09
ADDR_003809,REGION_05,2025-10-25
ADDR_003810,REGION_01,2025-08-07
ADDR_003811,REGION_11,2025-03-03
ADDR_003812,REGION_24,2025-08-06
ADDR_003813,REGION_08,2025-01-30
ADDR_003814,REGION_06,2025-06-20
ADDR_003815,REGION_10,2025-06-06
ADDR_003816,REGION_18,2025-06-19
ADDR_003817,REGION_07,2025-04-26
ADDR_003818,REGION_07,2025-09-17
ADDR_003819,REGION_04,2025-11-08
ADDR_003820,REGION_10,2025-10-15
ADDR_003821,REGION_07,2025-08-28
ADDR_003822,REGION_25,2025-07-28
ADDR_003823,REGION_28,2025-01-17
ADDR_003824,REGION_12,2025-09-29
ADDR_003825,REGION_03,2025-07-30
ADDR_003826,REGION_03,2025-04-23
ADDR_003827,REGION_10,2025-05-14
ADDR_003828,REGION_14,2025-12-09
ADDR_003829,REGION_16,2025-08-27
ADDR_003830,REGION_10,2025-07-06
ADDR_003831,REGION_11,2025-08-26
ADDR_003832,REGION_09,2025-06-14
ADDR_003833,REGION_16,2025-07-04
ADDR_003834,REGION_21,2025-04-30
ADDR_003835,REGION_02,2025-06-23
ADDR_003836,REGION_15,2025-09-17
ADDR_003837,REGION_20,2025-01-21
ADDR_003838,REGION_21,2025-10-24
ADDR_003839,REGION_17,2025-04-27
ADDR_003840,REGION_16,2025-09-16
ADDR_003841,REGION_21,2025-09-02
ADDR_003842,REGION_12,2025-09-05
ADDR_003843,REGION_18,2025-08-21
ADDR_003844,REGION_10,2025-12-17
ADDR_003845,REGION_14,2025-07-17
ADDR_003846,REGION_04,2025-10-02
ADDR_003847,REGION_11,2025-09-23
ADDR_003848,REGION_05,2025-04-10
ADDR_003849,REGION_07,2025-04-27
ADDR_003850,REGION_13,2025-06-18
ADDR_003851,REGION_16,2025-04-25
ADDR_003852,REGION_29,2025-05-28
ADDR_003853,REGION_01,2025-06-06
ADDR_003854,REGION_27,2025-08-20
ADDR_003855,REGION_10,2025-04-04
ADDR_003856,REGION_22,2025-10-27
ADDR_003857,REGION_21,2025-06-22
ADDR_003858,REGION_30,2025-09-24
ADDR_003859,REGION_04,2025-02-08
ADDR_003860,REGION_30,2025-07-04
ADDR_003861,REGION_02,2025-01-15
ADDR_003862,REGION_27,2025-09-13
ADDR_003863,REGION_20,2025-05-20
ADDR_003864,REGION_15,2025-12-14
ADDR_003865,REGION_12,2025-05-13
ADDR_003866,REGION_03,2025-08-06
ADDR_003867,REGION_25,2025-04-18
ADDR_003868,REGION_22,2025-08-25
ADDR_003869,REGION_29,2025-07-03
ADDR_003870,REGION_22,2025-05-29
ADDR_003871,REGION_29,2025-03-28
ADDR_003872,REGION_27,2025-02-20
ADDR_003873,REGION_13,2025-02-23
ADDR_003874,REGION_22,2025-12-30
ADDR_003875,REGION_08,2025-06-13
ADDR_003876,REGION_24,2025-01-02
ADDR_003877,REGION_19,2025-12-15
ADDR_003878,REGION_14,2025-01-11
ADDR_003879,REGION_19,2025-06-16
ADDR_003880,REGION_09,2025-09-27
ADDR_003881,REGION_19,2025-12-02
ADDR_003882,REGION_15,2025-09-26
ADDR_003883,REGION_10,2025-07-02
ADDR_003884,REGION_30,2025-12-22
ADDR_003885,REGION_02,2025-01-20
ADDR_003886,REGION_23,2025-12-26
ADDR_003887,REGION_07,2025-11-11
ADDR_003888,REGION_07,2025-12-07
ADDR_003889,REGION_05,2025-04-17
ADDR_003890,REGION_04,2025-03-05
ADDR_003891,REGION_04,2025-09-09
ADDR_003892,REGION_25,2025-07-20
ADDR_003893,REGION_28,2025-07-23
ADDR_003894,REGION_18,2025-12-06
ADDR_003895,REGION_01,2025-08-25
ADDR_003896,REGION_26,2025-05-08
ADDR_003897,REGION_19,2025-06-09
ADDR_003898,REGION_16,2025-03-01
ADDR_003899,REGION_29,2025-03-24
ADDR_003900,REGION_13,2025-03-05
ADDR_003901,REGION_11,2025-10-29
ADDR_003902,REGION_24,2025-09-23
ADDR_003903,REGION_16,2025-07-25
ADDR_003904,REGION_22,2025-05-31
ADDR_003905,REGION_21,2025-09-11
ADDR_003906,REGION_26,2025-10-30
ADDR_003907,REGION_10,2025-11-21
ADDR_003908,REGION_03,2025-07-31
ADDR_003909,REGION_15,2025-11-01
ADDR_003910,REGION_20,2025-07-19
ADDR_003911,REGION_25,2025-07-06
ADDR_003912,REGION_09,2025-11-16
ADDR_003913,REGION_23,2025-06-04
ADDR_003914,REGION_25,2025-06-08
ADDR_003915,REGION_25,2025-05-05
ADDR_003916,REGION_25,2025-07-21
ADDR_003917,REGION_30,2025-07-30
ADDR_003918,REGION_20,2025-09-08
ADDR_003919,REGION_12,2025-06-20
ADDR_003920,REGION_14,2025-04-03
ADDR_003921,REGION_23,2025-11-17
ADDR_003922,REGION_08,2025-05-21
ADDR_003923,REGION_19,2025-12-05
ADDR_003924,REGION_18,2025-03-30
ADDR_003925,REGION_20,2025-08-05
ADDR_003926,REGION_13,2025-07-27
ADDR_003927,REGION_23,2025-11-04
ADDR_003928,REGION_03,2025-03-03
ADDR_003929,REGION_23,2025-12-01
ADDR_003930,REGION_25,2025-07-26
ADDR_003931,REGION_27,2025-08-14
ADDR_003932,REGION_28,2025-07-18
ADDR_003933,REGION_11,2025-01-19
ADDR_003934,REGION_02,2025-07-14
ADDR_003935,REGION_20,2025-04-20
ADDR_003936,REGION_03,2025-05-19
ADDR_003937,REGION_09,2025-09-04
ADDR_003938,REGION_22,2025-07-14
ADDR_003939,REGION_18,2025-02-13
ADDR_003940,REGION_19,2025-02-04
ADDR_003941,REGION_23,2025-03-21
ADDR_003942,REGION_05,2025-03-23
ADDR_003943,REGION_24,2025-08-21
ADDR_003944,REGION_18,2025-03-18
ADDR_003945,REGION_13,2025-11-22
ADDR_003946,REGION_14,2025-03-31
ADDR_003947,REGION_16,2025-02-12
ADDR_003948,REGION_17,2025-11-20
ADDR_003949,REGION_11,2025-05-02
ADDR_003950,REGION_07,2025-06-18
ADDR_003951,REGION_06,2025-12-17
ADDR_003952,REGION_11,2025-12-12
ADDR_003953,REGION_08,2025-09-27
ADDR_003954,REGION_16,2025-02-02
ADDR_003955,REGION_28,2025-08-16
ADDR_003956,REGION_04,2025-12-27
ADDR_003957,REGION_10,2025-12-13
ADDR_003958,REGION_02,2025-02-18
ADDR_003959,REGION_30,2025-06-08
ADDR_003960,REGION_22,2025-05-09
ADDR_003961,REGION_08,2025-02-27
ADDR_003962,REGION_13,2025-09-20
ADDR_003963,REGION_22,2025-04-24
ADDR_003964,REGION_29,2025-05-20
ADDR_003965,REGION_18,2025-02-11
ADDR_003966,REGION_09,2025-07-14
ADDR_003967,REGION_21,2025-03-11
ADDR_003968,REGION_21,2025-06-21
ADDR_003969,REGION_20,2025-03-05
ADDR_003970,REGION_02,2025-12-15
ADDR_003971,REGION_22,2025-03-06
ADDR_003972,REGION_01,2025-07-22
ADDR_003973,REGION_28,2025-03-26
ADDR_003974,REGION_27,2025-02-05
ADDR_003975,REGION_17,2025-03-28
ADDR_003976,REGION_20,2025-01-27
ADDR_003977,REGION_03,2025-03-03
ADDR_003978,REGION_27,2025-07-12
ADDR_003979,REGION_09,2025-09-05
ADDR_003980,REGION_08,2025-02-10
ADDR_003981,REGION_22,2025-06-24
ADDR_003982,REGION_29,2025-08-12
ADDR_003983,REGION_15,2025-04-09
ADDR_003984,REGION_16,2025-05-30
ADDR_003985,REGION_17,2025-02-04
ADDR_003986,REGION_09,2025-04-04
ADDR_003987,REGION_18,2025-07-03
ADDR_003988,REGION_29,2025-12-27
ADDR_003989,REGION_12,2025-12-29
ADDR_003990,REGION_24,2025-12-24
ADDR_003991,REGION_24,2025-06-17
ADDR_003992,REGION_26,2025-02-07
ADDR_003993,REGION_22,2025-05-12
ADDR_003994,REGION_28,2025-04-10
ADDR_003995,REGION_22,2025-01-08
ADDR_003996,REGION_30,2025-02-13
ADDR_003997,REGION_22,2025-06-28
ADDR_003998,REGION_26,2025-05-18
ADDR_003999,REGION_27,2025-03-19
ADDR_004000,REGION_30,2025-09-27
ADDR_004001,REGION_18,2025-05-25
ADDR_004002,REGION_22,2025-11-12
ADDR_004003,REGION_30,2025-04-12
ADDR_004004,REGION_12,2025-07-28
ADDR_004005,REGION_04,2025-03-21
ADDR_004006,REGION_27,2025-07-13
ADDR_004007,REGION_19,2025-03-08
ADDR_004008,REGION_13,2025-03-12
ADDR_004009,REGION_22,2025-08-23
ADDR_004010,REGION_01,2025-04-20
ADDR_004011,REGION_15,2025-03-16
ADDR_004012,REGION_08,2025-12-07
ADDR_004013,REGION_09,2025-01-22
ADDR_004014,REGION_30,2025-08-06
ADDR_004015,REGION_17,2025-07-31
ADDR_004016,REGION_05,2025-04-15
ADDR_004017,REGION_11,2025-06-28
ADDR_004018,REGION_08,2025-02-10
ADDR_004019,REGION_28,2025-09-29
ADDR_004020,REGION_09,2025-04-04
ADDR_004021,REGION_11,2025-03-24
ADDR_004022,REGION_11,2025-05-09
ADDR_004023,REGION_06,2025-11-28
ADDR_004024,REGION_24,2025-10-24
ADDR_004025,REGION_18,2025-12-13
ADDR_004026,REGION_14,2025-09-05
ADDR_004027,REGION_12,2025-09-09
ADDR_004028,REGION_21,2025-07-08
ADDR_004029,REGION_03,2025-11-29
ADDR_004030,REGION_28,2025-07-18
ADDR_004031,REGION_17,2025-05-24
ADDR_004032,REGION_07,2025-09-01
ADDR_004033,REGION_17,2025-07-31
ADDR_004034,REGION_26,2025-02-25
ADDR_004035,REGION_06,2025-06-06
ADDR_004036,REGION_16,2025-05-09
ADDR_004037,REGION_18,2025-11-10
ADDR_004038,REGION_25,2025-06-01
ADDR_004039,REGION_18,2025-11-01
ADDR_004040,REGION_23,2025-06-24
ADDR_004041,REGION_24,2025-10-10
ADDR_004042,REGION_27,2025-03-02
ADDR_004043,REGION_11,2025-12-06
ADDR_004044,REGION_22,2025-07-08
ADDR_004045,REGION_08,2025-04-19
ADDR_004046,REGION_26,2025-04-12
ADDR_004047,REGION_29,2025-04-21
ADDR_004048,REGION_09,2025-05-28
ADDR_004049,REGION_17,2025-09-27
ADDR_004050,REGION_25,2025-12-14
ADDR_004051,REGION_01,2025-09-11
ADDR_004052,REGION_22,2025-07-31
ADDR_004053,REGION_25,2025-06-26
ADDR_004054,REGION_27,2025-11-04
ADDR_004055,REGION_06,2025-11-11
ADDR_004056,REGION_23,2025-05-01
ADDR_004057,REGION_24,2025-12-15
ADDR_004058,REGION_01,2025-06-07
ADDR_004059,REGION_22,2025-10-25
ADDR_004060,REGION_19,2025-12-20
ADDR_004061,REGION_30,2025-09-23
ADDR_004062,REGION_02,2025-03-12
ADDR_004063,REGION_29,2025-08-14
ADDR_004064,REGION_18,2025-02-23
ADDR_004065,REGION_09,2025-10-22
ADDR_004066,REGION_12,2025-04-27
ADDR_004067,REGION_23,2025-09-20
ADDR_004068,REGION_30,2025-12-01
ADDR_004069,REGION_10,2025-03-20
ADDR_004070,REGION_30,2025-06-07
ADDR_004071,REGION_19,2025-09-04
ADDR_004072,REGION_06,2025-06-16
ADDR_004073,REGION_18,2025-03-17
ADDR_004074,REGION_25,2025-01-16
ADDR_004075,REGION_02,2025-06-11
ADDR_004076,REGION_03,2025-09-04
ADDR_004077,REGION_01,2025-08-09
ADDR_004078,REGION_18,2025-03-10
ADDR_004079,REGION_02,2025-06-27
ADDR_004080,REGION_28,2025-05-29
ADDR_004081,REGION_04,2025-04-24
ADDR_004082,REGION_03,2025-10-01
ADDR_004083,REGION_08,2025-05-07
ADDR_004084,REGION_23,2025-07-29
ADDR_004085,REGION_28,2025-12-05
ADDR_004086,REGION_08,2025-07-28
ADDR_004087,REGION_16,2025-08-24
ADDR_004088,REGION_24,2025-02-04
ADDR_004089,REGION_24,2025-03-19
ADDR_004090,REGION_05,2025-02-16
ADDR_004091,REGION_26,2025-10-13
ADDR_004092,REGION_27,2025-11-06
ADDR_004093,REGION_23,2025-03-22
ADDR_004094,REGION_16,2025-04-03
ADDR_004095,REGION_12,2025-05-12
ADDR_004096,REGION_27,2025-08-15
ADDR_004097,REGION_26,2025-08-26
ADDR_004098,REGION_16,2025-09-17
ADDR_004099,REGION_23,2025-11-29
ADDR_004100,REGION_12,2025-05-02
ADDR_004101,REGION_23,2025-09-08
ADDR_004102,REGION_03,2025-08-04
ADDR_004103,REGION_28,2025-05-06
ADDR_004104,REGION_16,2025-11-30
ADDR_004105,REGION_18,2025-02-13
ADDR_004106,REGION_06,2025-09-26
ADDR_004107,REGION_16,2025-10-01
ADDR_004108,REGION_01,2025-12-03
ADDR_004109,REGION_27,2025-07-21
ADDR_004110,REGION_23,2025-05-12
ADDR_004111,REGION_14,2025-11-04
ADDR_004112,REGION_26,2025-10-15
ADDR_004113,REGION_25,2025-07-15
ADDR_004114,REGION_04,2025-10-14
ADDR_004115,REGION_02,2025-04-22
ADDR_004116,REGION_08,2025-08-15
ADDR_004117,REGION_01,2025-11-16
ADDR_004118,REGION_18,2025-05-10
ADDR_004119,REGION_16,2025-07-09
ADDR_004120,REGION_17,2025-12-14
ADDR_004121,REGION_03,2025-10-25
ADDR_004122,REGION_28,2025-11-23
ADDR_004123,REGION_30,2025-06-04
ADDR_004124,REGION_18,2025-12-29
ADDR_004125,REGION_01,2025-03-09
ADDR_004126,REGION_12,2025-07-21
ADDR_004127,REGION_22,2025-07-07
ADDR_004128,REGION_23,2025-10-25
ADDR_004129,REGION_08,2025-11-30
ADDR_004130,REGION_25,2025-10-02
ADDR_004131,REGION_30,2025-08-28
ADDR_004132,REGION_16,2025-06-19
ADDR_004133,REGION_12,2025-07-18
ADDR_004134,REGION_16,2025-07-18
ADDR_004135,REGION_01,2025-01-11
ADDR_004136,REGION_16,2025-07-16
ADDR_004137,REGION_01,2025-11-13
ADDR_004138,REGION_02,2025-09-25
ADDR_004139,REGION_17,2025-10-24
ADDR_004140,REGION_16,2025-06-06
ADDR_004141,REGION_30,2025-07-25
ADDR_004142,REGION_16,2025-01-18
ADDR_004143,REGION_30,2025-06-03
ADDR_004144,REGION_25,2025-07-06
ADDR_004145,REGION_11,2025-04-17
ADDR_004146,REGION_28,2025-01-17
ADDR_004147,REGION_15,2025-09-18
ADDR_004148,REGION_18,2025-06-22
ADDR_004149,REGION_04,2025-06-15
ADDR_004150,REGION_07,2025-04-15
ADDR_004151,REGION_16,2025-07-28
ADDR_004152,REGION_09,2025-06-23
ADDR_004153,REGION_18,2025-07-05
ADDR_004154,REGION_03,2025-08-12
ADDR_004155,REGION_08,2025-01-04
ADDR_004156,REGION_20,2025-11-30
ADDR_004157,REGION_19,2025-02-03
ADDR_004158,REGION_30,2025-06-27
ADDR_004159,REGION_27,2025-03-30
ADDR_004160,REGION_25,2025-07-23
ADDR_004161,REGION_01,2025-04-26
ADDR_004162,REGION_19,2025-11-14
ADDR_004163,REGION_07,2025-06-08
ADDR_004164,REGION_09,2025-09-01
ADDR_004165,REGION_07,2025-04-15
ADDR_004166,REGION_14,2025-01-11
ADDR_004167,REGION_04,2025-06-11
ADDR_004168,REGION_16,2025-07-27
ADDR_004169,REGION_05,2025-06-30
ADDR_004170,REGION_16,2025-12-18
ADDR_004171,REGION_19,2025-09-24
ADDR_004172,REGION_06,2025-12-29
ADDR_004173,REGION_04,2025-05-02
ADDR_004174,REGION_25,2025-10-22
ADDR_004175,REGION_23,2025-08-03
ADDR_004176,REGION_08,2025-08-22
ADDR_004177,REGION_27,2025-12-26
ADDR_004178,REGION_07,2025-09-06
ADDR_004179,REGION_28,2025-11-27
ADDR_004180,REGION_04,2025-09-30
ADDR_004181,REGION_20,2025-02-26
ADDR_004182,REGION_01,2025-09-21
ADDR_004183,REGION_06,2025-07-09
ADDR_004184,REGION_13,2025-12-04
ADDR_004185,REGION_03,2025-10-28
ADDR_004186,REGION_14,2025-02-17
ADDR_004187,REGION_07,2025-03-01
ADDR_004188,REGION_03,2025-02-03
ADDR_004189,REGION_29,2025-07-12
ADDR_004190,REGION_30,2025-02-07
ADDR_004191,REGION_29,2025-09-30
ADDR_004192,REGION_05,2025-08-02
ADDR_004193,REGION_12,2025-11-06
ADDR_004194,REGION_10,2025-04-26
ADDR_004195,REGION_10,2025-07-21
ADDR_004196,REGION_13,2025-02-22
ADDR_004197,REGION_16,2025-11-22
ADDR_004198,REGION_15,2025-03-17
ADDR_004199,REGION_09,2025-02-16
ADDR_004200,REGION_30,2025-03-29
ADDR_004201,REGION_30,2025-10-27
ADDR_004202,REGION_10,2025-02-18
ADDR_004203,REGION_07,2025-08-23
ADDR_004204,REGION_16,2025-10-07
ADDR_004205,REGION_12,2025-10-09
ADDR_004206,REGION_30,2025-03-23
ADDR_004207,REGION_13,2025-01-30
ADDR_004208,REGION_02,2025-06-26
ADDR_004209,REGION_04,2025-03-28
ADDR_004210,REGION_03,2025-09-21
ADDR_004211,REGION_12,2025-05-24
ADDR_004212,REGION_10,2025-06-27
ADDR_004213,REGION_26,2025-02-21
ADDR_004214,REGION_27,2025-08-07
ADDR_004215,REGION_05,2025-03-21
ADDR_004216,REGION_29,2025-09-14
ADDR_004217,REGION_18,2025-02-03
ADDR_004218,REGION_10,2025-12-23
ADDR_004219,REGION_13,2025-09-16
ADDR_004220,REGION_14,2025-03-20
ADDR_004221,REGION_06,2025-01-08
ADDR_004222,REGION_27,2025-05-16
ADDR_004223,REGION_01,2025-03-09
ADDR_004224,REGION_03,2025-04-03
ADDR_004225,REGION_09,2025-11-19
ADDR_004226,REGION_05,2025-08-19
ADDR_004227,REGION_02,2025-03-18
ADDR_004228,REGION_12,2025-08-03
ADDR_004229,REGION_12,2025-04-17
ADDR_004230,REGION_04,2025-12-23
ADDR_004231,REGION_25,2025-01-17
ADDR_004232,REGION_27,2025-10-02
ADDR_004233,REGION_22,2025-10-16
ADDR_004234,REGION_16,2025-02-02
ADDR_004235,REGION_29,2025-03-16
ADDR_004236,REGION_11,2025-06-03
ADDR_004237,REGION_13,2025-11-17
ADDR_004238,REGION_01,2025-07-28
ADDR_004239,REGION_22,2025-09-06
ADDR_004240,REGION_03,2025-10-20
ADDR_004241,REGION_20,2025-11-04
ADDR_004242,REGION_24,2025-07-06
ADDR_004243,REGION_07,2025-07-18
ADDR_004244,REGION_19,2025-09-28
ADDR_004245,REGION_10,2025-04-20
ADDR_004246,REGION_12,2025-11-12
ADDR_004247,REGION_16,2025-01-12
ADDR_004248,REGION_08,2025-03-25
ADDR_004249,REGION_24,2025-10-25
ADDR_004250,REGION_12,2025-05-18
ADDR_004251,REGION_14,2025-03-07
ADDR_004252,REGION_25,2025-03-22
ADDR_004253,REGION_07,2025-07-25
ADDR_004254,REGION_14,2025-11-10
ADDR_004255,REGION_30,2025-02-03
ADDR_004256,REGION_12,2025-01-16
ADDR_004257,REGION_04,2025-07-02
ADDR_004258,REGION_09,2025-12-16
ADDR_004259,REGION_29,2025-04-26
ADDR_004260,REGION_23,2025-12-17
ADDR_004261,REGION_25,2025-11-23
ADDR_004262,REGION_08,2025-04-27
ADDR_004263,REGION_26,2025-10-31
ADDR_004264,REGION_12,2025-09-17
ADDR_004265,REGION_24,2025-07-19
ADDR_004266,REGION_27,2025-06-17
ADDR_004267,REGION_07,2025-10-30
ADDR_004268,REGION_29,2025-10-23
ADDR_004269,REGION_19,2025-10-11
ADDR_004270,REGION_22,2025-12-30
ADDR_004271,REGION_23,2025-07-07
ADDR_004272,REGION_06,2025-10-28
ADDR_004273,REGION_23,2025-11-15
ADDR_004274,REGION_07,2025-03-31
ADDR_004275,REGION_09,2025-01-22
ADDR_004276,REGION_04,2025-06-11
ADDR_004277,REGION_06,2025-11-13
ADDR_004278,REGION_30,2025-04-30
ADDR_004279,REGION_10,2025-09-22
ADDR_004280,REGION_12,2025-01-05
ADDR_004281,REGION_15,2025-05-24
ADDR_004282,REGION_22,2025-08-24
ADDR_004283,REGION_18,2025-02-27
ADDR_004284,REGION_17,2025-11-26
ADDR_004285,REGION_26,2025-03-10
ADDR_004286,REGION_15,2025-12-01
ADDR_004287,REGION_24,2025-04-02
ADDR_004288,REGION_28,2025-12-29
ADDR_004289,REGION_21,2025-08-20
ADDR_004290,REGION_02,2025-02-09
ADDR_004291,REGION_08,2025-02-01
ADDR_004292,REGION_19,2025-02-05
ADDR_004293,REGION_15,2025-08-15
ADDR_004294,REGION_09,2025-10-28
ADDR_004295,REGION_11,2025-06-10
ADDR_004296,REGION_03,2025-06-25
ADDR_004297,REGION_08,2025-08-15
ADDR_004298,REGION_24,2025-07-26
ADDR_004299,REGION_01,2025-09-17
ADDR_004300,REGION_26,2025-07-05
ADDR_004301,REGION_11,2025-09-26
ADDR_004302,REGION_25,2025-12-30
ADDR_004303,REGION_08,2025-05-22
ADDR_004304,REGION_25,2025-01-07
ADDR_004305,REGION_18,2025-02-26
ADDR_004306,REGION_26,2025-08-02
ADDR_004307,REGION_02,2025-05-20
ADDR_004308,REGION_24,2025-12-11
ADDR_004309,REGION_09,2025-08-28
ADDR_004310,REGION_11,2025-07-22
ADDR_004311,REGION_02,2025-10-25
ADDR_004312,REGION_29,2025-04-18
ADDR_004313,REGION_20,2025-11-01
ADDR_004314,REGION_30,2025-01-02
ADDR_004315,REGION_18,2025-08-25
ADDR_004316,REGION_05,2025-12-09
ADDR_004317,REGION_11,2025-10-21
ADDR_004318,REGION_14,2025-11-12
ADDR_004319,REGION_05,2025-06-08
ADDR_004320,REGION_28,2025-11-02
ADDR_004321,REGION_29,2025-08-01
ADDR_004322,REGION_17,2025-08-25
ADDR_004323,REGION_18,2025-01-29
ADDR_004324,REGION_22,2025-03-28
ADDR_004325,REGION_21,2025-08-01
ADDR_004326,REGION_02,2025-01-29
ADDR_004327,REGION_16,2025-10-06
ADDR_004328,REGION_24,2025-11-08
ADDR_004329,REGION_25,2025-12-04
ADDR_004330,REGION_18,2025-02-16
ADDR_004331,REGION_27,2025-12-11
ADDR_004332,REGION_18,2025-02-02
ADDR_004333,REGION_12,2025-07-05
ADDR_004334,REGION_14,2025-11-08
ADDR_004335,REGION_21,2025-02-03
ADDR_004336,REGION_27,2025-01-10
ADDR_004337,REGION_07,2025-01-14
ADDR_004338,REGION_09,2025-07-19
ADDR_004339,REGION_20,2025-10-29
ADDR_004340,REGION_23,2025-02-26
ADDR_004341,REGION_12,2025-02-25
ADDR_004342,REGION_20,2025-08-07
ADDR_004343,REGION_01,2025-04-09
ADDR_004344,REGION_09,2025-10-02
ADDR_004345,REGION_29,2025-12-14
ADDR_004346,REGION_18,2025-10-14
ADDR_004347,REGION_27,2025-11-20
ADDR_004348,REGION_07,2025-07-21
ADDR_004349,REGION_09,2025-11-05
ADDR_004350,REGION_30,2025-03-20
ADDR_004351,REGION_30,2025-02-02
ADDR_004352,REGION_27,2025-09-07
ADDR_004353,REGION_10,2025-01-26
ADDR_004354,REGION_25,2025-11-25
ADDR_004355,REGION_14,2025-09-19
ADDR_004356,REGION_26,2025-12-15
ADDR_004357,REGION_26,2025-05-09
ADDR_004358,REGION_14,2025-07-10
ADDR_004359,REGION_10,2025-10-06
ADDR_004360,REGION_30,2025-04-12
ADDR_004361,REGION_14,2025-07-29
ADDR_004362,REGION_13,2025-09-08
ADDR_004363,REGION_20,2025-12-24
ADDR_004364,REGION_29,2025-10-07
ADDR_004365,REGION_04,2025-02-23
ADDR_004366,REGION_30,2025-07-06
ADDR_004367,REGION_13,2025-08-14
ADDR_004368,REGION_01,2025-03-06
ADDR_004369,REGION_10,2025-06-21
ADDR_004370,REGION_14,2025-04-28
ADDR_004371,REGION_21,2025-02-23
ADDR_004372,REGION_17,2025-07-19
ADDR_004373,REGION_05,2025-03-14
ADDR_004374,REGION_15,2025-08-15
ADDR_004375,REGION_07,2025-03-15
ADDR_004376,REGION_09,2025-09-30
ADDR_004377,REGION_22,2025-03-25
ADDR_004378,REGION_25,2025-11-26
ADDR_004379,REGION_05,2025-01-14
ADDR_004380,REGION_19,2025-07-22
ADDR_004381,REGION_13,2025-05-11
ADDR_004382,REGION_11,2025-04-06
ADDR_004383,REGION_22,2025-07-05
ADDR_004384,REGION_08,2025-11-08
ADDR_004385,REGION_23,2025-12-03
ADDR_004386,REGION_13,2025-05-05
ADDR_004387,REGION_03,2025-03-09
ADDR_004388,REGION_24,2025-09-28
ADDR_004389,REGION_26,2025-08-12
ADDR_004390,REGION_17,2025-03-27
ADDR_004391,REGION_22,2025-10-12
ADDR_004392,REGION_05,2025-07-21
ADDR_004393,REGION_11,2025-09-06
ADDR_004394,REGION_11,2025-05-25
ADDR_004395,REGION_23,2025-06-23
ADDR_004396,REGION_11,2025-03-19
ADDR_004397,REGION_22,2025-10-11
ADDR_004398,REGION_10,2025-03-10
ADDR_004399,REGION_19,2025-10-18
ADDR_004400,REGION_07,2025-10-25
ADDR_004401,REGION_17,2025-10-07
ADDR_004402,REGION_03,2025-01-11
ADDR_004403,REGION_23,2025-04-24
ADDR_004404,REGION_01,2025-07-03
ADDR_004405,REGION_30,2025-08-17
ADDR_004406,REGION_26,2025-12-04
ADDR_004407,REGION_18,2025-05-31
ADDR_004408,REGION_28,2025-11-19
ADDR_004409,REGION_25,2025-03-13
ADDR_004410,REGION_05,2025-05-30
ADDR_004411,REGION_23,2025-01-26
ADDR_004412,REGION_12,2025-10-06
ADDR_004413,REGION_26,2025-03-08
ADDR_004414,REGION_26,2025-04-18
ADDR_004415,REGION_29,2025-10-17
ADDR_004416,REGION_14,2025-07-27
ADDR_004417,REGION_06,2025-01-08
ADDR_004418,REGION_04,2025-01-02
ADDR_004419,REGION_05,2025-07-18
ADDR_004420,REGION_30,2025-05-06
ADDR_004421,REGION_18,2025-03-19
ADDR_004422,REGION_11,2025-08-23
ADDR_004423,REGION_14,2025-04-07
ADDR_004424,REGION_06,2025-08-16
ADDR_004425,REGION_18,2025-06-02
ADDR_004426,REGION_13,2025-03-22
ADDR_004427,REGION_24,2025-03-03
ADDR_004428,REGION_01,2025-04-10
ADDR_004429,REGION_28,2025-01-16
ADDR_004430,REGION_02,2025-05-07
ADDR_004431,REGION_13,2025-11-28
ADDR_004432,REGION_11,2025-11-05
ADDR_004433,REGION_22,2025-05-30
ADDR_004434,REGION_20,2025-08-10
ADDR_004435,REGION_06,2025-08-07
ADDR_004436,REGION_15,2025-11-04
ADDR_004437,REGION_17,2025-04-10
ADDR_004438,REGION_14,2025-05-02
ADDR_004439,REGION_01,2025-05-04
ADDR_004440,REGION_06,2025-01-21
ADDR_004441,REGION_16,2025-05-09
ADDR_004442,REGION_08,2025-11-20
ADDR_004443,REGION_17,2025-12-02
ADDR_004444,REGION_05,2025-02-19
ADDR_004445,REGION_23,2025-06-30
ADDR_004446,REGION_06,2025-06-02
ADDR_004447,REGION_20,2025-07-11
ADDR_004448,REGION_26,2025-08-03
ADDR_004449,REGION_11,2025-01-11
ADDR_004450,REGION_05,2025-11-08
ADDR_004451,REGION_01,2025-12-22
ADDR_004452,REGION_11,2025-09-06
ADDR_004453,REGION_04,2025-09-08
ADDR_004454,REGION_27,2025-07-24
ADDR_004455,REGION_30,2025-05-16
ADDR_004456,REGION_30,2025-03-07
ADDR_004457,REGION_28,2025-08-13
ADDR_004458,REGION_18,2025-01-23
ADDR_004459,REGION_10,2025-11-02
ADDR_004460,REGION_14,2025-06-17
ADDR_004461,REGION_08,2025-06-14
ADDR_004462,REGION_26,2025-05-14
ADDR_004463,REGION_14,2025-12-20
ADDR_004464,REGION_12,2025-03-17
ADDR_004465,REGION_21,2025-03-08
ADDR_004466,REGION_12,2025-03-14
ADDR_004467,REGION_11,2025-09-07
ADDR_004468,REGION_07,2025-12-28
ADDR_004469,REGION_03,2025-04-10
ADDR_004470,REGION_02,2025-11-29
ADDR_004471,REGION_13,2025-04-26
ADDR_004472,REGION_30,2025-09-04
ADDR_004473,REGION_08,2025-01-21
ADDR_004474,REGION_20,2025-07-13
ADDR_004475,REGION_10,2025-09-06
ADDR_004476,REGION_10,2025-07-27
ADDR_004477,REGION_05,2025-04-10
ADDR_004478,REGION_17,2025-11-04
ADDR_004479,REGION_20,2025-12-21
ADDR_004480,REGION_11,2025-06-30
ADDR_004481,REGION_16,2025-08-31
ADDR_004482,REGION_15,2025-10-22
ADDR_004483,REGION_09,2025-04-12
ADDR_004484,REGION_21,2025-11-16
ADDR_004485,REGION_17,2025-04-26
ADDR_004486,REGION_02,2025-10-17
ADDR_004487,REGION_15,2025-02-20
ADDR_004488,REGION_12,2025-04-29
ADDR_004489,REGION_24,2025-07-26
ADDR_004490,REGION_10,2025-07-23
ADDR_004491,REGION_29,2025-11-11
ADDR_004492,REGION_19,2025-12-29
ADDR_004493,REGION_04,2025-02-18
ADDR_004494,REGION_13,2025-04-23
ADDR_004495,REGION_27,2025-05-25
ADDR_004496,REGION_08,2025-07-07
ADDR_004497,REGION_22,2025-07-12
ADDR_004498,REGION_24,2025-11-13
ADDR_004499,REGION_21,2025-10-15
ADDR_004500,REGION_03,2025-01-11
ADDR_004501,REGION_12,2025-06-29
ADDR_004502,REGION_11,2025-08-25
ADDR_004503,REGION_11,2025-07-01
ADDR_004504,REGION_27,2025-02-28
ADDR_004505,REGION_01,2025-06-08
ADDR_004506,REGION_17,2025-06-13
ADDR_004507,REGION_30,2025-03-22
ADDR_004508,REGION_27,2025-10-11
ADDR_004509,REGION_19,2025-05-12
ADDR_004510,REGION_30,2025-08-15
ADDR_004511,REGION_13,2025-07-20
ADDR_004512,REGION_19,2025-11-20
ADDR_004513,REGION_17,2025-02-24
ADDR_004514,REGION_02,2025-02-21
ADDR_004515,REGION_02,2025-05-04
ADDR_004516,REGION_27,2025-06-20
ADDR_004517,REGION_06,2025-05-03
ADDR_004518,REGION_11,2025-10-13
ADDR_004519,REGION_19,2025-04-13
ADDR_004520,REGION_18,2025-02-09
ADDR_004521,REGION_16,2025-06-14
ADDR_004522,REGION_30,2025-10-16
ADDR_004523,REGION_24,2025-11-11
ADDR_004524,REGION_29,2025-10-03
ADDR_004525,REGION_20,2025-08-04
ADDR_004526,REGION_30,2025-09-30
ADDR_004527,REGION_19,2025-09-15
ADDR_004528,REGION_17,2025-04-09
ADDR_004529,REGION_25,2025-08-01
ADDR_004530,REGION_27,2025-10-15
ADDR_004531,REGION_03,2025-05-10
ADDR_004532,REGION_28,2025-09-06
ADDR_004533,REGION_21,2025-07-08
ADDR_004534,REGION_27,2025-07-16
ADDR_004535,REGION_22,2025-02-11
ADDR_004536,REGION_28,2025-09-10
ADDR_004537,REGION_09,2025-11-16
ADDR_004538,REGION_06,2025-03-04
ADDR_004539,REGION_06,2025-05-28
ADDR_004540,REGION_08,2025-01-24
ADDR_004541,REGION_07,2025-01-16
ADDR_004542,REGION_14,2025-12-27
ADDR_004543,REGION_06,2025-07-12
ADDR_004544,REGION_05,2025-05-24
ADDR_004545,REGION_16,2025-04-24
ADDR_004546,REGION_24,2025-12-24
ADDR_004547,REGION_05,2025-04-16
ADDR_004548,REGION_16,2025-09-30
ADDR_004549,REGION_20,2025-04-28
ADDR_004550,REGION_22,2025-02-03
ADDR_004551,REGION_04,2025-09-16
ADDR_004552,REGION_23,2025-01-02
ADDR_004553,REGION_01,2025-09-13
ADDR_004554,REGION_08,2025-04-15
ADDR_004555,REGION_10,2025-10-07
ADDR_004556,REGION_26,2025-10-15
ADDR_004557,REGION_06,2025-09-30
ADDR_004558,REGION_24,2025-01-13
ADDR_004559,REGION_30,2025-09-23
ADDR_004560,REGION_29,2025-12-27
ADDR_004561,REGION_10,2025-04-12
ADDR_004562,REGION_03,2025-04-24
ADDR_004563,REGION_07,2025-10-30
ADDR_004564,REGION_24,2025-03-12
ADDR_004565,REGION_06,2025-09-08
ADDR_004566,REGION_20,2025-10-10
ADDR_004567,REGION_12,2025-01-19
ADDR_004568,REGION_24,2025-08-02
ADDR_004569,REGION_19,2025-08-10
ADDR_004570,REGION_18,2025-05-05
ADDR_004571,REGION_24,2025-11-20
ADDR_004572,REGION_29,2025-03-13
ADDR_004573,REGION_11,2025-05-27
ADDR_004574,REGION_16,2025-11-11
ADDR_004575,REGION_19,2025-03-23
ADDR_004576,REGION_25,2025-11-01
ADDR_004577,REGION_15,2025-02-07
ADDR_004578,REGION_12,2025-07-11
ADDR_004579,REGION_26,2025-02-05
ADDR_004580,REGION_29,2025-09-14
ADDR_004581,REGION_18,2025-10-22
ADDR_004582,REGION_04,2025-11-11
ADDR_004583,REGION_09,2025-12-24
ADDR_004584,REGION_14,2025-09-12
ADDR_004585,REGION_22,2025-10-15
ADDR_004586,REGION_21,2025-07-17
ADDR_004587,REGION_25,2025-12-02
ADDR_004588,REGION_01,2025-09-02
ADDR_004589,REGION_14,2025-11-22
ADDR_004590,REGION_22,2025-04-10
ADDR_004591,REGION_30,2025-07-13
ADDR_004592,REGION_05,2025-10-02
ADDR_004593,REGION_27,2025-03-28
ADDR_004594,REGION_01,2025-03-31
ADDR_004595,REGION_06,2025-12-23
ADDR_004596,REGION_26,2025-06-21
ADDR_004597,REGION_24,2025-03-20
ADDR_004598,REGION_30,2025-05-15
ADDR_004599,REGION_19,2025-06-08
ADDR_004600,REGION_19,2025-08-26
ADDR_004601,REGION_17,2025-12-05
ADDR_004602,REGION_16,2025-12-26
ADDR_004603,REGION_16,2025-09-05
ADDR_004604,REGION_09,2025-09-22
ADDR_004605,REGION_26,2025-05-12
ADDR_004606,REGION_11,2025-11-13
ADDR_004607,REGION_19,2025-04-03
ADDR_004608,REGION_21,2025-02-18
ADDR_004609,REGION_17,2025-12-22
ADDR_004610,REGION_19,2025-11-16
ADDR_004611,REGION_02,2025-05-05
ADDR_004612,REGION_10,2025-09-13
ADDR_004613,REGION_14,2025-07-03
ADDR_004614,REGION_12,2025-05-12
ADDR_004615,REGION_28,2025-04-29
ADDR_004616,REGION_27,2025-03-02
ADDR_004617,REGION_22,2025-08-01
ADDR_004618,REGION_11,2025-06-26
ADDR_004619,REGION_02,2025-07-19
ADDR_004620,REGION_23,2025-04-02
ADDR_004621,REGION_27,2025-12-10
ADDR_004622,REGION_15,2025-09-01
ADDR_004623,REGION_25,2025-11-27
ADDR_004624,REGION_28,2025-02-19
ADDR_004625,REGION_17,2025-08-26
ADDR_004626,REGION_07,2025-11-11
ADDR_004627,REGION_01,2025-05-15
ADDR_004628,REGION_23,2025-03-25
ADDR_004629,REGION_17,2025-04-21
ADDR_004630,REGION_05,2025-04-24
ADDR_004631,REGION_02,2025-06-26
ADDR_004632,REGION_30,2025-05-13
ADDR_004633,REGION_10,2025-04-23
ADDR_004634,REGION_10,2025-09-04
ADDR_004635,REGION_19,2025-01-26
ADDR_004636,REGION_11,2025-05-18
ADDR_004637,REGION_28,2025-09-18
ADDR_004638,REGION_21,2025-03-18
ADDR_004639,REGION_11,2025-04-04
ADDR_004640,REGION_08,2025-03-27
ADDR_004641,REGION_26,2025-01-01
ADDR_004642,REGION_18,2025-07-05
ADDR_004643,REGION_28,2025-01-20
ADDR_004644,REGION_11,2025-04-24
ADDR_004645,REGION_01,2025-12-29
ADDR_004646,REGION_27,2025-12-04
ADDR_004647,REGION_08,2025-04-02
ADDR_004648,REGION_26,2025-05-07
ADDR_004649,REGION_22,2025-07-02
ADDR_004650,REGION_07,2025-11-09
ADDR_004651,REGION_23,2025-10-26
ADDR_004652,REGION_03,2025-02-26
ADDR_004653,REGION_12,2025-02-25
ADDR_004654,REGION_11,2025-06-15
ADDR_004655,REGION_20,2025-11-18
ADDR_004656,REGION_17,2025-11-22
ADDR_004657,REGION_19,2025-02-18
ADDR_004658,REGION_15,2025-08-09
ADDR_004659,REGION_23,2025-03-10
ADDR_004660,REGION_05,2025-09-17
ADDR_004661,REGION_22,2025-12-03
ADDR_004662,REGION_02,2025-06-29
ADDR_004663,REGION_03,2025-02-08
ADDR_004664,REGION_22,2025-08-11
ADDR_004665,REGION_05,2025-06-12
ADDR_004666,REGION_24,2025-10-29
ADDR_004667,REGION_04,2025-05-18
ADDR_004668,REGION_05,2025-11-19
ADDR_004669,REGION_28,2025-04-24
ADDR_004670,REGION_06,2025-03-10
ADDR_004671,REGION_28,2025-05-06
ADDR_004672,REGION_11,2025-01-18
ADDR_004673,REGION_24,2025-04-27
ADDR_004674,REGION_29,2025-09-08
ADDR_004675,REGION_04,2025-03-04
ADDR_004676,REGION_10,2025-02-20
ADDR_004677,REGION_18,2025-02-28
ADDR_004678,REGION_26,2025-02-06
ADDR_004679,REGION_06,2025-11-19
ADDR_004680,REGION_06,2025-12-12
ADDR_004681,REGION_12,2025-01-24
ADDR_004682,REGION_07,2025-10-12
ADDR_004683,REGION_09,2025-10-04
ADDR_004684,REGION_04,2025-12-29
ADDR_004685,REGION_25,2025-05-21
ADDR_004686,REGION_24,2025-04-28
ADDR_004687,REGION_05,2025-06-28
ADDR_004688,REGION_17,2025-11-13
ADDR_004689,REGION_20,2025-10-01
ADDR_004690,REGION_19,2025-07-05
ADDR_004691,REGION_30,2025-04-13
ADDR_004692,REGION_20,2025-10-01
ADDR_004693,REGION_21,2025-11-12
ADDR_004694,REGION_01,2025-06-09
ADDR_004695,REGION_03,2025-09-11
ADDR_004696,REGION_19,2025-06-09
ADDR_004697,REGION_28,2025-07-07
ADDR_004698,REGION_12,2025-07-23
ADDR_004699,REGION_20,2025-10-17
ADDR_004700,REGION_07,2025-12-23
ADDR_004701,REGION_14,2025-06-25
ADDR_004702,REGION_23,2025-05-19
ADDR_004703,REGION_20,2025-05-31
ADDR_004704,REGION_04,2025-03-01
ADDR_004705,REGION_27,2025-05-03
ADDR_004706,REGION_28,2025-02-10
ADDR_004707,REGION_15,2025-06-19
ADDR_004708,REGION_11,2025-03-14
ADDR_004709,REGION_16,2025-05-21
ADDR_004710,REGION_25,2025-10-23
ADDR_004711,REGION_14,2025-04-13
ADDR_004712,REGION_01,2025-08-22
ADDR_004713,REGION_03,2025-11-28
ADDR_004714,REGION_25,2025-08-07
ADDR_004715,REGION_24,2025-03-25
ADDR_004716,REGION_24,2025-05-20
ADDR_004717,REGION_04,2025-08-15
ADDR_004718,REGION_06,2025-07-17
ADDR_004719,REGION_12,2025-03-07
ADDR_004720,REGION_07,2025-06-26
ADDR_004721,REGION_12,2025-07-30
ADDR_004722,REGION_17,2025-04-22
ADDR_004723,REGION_09,2025-08-23
ADDR_004724,REGION_04,2025-02-03
ADDR_004725,REGION_13,2025-05-17
ADDR_004726,REGION_22,2025-10-27
ADDR_004727,REGION_19,2025-04-19
ADDR_004728,REGION_10,2025-08-20
ADDR_004729,REGION_10,2025-06-13
ADDR_004730,REGION_18,2025-05-10
ADDR_004731,REGION_06,2025-12-03
ADDR_004732,REGION_26,2025-05-20
ADDR_004733,REGION_27,2025-04-10
ADDR_004734,REGION_01,2025-12-01
ADDR_004735,REGION_30,2025-10-07
ADDR_004736,REGION_01,2025-09-15
ADDR_004737,REGION_14,2025-01-25
ADDR_004738,REGION_21,2025-02-28
ADDR_004739,REGION_10,2025-09-01
ADDR_004740,REGION_07,2025-03-31
ADDR_004741,REGION_02,2025-04-06
ADDR_004742,REGION_22,2025-10-18
ADDR_004743,REGION_02,2025-04-28
ADDR_004744,REGION_15,2025-02-03
ADDR_004745,REGION_12,2025-01-19
ADDR_004746,REGION_30,2025-06-24
ADDR_004747,REGION_28,2025-08-24
ADDR_004748,REGION_25,2025-11-17
ADDR_004749,REGION_22,2025-02-20
ADDR_004750,REGION_17,2025-03-26
ADDR_004751,REGION_11,2025-07-25
ADDR_004752,REGION_05,2025-05-27
ADDR_004753,REGION_30,2025-07-08
ADDR_004754,REGION_12,2025-12-06
ADDR_004755,REGION_13,2025-07-30
ADDR_004756,REGION_05,2025-06-14
ADDR_004757,REGION_09,2025-12-27
ADDR_004758,REGION_20,2025-02-01
ADDR_004759,REGION_13,2025-12-08
ADDR_004760,REGION_18,2025-07-15
ADDR_004761,REGION_07,2025-07-16
ADDR_004762,REGION_03,2025-12-05
ADDR_004763,REGION_27,2025-07-17
ADDR_004764,REGION_13,2025-06-23
ADDR_004765,REGION_11,2025-04-23
ADDR_004766,REGION_09,2025-09-08
ADDR_004767,REGION_20,2025-08-08
ADDR_004768,REGION_17,2025-04-02
ADDR_004769,REGION_12,2025-09-25
ADDR_004770,REGION_28,2025-09-02
ADDR_004771,REGION_28,2025-06-08
ADDR_004772,REGION_06,2025-01-03
ADDR_004773,REGION_20,2025-06-26
ADDR_004774,REGION_30,2025-01-04
ADDR_004775,REGION_15,2025-02-05
ADDR_004776,REGION_01,2025-06-20
ADDR_004777,REGION_04,2025-02-08
ADDR_004778,REGION_21,2025-04-25
ADDR_004779,REGION_28,2025-09-06
ADDR_004780,REGION_04,2025-05-07
ADDR_004781,REGION_17,2025-12-30
ADDR_004782,REGION_15,2025-12-03
ADDR_004783,REGION_09,2025-08-13
ADDR_004784,REGION_19,2025-12-20
ADDR_004785,REGION_27,2025-11-17
ADDR_004786,REGION_08,2025-05-11
ADDR_004787,REGION_02,2025-10-08
ADDR_004788,REGION_11,2025-03-02
ADDR_004789,REGION_10,2025-09-16
ADDR_004790,REGION_22,2025-07-11
ADDR_004791,REGION_17,2025-01-10
ADDR_004792,REGION_01,2025-04-24
ADDR_004793,REGION_11,2025-12-16
ADDR_004794,REGION_23,2025-05-10
ADDR_004795,REGION_15,2025-03-20
ADDR_004796,REGION_17,2025-03-22
ADDR_004797,REGION_08,2025-07-07
ADDR_004798,REGION_10,2025-11-09
ADDR_004799,REGION_04,2025-10-11
ADDR_004800,REGION_03,2025-06-22
ADDR_004801,REGION_02,2025-03-30
ADDR_004802,REGION_19,2025-01-23
ADDR_004803,REGION_05,2025-07-01
ADDR_004804,REGION_18,2025-10-30
ADDR_004805,REGION_29,2025-10-02
ADDR_004806,REGION_21,2025-06-12
ADDR_004807,REGION_18,2025-08-17
ADDR_004808,REGION_04,2025-06-22
ADDR_004809,REGION_15,2025-08-11
ADDR_004810,REGION_27,2025-07-21
ADDR_004811,REGION_12,2025-09-15
ADDR_004812,REGION_25,2025-07-17
ADDR_004813,REGION_22,2025-12-11
ADDR_004814,REGION_09,2025-06-19
ADDR_004815,REGION_05,2025-01-09
ADDR_004816,REGION_01,2025-04-10
ADDR_004817,REGION_09,2025-07-15
ADDR_004818,REGION_10,2025-07-29
ADDR_004819,REGION_20,2025-08-02
ADDR_004820,REGION_18,2025-09-26
ADDR_004821,REGION_15,2025-04-24
ADDR_004822,REGION_22,2025-09-10
ADDR_004823,REGION_24,2025-09-23
ADDR_004824,REGION_22,2025-06-13
ADDR_004825,REGION_27,2025-06-10
ADDR_004826,REGION_11,2025-03-19
ADDR_004827,REGION_25,2025-06-14
ADDR_004828,REGION_13,2025-10-21
ADDR_004829,REGION_06,2025-12-01
ADDR_004830,REGION_05,2025-08-16
ADDR_004831,REGION_03,2025-05-03
ADDR_004832,REGION_29,2025-09-16
ADDR_004833,REGION_06,2025-10-05
ADDR_004834,REGION_26,2025-05-16
ADDR_004835,REGION_24,2025-11-03
ADDR_004836,REGION_14,2025-02-04
ADDR_004837,REGION_28,2025-01-07
ADDR_004838,REGION_28,2025-02-25
ADDR_004839,REGION_28,2025-03-10
ADDR_004840,REGION_15,2025-11-21
ADDR_004841,REGION_09,2025-06-18
ADDR_004842,REGION_02,2025-04-24
ADDR_004843,REGION_26,2025-06-19
ADDR_004844,REGION_27,2025-06-07
ADDR_004845,REGION_17,2025-05-04
ADDR_004846,REGION_03,2025-03-03
ADDR_004847,REGION_25,2025-09-07
ADDR_004848,REGION_09,2025-03-02
ADDR_004849,REGION_17,2025-10-17
ADDR_004850,REGION_20,2025-03-28
ADDR_004851,REGION_05,2025-10-02
ADDR_004852,REGION_02,2025-10-27
ADDR_004853,REGION_03,2025-02-26
ADDR_004854,REGION_29,2025-02-10
ADDR_004855,REGION_29,2025-12-14
ADDR_004856,REGION_13,2025-07-02
ADDR_004857,REGION_13,2025-08-29
ADDR_004858,REGION_13,2025-01-13
ADDR_004859,REGION_11,2025-04-26
ADDR_004860,REGION_17,2025-07-16
ADDR_004861,REGION_11,2025-11-23
ADDR_004862,REGION_19,2025-04-23
ADDR_004863,REGION_12,2025-10-17
ADDR_004864,REGION_19,2025-09-09
ADDR_004865,REGION_29,2025-02-22
ADDR_004866,REGION_07,2025-05-01
ADDR_004867,REGION_02,2025-04-10
ADDR_004868,REGION_16,2025-06-24
ADDR_004869,REGION_04,2025-08-30
ADDR_004870,REGION_07,2025-06-21
ADDR_004871,REGION_24,2025-04-13
ADDR_004872,REGION_13,2025-09-20
ADDR_004873,REGION_17,2025-08-13
ADDR_004874,REGION_24,2025-07-21
ADDR_004875,REGION_04,2025-08-03
ADDR_004876,REGION_15,2025-04-04
ADDR_004877,REGION_02,2025-09-15
ADDR_004878,REGION_15,2025-06-05
ADDR_004879,REGION_07,2025-05-27
ADDR_004880,REGION_28,2025-03-07
ADDR_004881,REGION_08,2025-08-17
ADDR_004882,REGION_07,2025-08-19
ADDR_004883,REGION_01,2025-05-18
ADDR_004884,REGION_04,2025-11-14
ADDR_004885,REGION_07,2025-11-09
ADDR_004886,REGION_07,2025-02-19
ADDR_004887,REGION_23,2025-09-20
ADDR_004888,REGION_27,2025-06-07
ADDR_004889,REGION_26,2025-12-30
ADDR_004890,REGION_29,2025-04-06
ADDR_004891,REGION_27,2025-04-26
ADDR_004892,REGION_14,2025-06-24
ADDR_004893,REGION_12,2025-04-22
ADDR_004894,REGION_20,2025-09-19
ADDR_004895,REGION_10,2025-07-08
ADDR_004896,REGION_19,2025-04-04
ADDR_004897,REGION_30,2025-07-17
ADDR_004898,REGION_06,2025-11-24
ADDR_004899,REGION_24,2025-10-23
ADDR_004900,REGION_29,2025-07-14
ADDR_004901,REGION_17,2025-04-29
ADDR_004902,REGION_11,2025-03-19
ADDR_004903,REGION_08,2025-11-20
ADDR_004904,REGION_06,2025-09-25
ADDR_004905,REGION_10,2025-08-09
ADDR_004906,REGION_23,2025-11-21
ADDR_004907,REGION_16,2025-02-24
ADDR_004908,REGION_07,2025-09-16
ADDR_004909,REGION_17,2025-04-02
ADDR_004910,REGION_25,2025-02-24
ADDR_004911,REGION_01,2025-07-02
ADDR_004912,REGION_01,2025-06-05
ADDR_004913,REGION_29,2025-12-11
ADDR_004914,REGION_23,2025-05-12
ADDR_004915,REGION_18,2025-10-30
ADDR_004916,REGION_28,2025-10-08
ADDR_004917,REGION_18,2025-09-11
ADDR_004918,REGION_16,2025-12-04
ADDR_004919,REGION_07,2025-06-12
ADDR_004920,REGION_25,2025-06-05
ADDR_004921,REGION_23,2025-03-12
ADDR_004922,REGION_09,2025-04-25
ADDR_004923,REGION_23,2025-11-21
ADDR_004924,REGION_22,2025-07-06
ADDR_004925,REGION_03,2025-05-19
ADDR_004926,REGION_05,2025-04-02
ADDR_004927,REGION_18,2025-07-09
ADDR_004928,REGION_19,2025-09-27
ADDR_004929,REGION_20,2025-04-29
ADDR_004930,REGION_12,2025-10-11
ADDR_004931,REGION_26,2025-08-29
ADDR_004932,REGION_14,2025-10-21
ADDR_004933,REGION_07,2025-04-15
ADDR_004934,REGION_04,2025-08-29
ADDR_004935,REGION_27,2025-03-09
ADDR_004936,REGION_22,2025-05-27
ADDR_004937,REGION_14,2025-09-30
ADDR_004938,REGION_07,2025-08-29
ADDR_004939,REGION_03,2025-03-22
ADDR_004940,REGION_05,2025-11-14
ADDR_004941,REGION_04,2025-01-27
ADDR_004942,REGION_16,2025-08-17
ADDR_004943,REGION_06,2025-12-25
ADDR_004944,REGION_04,2025-07-26
ADDR_004945,REGION_09,2025-10-25
ADDR_004946,REGION_21,2025-08-17
ADDR_004947,REGION_15,2025-10-20
ADDR_004948,REGION_05,2025-09-06
ADDR_004949,REGION_23,2025-09-19
