buyer_id,buyer_persona,signup_date,address_id,trust_score_current,total_orders,total_returns
BUYER_00000,standard,2025-10-05,ADDR_001932,70.0,21,0
BUYER_00001,high_return_legit,2025-11-26,ADDR_001468,70.0,8,2
BUYER_00002,standard,2025-07-13,ADDR_004013,70.0,10,1
BUYER_00003,abuser,2025-06-21,ADDR_003065,70.0,17,2
BUYER_00004,abuser,2025-08-01,ADDR_004166,70.0,14,0
BUYER_00005,standard,2025-05-26,ADDR_004778,70.0,12,1
BUYER_00006,standard,2025-03-29,ADDR_001760,70.0,6,0
BUYER_00007,abuser,2025-10-29,ADDR_001308,70.0,4,0
BUYER_00008,standard,2025-09-08,ADDR_001532,70.0,10,2
BUYER_00009,standard,2025-05-09,ADDR_002832,70.0,5,0
BUYER_00010,standard,2025-06-21,ADDR_001248,70.0,14,1
BUYER_00011,standard,2025-04-03,ADDR_001932,70.0,9,0
BUYER_00012,abuser,2025-07-31,ADDR_000858,70.0,5,1
BUYER_00013,high_return_legit,2025-05-21,ADDR_002293,70.0,9,5
BUYER_00014,abuser,2025-11-11,ADDR_004691,70.0,13,0
BUYER_00015,standard,2025-07-19,ADDR_002098,70.0,9,0
BUYER_00016,standard,2025-06-09,ADDR_003757,70.0,4,0
BUYER_00017,abuser,2025-10-01,ADDR_002130,70.0,9,0
BUYER_00018,high_return_legit,2025-11-20,ADDR_001315,70.0,10,3
BUYER_00019,standard,2025-10-23,ADDR_003259,70.0,14,1
BUYER_00020,standard,2025-07-07,ADDR_000545,70.0,13,0
BUYER_00021,abuser,2025-05-20,ADDR_001758,70.0,4,0
BUYER_00022,standard,2025-09-02,ADDR_000690,70.0,5,0
BUYER_00023,standard,2025-10-23,ADDR_002271,70.0,12,0
BUYER_00024,standard,2025-12-14,ADDR_003513,70.0,2,0
BUYER_00025,standard,2025-06-25,ADDR_000864,70.0,13,0
BUYER_00026,standard,2025-09-04,ADDR_001005,70.0,4,0
BUYER_00027,standard,2025-04-28,ADDR_001948,70.0,6,0
BUYER_00028,standard,2025-02-09,ADDR_004023,70.0,21,1
BUYER_00029,standard,2025-04-13,ADDR_000606,70.0,7,1
BUYER_00030,high_return_legit,2025-01-08,ADDR_004737,70.0,6,0
BUYER_00031,standard,2025-07-12,ADDR_004570,70.0,9,0
BUYER_00032,standard,2025-05-26,ADDR_002876,70.0,7,0
BUYER_00033,standard,2025-09-07,ADDR_002598,70.0,5,0
BUYER_00034,standard,2025-08-17,ADDR_004001,70.0,9,0
BUYER_00035,standard,2025-03-13,ADDR_004820,70.0,34,2
BUYER_00036,high_return_legit,2025-09-06,ADDR_000514,70.0,15,4
BUYER_00037,abuser,2025-03-20,ADDR_000483,70.0,10,4
BUYER_00038,standard,2025-01-04,ADDR_001635,70.0,9,0
BUYER_00039,standard,2025-12-11,ADDR_001507,70.0,13,1
BUYER_00040,standard,2025-01-14,ADDR_004433,70.0,12,1
BUYER_00041,abuser,2025-05-15,ADDR_002515,70.0,4,0
BUYER_00042,standard,2025-08-25,ADDR_004011,70.0,11,0
BUYER_00043,abuser,2025-05-25,ADDR_003303,70.0,8,0
BUYER_00044,standard,2025-05-29,ADDR_003581,70.0,26,1
BUYER_00045,standard,2025-09-22,ADDR_004735,70.0,7,0
BUYER_00046,standard,2025-08-13,ADDR_002907,70.0,19,0
BUYER_00047,standard,2025-07-15,ADDR_003843,70.0,3,0
BUYER_00048,standard,2025-11-14,ADDR_001331,70.0,10,1
BUYER_00049,standard,2025-02-17,ADDR_001285,70.0,5,0
BUYER_00050,standard,2025-06-29,ADDR_002898,70.0,4,0
BUYER_00051,standard,2025-04-08,ADDR_004463,70.0,13,1
BUYER_00052,standard,2025-01-19,ADDR_000251,70.0,4,0
BUYER_00053,standard,2025-12-14,ADDR_002480,70.0,7,0
BUYER_00054,standard,2025-09-26,ADDR_001001,70.0,5,0
BUYER_00055,standard,2025-03-31,ADDR_004377,70.0,10,0
BUYER_00056,high_return_legit,2025-06-06,ADDR_002565,70.0,9,4
BUYER_00057,standard,2025-04-03,ADDR_000208,70.0,2,0
BUYER_00058,standard,2025-09-09,ADDR_000009,70.0,13,1
BUYER_00059,standard,2025-05-18,ADDR_003166,70.0,5,0
BUYER_00060,high_return_legit,2025-11-25,ADDR_001149,70.0,31,10
BUYER_00061,high_return_legit,2025-03-27,ADDR_000204,70.0,14,8
BUYER_00062,standard,2025-05-18,ADDR_000753,70.0,15,0
BUYER_00063,high_return_legit,2025-11-29,ADDR_000764,70.0,1,0
BUYER_00064,standard,2025-11-14,ADDR_001710,70.0,26,1
BUYER_00065,standard,2025-04-28,ADDR_003554,70.0,8,1
BUYER_00066,standard,2025-07-03,ADDR_004248,70.0,3,0
BUYER_00067,standard,2025-11-13,ADDR_002634,70.0,10,1
BUYER_00068,high_return_legit,2025-09-05,ADDR_002451,70.0,19,3
BUYER_00069,standard,2025-08-24,ADDR_003916,70.0,3,0
BUYER_00070,standard,2025-09-01,ADDR_000817,70.0,16,1
BUYER_00071,standard,2025-11-25,ADDR_003640,70.0,6,1
BUYER_00072,standard,2025-07-15,ADDR_003266,70.0,5,1
BUYER_00073,standard,2025-03-18,ADDR_003655,70.0,6,0
BUYER_00074,high_return_legit,2025-06-30,ADDR_004192,70.0,4,2
BUYER_00075,standard,2025-09-24,ADDR_000318,70.0,9,1
BUYER_00076,standard,2025-07-07,ADDR_000854,70.0,9,1
BUYER_00077,standard,2025-05-05,ADDR_002184,70.0,16,0
BUYER_00078,standard,2025-09-03,ADDR_003669,70.0,20,1
BUYER_00079,high_return_legit,2025-06-22,ADDR_002733,70.0,6,2
BUYER_00080,standard,2025-12-09,ADDR_000423,70.0,16,0
BUYER_00081,standard,2025-05-19,ADDR_003110,70.0,4,0
BUYER_00082,standard,2025-09-20,ADDR_003209,70.0,12,1
BUYER_00083,abuser,2025-07-28,ADDR_004602,70.0,4,0
BUYER_00084,high_return_legit,2025-02-05,ADDR_001315,70.0,5,2
BUYER_00085,standard,2025-06-29,ADDR_000189,70.0,12,0
BUYER_00086,standard,2025-01-15,ADDR_003710,70.0,5,0
BUYER_00087,abuser,2025-10-14,ADDR_003478,70.0,11,0
BUYER_00088,standard,2025-09-26,ADDR_002000,70.0,3,0
BUYER_00089,abuser,2025-01-25,ADDR_003425,70.0,5,0
BUYER_00090,standard,2025-07-09,ADDR_000885,70.0,11,0
BUYER_00091,standard,2025-12-08,ADDR_000621,70.0,22,0
BUYER_00092,standard,2025-04-25,ADDR_001991,70.0,4,0
BUYER_00093,standard,2025-11-20,ADDR_004425,70.0,23,0
BUYER_00094,high_return_legit,2025-03-06,ADDR_002546,70.0,9,5
BUYER_00095,standard,2025-01-04,ADDR_003164,70.0,36,3
BUYER_00096,standard,2025-07-20,ADDR_004930,70.0,6,1
BUYER_00097,standard,2025-04-08,ADDR_001498,70.0,5,0
BUYER_00098,standard,2025-11-12,ADDR_002377,70.0,10,1
BUYER_00099,abuser,2025-09-06,ADDR_004740,70.0,4,1
BUYER_00100,standard,2025-09-10,ADDR_000748,70.0,8,0
BUYER_00101,standard,2025-09-05,ADDR_001989,70.0,7,0
BUYER_00102,standard,2025-09-07,ADDR_000643,70.0,19,0
BUYER_00103,standard,2025-09-30,ADDR_001503,70.0,10,0
BUYER_00104,standard,2025-09-04,ADDR_001090,70.0,3,1
BUYER_00105,abuser,2025-10-28,ADDR_002167,70.0,3,0
BUYER_00106,high_return_legit,2025-07-29,ADDR_004353,70.0,4,1
BUYER_00107,standard,2025-05-18,ADDR_003467,70.0,2,0
BUYER_00108,standard,2025-06-28,ADDR_004128,70.0,2,0
BUYER_00109,high_return_legit,2025-06-19,ADDR_003348,70.0,33,13
BUYER_00110,standard,2025-05-12,ADDR_000636,70.0,4,0
BUYER_00111,standard,2025-06-10,ADDR_000603,70.0,19,0
BUYER_00112,standard,2025-05-30,ADDR_002912,70.0,5,0
BUYER_00113,abuser,2025-02-19,ADDR_003094,70.0,6,0
BUYER_00114,standard,2025-10-27,ADDR_002651,70.0,2,0
BUYER_00115,high_return_legit,2025-10-03,ADDR_000206,70.0,18,3
BUYER_00116,standard,2025-05-14,ADDR_001245,70.0,6,0
BUYER_00117,abuser,2025-12-03,ADDR_003934,70.0,24,2
BUYER_00118,standard,2025-12-04,ADDR_003100,70.0,5,0
BUYER_00119,standard,2025-11-05,ADDR_001927,70.0,19,1
BUYER_00120,abuser,2025-01-15,ADDR_002290,70.0,22,0
BUYER_00121,standard,2025-05-26,ADDR_003067,70.0,3,0
BUYER_00122,standard,2025-06-25,ADDR_002386,70.0,11,1
BUYER_00123,standard,2025-09-20,ADDR_003401,70.0,4,0
BUYER_00124,standard,2025-08-24,ADDR_002728,70.0,4,0
BUYER_00125,standard,2025-09-07,ADDR_001393,70.0,8,1
BUYER_00126,high_return_legit,2025-10-06,ADDR_002822,70.0,14,3
BUYER_00127,standard,2025-12-04,ADDR_003425,70.0,20,0
BUYER_00128,standard,2025-07-27,ADDR_003513,70.0,6,1
BUYER_00129,standard,2025-11-20,ADDR_003070,70.0,15,0
BUYER_00130,high_return_legit,2025-10-22,ADDR_002239,70.0,11,1
BUYER_00131,standard,2025-05-14,ADDR_003242,70.0,8,0
BUYER_00132,abuser,2025-10-22,ADDR_003577,70.0,4,0
BUYER_00133,standard,2025-02-21,ADDR_001535,70.0,8,2
BUYER_00134,standard,2025-03-09,ADDR_002405,70.0,87,5
BUYER_00135,standard,2025-12-18,ADDR_003355,70.0,4,0
BUYER_00136,high_return_legit,2025-06-15,ADDR_003280,70.0,7,2
BUYER_00137,standard,2025-06-26,ADDR_000993,70.0,4,0
BUYER_00138,standard,2025-12-05,ADDR_001302,70.0,20,2
BUYER_00139,standard,2025-05-22,ADDR_004504,70.0,27,3
BUYER_00140,standard,2025-04-07,ADDR_002681,70.0,19,0
BUYER_00141,standard,2025-02-05,ADDR_002677,70.0,30,3
BUYER_00142,high_return_legit,2025-07-17,ADDR_002316,70.0,7,1
BUYER_00143,standard,2025-03-25,ADDR_003762,70.0,25,3
BUYER_00144,standard,2025-01-31,ADDR_003062,70.0,4,0
BUYER_00145,standard,2025-10-21,ADDR_004639,70.0,23,1
BUYER_00146,high_return_legit,2025-05-11,ADDR_000308,70.0,22,3
BUYER_00147,abuser,2025-08-05,ADDR_000061,70.0,5,2
BUYER_00148,abuser,2025-02-16,ADDR_002525,70.0,15,0
BUYER_00149,standard,2025-07-11,ADDR_004253,70.0,4,0
BUYER_00150,high_return_legit,2025-08-23,ADDR_000048,70.0,3,0
BUYER_00151,abuser,2025-06-22,ADDR_003360,70.0,3,1
BUYER_00152,high_return_legit,2025-05-14,ADDR_001929,70.0,4,2
BUYER_00153,standard,2025-05-04,ADDR_000107,70.0,3,0
BUYER_00154,standard,2025-02-18,ADDR_001834,70.0,7,0
BUYER_00155,standard,2025-02-20,ADDR_001141,70.0,26,0
BUYER_00156,standard,2025-07-08,ADDR_003137,70.0,6,0
BUYER_00157,standard,2025-03-01,ADDR_004387,70.0,4,0
BUYER_00158,standard,2025-04-02,ADDR_004887,70.0,12,0
BUYER_00159,standard,2025-03-11,ADDR_000269,70.0,6,2
BUYER_00160,high_return_legit,2025-10-18,ADDR_004247,70.0,8,2
BUYER_00161,standard,2025-06-22,ADDR_000047,70.0,10,0
BUYER_00162,standard,2025-07-27,ADDR_004826,70.0,10,1
BUYER_00163,high_return_legit,2025-08-06,ADDR_003830,70.0,5,2
BUYER_00164,standard,2025-06-03,ADDR_000260,70.0,6,0
BUYER_00165,high_return_legit,2025-04-30,ADDR_000335,70.0,15,2
BUYER_00166,standard,2025-05-30,ADDR_000366,70.0,6,0
BUYER_00167,standard,2025-07-21,ADDR_004878,70.0,6,1
BUYER_00168,standard,2025-05-21,ADDR_001395,70.0,9,1
BUYER_00169,standard,2025-03-01,ADDR_001888,70.0,10,0
BUYER_00170,standard,2025-11-23,ADDR_001470,70.0,6,1
BUYER_00171,standard,2025-09-25,ADDR_000776,70.0,11,1
BUYER_00172,standard,2025-01-31,ADDR_000351,70.0,8,0
BUYER_00173,standard,2025-11-20,ADDR_000670,70.0,3,0
BUYER_00174,standard,2025-03-14,ADDR_004190,70.0,12,1
BUYER_00175,standard,2025-02-13,ADDR_000133,70.0,4,0
BUYER_00176,high_return_legit,2025-03-15,ADDR_004431,70.0,65,17
BUYER_00177,abuser,2025-11-29,ADDR_001089,70.0,9,0
BUYER_00178,standard,2025-04-02,ADDR_002994,70.0,6,0
BUYER_00179,standard,2025-10-13,ADDR_001274,70.0,14,0
BUYER_00180,standard,2025-08-26,ADDR_004410,70.0,21,3
BUYER_00181,standard,2025-07-15,ADDR_000200,70.0,22,1
BUYER_00182,standard,2025-05-24,ADDR_001822,70.0,9,1
BUYER_00183,standard,2025-02-11,ADDR_004626,70.0,16,1
BUYER_00184,high_return_legit,2025-09-18,ADDR_003709,70.0,13,6
BUYER_00185,standard,2025-06-03,ADDR_002231,70.0,8,0
BUYER_00186,standard,2025-07-21,ADDR_002817,70.0,3,0
BUYER_00187,standard,2025-01-25,ADDR_004349,70.0,8,0
BUYER_00188,high_return_legit,2025-10-09,ADDR_001553,70.0,1,0
BUYER_00189,standard,2025-09-12,ADDR_000739,70.0,4,0
BUYER_00190,standard,2025-07-19,ADDR_003426,70.0,20,1
BUYER_00191,standard,2025-07-08,ADDR_003752,70.0,9,1
BUYER_00192,high_return_legit,2025-05-14,ADDR_001753,70.0,7,2
BUYER_00193,abuser,2025-05-15,ADDR_001384,70.0,4,1
BUYER_00194,standard,2025-02-01,ADDR_000636,70.0,4,0
BUYER_00195,standard,2025-09-10,ADDR_004439,70.0,5,0
BUYER_00196,standard,2025-01-22,ADDR_003954,70.0,3,0
BUYER_00197,standard,2025-01-01,ADDR_000469,70.0,2,0
BUYER_00198,standard,2025-01-16,ADDR_004918,70.0,16,0
BUYER_00199,standard,2025-03-26,ADDR_004371,70.0,23,1
BUYER_00200,high_return_legit,2025-08-02,ADDR_002687,70.0,5,1
BUYER_00201,standard,2025-09-08,ADDR_002233,70.0,13,0
BUYER_00202,standard,2025-06-12,ADDR_004059,70.0,3,0
BUYER_00203,standard,2025-06-08,ADDR_004031,70.0,10,1
BUYER_00204,standard,2025-08-04,ADDR_001912,70.0,3,0
BUYER_00205,standard,2025-08-11,ADDR_002360,70.0,14,0
BUYER_00206,standard,2025-11-01,ADDR_004663,70.0,8,0
BUYER_00207,standard,2025-10-23,ADDR_004561,70.0,3,0
BUYER_00208,standard,2025-10-25,ADDR_003119,70.0,11,0
BUYER_00209,standard,2025-10-31,ADDR_003209,70.0,24,1
BUYER_00210,high_return_legit,2025-11-12,ADDR_003645,70.0,8,2
BUYER_00211,standard,2025-07-28,ADDR_001430,70.0,7,0
BUYER_00212,standard,2025-08-10,ADDR_004539,70.0,8,1
BUYER_00213,high_return_legit,2025-09-23,ADDR_001455,70.0,8,2
BUYER_00214,standard,2025-03-24,ADDR_004114,70.0,18,3
BUYER_00215,standard,2025-05-22,ADDR_004059,70.0,19,2
BUYER_00216,standard,2025-11-23,ADDR_001428,70.0,2,0
BUYER_00217,high_return_legit,2025-07-17,ADDR_003997,70.0,18,5
BUYER_00218,high_return_legit,2025-01-25,ADDR_004292,70.0,7,2
BUYER_00219,standard,2025-06-07,ADDR_002458,70.0,25,3
BUYER_00220,standard,2025-03-10,ADDR_002671,70.0,11,1
BUYER_00221,standard,2025-05-20,ADDR_002521,70.0,15,0
BUYER_00222,standard,2025-07-24,ADDR_000221,70.0,5,0
BUYER_00223,standard,2025-07-11,ADDR_002675,70.0,3,0
BUYER_00224,abuser,2025-07-06,ADDR_003335,70.0,9,0
BUYER_00225,standard,2025-01-10,ADDR_002778,70.0,15,0
BUYER_00226,standard,2025-06-20,ADDR_002473,70.0,13,1
BUYER_00227,high_return_legit,2025-01-15,ADDR_004196,70.0,13,4
BUYER_00228,abuser,2025-06-06,ADDR_002656,70.0,9,0
BUYER_00229,high_return_legit,2025-08-28,ADDR_004599,70.0,13,6
BUYER_00230,abuser,2025-02-24,ADDR_002037,70.0,4,0
BUYER_00231,standard,2025-11-24,ADDR_001110,70.0,7,0
BUYER_00232,high_return_legit,2025-08-22,ADDR_000317,70.0,3,1
BUYER_00233,standard,2025-03-31,ADDR_004310,70.0,7,0
BUYER_00234,standard,2025-06-03,ADDR_000892,70.0,6,0
BUYER_00235,standard,2025-02-13,ADDR_002064,70.0,8,2
BUYER_00236,standard,2025-01-12,ADDR_003744,70.0,16,0
BUYER_00237,abuser,2025-11-24,ADDR_000883,70.0,8,0
BUYER_00238,standard,2025-09-06,ADDR_001159,70.0,1,0
BUYER_00239,standard,2025-10-10,ADDR_003144,70.0,20,1
BUYER_00240,standard,2025-08-19,ADDR_003107,70.0,8,1
BUYER_00241,high_return_legit,2025-11-21,ADDR_001204,70.0,13,5
BUYER_00242,standard,2025-11-17,ADDR_002682,70.0,4,1
BUYER_00243,standard,2025-01-28,ADDR_003485,70.0,14,0
BUYER_00244,standard,2025-03-21,ADDR_001095,70.0,22,0
BUYER_00245,standard,2025-06-03,ADDR_002194,70.0,2,0
BUYER_00246,high_return_legit,2025-05-15,ADDR_001388,70.0,18,6
BUYER_00247,standard,2025-07-18,ADDR_004653,70.0,4,1
BUYER_00248,abuser,2025-04-18,ADDR_001898,70.0,4,0
BUYER_00249,standard,2025-10-16,ADDR_004236,70.0,8,1
BUYER_00250,abuser,2025-01-05,ADDR_004356,70.0,33,4
BUYER_00251,standard,2025-10-14,ADDR_000830,70.0,2,0
BUYER_00252,standard,2025-06-02,ADDR_003967,70.0,5,0
BUYER_00253,abuser,2025-01-04,ADDR_000243,70.0,8,1
BUYER_00254,standard,2025-11-01,ADDR_001914,70.0,12,0
BUYER_00255,standard,2025-06-21,ADDR_000786,70.0,7,0
BUYER_00256,standard,2025-09-22,ADDR_000228,70.0,10,1
BUYER_00257,standard,2025-11-12,ADDR_002732,70.0,4,0
BUYER_00258,standard,2025-01-18,ADDR_002974,70.0,13,2
BUYER_00259,standard,2025-04-17,ADDR_002880,70.0,16,1
BUYER_00260,standard,2025-02-22,ADDR_002067,70.0,4,0
BUYER_00261,standard,2025-02-13,ADDR_003238,70.0,4,1
BUYER_00262,standard,2025-12-03,ADDR_002436,70.0,10,1
BUYER_00263,standard,2025-10-19,ADDR_002648,70.0,10,0
BUYER_00264,standard,2025-05-23,ADDR_002187,70.0,11,0
BUYER_00265,standard,2025-09-10,ADDR_001025,70.0,3,1
BUYER_00266,standard,2025-11-25,ADDR_003240,70.0,6,0
BUYER_00267,standard,2025-04-01,ADDR_004103,70.0,5,0
BUYER_00268,standard,2025-01-08,ADDR_001506,70.0,20,1
BUYER_00269,standard,2025-10-25,ADDR_002294,70.0,7,0
BUYER_00270,high_return_legit,2025-09-22,ADDR_004418,70.0,5,0
BUYER_00271,high_return_legit,2025-03-10,ADDR_000071,70.0,4,1
BUYER_00272,standard,2025-07-06,ADDR_002085,70.0,8,1
BUYER_00273,high_return_legit,2025-03-10,ADDR_001334,70.0,18,7
BUYER_00274,standard,2025-08-13,ADDR_001691,70.0,3,0
BUYER_00275,standard,2025-08-28,ADDR_002273,70.0,8,0
BUYER_00276,standard,2025-04-22,ADDR_004568,70.0,11,0
BUYER_00277,standard,2025-10-11,ADDR_000061,70.0,31,3
BUYER_00278,standard,2025-06-30,ADDR_001772,70.0,12,0
BUYER_00279,abuser,2025-09-16,ADDR_003267,70.0,20,1
BUYER_00280,standard,2025-08-25,ADDR_000411,70.0,8,1
BUYER_00281,standard,2025-06-22,ADDR_002507,70.0,3,0
BUYER_00282,standard,2025-04-28,ADDR_000768,70.0,3,0
BUYER_00283,standard,2025-03-26,ADDR_002768,70.0,5,1
BUYER_00284,high_return_legit,2025-09-29,ADDR_001434,70.0,8,3
BUYER_00285,standard,2025-08-26,ADDR_003144,70.0,6,0
BUYER_00286,standard,2025-04-23,ADDR_002783,70.0,5,0
BUYER_00287,standard,2025-12-10,ADDR_003676,70.0,27,2
BUYER_00288,standard,2025-10-20,ADDR_002646,70.0,1,0
BUYER_00289,high_return_legit,2025-02-25,ADDR_003033,70.0,4,3
BUYER_00290,standard,2025-03-11,ADDR_000405,70.0,41,1
BUYER_00291,standard,2025-07-24,ADDR_000105,70.0,9,0
BUYER_00292,standard,2025-02-15,ADDR_000812,70.0,5,0
BUYER_00293,standard,2025-12-09,ADDR_002672,70.0,3,0
BUYER_00294,standard,2025-08-25,ADDR_001961,70.0,13,1
BUYER_00295,high_return_legit,2025-01-31,ADDR_001812,70.0,13,5
BUYER_00296,standard,2025-06-20,ADDR_002217,70.0,14,0
BUYER_00297,high_return_legit,2025-04-02,ADDR_004897,70.0,3,0
BUYER_00298,standard,2025-07-06,ADDR_001864,70.0,8,0
BUYER_00299,high_return_legit,2025-04-11,ADDR_002198,70.0,7,1
BUYER_00300,standard,2025-10-27,ADDR_000984,70.0,10,0
BUYER_00301,standard,2025-09-21,ADDR_001089,70.0,2,0
BUYER_00302,high_return_legit,2025-11-21,ADDR_003631,70.0,12,4
BUYER_00303,standard,2025-03-24,ADDR_004847,70.0,23,0
BUYER_00304,high_return_legit,2025-05-31,ADDR_003146,70.0,2,1
BUYER_00305,standard,2025-10-19,ADDR_004721,70.0,14,0
BUYER_00306,standard,2025-05-27,ADDR_003025,70.0,25,2
BUYER_00307,standard,2025-05-28,ADDR_002664,70.0,14,0
BUYER_00308,standard,2025-12-16,ADDR_002147,70.0,7,0
BUYER_00309,standard,2025-10-08,ADDR_002376,70.0,8,0
BUYER_00310,abuser,2025-11-06,ADDR_000994,70.0,5,0
BUYER_00311,standard,2025-06-07,ADDR_001813,70.0,9,0
BUYER_00312,standard,2025-08-07,ADDR_002992,70.0,4,0
BUYER_00313,standard,2025-06-22,ADDR_003000,70.0,8,0
BUYER_00314,standard,2025-06-22,ADDR_003470,70.0,4,0
BUYER_00315,standard,2025-02-25,ADDR_003977,70.0,3,0
BUYER_00316,standard,2025-10-31,ADDR_000292,70.0,22,0
BUYER_00317,standard,2025-06-01,ADDR_002599,70.0,2,1
BUYER_00318,standard,2025-08-06,ADDR_004384,70.0,27,0
BUYER_00319,standard,2025-11-05,ADDR_002760,70.0,2,0
BUYER_00320,high_return_legit,2025-10-08,ADDR_002878,70.0,15,2
BUYER_00321,high_return_legit,2025-03-24,ADDR_002118,70.0,9,2
BUYER_00322,standard,2025-08-18,ADDR_004270,70.0,2,0
BUYER_00323,standard,2025-07-08,ADDR_000783,70.0,5,1
BUYER_00324,standard,2025-04-16,ADDR_001846,70.0,4,0
BUYER_00325,standard,2025-01-20,ADDR_001968,70.0,4,0
BUYER_00326,standard,2025-08-22,ADDR_000493,70.0,14,0
BUYER_00327,standard,2025-10-11,ADDR_000440,70.0,3,0
BUYER_00328,standard,2025-12-02,ADDR_000802,70.0,2,0
BUYER_00329,standard,2025-05-20,ADDR_003833,70.0,17,0
BUYER_00330,standard,2025-06-04,ADDR_001806,70.0,10,0
BUYER_00331,standard,2025-03-11,ADDR_001477,70.0,8,2
BUYER_00332,standard,2025-12-16,ADDR_002012,70.0,6,0
BUYER_00333,standard,2025-11-02,ADDR_002765,70.0,13,0
BUYER_00334,standard,2025-12-07,ADDR_001935,70.0,10,0
BUYER_00335,high_return_legit,2025-07-08,ADDR_000328,70.0,7,2
BUYER_00336,standard,2025-03-28,ADDR_002079,70.0,5,0
BUYER_00337,abuser,2025-08-03,ADDR_002963,70.0,17,0
BUYER_00338,standard,2025-05-26,ADDR_002578,70.0,22,1
BUYER_00339,high_return_legit,2025-05-17,ADDR_000853,70.0,11,2
BUYER_00340,standard,2025-02-07,ADDR_000829,70.0,65,7
BUYER_00341,standard,2025-02-03,ADDR_003126,70.0,9,0
BUYER_00342,standard,2025-05-28,ADDR_003564,70.0,9,2
BUYER_00343,standard,2025-11-27,ADDR_004653,70.0,23,1
BUYER_00344,standard,2025-09-22,ADDR_002540,70.0,10,1
BUYER_00345,high_return_legit,2025-10-04,ADDR_002865,70.0,9,2
BUYER_00346,standard,2025-04-06,ADDR_003781,70.0,6,0
BUYER_00347,standard,2025-09-26,ADDR_003831,70.0,11,1
BUYER_00348,high_return_legit,2025-06-07,ADDR_004857,70.0,2,1
BUYER_00349,high_return_legit,2025-01-28,ADDR_003486,70.0,5,0
BUYER_00350,standard,2025-06-03,ADDR_001194,70.0,4,0
BUYER_00351,abuser,2025-02-26,ADDR_001734,70.0,2,0
BUYER_00352,standard,2025-11-04,ADDR_002931,70.0,17,2
BUYER_00353,high_return_legit,2025-10-30,ADDR_002202,70.0,6,1
BUYER_00354,standard,2025-04-26,ADDR_000214,70.0,4,0
BUYER_00355,standard,2025-08-16,ADDR_001324,70.0,10,1
BUYER_00356,standard,2025-05-23,ADDR_001525,70.0,3,0
BUYER_00357,abuser,2025-03-07,ADDR_000178,70.0,15,0
BUYER_00358,standard,2025-08-29,ADDR_003189,70.0,21,2
BUYER_00359,abuser,2025-10-04,ADDR_001870,70.0,3,0
BUYER_00360,standard,2025-10-09,ADDR_003916,70.0,18,2
BUYER_00361,standard,2025-03-05,ADDR_001759,70.0,9,0
BUYER_00362,high_return_legit,2025-07-13,ADDR_004374,70.0,17,5
BUYER_00363,standard,2025-01-13,ADDR_004495,70.0,9,1
BUYER_00364,standard,2025-02-10,ADDR_002466,70.0,4,0
BUYER_00365,high_return_legit,2025-02-06,ADDR_001200,70.0,2,1
BUYER_00366,high_return_legit,2025-01-27,ADDR_000416,70.0,4,2
BUYER_00367,standard,2025-05-12,ADDR_003088,70.0,5,0
BUYER_00368,standard,2025-05-21,ADDR_000627,70.0,16,1
BUYER_00369,standard,2025-09-14,ADDR_001194,70.0,12,1
BUYER_00370,standard,2025-05-11,ADDR_001209,70.0,10,1
BUYER_00371,abuser,2025-03-02,ADDR_001353,70.0,22,1
BUYER_00372,standard,2025-12-04,ADDR_001842,70.0,2,0
BUYER_00373,abuser,2025-11-11,ADDR_001639,70.0,3,2
BUYER_00374,standard,2025-02-24,ADDR_002606,70.0,3,0
BUYER_00375,standard,2025-05-23,ADDR_004738,70.0,8,1
BUYER_00376,standard,2025-03-13,ADDR_003197,70.0,2,0
BUYER_00377,standard,2025-12-07,ADDR_003346,70.0,5,0
BUYER_00378,standard,2025-05-20,ADDR_000804,70.0,20,0
BUYER_00379,standard,2025-02-13,ADDR_000565,70.0,16,1
BUYER_00380,abuser,2025-09-23,ADDR_000935,70.0,23,1
BUYER_00381,standard,2025-09-18,ADDR_004199,70.0,5,1
BUYER_00382,high_return_legit,2025-04-09,ADDR_000856,70.0,4,0
BUYER_00383,high_return_legit,2025-05-08,ADDR_004870,70.0,9,2
BUYER_00384,standard,2025-06-10,ADDR_003736,70.0,4,0
BUYER_00385,standard,2025-04-19,ADDR_004103,70.0,7,0
BUYER_00386,standard,2025-04-26,ADDR_001495,70.0,7,1
BUYER_00387,abuser,2025-10-18,ADDR_000773,70.0,11,0
BUYER_00388,high_return_legit,2025-10-01,ADDR_000825,70.0,22,7
BUYER_00389,abuser,2025-09-12,ADDR_004245,70.0,21,3
BUYER_00390,standard,2025-09-10,ADDR_002135,70.0,15,1
BUYER_00391,high_return_legit,2025-07-17,ADDR_002025,70.0,7,2
BUYER_00392,standard,2025-05-18,ADDR_001225,70.0,12,0
BUYER_00393,standard,2025-09-21,ADDR_001763,70.0,6,0
BUYER_00394,standard,2025-02-21,ADDR_001828,70.0,4,0
BUYER_00395,standard,2025-03-02,ADDR_003709,70.0,3,0
BUYER_00396,standard,2025-02-24,ADDR_004078,70.0,5,0
BUYER_00397,high_return_legit,2025-09-25,ADDR_002312,70.0,11,4
BUYER_00398,abuser,2025-08-09,ADDR_001652,70.0,13,0
BUYER_00399,standard,2025-06-22,ADDR_002235,70.0,8,0
BUYER_00400,high_return_legit,2025-07-01,ADDR_000865,70.0,12,4
BUYER_00401,standard,2025-10-26,ADDR_000339,70.0,5,0
BUYER_00402,standard,2025-02-23,ADDR_001150,70.0,26,1
BUYER_00403,standard,2025-05-30,ADDR_000121,70.0,9,0
BUYER_00404,high_return_legit,2025-10-04,ADDR_000170,70.0,6,2
BUYER_00405,high_return_legit,2025-08-31,ADDR_001180,70.0,13,6
BUYER_00406,standard,2025-06-17,ADDR_004460,70.0,7,0
BUYER_00407,standard,2025-04-03,ADDR_000916,70.0,10,0
BUYER_00408,high_return_legit,2025-12-03,ADDR_003449,70.0,23,5
BUYER_00409,standard,2025-06-07,ADDR_000728,70.0,4,1
BUYER_00410,high_return_legit,2025-11-11,ADDR_002293,70.0,6,2
BUYER_00411,abuser,2025-10-10,ADDR_003004,70.0,7,1
BUYER_00412,standard,2025-11-06,ADDR_002776,70.0,8,2
BUYER_00413,standard,2025-01-10,ADDR_003958,70.0,30,1
BUYER_00414,standard,2025-07-01,ADDR_001257,70.0,15,2
BUYER_00415,standard,2025-04-16,ADDR_003676,70.0,20,0
BUYER_00416,standard,2025-04-21,ADDR_001998,70.0,1,0
BUYER_00417,standard,2025-04-19,ADDR_002204,70.0,11,2
BUYER_00418,standard,2025-06-01,ADDR_001583,70.0,10,0
BUYER_00419,high_return_legit,2025-06-08,ADDR_004934,70.0,12,4
BUYER_00420,standard,2025-08-23,ADDR_004081,70.0,8,0
BUYER_00421,standard,2025-04-30,ADDR_002291,70.0,5,0
BUYER_00422,standard,2025-04-20,ADDR_003679,70.0,13,1
BUYER_00423,standard,2025-05-22,ADDR_004532,70.0,7,0
BUYER_00424,standard,2025-09-10,ADDR_001405,70.0,8,0
BUYER_00425,standard,2025-01-01,ADDR_001614,70.0,5,1
BUYER_00426,standard,2025-09-30,ADDR_002148,70.0,7,0
BUYER_00427,standard,2025-05-14,ADDR_001404,70.0,12,2
BUYER_00428,high_return_legit,2025-08-04,ADDR_000464,70.0,14,2
BUYER_00429,standard,2025-10-05,ADDR_002946,70.0,8,0
BUYER_00430,standard,2025-07-13,ADDR_001002,70.0,9,1
BUYER_00431,standard,2025-08-28,ADDR_002904,70.0,7,0
BUYER_00432,abuser,2025-11-25,ADDR_002456,70.0,15,1
BUYER_00433,abuser,2025-01-16,ADDR_002368,70.0,6,1
BUYER_00434,standard,2025-05-18,ADDR_000008,70.0,7,0
BUYER_00435,standard,2025-11-27,ADDR_002616,70.0,9,1
BUYER_00436,standard,2025-10-29,ADDR_001119,70.0,6,0
BUYER_00437,standard,2025-08-18,ADDR_001243,70.0,10,0
BUYER_00438,standard,2025-04-05,ADDR_004457,70.0,26,1
BUYER_00439,standard,2025-05-11,ADDR_004860,70.0,7,0
BUYER_00440,standard,2025-11-05,ADDR_001620,70.0,23,0
BUYER_00441,standard,2025-09-14,ADDR_003195,70.0,16,1
BUYER_00442,standard,2025-04-25,ADDR_001758,70.0,9,1
BUYER_00443,abuser,2025-02-27,ADDR_000842,70.0,13,0
BUYER_00444,standard,2025-10-11,ADDR_000493,70.0,23,2
BUYER_00445,abuser,2025-08-04,ADDR_004408,70.0,4,0
BUYER_00446,high_return_legit,2025-12-09,ADDR_000326,70.0,13,1
BUYER_00447,standard,2025-06-07,ADDR_002435,70.0,20,0
BUYER_00448,standard,2025-05-18,ADDR_001085,70.0,5,1
BUYER_00449,standard,2025-04-27,ADDR_003763,70.0,21,1
BUYER_00450,standard,2025-07-03,ADDR_000666,70.0,13,0
BUYER_00451,abuser,2025-05-08,ADDR_002855,70.0,5,1
BUYER_00452,high_return_legit,2025-02-03,ADDR_001705,70.0,11,2
BUYER_00453,high_return_legit,2025-05-05,ADDR_002578,70.0,3,1
BUYER_00454,standard,2025-04-01,ADDR_000920,70.0,3,0
BUYER_00455,abuser,2025-10-22,ADDR_000578,70.0,3,0
BUYER_00456,standard,2025-04-07,ADDR_000881,70.0,10,0
BUYER_00457,standard,2025-06-25,ADDR_002853,70.0,6,0
BUYER_00458,standard,2025-09-05,ADDR_003205,70.0,5,0
BUYER_00459,standard,2025-03-05,ADDR_004477,70.0,6,0
BUYER_00460,high_return_legit,2025-07-20,ADDR_004663,70.0,8,2
BUYER_00461,standard,2025-11-01,ADDR_003725,70.0,6,0
BUYER_00462,high_return_legit,2025-08-07,ADDR_000061,70.0,6,3
BUYER_00463,standard,2025-07-03,ADDR_002424,70.0,9,0
BUYER_00464,standard,2025-10-30,ADDR_003492,70.0,4,0
BUYER_00465,abuser,2025-12-04,ADDR_003495,70.0,5,0
BUYER_00466,standard,2025-10-24,ADDR_003263,70.0,18,1
BUYER_00467,standard,2025-06-08,ADDR_003403,70.0,10,2
BUYER_00468,standard,2025-08-16,ADDR_002382,70.0,2,1
BUYER_00469,abuser,2025-07-18,ADDR_003066,70.0,24,1
BUYER_00470,abuser,2025-05-01,ADDR_003426,70.0,4,0
BUYER_00471,standard,2025-06-17,ADDR_000215,70.0,25,0
BUYER_00472,high_return_legit,2025-10-27,ADDR_003356,70.0,8,2
BUYER_00473,standard,2025-04-30,ADDR_000632,70.0,16,0
BUYER_00474,standard,2025-11-15,ADDR_004693,70.0,2,0
BUYER_00475,standard,2025-12-18,ADDR_004899,70.0,5,1
BUYER_00476,standard,2025-05-03,ADDR_000783,70.0,5,0
BUYER_00477,abuser,2025-02-23,ADDR_004413,70.0,5,1
BUYER_00478,high_return_legit,2025-12-07,ADDR_002344,70.0,5,0
BUYER_00479,standard,2025-03-14,ADDR_001905,70.0,5,0
BUYER_00480,standard,2025-10-08,ADDR_002124,70.0,7,0
BUYER_00481,standard,2025-01-20,ADDR_000582,70.0,5,1
BUYER_00482,standard,2025-04-07,ADDR_004498,70.0,7,0
BUYER_00483,standard,2025-04-16,ADDR_003171,70.0,10,2
BUYER_00484,abuser,2025-04-29,ADDR_002412,70.0,2,0
BUYER_00485,standard,2025-11-25,ADDR_003043,70.0,7,0
BUYER_00486,standard,2025-03-15,ADDR_004836,70.0,4,1
BUYER_00487,standard,2025-03-15,ADDR_003204,70.0,7,0
BUYER_00488,standard,2025-09-12,ADDR_003249,70.0,12,0
BUYER_00489,standard,2025-12-05,ADDR_004339,70.0,3,0
BUYER_00490,abuser,2025-06-01,ADDR_003461,70.0,6,0
BUYER_00491,standard,2025-10-08,ADDR_003839,70.0,15,0
BUYER_00492,standard,2025-01-16,ADDR_004050,70.0,16,0
BUYER_00493,standard,2025-10-25,ADDR_004453,70.0,5,0
BUYER_00494,high_return_legit,2025-09-22,ADDR_003632,70.0,14,2
BUYER_00495,standard,2025-11-17,ADDR_000754,70.0,10,2
BUYER_00496,standard,2025-08-25,ADDR_002587,70.0,8,1
BUYER_00497,standard,2025-12-02,ADDR_000267,70.0,5,0
BUYER_00498,standard,2025-06-01,ADDR_003824,70.0,9,0
BUYER_00499,high_return_legit,2025-09-25,ADDR_004738,70.0,12,3
BUYER_00500,standard,2025-09-23,ADDR_000176,70.0,5,0
BUYER_00501,standard,2025-04-19,ADDR_000539,70.0,11,2
BUYER_00502,standard,2025-11-25,ADDR_004617,70.0,3,1
BUYER_00503,standard,2025-10-10,ADDR_003958,70.0,3,1
BUYER_00504,standard,2025-11-08,ADDR_004074,70.0,11,1
BUYER_00505,standard,2025-05-23,ADDR_001032,70.0,7,1
BUYER_00506,standard,2025-10-30,ADDR_003156,70.0,4,0
BUYER_00507,standard,2025-05-06,ADDR_004102,70.0,10,0
BUYER_00508,standard,2025-12-09,ADDR_000340,70.0,13,1
BUYER_00509,standard,2025-01-13,ADDR_001404,70.0,8,1
BUYER_00510,standard,2025-08-18,ADDR_001459,70.0,22,1
BUYER_00511,high_return_legit,2025-02-19,ADDR_002680,70.0,5,3
BUYER_00512,standard,2025-09-20,ADDR_001255,70.0,5,0
BUYER_00513,standard,2025-05-23,ADDR_001692,70.0,15,2
BUYER_00514,standard,2025-11-09,ADDR_001272,70.0,4,1
BUYER_00515,high_return_legit,2025-11-10,ADDR_000314,70.0,13,4
BUYER_00516,standard,2025-05-24,ADDR_003326,70.0,3,0
BUYER_00517,standard,2025-10-20,ADDR_000798,70.0,4,1
BUYER_00518,standard,2025-09-08,ADDR_004336,70.0,7,0
BUYER_00519,standard,2025-06-14,ADDR_002851,70.0,6,0
BUYER_00520,standard,2025-05-16,ADDR_003374,70.0,22,1
BUYER_00521,standard,2025-03-29,ADDR_001778,70.0,4,0
BUYER_00522,standard,2025-01-30,ADDR_001924,70.0,8,0
BUYER_00523,high_return_legit,2025-07-15,ADDR_002041,70.0,9,1
BUYER_00524,standard,2025-07-23,ADDR_004797,70.0,7,0
BUYER_00525,standard,2025-06-20,ADDR_002105,70.0,17,1
BUYER_00526,standard,2025-12-05,ADDR_004269,70.0,5,1
BUYER_00527,standard,2025-01-08,ADDR_001587,70.0,5,1
BUYER_00528,standard,2025-11-02,ADDR_003392,70.0,4,0
BUYER_00529,standard,2025-10-17,ADDR_001356,70.0,14,1
BUYER_00530,standard,2025-10-04,ADDR_001967,70.0,9,0
BUYER_00531,standard,2025-07-18,ADDR_004251,70.0,9,1
BUYER_00532,standard,2025-03-21,ADDR_003384,70.0,9,0
BUYER_00533,standard,2025-11-06,ADDR_002407,70.0,4,0
BUYER_00534,standard,2025-09-29,ADDR_002019,70.0,11,0
BUYER_00535,standard,2025-10-28,ADDR_002929,70.0,10,0
BUYER_00536,standard,2025-04-07,ADDR_000768,70.0,21,1
BUYER_00537,abuser,2025-07-28,ADDR_004201,70.0,10,0
BUYER_00538,high_return_legit,2025-06-10,ADDR_003063,70.0,5,5
BUYER_00539,standard,2025-08-25,ADDR_002457,70.0,6,1
BUYER_00540,standard,2025-10-02,ADDR_003455,70.0,27,2
BUYER_00541,standard,2025-03-15,ADDR_004905,70.0,3,0
BUYER_00542,high_return_legit,2025-03-15,ADDR_001729,70.0,3,2
BUYER_00543,standard,2025-01-22,ADDR_003385,70.0,9,0
BUYER_00544,standard,2025-03-08,ADDR_004600,70.0,21,2
BUYER_00545,standard,2025-04-09,ADDR_001704,70.0,8,1
BUYER_00546,standard,2025-02-03,ADDR_003495,70.0,3,1
BUYER_00547,standard,2025-05-20,ADDR_004453,70.0,35,2
BUYER_00548,standard,2025-09-06,ADDR_002885,70.0,5,0
BUYER_00549,standard,2025-10-15,ADDR_000406,70.0,14,1
BUYER_00550,high_return_legit,2025-05-17,ADDR_000869,70.0,21,8
BUYER_00551,high_return_legit,2025-02-08,ADDR_001390,70.0,8,2
BUYER_00552,high_return_legit,2025-10-04,ADDR_000085,70.0,12,2
BUYER_00553,standard,2025-06-02,ADDR_003775,70.0,22,0
BUYER_00554,standard,2025-04-13,ADDR_003167,70.0,3,0
BUYER_00555,standard,2025-06-29,ADDR_001826,70.0,13,3
BUYER_00556,high_return_legit,2025-12-11,ADDR_001453,70.0,18,6
BUYER_00557,standard,2025-05-26,ADDR_000660,70.0,19,1
BUYER_00558,standard,2025-12-08,ADDR_002476,70.0,6,0
BUYER_00559,standard,2025-04-13,ADDR_001675,70.0,11,0
BUYER_00560,abuser,2025-02-16,ADDR_000116,70.0,5,0
BUYER_00561,standard,2025-03-08,ADDR_002368,70.0,5,1
BUYER_00562,high_return_legit,2025-10-09,ADDR_000716,70.0,4,3
BUYER_00563,abuser,2025-07-22,ADDR_000226,70.0,12,0
BUYER_00564,standard,2025-08-06,ADDR_000222,70.0,9,1
BUYER_00565,standard,2025-12-10,ADDR_000963,70.0,17,1
BUYER_00566,standard,2025-07-11,ADDR_003977,70.0,2,1
BUYER_00567,standard,2025-02-21,ADDR_004798,70.0,4,0
BUYER_00568,standard,2025-09-20,ADDR_002405,70.0,10,0
BUYER_00569,standard,2025-03-28,ADDR_003173,70.0,26,0
BUYER_00570,standard,2025-08-06,ADDR_000505,70.0,5,0
BUYER_00571,standard,2025-11-04,ADDR_003893,70.0,2,0
BUYER_00572,standard,2025-07-01,ADDR_002483,70.0,5,0
BUYER_00573,standard,2025-05-05,ADDR_002120,70.0,7,2
BUYER_00574,standard,2025-08-04,ADDR_004303,70.0,14,0
BUYER_00575,standard,2025-02-25,ADDR_001553,70.0,17,1
BUYER_00576,standard,2025-05-03,ADDR_002173,70.0,13,0
BUYER_00577,standard,2025-07-11,ADDR_003217,70.0,7,0
BUYER_00578,high_return_legit,2025-04-14,ADDR_000741,70.0,34,10
BUYER_00579,standard,2025-01-20,ADDR_002583,70.0,5,0
BUYER_00580,standard,2025-08-07,ADDR_002861,70.0,8,0
BUYER_00581,standard,2025-06-05,ADDR_004417,70.0,12,0
BUYER_00582,high_return_legit,2025-06-01,ADDR_004600,70.0,6,2
BUYER_00583,standard,2025-12-19,ADDR_001702,70.0,7,1
BUYER_00584,standard,2025-02-19,ADDR_004563,70.0,12,0
BUYER_00585,standard,2025-03-07,ADDR_001975,70.0,4,1
BUYER_00586,standard,2025-11-11,ADDR_000774,70.0,7,0
BUYER_00587,standard,2025-02-26,ADDR_003603,70.0,7,0
BUYER_00588,abuser,2025-11-24,ADDR_002805,70.0,38,3
BUYER_00589,standard,2025-09-05,ADDR_003749,70.0,14,1
BUYER_00590,standard,2025-07-19,ADDR_001682,70.0,5,0
BUYER_00591,standard,2025-04-22,ADDR_004725,70.0,14,0
BUYER_00592,standard,2025-05-21,ADDR_004433,70.0,4,1
BUYER_00593,standard,2025-10-26,ADDR_004533,70.0,11,1
BUYER_00594,standard,2025-01-28,ADDR_003528,70.0,3,0
BUYER_00595,standard,2025-10-07,ADDR_000926,70.0,13,0
BUYER_00596,standard,2025-10-26,ADDR_000728,70.0,7,1
BUYER_00597,high_return_legit,2025-09-16,ADDR_004737,70.0,3,1
BUYER_00598,standard,2025-01-26,ADDR_004310,70.0,11,0
BUYER_00599,standard,2025-09-28,ADDR_004359,70.0,15,0
BUYER_00600,abuser,2025-09-22,ADDR_000232,70.0,11,1
BUYER_00601,standard,2025-01-08,ADDR_004240,70.0,9,2
BUYER_00602,abuser,2025-11-16,ADDR_002443,70.0,3,0
BUYER_00603,standard,2025-02-27,ADDR_004497,70.0,14,1
BUYER_00604,standard,2025-12-08,ADDR_001269,70.0,2,0
BUYER_00605,standard,2025-02-02,ADDR_000517,70.0,6,0
BUYER_00606,standard,2025-04-08,ADDR_003216,70.0,32,1
BUYER_00607,standard,2025-09-11,ADDR_004937,70.0,3,0
BUYER_00608,high_return_legit,2025-03-01,ADDR_004447,70.0,2,1
BUYER_00609,standard,2025-03-19,ADDR_003758,70.0,4,0
BUYER_00610,abuser,2025-01-07,ADDR_000190,70.0,11,1
BUYER_00611,standard,2025-10-26,ADDR_000916,70.0,8,0
BUYER_00612,abuser,2025-01-19,ADDR_001856,70.0,16,2
BUYER_00613,standard,2025-08-23,ADDR_000176,70.0,8,0
BUYER_00614,high_return_legit,2025-08-06,ADDR_002125,70.0,4,0
BUYER_00615,standard,2025-07-13,ADDR_001128,70.0,15,1
BUYER_00616,standard,2025-05-27,ADDR_001895,70.0,5,0
BUYER_00617,standard,2025-04-30,ADDR_003338,70.0,13,0
BUYER_00618,abuser,2025-12-07,ADDR_000177,70.0,21,3
BUYER_00619,standard,2025-10-12,ADDR_003149,70.0,11,0
BUYER_00620,standard,2025-11-26,ADDR_000502,70.0,20,0
BUYER_00621,standard,2025-09-25,ADDR_004467,70.0,4,0
BUYER_00622,standard,2025-10-27,ADDR_003419,70.0,6,0
BUYER_00623,standard,2025-12-09,ADDR_000591,70.0,9,1
BUYER_00624,standard,2025-06-23,ADDR_001762,70.0,4,0
BUYER_00625,standard,2025-11-21,ADDR_001554,70.0,20,1
BUYER_00626,standard,2025-01-21,ADDR_000569,70.0,19,3
BUYER_00627,standard,2025-02-17,ADDR_000047,70.0,11,0
BUYER_00628,standard,2025-07-06,ADDR_001085,70.0,12,0
BUYER_00629,high_return_legit,2025-06-23,ADDR_000146,70.0,8,3
BUYER_00630,high_return_legit,2025-06-18,ADDR_002791,70.0,4,1
BUYER_00631,standard,2025-07-22,ADDR_001351,70.0,5,2
BUYER_00632,standard,2025-07-22,ADDR_003398,70.0,7,3
BUYER_00633,standard,2025-11-09,ADDR_001922,70.0,10,0
BUYER_00634,standard,2025-05-17,ADDR_000776,70.0,8,0
BUYER_00635,standard,2025-05-06,ADDR_003361,70.0,10,2
BUYER_00636,high_return_legit,2025-09-15,ADDR_002259,70.0,3,2
BUYER_00637,standard,2025-08-28,ADDR_003288,70.0,5,0
BUYER_00638,standard,2025-10-27,ADDR_002782,70.0,9,1
BUYER_00639,standard,2025-05-04,ADDR_000501,70.0,16,1
BUYER_00640,standard,2025-01-04,ADDR_000246,70.0,3,0
BUYER_00641,standard,2025-12-03,ADDR_000498,70.0,10,1
BUYER_00642,standard,2025-01-22,ADDR_001107,70.0,14,1
BUYER_00643,standard,2025-09-08,ADDR_001109,70.0,8,0
BUYER_00644,standard,2025-05-08,ADDR_004548,70.0,9,0
BUYER_00645,standard,2025-06-13,ADDR_003876,70.0,6,0
BUYER_00646,standard,2025-10-29,ADDR_004355,70.0,8,1
BUYER_00647,standard,2025-06-12,ADDR_002347,70.0,6,0
BUYER_00648,standard,2025-03-04,ADDR_001596,70.0,3,0
BUYER_00649,abuser,2025-10-02,ADDR_001994,70.0,21,1
BUYER_00650,standard,2025-01-11,ADDR_004296,70.0,10,0
BUYER_00651,high_return_legit,2025-04-21,ADDR_001759,70.0,6,3
BUYER_00652,high_return_legit,2025-07-22,ADDR_003131,70.0,20,5
BUYER_00653,standard,2025-06-18,ADDR_000715,70.0,7,0
BUYER_00654,standard,2025-08-19,ADDR_004859,70.0,13,1
BUYER_00655,standard,2025-05-29,ADDR_003176,70.0,3,0
BUYER_00656,standard,2025-06-01,ADDR_004782,70.0,6,0
BUYER_00657,abuser,2025-05-18,ADDR_001386,70.0,17,1
BUYER_00658,standard,2025-11-14,ADDR_003053,70.0,23,1
BUYER_00659,abuser,2025-01-10,ADDR_002881,70.0,30,5
BUYER_00660,high_return_legit,2025-12-01,ADDR_002315,70.0,22,6
BUYER_00661,standard,2025-05-21,ADDR_000853,70.0,28,0
BUYER_00662,standard,2025-05-23,ADDR_000704,70.0,5,0
BUYER_00663,standard,2025-09-23,ADDR_002188,70.0,3,0
BUYER_00664,standard,2025-06-01,ADDR_002625,70.0,2,0
BUYER_00665,high_return_legit,2025-08-18,ADDR_000777,70.0,9,4
BUYER_00666,abuser,2025-11-20,ADDR_001971,70.0,7,0
BUYER_00667,standard,2025-11-01,ADDR_000463,70.0,24,3
BUYER_00668,abuser,2025-07-14,ADDR_003195,70.0,7,0
BUYER_00669,abuser,2025-09-20,ADDR_001548,70.0,26,2
BUYER_00670,high_return_legit,2025-06-02,ADDR_000442,70.0,3,0
BUYER_00671,standard,2025-10-09,ADDR_002540,70.0,28,2
BUYER_00672,standard,2025-03-13,ADDR_004132,70.0,8,0
BUYER_00673,high_return_legit,2025-01-22,ADDR_004906,70.0,22,6
BUYER_00674,standard,2025-07-23,ADDR_004787,70.0,17,0
BUYER_00675,high_return_legit,2025-03-30,ADDR_000859,70.0,5,1
BUYER_00676,standard,2025-09-24,ADDR_001036,70.0,15,1
BUYER_00677,standard,2025-02-15,ADDR_004420,70.0,6,0
BUYER_00678,abuser,2025-01-05,ADDR_002307,70.0,16,0
BUYER_00679,high_return_legit,2025-09-06,ADDR_004725,70.0,13,4
BUYER_00680,standard,2025-07-09,ADDR_003969,70.0,11,0
BUYER_00681,standard,2025-12-05,ADDR_000320,70.0,8,0
BUYER_00682,standard,2025-04-11,ADDR_004166,70.0,7,0
BUYER_00683,standard,2025-02-23,ADDR_002833,70.0,9,1
BUYER_00684,standard,2025-01-12,ADDR_004630,70.0,2,0
BUYER_00685,high_return_legit,2025-06-20,ADDR_002313,70.0,17,6
BUYER_00686,standard,2025-02-14,ADDR_002533,70.0,8,1
BUYER_00687,standard,2025-10-09,ADDR_003963,70.0,10,0
BUYER_00688,standard,2025-02-03,ADDR_001339,70.0,4,0
BUYER_00689,standard,2025-11-25,ADDR_000346,70.0,10,1
BUYER_00690,standard,2025-07-23,ADDR_002334,70.0,6,0
BUYER_00691,standard,2025-09-13,ADDR_003022,70.0,25,1
BUYER_00692,standard,2025-02-26,ADDR_002414,70.0,3,0
BUYER_00693,standard,2025-02-10,ADDR_003496,70.0,20,0
BUYER_00694,high_return_legit,2025-05-19,ADDR_001255,70.0,5,3
BUYER_00695,standard,2025-07-16,ADDR_000070,70.0,11,0
BUYER_00696,standard,2025-08-04,ADDR_003895,70.0,7,0
BUYER_00697,high_return_legit,2025-05-11,ADDR_004211,70.0,4,2
BUYER_00698,standard,2025-04-20,ADDR_003057,70.0,2,0
BUYER_00699,high_return_legit,2025-12-15,ADDR_001553,70.0,14,4
BUYER_00700,standard,2025-04-20,ADDR_001833,70.0,3,1
BUYER_00701,standard,2025-03-01,ADDR_002374,70.0,6,1
BUYER_00702,standard,2025-05-21,ADDR_002491,70.0,21,3
BUYER_00703,standard,2025-05-02,ADDR_001094,70.0,21,1
BUYER_00704,abuser,2025-06-12,ADDR_001839,70.0,10,1
BUYER_00705,high_return_legit,2025-08-20,ADDR_001475,70.0,3,0
BUYER_00706,standard,2025-08-13,ADDR_002217,70.0,8,0
BUYER_00707,standard,2025-09-14,ADDR_001858,70.0,9,1
BUYER_00708,standard,2025-03-08,ADDR_002614,70.0,5,0
BUYER_00709,abuser,2025-01-23,ADDR_003993,70.0,21,2
BUYER_00710,standard,2025-10-14,ADDR_001638,70.0,10,0
BUYER_00711,standard,2025-03-31,ADDR_000286,70.0,10,4
BUYER_00712,high_return_legit,2025-05-06,ADDR_004049,70.0,8,1
BUYER_00713,abuser,2025-06-24,ADDR_000921,70.0,3,0
BUYER_00714,standard,2025-09-20,ADDR_004595,70.0,4,0
BUYER_00715,standard,2025-03-11,ADDR_002616,70.0,4,0
BUYER_00716,standard,2025-11-19,ADDR_002587,70.0,19,0
BUYER_00717,high_return_legit,2025-05-08,ADDR_002942,70.0,9,2
BUYER_00718,high_return_legit,2025-12-15,ADDR_003521,70.0,11,2
BUYER_00719,standard,2025-04-25,ADDR_002185,70.0,11,1
BUYER_00720,standard,2025-09-23,ADDR_004606,70.0,11,0
BUYER_00721,standard,2025-05-28,ADDR_000081,70.0,27,0
BUYER_00722,standard,2025-10-29,ADDR_000950,70.0,15,1
BUYER_00723,standard,2025-06-26,ADDR_001374,70.0,10,0
BUYER_00724,standard,2025-11-09,ADDR_000939,70.0,9,0
BUYER_00725,standard,2025-10-02,ADDR_004694,70.0,23,3
BUYER_00726,standard,2025-08-07,ADDR_000359,70.0,2,0
BUYER_00727,abuser,2025-04-12,ADDR_000600,70.0,21,1
BUYER_00728,standard,2025-04-16,ADDR_002188,70.0,6,0
BUYER_00729,high_return_legit,2025-12-18,ADDR_001307,70.0,12,5
BUYER_00730,high_return_legit,2025-11-27,ADDR_001639,70.0,7,3
BUYER_00731,abuser,2025-03-01,ADDR_002989,70.0,9,1
BUYER_00732,standard,2025-03-26,ADDR_002774,70.0,7,1
BUYER_00733,standard,2025-02-17,ADDR_004278,70.0,1,0
BUYER_00734,standard,2025-03-25,ADDR_002232,70.0,4,0
BUYER_00735,standard,2025-04-27,ADDR_004639,70.0,5,0
BUYER_00736,high_return_legit,2025-10-29,ADDR_000941,70.0,3,1
BUYER_00737,standard,2025-02-12,ADDR_000962,70.0,2,0
BUYER_00738,standard,2025-11-13,ADDR_001936,70.0,12,2
BUYER_00739,high_return_legit,2025-12-12,ADDR_000578,70.0,4,0
BUYER_00740,high_return_legit,2025-04-24,ADDR_000143,70.0,9,6
BUYER_00741,abuser,2025-06-24,ADDR_001837,70.0,18,1
BUYER_00742,standard,2025-07-19,ADDR_002660,70.0,4,0
BUYER_00743,standard,2025-03-27,ADDR_001374,70.0,7,0
BUYER_00744,abuser,2025-09-25,ADDR_001341,70.0,18,1
BUYER_00745,standard,2025-08-05,ADDR_000481,70.0,6,0
BUYER_00746,abuser,2025-02-19,ADDR_000556,70.0,6,0
BUYER_00747,standard,2025-11-17,ADDR_004372,70.0,2,1
BUYER_00748,high_return_legit,2025-05-01,ADDR_000325,70.0,20,4
BUYER_00749,standard,2025-03-08,ADDR_003477,70.0,7,0
BUYER_00750,high_return_legit,2025-12-15,ADDR_003536,70.0,3,0
BUYER_00751,standard,2025-02-15,ADDR_001006,70.0,14,1
BUYER_00752,standard,2025-01-29,ADDR_001224,70.0,6,0
BUYER_00753,standard,2025-04-08,ADDR_001819,70.0,7,1
BUYER_00754,standard,2025-05-07,ADDR_003261,70.0,5,1
BUYER_00755,standard,2025-06-16,ADDR_000181,70.0,13,0
BUYER_00756,standard,2025-09-09,ADDR_004036,70.0,12,0
BUYER_00757,standard,2025-05-24,ADDR_001687,70.0,6,0
BUYER_00758,abuser,2025-07-29,ADDR_002474,70.0,8,0
BUYER_00759,high_return_legit,2025-01-04,ADDR_004503,70.0,23,5
BUYER_00760,standard,2025-05-30,ADDR_000658,70.0,9,0
BUYER_00761,standard,2025-12-03,ADDR_002460,70.0,6,1
BUYER_00762,standard,2025-10-09,ADDR_003042,70.0,21,0
BUYER_00763,standard,2025-09-28,ADDR_002112,70.0,5,1
BUYER_00764,abuser,2025-05-02,ADDR_000354,70.0,8,0
BUYER_00765,standard,2025-07-05,ADDR_000334,70.0,3,1
BUYER_00766,abuser,2025-11-01,ADDR_001958,70.0,4,0
BUYER_00767,standard,2025-11-12,ADDR_001989,70.0,5,0
BUYER_00768,standard,2025-09-18,ADDR_003769,70.0,11,0
BUYER_00769,standard,2025-06-24,ADDR_000711,70.0,16,0
BUYER_00770,standard,2025-02-03,ADDR_001990,70.0,6,0
BUYER_00771,high_return_legit,2025-02-22,ADDR_001566,70.0,13,6
BUYER_00772,abuser,2025-01-01,ADDR_001332,70.0,7,0
BUYER_00773,standard,2025-05-21,ADDR_003151,70.0,13,0
BUYER_00774,standard,2025-01-13,ADDR_003512,70.0,4,1
BUYER_00775,abuser,2025-06-17,ADDR_004551,70.0,9,0
BUYER_00776,standard,2025-08-11,ADDR_002807,70.0,7,1
BUYER_00777,standard,2025-08-11,ADDR_002672,70.0,9,0
BUYER_00778,standard,2025-07-28,ADDR_000718,70.0,44,3
BUYER_00779,high_return_legit,2025-04-03,ADDR_002457,70.0,10,1
BUYER_00780,high_return_legit,2025-07-16,ADDR_003757,70.0,21,5
BUYER_00781,standard,2025-12-14,ADDR_004762,70.0,17,2
BUYER_00782,standard,2025-06-20,ADDR_001653,70.0,3,0
BUYER_00783,standard,2025-11-10,ADDR_001181,70.0,10,0
BUYER_00784,standard,2025-05-29,ADDR_001468,70.0,17,2
BUYER_00785,standard,2025-08-20,ADDR_004551,70.0,3,0
BUYER_00786,standard,2025-07-03,ADDR_004105,70.0,4,0
BUYER_00787,standard,2025-09-11,ADDR_001660,70.0,87,4
BUYER_00788,abuser,2025-11-18,ADDR_001365,70.0,8,1
BUYER_00789,standard,2025-06-19,ADDR_003092,70.0,6,0
BUYER_00790,standard,2025-10-03,ADDR_001263,70.0,8,0
BUYER_00791,standard,2025-11-13,ADDR_003808,70.0,4,0
BUYER_00792,standard,2025-10-14,ADDR_001969,70.0,9,1
BUYER_00793,standard,2025-01-13,ADDR_003130,70.0,9,1
BUYER_00794,standard,2025-01-01,ADDR_003982,70.0,6,1
BUYER_00795,standard,2025-11-13,ADDR_001757,70.0,21,1
BUYER_00796,standard,2025-09-24,ADDR_000646,70.0,26,0
BUYER_00797,standard,2025-12-07,ADDR_003934,70.0,16,0
BUYER_00798,standard,2025-04-28,ADDR_001564,70.0,5,0
BUYER_00799,standard,2025-10-13,ADDR_003243,70.0,5,1
BUYER_00800,standard,2025-10-18,ADDR_003262,70.0,3,1
BUYER_00801,standard,2025-11-05,ADDR_000411,70.0,10,0
BUYER_00802,high_return_legit,2025-09-12,ADDR_000165,70.0,6,2
BUYER_00803,standard,2025-03-01,ADDR_004060,70.0,5,1
BUYER_00804,standard,2025-09-08,ADDR_000276,70.0,5,1
BUYER_00805,standard,2025-08-14,ADDR_001642,70.0,9,0
BUYER_00806,standard,2025-05-12,ADDR_004431,70.0,9,0
BUYER_00807,abuser,2025-03-28,ADDR_000879,70.0,4,0
BUYER_00808,standard,2025-11-14,ADDR_002585,70.0,23,1
BUYER_00809,standard,2025-03-03,ADDR_000572,70.0,9,0
BUYER_00810,standard,2025-06-12,ADDR_002760,70.0,3,0
BUYER_00811,standard,2025-08-20,ADDR_003532,70.0,14,1
BUYER_00812,standard,2025-12-12,ADDR_001231,70.0,4,0
BUYER_00813,standard,2025-09-05,ADDR_001394,70.0,28,2
BUYER_00814,standard,2025-05-02,ADDR_002632,70.0,20,0
BUYER_00815,standard,2025-01-29,ADDR_003916,70.0,12,0
BUYER_00816,standard,2025-05-07,ADDR_001509,70.0,41,2
BUYER_00817,standard,2025-04-28,ADDR_003253,70.0,4,0
BUYER_00818,high_return_legit,2025-10-23,ADDR_002048,70.0,10,0
BUYER_00819,standard,2025-05-27,ADDR_000637,70.0,7,1
BUYER_00820,high_return_legit,2025-02-13,ADDR_004773,70.0,4,0
BUYER_00821,standard,2025-11-09,ADDR_000718,70.0,3,0
BUYER_00822,standard,2025-01-10,ADDR_003878,70.0,17,0
BUYER_00823,standard,2025-01-02,ADDR_001366,70.0,7,0
BUYER_00824,standard,2025-07-01,ADDR_002053,70.0,4,0
BUYER_00825,abuser,2025-02-02,ADDR_000403,70.0,5,0
BUYER_00826,standard,2025-03-16,ADDR_004244,70.0,70,1
BUYER_00827,abuser,2025-12-16,ADDR_000854,70.0,8,1
BUYER_00828,standard,2025-11-01,ADDR_001021,70.0,5,0
BUYER_00829,abuser,2025-10-05,ADDR_001567,70.0,7,0
BUYER_00830,standard,2025-09-05,ADDR_004628,70.0,18,0
BUYER_00831,standard,2025-01-23,ADDR_001118,70.0,7,1
BUYER_00832,high_return_legit,2025-10-29,ADDR_002106,70.0,7,2
BUYER_00833,high_return_legit,2025-06-29,ADDR_003377,70.0,7,2
BUYER_00834,standard,2025-02-13,ADDR_000775,70.0,5,0
BUYER_00835,abuser,2025-05-01,ADDR_000440,70.0,7,0
BUYER_00836,standard,2025-07-10,ADDR_000460,70.0,21,1
BUYER_00837,standard,2025-01-08,ADDR_000909,70.0,7,0
BUYER_00838,standard,2025-04-13,ADDR_001618,70.0,7,0
BUYER_00839,standard,2025-05-13,ADDR_004656,70.0,0,0
BUYER_00840,standard,2025-06-27,ADDR_004552,70.0,13,0
BUYER_00841,high_return_legit,2025-01-02,ADDR_002817,70.0,19,5
BUYER_00842,standard,2025-07-31,ADDR_004648,70.0,5,1
BUYER_00843,standard,2025-03-24,ADDR_000143,70.0,11,1
BUYER_00844,standard,2025-08-11,ADDR_002788,70.0,4,0
BUYER_00845,high_return_legit,2025-04-08,ADDR_002198,70.0,10,5
BUYER_00846,standard,2025-06-06,ADDR_000585,70.0,10,1
BUYER_00847,standard,2025-08-20,ADDR_002737,70.0,2,0
BUYER_00848,standard,2025-08-31,ADDR_002260,70.0,17,0
BUYER_00849,abuser,2025-01-16,ADDR_003779,70.0,20,2
BUYER_00850,standard,2025-07-21,ADDR_002067,70.0,7,1
BUYER_00851,high_return_legit,2025-10-23,ADDR_004417,70.0,4,2
BUYER_00852,standard,2025-03-27,ADDR_001143,70.0,8,0
BUYER_00853,high_return_legit,2025-07-20,ADDR_002338,70.0,7,2
BUYER_00854,standard,2025-06-21,ADDR_000376,70.0,15,1
BUYER_00855,standard,2025-11-02,ADDR_002803,70.0,7,1
BUYER_00856,standard,2025-06-18,ADDR_001888,70.0,7,0
BUYER_00857,standard,2025-12-03,ADDR_001354,70.0,16,0
BUYER_00858,abuser,2025-08-30,ADDR_001840,70.0,12,1
BUYER_00859,standard,2025-07-30,ADDR_004414,70.0,8,0
BUYER_00860,standard,2025-04-27,ADDR_003484,70.0,5,0
BUYER_00861,standard,2025-08-11,ADDR_004219,70.0,5,0
BUYER_00862,standard,2025-02-26,ADDR_001951,70.0,5,0
BUYER_00863,high_return_legit,2025-06-10,ADDR_001948,70.0,4,1
BUYER_00864,standard,2025-04-25,ADDR_000065,70.0,6,1
BUYER_00865,standard,2025-09-04,ADDR_003376,70.0,18,0
BUYER_00866,standard,2025-10-05,ADDR_000099,70.0,6,1
BUYER_00867,standard,2025-11-28,ADDR_003489,70.0,7,0
BUYER_00868,standard,2025-04-02,ADDR_003403,70.0,2,0
BUYER_00869,standard,2025-11-14,ADDR_002304,70.0,16,1
BUYER_00870,high_return_legit,2025-11-01,ADDR_003270,70.0,6,3
BUYER_00871,standard,2025-11-06,ADDR_004918,70.0,12,1
BUYER_00872,standard,2025-09-28,ADDR_003932,70.0,11,0
BUYER_00873,high_return_legit,2025-04-19,ADDR_003692,70.0,5,3
BUYER_00874,standard,2025-11-11,ADDR_004218,70.0,11,0
BUYER_00875,standard,2025-08-12,ADDR_002902,70.0,3,1
BUYER_00876,standard,2025-09-28,ADDR_003279,70.0,5,0
BUYER_00877,standard,2025-03-27,ADDR_002504,70.0,23,0
BUYER_00878,standard,2025-03-09,ADDR_000762,70.0,3,0
BUYER_00879,standard,2025-04-22,ADDR_000972,70.0,11,0
BUYER_00880,high_return_legit,2025-07-13,ADDR_001423,70.0,8,0
BUYER_00881,high_return_legit,2025-06-10,ADDR_001908,70.0,5,0
BUYER_00882,high_return_legit,2025-11-14,ADDR_004819,70.0,23,5
BUYER_00883,high_return_legit,2025-01-08,ADDR_000449,70.0,7,1
BUYER_00884,high_return_legit,2025-02-06,ADDR_002018,70.0,14,3
BUYER_00885,standard,2025-05-09,ADDR_002751,70.0,34,3
BUYER_00886,standard,2025-03-12,ADDR_001172,70.0,3,2
BUYER_00887,standard,2025-06-07,ADDR_003316,70.0,7,0
BUYER_00888,standard,2025-09-20,ADDR_002594,70.0,15,1
BUYER_00889,standard,2025-12-18,ADDR_001297,70.0,7,0
BUYER_00890,standard,2025-03-25,ADDR_001017,70.0,18,1
BUYER_00891,standard,2025-04-18,ADDR_001418,70.0,12,0
BUYER_00892,abuser,2025-10-07,ADDR_003918,70.0,9,0
BUYER_00893,standard,2025-04-20,ADDR_002578,70.0,11,0
BUYER_00894,abuser,2025-09-16,ADDR_003931,70.0,4,0
BUYER_00895,standard,2025-08-06,ADDR_003555,70.0,3,0
BUYER_00896,standard,2025-11-04,ADDR_003964,70.0,2,0
BUYER_00897,standard,2025-01-17,ADDR_002988,70.0,9,1
BUYER_00898,standard,2025-12-14,ADDR_003055,70.0,4,0
BUYER_00899,standard,2025-12-09,ADDR_001783,70.0,20,1
BUYER_00900,abuser,2025-01-12,ADDR_003435,70.0,3,0
BUYER_00901,standard,2025-07-09,ADDR_004675,70.0,2,0
BUYER_00902,standard,2025-06-05,ADDR_001590,70.0,2,0
BUYER_00903,high_return_legit,2025-04-14,ADDR_002413,70.0,21,6
BUYER_00904,standard,2025-12-13,ADDR_004350,70.0,8,1
BUYER_00905,standard,2025-03-15,ADDR_002956,70.0,11,0
BUYER_00906,standard,2025-04-17,ADDR_000713,70.0,3,1
BUYER_00907,standard,2025-01-05,ADDR_001735,70.0,23,0
BUYER_00908,standard,2025-08-05,ADDR_001259,70.0,3,1
BUYER_00909,standard,2025-11-06,ADDR_002363,70.0,8,1
BUYER_00910,standard,2025-08-19,ADDR_004913,70.0,6,0
BUYER_00911,standard,2025-08-29,ADDR_004154,70.0,16,1
BUYER_00912,standard,2025-01-31,ADDR_004753,70.0,3,0
BUYER_00913,standard,2025-09-19,ADDR_003670,70.0,6,0
BUYER_00914,standard,2025-06-08,ADDR_002512,70.0,6,0
BUYER_00915,standard,2025-06-30,ADDR_003266,70.0,7,0
BUYER_00916,standard,2025-08-07,ADDR_002470,70.0,8,0
BUYER_00917,standard,2025-12-13,ADDR_000202,70.0,13,0
BUYER_00918,high_return_legit,2025-09-30,ADDR_000578,70.0,15,7
BUYER_00919,standard,2025-09-09,ADDR_002746,70.0,6,1
BUYER_00920,high_return_legit,2025-06-16,ADDR_003265,70.0,7,1
BUYER_00921,standard,2025-01-18,ADDR_001255,70.0,9,3
BUYER_00922,standard,2025-07-22,ADDR_000153,70.0,10,0
BUYER_00923,standard,2025-09-01,ADDR_000345,70.0,7,1
BUYER_00924,high_return_legit,2025-09-16,ADDR_001556,70.0,11,1
BUYER_00925,standard,2025-08-15,ADDR_004262,70.0,10,0
BUYER_00926,standard,2025-04-30,ADDR_002071,70.0,14,1
BUYER_00927,standard,2025-04-01,ADDR_004818,70.0,5,0
BUYER_00928,abuser,2025-02-10,ADDR_004425,70.0,9,0
BUYER_00929,standard,2025-09-15,ADDR_004248,70.0,5,0
BUYER_00930,standard,2025-12-11,ADDR_004793,70.0,2,1
BUYER_00931,standard,2025-07-18,ADDR_000509,70.0,5,0
BUYER_00932,high_return_legit,2025-09-05,ADDR_004821,70.0,9,4
BUYER_00933,high_return_legit,2025-09-12,ADDR_004573,70.0,5,1
BUYER_00934,standard,2025-03-10,ADDR_003954,70.0,4,0
BUYER_00935,standard,2025-03-22,ADDR_000953,70.0,13,0
BUYER_00936,standard,2025-03-28,ADDR_001435,70.0,19,0
BUYER_00937,standard,2025-11-29,ADDR_003229,70.0,13,0
BUYER_00938,standard,2025-01-09,ADDR_000224,70.0,13,1
BUYER_00939,standard,2025-07-23,ADDR_004067,70.0,3,0
BUYER_00940,standard,2025-05-28,ADDR_002106,70.0,10,0
BUYER_00941,standard,2025-09-01,ADDR_000107,70.0,25,2
BUYER_00942,standard,2025-04-01,ADDR_001472,70.0,20,1
BUYER_00943,standard,2025-12-08,ADDR_001955,70.0,8,1
BUYER_00944,standard,2025-05-11,ADDR_003243,70.0,18,0
BUYER_00945,standard,2025-11-27,ADDR_002981,70.0,7,0
BUYER_00946,standard,2025-08-08,ADDR_001836,70.0,6,1
BUYER_00947,standard,2025-06-10,ADDR_001396,70.0,11,0
BUYER_00948,high_return_legit,2025-09-25,ADDR_004409,70.0,11,4
BUYER_00949,abuser,2025-07-27,ADDR_001733,70.0,5,0
BUYER_00950,standard,2025-03-01,ADDR_001851,70.0,7,0
BUYER_00951,high_return_legit,2025-09-16,ADDR_000503,70.0,17,4
BUYER_00952,abuser,2025-08-05,ADDR_001871,70.0,6,0
BUYER_00953,standard,2025-07-31,ADDR_001405,70.0,9,1
BUYER_00954,standard,2025-09-27,ADDR_003757,70.0,10,0
BUYER_00955,standard,2025-08-30,ADDR_000559,70.0,16,1
BUYER_00956,standard,2025-05-24,ADDR_002920,70.0,8,0
BUYER_00957,high_return_legit,2025-05-07,ADDR_001429,70.0,10,3
BUYER_00958,standard,2025-04-12,ADDR_001263,70.0,18,1
BUYER_00959,standard,2025-08-04,ADDR_000335,70.0,6,0
BUYER_00960,standard,2025-04-30,ADDR_003349,70.0,5,1
BUYER_00961,high_return_legit,2025-02-22,ADDR_002912,70.0,3,1
BUYER_00962,standard,2025-10-11,ADDR_002786,70.0,13,1
BUYER_00963,standard,2025-03-28,ADDR_004354,70.0,6,0
BUYER_00964,abuser,2025-03-11,ADDR_003529,70.0,5,0
BUYER_00965,standard,2025-11-02,ADDR_000978,70.0,2,0
BUYER_00966,standard,2025-09-15,ADDR_002312,70.0,6,0
BUYER_00967,standard,2025-10-06,ADDR_002782,70.0,4,1
BUYER_00968,high_return_legit,2025-05-18,ADDR_004547,70.0,6,3
BUYER_00969,standard,2025-08-18,ADDR_003386,70.0,6,0
BUYER_00970,standard,2025-11-29,ADDR_001048,70.0,8,1
BUYER_00971,standard,2025-04-24,ADDR_004216,70.0,24,0
BUYER_00972,standard,2025-02-01,ADDR_002052,70.0,4,0
BUYER_00973,standard,2025-03-14,ADDR_004297,70.0,7,1
BUYER_00974,standard,2025-11-18,ADDR_001365,70.0,5,1
BUYER_00975,standard,2025-04-24,ADDR_003917,70.0,6,0
BUYER_00976,standard,2025-07-06,ADDR_002657,70.0,9,1
BUYER_00977,standard,2025-07-21,ADDR_002750,70.0,15,0
BUYER_00978,standard,2025-12-08,ADDR_004826,70.0,9,0
BUYER_00979,high_return_legit,2025-05-01,ADDR_000763,70.0,9,2
BUYER_00980,standard,2025-07-16,ADDR_001533,70.0,13,2
BUYER_00981,standard,2025-12-07,ADDR_000905,70.0,9,2
BUYER_00982,standard,2025-03-25,ADDR_004122,70.0,6,0
BUYER_00983,standard,2025-08-11,ADDR_004209,70.0,8,1
BUYER_00984,standard,2025-01-30,ADDR_000999,70.0,9,0
BUYER_00985,standard,2025-04-17,ADDR_001178,70.0,3,0
BUYER_00986,standard,2025-02-02,ADDR_001284,70.0,14,1
BUYER_00987,high_return_legit,2025-05-11,ADDR_001990,70.0,9,1
BUYER_00988,abuser,2025-03-27,ADDR_003824,70.0,13,1
BUYER_00989,standard,2025-10-17,ADDR_003719,70.0,10,0
BUYER_00990,standard,2025-06-27,ADDR_004891,70.0,4,0
BUYER_00991,standard,2025-06-06,ADDR_003882,70.0,5,0
BUYER_00992,high_return_legit,2025-09-12,ADDR_000022,70.0,8,4
BUYER_00993,standard,2025-12-04,ADDR_001317,70.0,4,0
BUYER_00994,standard,2025-05-01,ADDR_002998,70.0,19,0
BUYER_00995,standard,2025-01-31,ADDR_002638,70.0,4,0
BUYER_00996,standard,2025-02-18,ADDR_000751,70.0,26,0
BUYER_00997,high_return_legit,2025-11-05,ADDR_004687,70.0,10,4
BUYER_00998,high_return_legit,2025-11-01,ADDR_000590,70.0,12,1
BUYER_00999,high_return_legit,2025-07-01,ADDR_004231,70.0,4,2
BUYER_01000,standard,2025-03-05,ADDR_001320,70.0,7,0
BUYER_01001,standard,2025-07-18,ADDR_001096,70.0,6,0
BUYER_01002,standard,2025-09-04,ADDR_002976,70.0,22,1
BUYER_01003,standard,2025-05-12,ADDR_002313,70.0,33,1
BUYER_01004,high_return_legit,2025-02-07,ADDR_001911,70.0,29,9
BUYER_01005,standard,2025-05-08,ADDR_004471,70.0,2,0
BUYER_01006,standard,2025-09-11,ADDR_003460,70.0,9,0
BUYER_01007,abuser,2025-12-14,ADDR_003014,70.0,4,0
BUYER_01008,standard,2025-03-21,ADDR_003899,70.0,8,0
BUYER_01009,abuser,2025-11-23,ADDR_003936,70.0,6,1
BUYER_01010,standard,2025-06-24,ADDR_000893,70.0,3,0
BUYER_01011,standard,2025-09-02,ADDR_000514,70.0,4,0
BUYER_01012,standard,2025-11-07,ADDR_004481,70.0,13,0
BUYER_01013,standard,2025-07-29,ADDR_004031,70.0,8,0
BUYER_01014,high_return_legit,2025-01-29,ADDR_001353,70.0,6,2
BUYER_01015,abuser,2025-04-18,ADDR_001219,70.0,9,1
BUYER_01016,standard,2025-10-18,ADDR_001311,70.0,4,0
BUYER_01017,standard,2025-07-27,ADDR_002541,70.0,13,0
BUYER_01018,standard,2025-05-11,ADDR_004033,70.0,7,1
BUYER_01019,standard,2025-08-06,ADDR_002391,70.0,18,3
BUYER_01020,standard,2025-04-19,ADDR_000909,70.0,2,0
BUYER_01021,standard,2025-04-09,ADDR_002758,70.0,11,1
BUYER_01022,standard,2025-10-26,ADDR_001089,70.0,6,1
BUYER_01023,high_return_legit,2025-06-05,ADDR_003356,70.0,3,2
BUYER_01024,standard,2025-04-21,ADDR_004829,70.0,4,0
BUYER_01025,abuser,2025-06-08,ADDR_003130,70.0,9,0
BUYER_01026,standard,2025-11-25,ADDR_004516,70.0,13,0
BUYER_01027,standard,2025-03-17,ADDR_002694,70.0,6,1
BUYER_01028,standard,2025-03-19,ADDR_004023,70.0,8,1
BUYER_01029,standard,2025-05-19,ADDR_004653,70.0,6,1
BUYER_01030,standard,2025-01-29,ADDR_000860,70.0,6,0
BUYER_01031,standard,2025-02-04,ADDR_003294,70.0,31,1
BUYER_01032,standard,2025-01-07,ADDR_001262,70.0,14,1
BUYER_01033,standard,2025-03-04,ADDR_000419,70.0,25,1
BUYER_01034,standard,2025-08-26,ADDR_001164,70.0,7,1
BUYER_01035,standard,2025-03-23,ADDR_000705,70.0,11,1
BUYER_01036,high_return_legit,2025-05-28,ADDR_000936,70.0,8,2
BUYER_01037,standard,2025-09-16,ADDR_004775,70.0,17,0
BUYER_01038,standard,2025-01-16,ADDR_004803,70.0,10,1
BUYER_01039,standard,2025-03-28,ADDR_002179,70.0,26,1
BUYER_01040,high_return_legit,2025-12-19,ADDR_000821,70.0,10,1
BUYER_01041,standard,2025-08-11,ADDR_001699,70.0,7,0
BUYER_01042,standard,2025-09-01,ADDR_003696,70.0,4,0
BUYER_01043,standard,2025-07-15,ADDR_003128,70.0,6,1
BUYER_01044,standard,2025-12-10,ADDR_000252,70.0,14,2
BUYER_01045,high_return_legit,2025-03-03,ADDR_002466,70.0,6,1
BUYER_01046,standard,2025-02-01,ADDR_002691,70.0,8,1
BUYER_01047,standard,2025-10-22,ADDR_004800,70.0,14,1
BUYER_01048,standard,2025-01-03,ADDR_000350,70.0,20,1
BUYER_01049,standard,2025-07-30,ADDR_004268,70.0,4,0
BUYER_01050,standard,2025-01-01,ADDR_000305,70.0,7,1
BUYER_01051,standard,2025-05-17,ADDR_002452,70.0,4,0
BUYER_01052,standard,2025-08-29,ADDR_001139,70.0,9,0
BUYER_01053,standard,2025-07-25,ADDR_002096,70.0,8,1
BUYER_01054,standard,2025-07-30,ADDR_004581,70.0,9,1
BUYER_01055,standard,2025-03-09,ADDR_001068,70.0,3,0
BUYER_01056,standard,2025-04-28,ADDR_003162,70.0,6,0
BUYER_01057,standard,2025-09-18,ADDR_001649,70.0,3,0
BUYER_01058,standard,2025-01-13,ADDR_003224,70.0,12,1
BUYER_01059,standard,2025-08-10,ADDR_000271,70.0,6,1
BUYER_01060,standard,2025-07-15,ADDR_001473,70.0,5,0
BUYER_01061,standard,2025-05-16,ADDR_004740,70.0,10,2
BUYER_01062,abuser,2025-05-13,ADDR_003581,70.0,13,1
BUYER_01063,high_return_legit,2025-10-17,ADDR_004636,70.0,6,2
BUYER_01064,standard,2025-05-29,ADDR_003373,70.0,8,1
BUYER_01065,standard,2025-02-06,ADDR_003323,70.0,10,0
BUYER_01066,standard,2025-12-08,ADDR_002285,70.0,6,0
BUYER_01067,high_return_legit,2025-02-26,ADDR_004345,70.0,4,2
BUYER_01068,standard,2025-10-16,ADDR_003378,70.0,5,0
BUYER_01069,standard,2025-01-08,ADDR_002575,70.0,13,0
BUYER_01070,standard,2025-05-23,ADDR_004292,70.0,9,0
BUYER_01071,standard,2025-07-14,ADDR_000562,70.0,4,0
BUYER_01072,abuser,2025-01-15,ADDR_004753,70.0,6,0
BUYER_01073,abuser,2025-09-26,ADDR_000623,70.0,12,0
BUYER_01074,standard,2025-04-16,ADDR_004933,70.0,8,0
BUYER_01075,high_return_legit,2025-07-23,ADDR_003982,70.0,5,2
BUYER_01076,high_return_legit,2025-10-15,ADDR_002417,70.0,3,1
BUYER_01077,high_return_legit,2025-08-09,ADDR_002357,70.0,9,3
BUYER_01078,standard,2025-06-24,ADDR_000162,70.0,23,2
BUYER_01079,high_return_legit,2025-05-13,ADDR_001568,70.0,7,1
BUYER_01080,abuser,2025-01-22,ADDR_001134,70.0,4,0
BUYER_01081,high_return_legit,2025-11-23,ADDR_003498,70.0,4,0
BUYER_01082,high_return_legit,2025-08-09,ADDR_000974,70.0,15,4
BUYER_01083,standard,2025-08-23,ADDR_003989,70.0,2,0
BUYER_01084,abuser,2025-06-19,ADDR_001487,70.0,5,1
BUYER_01085,standard,2025-05-26,ADDR_004208,70.0,7,2
BUYER_01086,abuser,2025-01-23,ADDR_001784,70.0,5,1
BUYER_01087,standard,2025-03-13,ADDR_003725,70.0,30,1
BUYER_01088,standard,2025-06-14,ADDR_003309,70.0,9,1
BUYER_01089,abuser,2025-04-09,ADDR_004898,70.0,8,2
BUYER_01090,standard,2025-01-22,ADDR_000515,70.0,15,1
BUYER_01091,standard,2025-07-25,ADDR_001746,70.0,7,1
BUYER_01092,abuser,2025-06-27,ADDR_003216,70.0,2,1
BUYER_01093,standard,2025-06-12,ADDR_000147,70.0,9,0
BUYER_01094,standard,2025-10-12,ADDR_004810,70.0,5,0
BUYER_01095,standard,2025-08-12,ADDR_003356,70.0,5,2
BUYER_01096,standard,2025-01-01,ADDR_001239,70.0,17,1
BUYER_01097,standard,2025-10-05,ADDR_000853,70.0,4,0
BUYER_01098,standard,2025-07-03,ADDR_003480,70.0,8,0
BUYER_01099,standard,2025-07-15,ADDR_003302,70.0,7,0
BUYER_01100,standard,2025-11-15,ADDR_003294,70.0,9,1
BUYER_01101,high_return_legit,2025-02-18,ADDR_000806,70.0,30,6
BUYER_01102,standard,2025-08-12,ADDR_002703,70.0,4,1
BUYER_01103,standard,2025-04-24,ADDR_003736,70.0,7,0
BUYER_01104,standard,2025-01-19,ADDR_002389,70.0,16,0
BUYER_01105,standard,2025-06-18,ADDR_003059,70.0,8,1
BUYER_01106,standard,2025-04-24,ADDR_004223,70.0,5,0
BUYER_01107,abuser,2025-01-02,ADDR_004526,70.0,5,0
BUYER_01108,standard,2025-07-07,ADDR_000786,70.0,16,2
BUYER_01109,high_return_legit,2025-05-04,ADDR_004672,70.0,3,0
BUYER_01110,standard,2025-06-17,ADDR_002839,70.0,24,2
BUYER_01111,standard,2025-01-07,ADDR_000966,70.0,25,1
BUYER_01112,standard,2025-06-05,ADDR_004613,70.0,8,0
BUYER_01113,standard,2025-06-29,ADDR_001830,70.0,10,1
BUYER_01114,standard,2025-06-28,ADDR_002206,70.0,10,1
BUYER_01115,standard,2025-09-20,ADDR_004787,70.0,6,0
BUYER_01116,high_return_legit,2025-12-18,ADDR_002870,70.0,10,3
BUYER_01117,standard,2025-01-15,ADDR_000707,70.0,2,1
BUYER_01118,high_return_legit,2025-06-03,ADDR_000346,70.0,2,0
BUYER_01119,standard,2025-11-05,ADDR_004061,70.0,4,0
BUYER_01120,high_return_legit,2025-08-21,ADDR_001728,70.0,5,2
BUYER_01121,high_return_legit,2025-12-15,ADDR_001220,70.0,11,2
BUYER_01122,high_return_legit,2025-09-19,ADDR_000204,70.0,9,2
BUYER_01123,standard,2025-09-22,ADDR_002050,70.0,13,2
BUYER_01124,standard,2025-02-04,ADDR_002833,70.0,8,1
BUYER_01125,high_return_legit,2025-04-21,ADDR_002594,70.0,8,2
BUYER_01126,standard,2025-08-07,ADDR_002922,70.0,10,0
BUYER_01127,high_return_legit,2025-07-17,ADDR_002072,70.0,4,1
BUYER_01128,standard,2025-10-05,ADDR_004706,70.0,4,1
BUYER_01129,standard,2025-12-18,ADDR_002980,70.0,5,1
BUYER_01130,standard,2025-03-27,ADDR_003160,70.0,3,0
BUYER_01131,standard,2025-06-15,ADDR_004422,70.0,5,1
BUYER_01132,standard,2025-11-08,ADDR_001269,70.0,5,0
BUYER_01133,standard,2025-10-29,ADDR_001579,70.0,4,0
BUYER_01134,standard,2025-10-23,ADDR_004124,70.0,4,0
BUYER_01135,abuser,2025-08-19,ADDR_004918,70.0,5,0
BUYER_01136,standard,2025-12-18,ADDR_001778,70.0,16,0
BUYER_01137,standard,2025-05-21,ADDR_000809,70.0,18,1
BUYER_01138,standard,2025-02-21,ADDR_003535,70.0,4,1
BUYER_01139,standard,2025-02-27,ADDR_004176,70.0,15,2
BUYER_01140,standard,2025-06-17,ADDR_001306,70.0,7,0
BUYER_01141,standard,2025-10-19,ADDR_003403,70.0,4,0
BUYER_01142,high_return_legit,2025-06-23,ADDR_003763,70.0,6,2
BUYER_01143,standard,2025-08-16,ADDR_004482,70.0,5,0
BUYER_01144,standard,2025-05-21,ADDR_004591,70.0,4,1
BUYER_01145,standard,2025-09-19,ADDR_002255,70.0,3,0
BUYER_01146,standard,2025-03-07,ADDR_000559,70.0,8,0
BUYER_01147,standard,2025-07-16,ADDR_003684,70.0,3,0
BUYER_01148,standard,2025-03-19,ADDR_002694,70.0,5,0
BUYER_01149,high_return_legit,2025-06-28,ADDR_002273,70.0,10,1
BUYER_01150,standard,2025-06-15,ADDR_002674,70.0,23,3
BUYER_01151,standard,2025-08-14,ADDR_003187,70.0,7,0
BUYER_01152,abuser,2025-07-12,ADDR_001417,70.0,8,1
BUYER_01153,standard,2025-12-13,ADDR_001624,70.0,12,0
BUYER_01154,standard,2025-11-19,ADDR_001691,70.0,6,1
BUYER_01155,standard,2025-04-28,ADDR_002441,70.0,17,2
BUYER_01156,standard,2025-02-22,ADDR_003346,70.0,2,0
BUYER_01157,standard,2025-01-31,ADDR_000208,70.0,8,0
BUYER_01158,standard,2025-03-24,ADDR_001448,70.0,4,0
BUYER_01159,standard,2025-04-02,ADDR_003604,70.0,8,0
BUYER_01160,high_return_legit,2025-11-15,ADDR_001781,70.0,16,8
BUYER_01161,high_return_legit,2025-11-26,ADDR_003937,70.0,7,3
BUYER_01162,standard,2025-04-05,ADDR_002024,70.0,5,0
BUYER_01163,high_return_legit,2025-10-04,ADDR_001579,70.0,7,4
BUYER_01164,high_return_legit,2025-10-29,ADDR_003094,70.0,5,2
BUYER_01165,standard,2025-05-28,ADDR_002426,70.0,7,0
BUYER_01166,standard,2025-11-09,ADDR_001239,70.0,5,0
BUYER_01167,standard,2025-12-17,ADDR_000739,70.0,4,0
BUYER_01168,high_return_legit,2025-12-10,ADDR_004759,70.0,3,0
BUYER_01169,standard,2025-09-28,ADDR_004254,70.0,10,1
BUYER_01170,standard,2025-05-26,ADDR_004594,70.0,5,0
BUYER_01171,standard,2025-04-04,ADDR_000696,70.0,3,0
BUYER_01172,abuser,2025-12-18,ADDR_004773,70.0,3,0
BUYER_01173,standard,2025-04-22,ADDR_003098,70.0,7,2
BUYER_01174,high_return_legit,2025-06-18,ADDR_002535,70.0,4,3
BUYER_01175,standard,2025-04-17,ADDR_001692,70.0,8,0
BUYER_01176,high_return_legit,2025-07-08,ADDR_001164,70.0,14,6
BUYER_01177,standard,2025-02-18,ADDR_001610,70.0,54,3
BUYER_01178,standard,2025-10-20,ADDR_004459,70.0,8,1
BUYER_01179,high_return_legit,2025-07-11,ADDR_003910,70.0,19,5
BUYER_01180,standard,2025-06-11,ADDR_004695,70.0,2,0
BUYER_01181,standard,2025-05-23,ADDR_004787,70.0,4,0
BUYER_01182,standard,2025-08-05,ADDR_004409,70.0,8,2
BUYER_01183,standard,2025-10-11,ADDR_000654,70.0,9,1
BUYER_01184,standard,2025-11-19,ADDR_003667,70.0,2,0
BUYER_01185,standard,2025-10-31,ADDR_004246,70.0,13,1
BUYER_01186,standard,2025-06-20,ADDR_002527,70.0,10,0
BUYER_01187,abuser,2025-10-28,ADDR_002762,70.0,9,1
BUYER_01188,standard,2025-07-19,ADDR_001902,70.0,9,0
BUYER_01189,standard,2025-08-25,ADDR_000723,70.0,5,0
BUYER_01190,standard,2025-09-06,ADDR_003482,70.0,13,0
BUYER_01191,standard,2025-06-05,ADDR_003114,70.0,8,0
BUYER_01192,standard,2025-07-04,ADDR_000047,70.0,5,0
BUYER_01193,standard,2025-09-12,ADDR_004754,70.0,10,1
BUYER_01194,standard,2025-05-03,ADDR_002595,70.0,3,0
BUYER_01195,standard,2025-09-30,ADDR_004732,70.0,5,0
BUYER_01196,standard,2025-05-20,ADDR_003359,70.0,5,0
BUYER_01197,standard,2025-08-07,ADDR_002577,70.0,8,0
BUYER_01198,standard,2025-10-29,ADDR_003731,70.0,5,0
BUYER_01199,standard,2025-01-12,ADDR_001220,70.0,8,0
BUYER_01200,high_return_legit,2025-04-09,ADDR_002232,70.0,3,0
BUYER_01201,standard,2025-07-30,ADDR_000124,70.0,3,0
BUYER_01202,standard,2025-02-17,ADDR_003688,70.0,9,0
BUYER_01203,standard,2025-03-27,ADDR_001603,70.0,7,0
BUYER_01204,standard,2025-09-30,ADDR_000474,70.0,4,1
BUYER_01205,abuser,2025-01-14,ADDR_003941,70.0,8,0
BUYER_01206,abuser,2025-08-15,ADDR_001154,70.0,9,1
BUYER_01207,high_return_legit,2025-01-17,ADDR_001107,70.0,13,2
BUYER_01208,standard,2025-02-20,ADDR_000715,70.0,9,2
BUYER_01209,high_return_legit,2025-06-01,ADDR_002987,70.0,4,2
BUYER_01210,abuser,2025-12-09,ADDR_001682,70.0,7,1
BUYER_01211,standard,2025-07-25,ADDR_001006,70.0,14,1
BUYER_01212,standard,2025-05-05,ADDR_002423,70.0,10,1
BUYER_01213,standard,2025-06-09,ADDR_003728,70.0,5,0
BUYER_01214,standard,2025-08-02,ADDR_001851,70.0,15,1
BUYER_01215,standard,2025-08-19,ADDR_003924,70.0,4,0
BUYER_01216,standard,2025-04-19,ADDR_002305,70.0,6,1
BUYER_01217,high_return_legit,2025-03-24,ADDR_000073,70.0,2,0
BUYER_01218,standard,2025-07-08,ADDR_002703,70.0,7,0
BUYER_01219,standard,2025-08-27,ADDR_001213,70.0,9,0
BUYER_01220,standard,2025-10-22,ADDR_002427,70.0,6,0
BUYER_01221,standard,2025-08-10,ADDR_001296,70.0,7,1
BUYER_01222,standard,2025-09-12,ADDR_003725,70.0,4,0
BUYER_01223,high_return_legit,2025-07-04,ADDR_003091,70.0,10,4
BUYER_01224,standard,2025-08-01,ADDR_000702,70.0,5,1
BUYER_01225,standard,2025-08-24,ADDR_004842,70.0,10,0
BUYER_01226,high_return_legit,2025-04-07,ADDR_001735,70.0,8,1
BUYER_01227,high_return_legit,2025-11-29,ADDR_001038,70.0,8,0
BUYER_01228,standard,2025-05-16,ADDR_003934,70.0,9,1
BUYER_01229,abuser,2025-08-14,ADDR_001221,70.0,9,0
BUYER_01230,standard,2025-07-30,ADDR_000139,70.0,7,1
BUYER_01231,standard,2025-11-03,ADDR_002390,70.0,3,0
BUYER_01232,abuser,2025-02-19,ADDR_003001,70.0,21,0
BUYER_01233,standard,2025-11-13,ADDR_001831,70.0,32,2
BUYER_01234,abuser,2025-03-01,ADDR_004336,70.0,9,0
BUYER_01235,high_return_legit,2025-03-04,ADDR_004782,70.0,5,0
BUYER_01236,standard,2025-11-06,ADDR_001514,70.0,9,1
BUYER_01237,high_return_legit,2025-04-15,ADDR_003156,70.0,3,0
BUYER_01238,standard,2025-08-16,ADDR_001989,70.0,11,1
BUYER_01239,standard,2025-06-27,ADDR_001113,70.0,22,1
BUYER_01240,standard,2025-11-29,ADDR_001038,70.0,11,0
BUYER_01241,standard,2025-10-11,ADDR_002581,70.0,11,0
BUYER_01242,standard,2025-05-13,ADDR_000706,70.0,2,0
BUYER_01243,standard,2025-10-21,ADDR_003328,70.0,6,0
BUYER_01244,standard,2025-04-03,ADDR_004376,70.0,3,0
BUYER_01245,abuser,2025-08-17,ADDR_001822,70.0,23,1
BUYER_01246,standard,2025-10-01,ADDR_002831,70.0,7,0
BUYER_01247,high_return_legit,2025-09-15,ADDR_004831,70.0,6,0
BUYER_01248,standard,2025-08-31,ADDR_003489,70.0,11,0
BUYER_01249,standard,2025-10-27,ADDR_003911,70.0,16,0
BUYER_01250,high_return_legit,2025-07-28,ADDR_004365,70.0,12,3
BUYER_01251,standard,2025-11-28,ADDR_000210,70.0,5,0
BUYER_01252,standard,2025-03-04,ADDR_002912,70.0,10,0
BUYER_01253,standard,2025-05-20,ADDR_001249,70.0,11,1
BUYER_01254,standard,2025-10-12,ADDR_000892,70.0,7,0
BUYER_01255,standard,2025-05-03,ADDR_002264,70.0,13,0
BUYER_01256,standard,2025-06-20,ADDR_003530,70.0,5,0
BUYER_01257,standard,2025-10-08,ADDR_003653,70.0,12,1
BUYER_01258,standard,2025-07-22,ADDR_003701,70.0,17,0
BUYER_01259,standard,2025-03-20,ADDR_001428,70.0,11,0
BUYER_01260,high_return_legit,2025-03-15,ADDR_002049,70.0,5,2
BUYER_01261,standard,2025-05-01,ADDR_000560,70.0,11,0
BUYER_01262,standard,2025-05-01,ADDR_003053,70.0,15,0
BUYER_01263,standard,2025-03-01,ADDR_003979,70.0,13,1
BUYER_01264,high_return_legit,2025-10-28,ADDR_001295,70.0,5,1
BUYER_01265,standard,2025-04-24,ADDR_001547,70.0,8,2
BUYER_01266,standard,2025-10-18,ADDR_001648,70.0,9,0
BUYER_01267,standard,2025-12-12,ADDR_003217,70.0,64,7
BUYER_01268,high_return_legit,2025-05-12,ADDR_003328,70.0,13,3
BUYER_01269,standard,2025-12-11,ADDR_002357,70.0,7,0
BUYER_01270,standard,2025-03-21,ADDR_001224,70.0,19,0
BUYER_01271,standard,2025-08-28,ADDR_002032,70.0,7,0
BUYER_01272,standard,2025-12-18,ADDR_001620,70.0,9,0
BUYER_01273,standard,2025-10-20,ADDR_000485,70.0,25,1
BUYER_01274,standard,2025-04-05,ADDR_002008,70.0,20,0
BUYER_01275,standard,2025-04-15,ADDR_004202,70.0,11,3
BUYER_01276,standard,2025-04-17,ADDR_003042,70.0,5,0
BUYER_01277,standard,2025-12-02,ADDR_000660,70.0,1,0
BUYER_01278,standard,2025-04-10,ADDR_004218,70.0,9,1
BUYER_01279,standard,2025-07-12,ADDR_001056,70.0,5,0
BUYER_01280,standard,2025-05-18,ADDR_003316,70.0,18,0
BUYER_01281,standard,2025-05-22,ADDR_002809,70.0,18,0
BUYER_01282,standard,2025-06-08,ADDR_003594,70.0,4,0
BUYER_01283,standard,2025-05-16,ADDR_003793,70.0,4,0
BUYER_01284,standard,2025-08-12,ADDR_004453,70.0,6,0
BUYER_01285,standard,2025-06-14,ADDR_003849,70.0,9,0
BUYER_01286,standard,2025-06-19,ADDR_002907,70.0,16,1
BUYER_01287,standard,2025-07-11,ADDR_001730,70.0,4,1
BUYER_01288,standard,2025-05-20,ADDR_000514,70.0,2,0
BUYER_01289,standard,2025-10-02,ADDR_002813,70.0,7,0
BUYER_01290,standard,2025-07-10,ADDR_002293,70.0,6,0
BUYER_01291,standard,2025-07-12,ADDR_002329,70.0,7,1
BUYER_01292,high_return_legit,2025-03-28,ADDR_003414,70.0,21,5
BUYER_01293,abuser,2025-01-16,ADDR_002500,70.0,6,0
BUYER_01294,standard,2025-10-20,ADDR_000889,70.0,16,1
BUYER_01295,standard,2025-11-04,ADDR_001467,70.0,7,1
BUYER_01296,standard,2025-04-09,ADDR_004465,70.0,11,2
BUYER_01297,abuser,2025-05-22,ADDR_002940,70.0,14,1
BUYER_01298,high_return_legit,2025-05-21,ADDR_002065,70.0,7,1
BUYER_01299,standard,2025-09-09,ADDR_004814,70.0,3,0
BUYER_01300,standard,2025-03-20,ADDR_003322,70.0,4,0
BUYER_01301,abuser,2025-12-14,ADDR_004205,70.0,7,0
BUYER_01302,high_return_legit,2025-01-29,ADDR_002325,70.0,3,0
BUYER_01303,abuser,2025-12-12,ADDR_000808,70.0,3,0
BUYER_01304,standard,2025-02-01,ADDR_003624,70.0,5,0
BUYER_01305,standard,2025-05-07,ADDR_004041,70.0,4,0
BUYER_01306,standard,2025-04-12,ADDR_001003,70.0,12,0
BUYER_01307,standard,2025-04-16,ADDR_002463,70.0,12,2
BUYER_01308,standard,2025-12-19,ADDR_000606,70.0,1,0
BUYER_01309,standard,2025-06-25,ADDR_001216,70.0,11,0
BUYER_01310,standard,2025-02-22,ADDR_004577,70.0,5,0
BUYER_01311,standard,2025-12-15,ADDR_000833,70.0,7,0
BUYER_01312,high_return_legit,2025-04-09,ADDR_003267,70.0,19,3
BUYER_01313,standard,2025-02-03,ADDR_004930,70.0,8,0
BUYER_01314,standard,2025-01-13,ADDR_002336,70.0,6,0
BUYER_01315,standard,2025-06-27,ADDR_004933,70.0,4,0
BUYER_01316,standard,2025-11-24,ADDR_003349,70.0,8,1
BUYER_01317,standard,2025-01-10,ADDR_004785,70.0,11,0
BUYER_01318,standard,2025-09-23,ADDR_001291,70.0,14,1
BUYER_01319,high_return_legit,2025-04-16,ADDR_003666,70.0,6,0
BUYER_01320,standard,2025-04-01,ADDR_003806,70.0,30,3
BUYER_01321,standard,2025-09-16,ADDR_004548,70.0,6,1
BUYER_01322,high_return_legit,2025-09-30,ADDR_000099,70.0,27,5
BUYER_01323,standard,2025-07-29,ADDR_001644,70.0,9,1
BUYER_01324,abuser,2025-03-26,ADDR_003984,70.0,25,1
BUYER_01325,high_return_legit,2025-01-04,ADDR_003242,70.0,24,6
BUYER_01326,high_return_legit,2025-09-27,ADDR_001356,70.0,5,2
BUYER_01327,standard,2025-08-12,ADDR_004514,70.0,7,0
BUYER_01328,standard,2025-06-13,ADDR_004778,70.0,7,0
BUYER_01329,standard,2025-03-30,ADDR_002819,70.0,13,0
BUYER_01330,standard,2025-10-05,ADDR_004488,70.0,4,1
BUYER_01331,standard,2025-02-02,ADDR_003120,70.0,4,0
BUYER_01332,standard,2025-08-26,ADDR_000252,70.0,64,3
BUYER_01333,standard,2025-09-10,ADDR_001620,70.0,14,0
BUYER_01334,high_return_legit,2025-04-02,ADDR_003844,70.0,18,6
BUYER_01335,standard,2025-07-04,ADDR_000941,70.0,10,0
BUYER_01336,standard,2025-07-16,ADDR_003484,70.0,11,0
BUYER_01337,standard,2025-08-09,ADDR_002066,70.0,14,0
BUYER_01338,standard,2025-11-19,ADDR_002573,70.0,10,1
BUYER_01339,standard,2025-07-25,ADDR_003997,70.0,7,0
BUYER_01340,standard,2025-02-01,ADDR_000523,70.0,7,0
BUYER_01341,standard,2025-05-16,ADDR_001107,70.0,22,0
BUYER_01342,abuser,2025-08-22,ADDR_002771,70.0,5,1
BUYER_01343,high_return_legit,2025-05-12,ADDR_002050,70.0,13,2
BUYER_01344,high_return_legit,2025-10-07,ADDR_002788,70.0,9,3
BUYER_01345,standard,2025-03-21,ADDR_002131,70.0,7,0
BUYER_01346,standard,2025-03-03,ADDR_000320,70.0,15,1
BUYER_01347,standard,2025-04-05,ADDR_004635,70.0,6,0
BUYER_01348,standard,2025-11-11,ADDR_003418,70.0,2,0
BUYER_01349,standard,2025-09-08,ADDR_003019,70.0,15,1
BUYER_01350,standard,2025-07-16,ADDR_000376,70.0,9,0
BUYER_01351,standard,2025-04-30,ADDR_000977,70.0,11,2
BUYER_01352,standard,2025-11-24,ADDR_003495,70.0,18,0
BUYER_01353,standard,2025-11-15,ADDR_000260,70.0,8,0
BUYER_01354,standard,2025-06-04,ADDR_002339,70.0,20,0
BUYER_01355,standard,2025-10-02,ADDR_004401,70.0,7,0
BUYER_01356,high_return_legit,2025-11-23,ADDR_004331,70.0,37,7
BUYER_01357,standard,2025-05-05,ADDR_002548,70.0,3,0
BUYER_01358,high_return_legit,2025-05-11,ADDR_001149,70.0,8,2
BUYER_01359,standard,2025-07-25,ADDR_000366,70.0,6,0
BUYER_01360,high_return_legit,2025-06-08,ADDR_000847,70.0,3,1
BUYER_01361,standard,2025-10-05,ADDR_001389,70.0,4,0
BUYER_01362,high_return_legit,2025-07-22,ADDR_002728,70.0,8,3
BUYER_01363,standard,2025-03-29,ADDR_003591,70.0,2,0
BUYER_01364,abuser,2025-05-20,ADDR_002278,70.0,7,0
BUYER_01365,standard,2025-09-05,ADDR_004091,70.0,12,0
BUYER_01366,standard,2025-01-26,ADDR_000798,70.0,3,0
BUYER_01367,abuser,2025-05-15,ADDR_002096,70.0,4,0
BUYER_01368,standard,2025-01-09,ADDR_003037,70.0,3,0
BUYER_01369,standard,2025-10-24,ADDR_000266,70.0,5,0
BUYER_01370,standard,2025-02-21,ADDR_004483,70.0,6,0
BUYER_01371,standard,2025-02-05,ADDR_004925,70.0,4,0
BUYER_01372,standard,2025-10-13,ADDR_003664,70.0,4,0
BUYER_01373,standard,2025-02-10,ADDR_000078,70.0,8,0
BUYER_01374,high_return_legit,2025-09-09,ADDR_001037,70.0,9,1
BUYER_01375,standard,2025-05-29,ADDR_000905,70.0,3,1
BUYER_01376,abuser,2025-10-24,ADDR_001180,70.0,5,1
BUYER_01377,standard,2025-03-18,ADDR_000734,70.0,4,0
BUYER_01378,standard,2025-02-08,ADDR_002759,70.0,2,0
BUYER_01379,abuser,2025-04-04,ADDR_004738,70.0,7,1
BUYER_01380,high_return_legit,2025-11-29,ADDR_003353,70.0,9,0
BUYER_01381,abuser,2025-10-27,ADDR_001620,70.0,8,1
BUYER_01382,standard,2025-04-25,ADDR_001944,70.0,4,0
BUYER_01383,standard,2025-03-27,ADDR_003348,70.0,15,0
BUYER_01384,standard,2025-03-08,ADDR_000518,70.0,13,1
BUYER_01385,standard,2025-04-02,ADDR_004605,70.0,4,0
BUYER_01386,standard,2025-03-27,ADDR_002704,70.0,6,0
BUYER_01387,abuser,2025-11-15,ADDR_002709,70.0,13,0
BUYER_01388,standard,2025-01-11,ADDR_004887,70.0,5,1
BUYER_01389,standard,2025-11-12,ADDR_003385,70.0,16,2
BUYER_01390,abuser,2025-01-21,ADDR_000548,70.0,21,0
BUYER_01391,standard,2025-10-26,ADDR_003786,70.0,7,0
BUYER_01392,standard,2025-06-14,ADDR_003528,70.0,8,0
BUYER_01393,standard,2025-02-05,ADDR_001175,70.0,7,0
BUYER_01394,abuser,2025-10-17,ADDR_002287,70.0,18,1
BUYER_01395,standard,2025-04-15,ADDR_000513,70.0,13,2
BUYER_01396,abuser,2025-11-11,ADDR_003551,70.0,4,1
BUYER_01397,standard,2025-10-01,ADDR_000707,70.0,3,0
BUYER_01398,standard,2025-12-15,ADDR_002105,70.0,5,0
BUYER_01399,standard,2025-10-27,ADDR_003221,70.0,6,0
BUYER_01400,standard,2025-04-09,ADDR_004163,70.0,4,0
BUYER_01401,standard,2025-06-08,ADDR_001581,70.0,13,1
BUYER_01402,standard,2025-09-13,ADDR_004497,70.0,8,1
BUYER_01403,high_return_legit,2025-05-06,ADDR_004162,70.0,14,4
BUYER_01404,standard,2025-07-25,ADDR_000824,70.0,15,1
BUYER_01405,standard,2025-04-08,ADDR_000588,70.0,4,0
BUYER_01406,standard,2025-09-02,ADDR_003698,70.0,30,1
BUYER_01407,standard,2025-05-15,ADDR_001790,70.0,22,1
BUYER_01408,standard,2025-01-27,ADDR_003481,70.0,6,0
BUYER_01409,standard,2025-12-10,ADDR_003901,70.0,4,0
BUYER_01410,standard,2025-10-31,ADDR_001081,70.0,4,0
BUYER_01411,abuser,2025-05-02,ADDR_003376,70.0,11,0
BUYER_01412,standard,2025-02-26,ADDR_002734,70.0,5,0
BUYER_01413,standard,2025-09-26,ADDR_000551,70.0,9,0
BUYER_01414,standard,2025-04-01,ADDR_002985,70.0,25,1
BUYER_01415,standard,2025-08-14,ADDR_004262,70.0,7,0
BUYER_01416,standard,2025-10-10,ADDR_001808,70.0,6,0
BUYER_01417,high_return_legit,2025-04-20,ADDR_004125,70.0,10,2
BUYER_01418,standard,2025-04-25,ADDR_001338,70.0,9,1
BUYER_01419,standard,2025-01-29,ADDR_001400,70.0,4,0
BUYER_01420,standard,2025-05-07,ADDR_000849,70.0,2,0
BUYER_01421,standard,2025-08-11,ADDR_001047,70.0,6,0
BUYER_01422,standard,2025-03-08,ADDR_001186,70.0,5,0
BUYER_01423,standard,2025-12-06,ADDR_003215,70.0,5,0
BUYER_01424,standard,2025-09-22,ADDR_000644,70.0,7,0
BUYER_01425,standard,2025-03-26,ADDR_002695,70.0,10,2
BUYER_01426,standard,2025-07-20,ADDR_001292,70.0,4,0
BUYER_01427,standard,2025-06-02,ADDR_002370,70.0,12,0
BUYER_01428,standard,2025-05-30,ADDR_004065,70.0,4,0
BUYER_01429,standard,2025-07-30,ADDR_001354,70.0,6,0
BUYER_01430,abuser,2025-02-17,ADDR_001423,70.0,8,0
BUYER_01431,high_return_legit,2025-03-30,ADDR_003161,70.0,12,2
BUYER_01432,standard,2025-03-06,ADDR_004493,70.0,17,1
BUYER_01433,abuser,2025-03-15,ADDR_001399,70.0,10,0
BUYER_01434,high_return_legit,2025-08-30,ADDR_001213,70.0,7,2
BUYER_01435,standard,2025-12-19,ADDR_003379,70.0,10,0
BUYER_01436,standard,2025-08-29,ADDR_002435,70.0,10,2
BUYER_01437,standard,2025-12-16,ADDR_003334,70.0,5,0
BUYER_01438,standard,2025-08-04,ADDR_000829,70.0,7,0
BUYER_01439,abuser,2025-04-24,ADDR_004618,70.0,6,1
BUYER_01440,standard,2025-11-10,ADDR_002912,70.0,9,2
BUYER_01441,standard,2025-02-01,ADDR_000751,70.0,2,0
BUYER_01442,standard,2025-02-15,ADDR_003096,70.0,3,0
BUYER_01443,abuser,2025-12-04,ADDR_002575,70.0,2,0
BUYER_01444,standard,2025-08-29,ADDR_001671,70.0,13,0
BUYER_01445,high_return_legit,2025-11-28,ADDR_004835,70.0,6,2
BUYER_01446,standard,2025-02-27,ADDR_001708,70.0,7,0
BUYER_01447,standard,2025-10-07,ADDR_003358,70.0,2,1
BUYER_01448,standard,2025-04-07,ADDR_002018,70.0,11,0
BUYER_01449,standard,2025-05-16,ADDR_002180,70.0,9,2
BUYER_01450,standard,2025-11-18,ADDR_003849,70.0,19,1
BUYER_01451,standard,2025-06-09,ADDR_000514,70.0,21,0
BUYER_01452,standard,2025-09-05,ADDR_001978,70.0,10,0
BUYER_01453,standard,2025-11-14,ADDR_003870,70.0,8,0
BUYER_01454,standard,2025-11-09,ADDR_000427,70.0,9,0
BUYER_01455,standard,2025-01-06,ADDR_002139,70.0,7,1
BUYER_01456,standard,2025-03-09,ADDR_001379,70.0,6,0
BUYER_01457,high_return_legit,2025-11-24,ADDR_002387,70.0,7,1
BUYER_01458,abuser,2025-07-30,ADDR_002851,70.0,9,0
BUYER_01459,standard,2025-07-02,ADDR_002123,70.0,4,0
BUYER_01460,high_return_legit,2025-01-31,ADDR_004917,70.0,6,2
BUYER_01461,standard,2025-01-13,ADDR_004518,70.0,27,2
BUYER_01462,standard,2025-12-06,ADDR_003247,70.0,5,0
BUYER_01463,standard,2025-06-30,ADDR_003184,70.0,6,0
BUYER_01464,abuser,2025-10-13,ADDR_001601,70.0,10,0
BUYER_01465,standard,2025-04-01,ADDR_003539,70.0,4,0
BUYER_01466,standard,2025-04-07,ADDR_002403,70.0,6,0
BUYER_01467,standard,2025-07-30,ADDR_004720,70.0,3,0
BUYER_01468,standard,2025-11-11,ADDR_004675,70.0,7,0
BUYER_01469,abuser,2025-04-26,ADDR_000280,70.0,4,0
BUYER_01470,standard,2025-05-11,ADDR_000536,70.0,2,0
BUYER_01471,standard,2025-07-26,ADDR_002474,70.0,10,1
BUYER_01472,standard,2025-01-20,ADDR_003929,70.0,12,0
BUYER_01473,high_return_legit,2025-05-28,ADDR_001131,70.0,6,2
BUYER_01474,standard,2025-07-28,ADDR_003578,70.0,27,1
BUYER_01475,standard,2025-01-03,ADDR_001644,70.0,2,1
BUYER_01476,standard,2025-08-25,ADDR_001516,70.0,2,1
BUYER_01477,high_return_legit,2025-01-25,ADDR_002990,70.0,8,2
BUYER_01478,standard,2025-09-21,ADDR_001038,70.0,14,0
BUYER_01479,standard,2025-10-18,ADDR_002804,70.0,7,0
BUYER_01480,standard,2025-10-30,ADDR_002845,70.0,5,0
BUYER_01481,standard,2025-09-05,ADDR_003646,70.0,3,0
BUYER_01482,standard,2025-07-30,ADDR_000848,70.0,26,0
BUYER_01483,high_return_legit,2025-05-03,ADDR_002930,70.0,5,3
BUYER_01484,standard,2025-06-13,ADDR_001414,70.0,11,0
BUYER_01485,standard,2025-02-09,ADDR_000766,70.0,9,1
BUYER_01486,abuser,2025-09-17,ADDR_001625,70.0,3,0
BUYER_01487,standard,2025-01-13,ADDR_000952,70.0,13,0
BUYER_01488,standard,2025-06-09,ADDR_001598,70.0,5,0
BUYER_01489,standard,2025-07-11,ADDR_000116,70.0,10,1
BUYER_01490,standard,2025-08-29,ADDR_003694,70.0,11,1
BUYER_01491,standard,2025-05-16,ADDR_001724,70.0,6,0
BUYER_01492,high_return_legit,2025-06-20,ADDR_003268,70.0,25,10
BUYER_01493,standard,2025-08-08,ADDR_003709,70.0,20,1
BUYER_01494,standard,2025-11-26,ADDR_004058,70.0,7,0
BUYER_01495,standard,2025-09-05,ADDR_000385,70.0,13,0
BUYER_01496,standard,2025-04-14,ADDR_002528,70.0,18,0
BUYER_01497,standard,2025-11-01,ADDR_002062,70.0,26,0
BUYER_01498,abuser,2025-01-27,ADDR_001735,70.0,6,0
BUYER_01499,standard,2025-04-20,ADDR_003992,70.0,32,2
BUYER_01500,standard,2025-02-17,ADDR_000335,70.0,4,0
BUYER_01501,standard,2025-06-21,ADDR_001535,70.0,3,0
BUYER_01502,abuser,2025-08-24,ADDR_003932,70.0,12,0
BUYER_01503,standard,2025-07-20,ADDR_001953,70.0,4,0
BUYER_01504,standard,2025-10-21,ADDR_000370,70.0,25,0
BUYER_01505,high_return_legit,2025-08-01,ADDR_000858,70.0,2,1
BUYER_01506,standard,2025-04-06,ADDR_001492,70.0,7,0
BUYER_01507,standard,2025-07-22,ADDR_001228,70.0,12,1
BUYER_01508,standard,2025-09-26,ADDR_004177,70.0,2,0
BUYER_01509,standard,2025-07-10,ADDR_000848,70.0,16,1
BUYER_01510,standard,2025-06-19,ADDR_003782,70.0,3,0
BUYER_01511,standard,2025-07-19,ADDR_001542,70.0,9,0
BUYER_01512,high_return_legit,2025-07-26,ADDR_000339,70.0,9,2
BUYER_01513,abuser,2025-05-04,ADDR_000055,70.0,9,1
BUYER_01514,standard,2025-11-04,ADDR_003007,70.0,13,1
BUYER_01515,standard,2025-03-28,ADDR_003637,70.0,13,1
BUYER_01516,abuser,2025-01-17,ADDR_000678,70.0,4,0
BUYER_01517,standard,2025-09-28,ADDR_001529,70.0,4,0
BUYER_01518,standard,2025-10-31,ADDR_001164,70.0,8,0
BUYER_01519,standard,2025-08-26,ADDR_004295,70.0,2,1
BUYER_01520,standard,2025-06-29,ADDR_003612,70.0,19,1
BUYER_01521,standard,2025-12-13,ADDR_003057,70.0,7,0
BUYER_01522,standard,2025-05-25,ADDR_003702,70.0,39,4
BUYER_01523,standard,2025-06-07,ADDR_001470,70.0,11,0
BUYER_01524,standard,2025-08-09,ADDR_001498,70.0,5,0
BUYER_01525,standard,2025-06-15,ADDR_002792,70.0,4,0
BUYER_01526,standard,2025-07-28,ADDR_002769,70.0,18,0
BUYER_01527,standard,2025-12-10,ADDR_003976,70.0,1,0
BUYER_01528,standard,2025-04-08,ADDR_001192,70.0,5,0
BUYER_01529,standard,2025-03-05,ADDR_004400,70.0,33,3
BUYER_01530,abuser,2025-06-13,ADDR_002454,70.0,7,1
BUYER_01531,high_return_legit,2025-07-11,ADDR_002188,70.0,12,5
BUYER_01532,standard,2025-09-19,ADDR_004897,70.0,7,0
BUYER_01533,standard,2025-12-06,ADDR_002690,70.0,11,0
BUYER_01534,standard,2025-09-11,ADDR_000613,70.0,4,0
BUYER_01535,abuser,2025-12-16,ADDR_001255,70.0,8,2
BUYER_01536,standard,2025-04-11,ADDR_002940,70.0,18,0
BUYER_01537,standard,2025-03-28,ADDR_003447,70.0,7,0
BUYER_01538,standard,2025-05-03,ADDR_003232,70.0,8,1
BUYER_01539,standard,2025-10-13,ADDR_001468,70.0,18,2
BUYER_01540,abuser,2025-03-20,ADDR_002524,70.0,16,1
BUYER_01541,high_return_legit,2025-03-23,ADDR_001185,70.0,9,3
BUYER_01542,standard,2025-06-09,ADDR_002578,70.0,4,0
BUYER_01543,high_return_legit,2025-05-07,ADDR_003599,70.0,3,0
BUYER_01544,standard,2025-08-28,ADDR_002258,70.0,9,1
BUYER_01545,high_return_legit,2025-11-15,ADDR_003435,70.0,8,2
BUYER_01546,abuser,2025-03-01,ADDR_003166,70.0,26,0
BUYER_01547,standard,2025-07-25,ADDR_002456,70.0,70,2
BUYER_01548,standard,2025-02-09,ADDR_004822,70.0,24,1
BUYER_01549,standard,2025-04-02,ADDR_003027,70.0,5,2
BUYER_01550,high_return_legit,2025-05-04,ADDR_003985,70.0,6,0
BUYER_01551,standard,2025-08-05,ADDR_003172,70.0,2,0
BUYER_01552,standard,2025-07-28,ADDR_004744,70.0,9,1
BUYER_01553,standard,2025-08-26,ADDR_002134,70.0,9,1
BUYER_01554,abuser,2025-10-23,ADDR_000937,70.0,15,0
BUYER_01555,standard,2025-03-20,ADDR_000898,70.0,4,0
BUYER_01556,standard,2025-09-29,ADDR_004916,70.0,9,1
BUYER_01557,abuser,2025-09-03,ADDR_003952,70.0,8,0
BUYER_01558,standard,2025-02-06,ADDR_001510,70.0,15,0
BUYER_01559,abuser,2025-05-16,ADDR_002215,70.0,3,0
BUYER_01560,standard,2025-01-15,ADDR_000169,70.0,19,0
BUYER_01561,standard,2025-02-10,ADDR_004717,70.0,8,1
BUYER_01562,standard,2025-04-24,ADDR_001584,70.0,7,0
BUYER_01563,standard,2025-04-10,ADDR_001903,70.0,3,1
BUYER_01564,standard,2025-11-19,ADDR_001218,70.0,6,0
BUYER_01565,abuser,2025-11-16,ADDR_000514,70.0,9,1
BUYER_01566,standard,2025-08-05,ADDR_003772,70.0,6,2
BUYER_01567,standard,2025-09-26,ADDR_001103,70.0,8,1
BUYER_01568,high_return_legit,2025-12-20,ADDR_000430,70.0,3,1
BUYER_01569,standard,2025-06-08,ADDR_004843,70.0,7,1
BUYER_01570,abuser,2025-07-17,ADDR_002712,70.0,4,0
BUYER_01571,standard,2025-08-29,ADDR_000381,70.0,2,0
BUYER_01572,standard,2025-11-25,ADDR_000366,70.0,3,0
BUYER_01573,standard,2025-10-16,ADDR_002740,70.0,6,0
BUYER_01574,high_return_legit,2025-01-31,ADDR_001023,70.0,9,2
BUYER_01575,high_return_legit,2025-09-19,ADDR_004900,70.0,8,0
BUYER_01576,high_return_legit,2025-04-13,ADDR_004334,70.0,19,5
BUYER_01577,standard,2025-04-14,ADDR_004384,70.0,9,1
BUYER_01578,standard,2025-07-25,ADDR_002551,70.0,8,0
BUYER_01579,high_return_legit,2025-09-13,ADDR_004892,70.0,5,3
BUYER_01580,standard,2025-03-09,ADDR_001610,70.0,11,1
BUYER_01581,standard,2025-05-05,ADDR_003392,70.0,7,1
BUYER_01582,standard,2025-09-20,ADDR_003693,70.0,2,0
BUYER_01583,standard,2025-03-06,ADDR_002759,70.0,7,0
BUYER_01584,abuser,2025-11-02,ADDR_004223,70.0,7,0
BUYER_01585,standard,2025-06-24,ADDR_000514,70.0,7,0
BUYER_01586,high_return_legit,2025-08-07,ADDR_002188,70.0,52,10
BUYER_01587,standard,2025-02-06,ADDR_004108,70.0,12,0
BUYER_01588,standard,2025-12-06,ADDR_000901,70.0,14,0
BUYER_01589,standard,2025-11-21,ADDR_001905,70.0,12,0
BUYER_01590,standard,2025-03-21,ADDR_004921,70.0,5,0
BUYER_01591,standard,2025-09-02,ADDR_003036,70.0,8,2
BUYER_01592,standard,2025-10-15,ADDR_001776,70.0,9,0
BUYER_01593,standard,2025-02-23,ADDR_001797,70.0,9,0
BUYER_01594,standard,2025-08-04,ADDR_001017,70.0,5,0
BUYER_01595,standard,2025-11-02,ADDR_003637,70.0,10,0
BUYER_01596,standard,2025-07-11,ADDR_003167,70.0,6,1
BUYER_01597,standard,2025-11-26,ADDR_001029,70.0,3,0
BUYER_01598,high_return_legit,2025-01-23,ADDR_000613,70.0,4,1
BUYER_01599,abuser,2025-11-25,ADDR_003731,70.0,6,2
BUYER_01600,standard,2025-12-13,ADDR_004668,70.0,7,0
BUYER_01601,high_return_legit,2025-03-08,ADDR_000431,70.0,3,2
BUYER_01602,standard,2025-06-15,ADDR_004685,70.0,2,0
BUYER_01603,abuser,2025-08-19,ADDR_004535,70.0,4,0
BUYER_01604,high_return_legit,2025-11-16,ADDR_002514,70.0,5,1
BUYER_01605,high_return_legit,2025-03-09,ADDR_000183,70.0,22,4
BUYER_01606,standard,2025-05-12,ADDR_003426,70.0,10,1
BUYER_01607,standard,2025-10-16,ADDR_002596,70.0,1,0
BUYER_01608,standard,2025-06-08,ADDR_004121,70.0,5,0
BUYER_01609,standard,2025-08-14,ADDR_001460,70.0,8,0
BUYER_01610,standard,2025-07-30,ADDR_002759,70.0,15,2
BUYER_01611,standard,2025-12-12,ADDR_004414,70.0,7,0
BUYER_01612,high_return_legit,2025-03-02,ADDR_001813,70.0,26,5
BUYER_01613,standard,2025-12-04,ADDR_002411,70.0,4,1
BUYER_01614,standard,2025-07-31,ADDR_004786,70.0,32,2
BUYER_01615,standard,2025-11-20,ADDR_002423,70.0,6,0
BUYER_01616,standard,2025-02-21,ADDR_000854,70.0,7,0
BUYER_01617,standard,2025-08-26,ADDR_004832,70.0,10,0
BUYER_01618,standard,2025-10-30,ADDR_000686,70.0,5,1
BUYER_01619,standard,2025-10-13,ADDR_002728,70.0,3,0
BUYER_01620,standard,2025-01-06,ADDR_003727,70.0,10,1
BUYER_01621,standard,2025-06-23,ADDR_001154,70.0,9,0
BUYER_01622,high_return_legit,2025-02-20,ADDR_003481,70.0,23,6
BUYER_01623,standard,2025-03-07,ADDR_002105,70.0,14,2
BUYER_01624,standard,2025-09-16,ADDR_000920,70.0,5,0
BUYER_01625,standard,2025-12-07,ADDR_000189,70.0,11,3
BUYER_01626,high_return_legit,2025-08-23,ADDR_002320,70.0,4,1
BUYER_01627,high_return_legit,2025-02-15,ADDR_004811,70.0,2,0
BUYER_01628,standard,2025-04-10,ADDR_003392,70.0,6,1
BUYER_01629,abuser,2025-05-28,ADDR_002014,70.0,5,0
BUYER_01630,standard,2025-02-24,ADDR_002447,70.0,4,0
BUYER_01631,high_return_legit,2025-11-02,ADDR_001654,70.0,14,1
BUYER_01632,abuser,2025-03-23,ADDR_004422,70.0,7,0
BUYER_01633,standard,2025-02-26,ADDR_002244,70.0,4,0
BUYER_01634,abuser,2025-09-23,ADDR_004143,70.0,5,0
BUYER_01635,high_return_legit,2025-02-25,ADDR_000252,70.0,8,2
BUYER_01636,standard,2025-06-08,ADDR_002411,70.0,2,0
BUYER_01637,standard,2025-07-14,ADDR_002984,70.0,10,0
BUYER_01638,high_return_legit,2025-02-06,ADDR_003300,70.0,8,1
BUYER_01639,abuser,2025-07-28,ADDR_000117,70.0,10,0
BUYER_01640,standard,2025-07-02,ADDR_003185,70.0,18,0
BUYER_01641,standard,2025-09-04,ADDR_004154,70.0,17,2
BUYER_01642,high_return_legit,2025-04-01,ADDR_000455,70.0,5,1
BUYER_01643,standard,2025-05-20,ADDR_001637,70.0,16,0
BUYER_01644,standard,2025-09-01,ADDR_001915,70.0,8,0
BUYER_01645,standard,2025-01-18,ADDR_001259,70.0,3,0
BUYER_01646,standard,2025-02-20,ADDR_002177,70.0,7,0
BUYER_01647,standard,2025-04-24,ADDR_004420,70.0,6,1
BUYER_01648,standard,2025-02-17,ADDR_003844,70.0,10,0
BUYER_01649,standard,2025-01-20,ADDR_002976,70.0,4,0
BUYER_01650,standard,2025-12-16,ADDR_004382,70.0,4,0
BUYER_01651,standard,2025-06-24,ADDR_004035,70.0,9,0
BUYER_01652,standard,2025-07-21,ADDR_000285,70.0,4,0
BUYER_01653,standard,2025-04-14,ADDR_001915,70.0,5,1
BUYER_01654,standard,2025-01-05,ADDR_004183,70.0,4,1
BUYER_01655,standard,2025-10-01,ADDR_002189,70.0,9,0
BUYER_01656,standard,2025-09-22,ADDR_003027,70.0,8,1
BUYER_01657,standard,2025-12-12,ADDR_002039,70.0,5,0
BUYER_01658,standard,2025-01-11,ADDR_000080,70.0,1,0
BUYER_01659,standard,2025-03-01,ADDR_002796,70.0,11,1
BUYER_01660,standard,2025-09-18,ADDR_004248,70.0,4,0
BUYER_01661,high_return_legit,2025-05-11,ADDR_003831,70.0,8,2
BUYER_01662,standard,2025-01-30,ADDR_002375,70.0,5,0
BUYER_01663,standard,2025-05-01,ADDR_000517,70.0,2,0
BUYER_01664,standard,2025-02-09,ADDR_001773,70.0,10,0
BUYER_01665,standard,2025-10-29,ADDR_001943,70.0,5,0
BUYER_01666,standard,2025-11-11,ADDR_003348,70.0,7,1
BUYER_01667,standard,2025-08-24,ADDR_001961,70.0,8,0
BUYER_01668,standard,2025-05-31,ADDR_004819,70.0,36,3
BUYER_01669,standard,2025-10-07,ADDR_004496,70.0,5,0
BUYER_01670,standard,2025-08-23,ADDR_002919,70.0,6,0
BUYER_01671,abuser,2025-10-14,ADDR_000487,70.0,4,2
BUYER_01672,high_return_legit,2025-07-13,ADDR_001284,70.0,6,3
BUYER_01673,standard,2025-12-07,ADDR_004388,70.0,9,0
BUYER_01674,high_return_legit,2025-04-27,ADDR_002387,70.0,6,2
BUYER_01675,high_return_legit,2025-08-13,ADDR_004865,70.0,8,1
BUYER_01676,standard,2025-10-20,ADDR_004468,70.0,7,1
BUYER_01677,standard,2025-11-17,ADDR_001306,70.0,6,0
BUYER_01678,standard,2025-12-03,ADDR_002048,70.0,6,0
BUYER_01679,standard,2025-06-03,ADDR_000916,70.0,40,0
BUYER_01680,standard,2025-09-14,ADDR_000947,70.0,4,0
BUYER_01681,standard,2025-04-27,ADDR_001820,70.0,7,0
BUYER_01682,standard,2025-08-29,ADDR_002077,70.0,4,0
BUYER_01683,abuser,2025-03-19,ADDR_001734,70.0,11,1
BUYER_01684,standard,2025-06-12,ADDR_003937,70.0,11,1
BUYER_01685,standard,2025-11-25,ADDR_000752,70.0,7,0
BUYER_01686,standard,2025-10-21,ADDR_002352,70.0,4,0
BUYER_01687,standard,2025-07-08,ADDR_004399,70.0,12,1
BUYER_01688,standard,2025-03-04,ADDR_003623,70.0,17,3
BUYER_01689,standard,2025-06-04,ADDR_001011,70.0,2,0
BUYER_01690,abuser,2025-03-01,ADDR_001186,70.0,4,0
BUYER_01691,high_return_legit,2025-02-01,ADDR_004583,70.0,7,4
BUYER_01692,abuser,2025-11-21,ADDR_002884,70.0,7,0
BUYER_01693,standard,2025-07-06,ADDR_004354,70.0,7,0
BUYER_01694,standard,2025-02-10,ADDR_004278,70.0,12,2
BUYER_01695,abuser,2025-09-20,ADDR_002185,70.0,6,1
BUYER_01696,standard,2025-02-04,ADDR_002620,70.0,7,0
BUYER_01697,standard,2025-06-03,ADDR_001823,70.0,12,0
BUYER_01698,standard,2025-04-05,ADDR_003152,70.0,6,0
BUYER_01699,standard,2025-03-11,ADDR_003743,70.0,21,1
BUYER_01700,high_return_legit,2025-07-21,ADDR_003360,70.0,9,1
BUYER_01701,standard,2025-09-21,ADDR_003637,70.0,16,1
BUYER_01702,standard,2025-07-05,ADDR_003661,70.0,10,0
BUYER_01703,standard,2025-10-24,ADDR_000503,70.0,14,2
BUYER_01704,high_return_legit,2025-11-24,ADDR_001733,70.0,9,0
BUYER_01705,standard,2025-10-19,ADDR_002821,70.0,9,2
BUYER_01706,standard,2025-12-07,ADDR_003102,70.0,12,1
BUYER_01707,standard,2025-11-28,ADDR_004278,70.0,6,1
BUYER_01708,standard,2025-10-28,ADDR_002060,70.0,26,1
BUYER_01709,standard,2025-04-28,ADDR_004067,70.0,5,0
BUYER_01710,standard,2025-03-15,ADDR_001935,70.0,20,0
BUYER_01711,standard,2025-09-23,ADDR_000723,70.0,7,0
BUYER_01712,standard,2025-11-01,ADDR_002352,70.0,16,1
BUYER_01713,standard,2025-10-25,ADDR_000738,70.0,12,1
BUYER_01714,abuser,2025-08-27,ADDR_002018,70.0,21,0
BUYER_01715,standard,2025-10-27,ADDR_001199,70.0,69,3
BUYER_01716,abuser,2025-09-17,ADDR_000128,70.0,51,3
BUYER_01717,standard,2025-09-03,ADDR_003284,70.0,7,0
BUYER_01718,standard,2025-01-23,ADDR_003672,70.0,10,2
BUYER_01719,standard,2025-06-26,ADDR_000652,70.0,5,0
BUYER_01720,standard,2025-01-17,ADDR_002892,70.0,10,0
BUYER_01721,standard,2025-02-11,ADDR_002485,70.0,4,1
BUYER_01722,standard,2025-07-23,ADDR_000681,70.0,12,0
BUYER_01723,standard,2025-01-23,ADDR_002067,70.0,3,0
BUYER_01724,standard,2025-11-23,ADDR_001293,70.0,25,1
BUYER_01725,high_return_legit,2025-06-22,ADDR_004068,70.0,7,5
BUYER_01726,standard,2025-09-14,ADDR_003024,70.0,4,0
BUYER_01727,abuser,2025-03-05,ADDR_000552,70.0,6,0
BUYER_01728,standard,2025-11-02,ADDR_000213,70.0,9,0
BUYER_01729,standard,2025-07-02,ADDR_000577,70.0,4,1
BUYER_01730,standard,2025-07-29,ADDR_003580,70.0,26,1
BUYER_01731,standard,2025-08-28,ADDR_001472,70.0,11,1
BUYER_01732,standard,2025-07-23,ADDR_002421,70.0,6,1
BUYER_01733,standard,2025-07-31,ADDR_003445,70.0,3,1
BUYER_01734,standard,2025-09-29,ADDR_004180,70.0,10,1
BUYER_01735,standard,2025-10-19,ADDR_002535,70.0,11,1
BUYER_01736,standard,2025-05-03,ADDR_000383,70.0,14,1
BUYER_01737,standard,2025-11-26,ADDR_001280,70.0,8,1
BUYER_01738,standard,2025-05-19,ADDR_003035,70.0,4,1
BUYER_01739,standard,2025-04-20,ADDR_000207,70.0,14,2
BUYER_01740,standard,2025-05-04,ADDR_001839,70.0,7,2
BUYER_01741,abuser,2025-05-21,ADDR_001600,70.0,4,0
BUYER_01742,abuser,2025-05-06,ADDR_001518,70.0,8,0
BUYER_01743,standard,2025-10-31,ADDR_004721,70.0,7,0
BUYER_01744,high_return_legit,2025-07-30,ADDR_004671,70.0,6,2
BUYER_01745,standard,2025-12-10,ADDR_004441,70.0,13,2
BUYER_01746,standard,2025-02-08,ADDR_003195,70.0,1,0
BUYER_01747,standard,2025-08-17,ADDR_001985,70.0,13,0
BUYER_01748,standard,2025-02-12,ADDR_000909,70.0,6,0
BUYER_01749,high_return_legit,2025-06-25,ADDR_001224,70.0,5,2
BUYER_01750,standard,2025-05-30,ADDR_000284,70.0,6,0
BUYER_01751,standard,2025-09-08,ADDR_003946,70.0,9,1
BUYER_01752,standard,2025-09-29,ADDR_004292,70.0,3,0
BUYER_01753,high_return_legit,2025-04-08,ADDR_000143,70.0,7,2
BUYER_01754,standard,2025-03-22,ADDR_000838,70.0,15,0
BUYER_01755,high_return_legit,2025-06-11,ADDR_000835,70.0,13,3
BUYER_01756,standard,2025-04-09,ADDR_002519,70.0,4,0
BUYER_01757,abuser,2025-09-07,ADDR_003912,70.0,4,1
BUYER_01758,standard,2025-07-15,ADDR_001372,70.0,3,1
BUYER_01759,standard,2025-10-26,ADDR_000226,70.0,3,0
BUYER_01760,standard,2025-12-15,ADDR_004223,70.0,14,0
BUYER_01761,standard,2025-05-28,ADDR_002892,70.0,15,1
BUYER_01762,standard,2025-11-22,ADDR_000222,70.0,3,1
BUYER_01763,standard,2025-10-10,ADDR_002320,70.0,29,0
BUYER_01764,standard,2025-03-05,ADDR_002660,70.0,20,2
BUYER_01765,standard,2025-10-29,ADDR_004856,70.0,12,0
BUYER_01766,standard,2025-07-03,ADDR_000934,70.0,6,1
BUYER_01767,standard,2025-09-17,ADDR_000907,70.0,5,0
BUYER_01768,standard,2025-09-15,ADDR_002133,70.0,14,1
BUYER_01769,high_return_legit,2025-11-14,ADDR_003555,70.0,11,3
BUYER_01770,abuser,2025-10-04,ADDR_004551,70.0,3,0
BUYER_01771,standard,2025-10-25,ADDR_003895,70.0,9,0
BUYER_01772,standard,2025-05-08,ADDR_001250,70.0,9,0
BUYER_01773,standard,2025-12-12,ADDR_001657,70.0,20,0
BUYER_01774,high_return_legit,2025-09-02,ADDR_003142,70.0,4,1
BUYER_01775,standard,2025-10-09,ADDR_004314,70.0,6,1
BUYER_01776,standard,2025-11-05,ADDR_004433,70.0,7,0
BUYER_01777,high_return_legit,2025-02-24,ADDR_001465,70.0,7,1
BUYER_01778,standard,2025-05-13,ADDR_003018,70.0,5,1
BUYER_01779,standard,2025-10-29,ADDR_004256,70.0,20,0
BUYER_01780,high_return_legit,2025-11-26,ADDR_002488,70.0,4,1
BUYER_01781,standard,2025-10-03,ADDR_002314,70.0,5,0
BUYER_01782,high_return_legit,2025-07-03,ADDR_003373,70.0,4,1
BUYER_01783,high_return_legit,2025-04-13,ADDR_002105,70.0,6,0
BUYER_01784,standard,2025-07-18,ADDR_003814,70.0,16,2
BUYER_01785,standard,2025-06-04,ADDR_002549,70.0,9,0
BUYER_01786,high_return_legit,2025-11-14,ADDR_004359,70.0,13,8
BUYER_01787,standard,2025-08-01,ADDR_003006,70.0,12,2
BUYER_01788,standard,2025-06-02,ADDR_004547,70.0,7,0
BUYER_01789,standard,2025-07-09,ADDR_004255,70.0,2,0
BUYER_01790,standard,2025-11-29,ADDR_002258,70.0,9,0
BUYER_01791,abuser,2025-08-16,ADDR_004441,70.0,7,0
BUYER_01792,standard,2025-04-04,ADDR_000638,70.0,6,0
BUYER_01793,standard,2025-07-09,ADDR_001399,70.0,6,3
BUYER_01794,standard,2025-06-27,ADDR_000240,70.0,7,0
BUYER_01795,standard,2025-05-04,ADDR_000515,70.0,5,0
BUYER_01796,abuser,2025-09-26,ADDR_003565,70.0,4,1
BUYER_01797,standard,2025-04-19,ADDR_002963,70.0,5,0
BUYER_01798,standard,2025-07-07,ADDR_000925,70.0,9,1
BUYER_01799,high_return_legit,2025-06-19,ADDR_002021,70.0,25,5
BUYER_01800,standard,2025-06-28,ADDR_003960,70.0,12,2
BUYER_01801,standard,2025-08-01,ADDR_004013,70.0,2,0
BUYER_01802,standard,2025-09-09,ADDR_004775,70.0,9,0
BUYER_01803,standard,2025-03-03,ADDR_000272,70.0,11,0
BUYER_01804,standard,2025-04-26,ADDR_000732,70.0,14,1
BUYER_01805,standard,2025-10-08,ADDR_000251,70.0,5,0
BUYER_01806,abuser,2025-11-21,ADDR_003239,70.0,3,1
BUYER_01807,standard,2025-01-22,ADDR_000481,70.0,14,1
BUYER_01808,standard,2025-02-03,ADDR_002594,70.0,6,0
BUYER_01809,standard,2025-11-29,ADDR_002320,70.0,29,1
BUYER_01810,standard,2025-03-05,ADDR_002131,70.0,3,0
BUYER_01811,standard,2025-12-14,ADDR_000111,70.0,31,2
BUYER_01812,abuser,2025-10-26,ADDR_002108,70.0,3,0
BUYER_01813,standard,2025-02-22,ADDR_002267,70.0,30,2
BUYER_01814,high_return_legit,2025-02-15,ADDR_001074,70.0,9,2
BUYER_01815,standard,2025-12-13,ADDR_003934,70.0,16,0
BUYER_01816,standard,2025-04-14,ADDR_004401,70.0,12,0
BUYER_01817,high_return_legit,2025-07-22,ADDR_004598,70.0,17,3
BUYER_01818,standard,2025-04-07,ADDR_003599,70.0,10,1
BUYER_01819,standard,2025-08-12,ADDR_003346,70.0,15,0
BUYER_01820,standard,2025-10-30,ADDR_000761,70.0,4,1
BUYER_01821,standard,2025-08-31,ADDR_001950,70.0,8,1
BUYER_01822,standard,2025-01-23,ADDR_000021,70.0,3,0
BUYER_01823,high_return_legit,2025-08-10,ADDR_001371,70.0,8,0
BUYER_01824,high_return_legit,2025-09-01,ADDR_003775,70.0,10,2
BUYER_01825,standard,2025-03-25,ADDR_002738,70.0,8,0
BUYER_01826,standard,2025-10-05,ADDR_000078,70.0,18,1
BUYER_01827,abuser,2025-08-21,ADDR_001032,70.0,15,0
BUYER_01828,standard,2025-01-06,ADDR_004358,70.0,13,1
BUYER_01829,standard,2025-12-05,ADDR_000505,70.0,16,1
BUYER_01830,standard,2025-06-21,ADDR_003163,70.0,24,1
BUYER_01831,standard,2025-04-06,ADDR_001238,70.0,5,0
BUYER_01832,standard,2025-02-08,ADDR_004603,70.0,6,0
BUYER_01833,standard,2025-05-27,ADDR_002725,70.0,9,1
BUYER_01834,abuser,2025-05-03,ADDR_003820,70.0,4,1
BUYER_01835,standard,2025-04-30,ADDR_002596,70.0,6,0
BUYER_01836,standard,2025-10-15,ADDR_004427,70.0,3,0
BUYER_01837,standard,2025-08-27,ADDR_001422,70.0,4,1
BUYER_01838,standard,2025-02-27,ADDR_003681,70.0,21,1
BUYER_01839,standard,2025-09-17,ADDR_002125,70.0,7,1
BUYER_01840,standard,2025-09-22,ADDR_002854,70.0,2,0
BUYER_01841,standard,2025-07-14,ADDR_003395,70.0,10,0
BUYER_01842,standard,2025-12-19,ADDR_000856,70.0,6,1
BUYER_01843,standard,2025-04-24,ADDR_004296,70.0,2,0
BUYER_01844,standard,2025-01-28,ADDR_003702,70.0,5,1
BUYER_01845,standard,2025-01-15,ADDR_002025,70.0,6,1
BUYER_01846,abuser,2025-05-08,ADDR_002931,70.0,9,0
BUYER_01847,standard,2025-07-08,ADDR_003284,70.0,5,1
BUYER_01848,standard,2025-02-05,ADDR_002250,70.0,17,2
BUYER_01849,high_return_legit,2025-08-01,ADDR_001791,70.0,7,1
BUYER_01850,standard,2025-11-19,ADDR_002765,70.0,41,2
BUYER_01851,standard,2025-10-16,ADDR_003858,70.0,16,1
BUYER_01852,high_return_legit,2025-09-05,ADDR_001149,70.0,23,11
BUYER_01853,standard,2025-09-02,ADDR_000020,70.0,20,0
BUYER_01854,abuser,2025-09-24,ADDR_002001,70.0,3,0
BUYER_01855,standard,2025-07-07,ADDR_004081,70.0,20,0
BUYER_01856,standard,2025-06-05,ADDR_000614,70.0,51,3
BUYER_01857,standard,2025-05-03,ADDR_004262,70.0,27,0
BUYER_01858,standard,2025-02-14,ADDR_002028,70.0,10,1
BUYER_01859,standard,2025-07-30,ADDR_001032,70.0,4,0
BUYER_01860,abuser,2025-06-30,ADDR_002311,70.0,18,0
BUYER_01861,standard,2025-02-22,ADDR_004017,70.0,6,0
BUYER_01862,standard,2025-04-19,ADDR_004245,70.0,10,1
BUYER_01863,high_return_legit,2025-10-13,ADDR_003034,70.0,15,3
BUYER_01864,standard,2025-04-14,ADDR_002609,70.0,18,0
BUYER_01865,standard,2025-06-14,ADDR_003992,70.0,5,0
BUYER_01866,standard,2025-03-10,ADDR_004498,70.0,16,1
BUYER_01867,high_return_legit,2025-03-13,ADDR_004180,70.0,12,2
BUYER_01868,standard,2025-10-03,ADDR_004791,70.0,7,1
BUYER_01869,high_return_legit,2025-01-31,ADDR_004114,70.0,6,0
BUYER_01870,standard,2025-04-25,ADDR_000242,70.0,11,1
BUYER_01871,standard,2025-12-14,ADDR_000097,70.0,27,3
BUYER_01872,standard,2025-07-01,ADDR_002955,70.0,6,0
BUYER_01873,abuser,2025-08-14,ADDR_004737,70.0,15,1
BUYER_01874,standard,2025-08-26,ADDR_001481,70.0,5,0
BUYER_01875,standard,2025-03-23,ADDR_004782,70.0,6,0
BUYER_01876,standard,2025-05-25,ADDR_004214,70.0,8,1
BUYER_01877,standard,2025-06-05,ADDR_003240,70.0,7,0
BUYER_01878,standard,2025-04-05,ADDR_002445,70.0,7,1
BUYER_01879,high_return_legit,2025-04-06,ADDR_001094,70.0,5,1
BUYER_01880,standard,2025-08-15,ADDR_000386,70.0,5,0
BUYER_01881,abuser,2025-02-17,ADDR_003419,70.0,6,0
BUYER_01882,standard,2025-02-26,ADDR_001064,70.0,13,0
BUYER_01883,standard,2025-08-03,ADDR_002770,70.0,10,0
BUYER_01884,standard,2025-06-22,ADDR_003335,70.0,14,1
BUYER_01885,standard,2025-08-16,ADDR_002138,70.0,18,1
BUYER_01886,abuser,2025-01-14,ADDR_001556,70.0,8,0
BUYER_01887,standard,2025-09-16,ADDR_000342,70.0,5,1
BUYER_01888,standard,2025-11-02,ADDR_003451,70.0,5,0
BUYER_01889,abuser,2025-07-17,ADDR_000211,70.0,24,0
BUYER_01890,standard,2025-10-30,ADDR_004314,70.0,15,1
BUYER_01891,high_return_legit,2025-06-05,ADDR_000822,70.0,23,5
BUYER_01892,standard,2025-02-06,ADDR_000144,70.0,18,0
BUYER_01893,standard,2025-05-28,ADDR_000693,70.0,7,0
BUYER_01894,standard,2025-06-21,ADDR_003446,70.0,11,3
BUYER_01895,standard,2025-11-07,ADDR_002914,70.0,9,0
BUYER_01896,high_return_legit,2025-05-13,ADDR_001812,70.0,37,6
BUYER_01897,standard,2025-05-06,ADDR_001717,70.0,12,2
BUYER_01898,standard,2025-11-15,ADDR_004400,70.0,24,0
BUYER_01899,high_return_legit,2025-04-13,ADDR_003324,70.0,9,2
BUYER_01900,standard,2025-08-26,ADDR_003042,70.0,20,0
BUYER_01901,standard,2025-05-10,ADDR_001951,70.0,10,0
BUYER_01902,standard,2025-12-05,ADDR_000506,70.0,5,0
BUYER_01903,standard,2025-03-21,ADDR_002098,70.0,20,1
BUYER_01904,standard,2025-09-22,ADDR_004797,70.0,5,0
BUYER_01905,standard,2025-07-26,ADDR_004208,70.0,7,0
BUYER_01906,standard,2025-12-14,ADDR_003350,70.0,14,0
BUYER_01907,high_return_legit,2025-12-19,ADDR_003253,70.0,11,3
BUYER_01908,high_return_legit,2025-10-15,ADDR_001861,70.0,6,3
BUYER_01909,standard,2025-02-15,ADDR_003491,70.0,8,1
BUYER_01910,standard,2025-06-29,ADDR_004126,70.0,20,1
BUYER_01911,abuser,2025-11-04,ADDR_002768,70.0,5,0
BUYER_01912,high_return_legit,2025-08-25,ADDR_000511,70.0,1,1
BUYER_01913,standard,2025-11-12,ADDR_003436,70.0,17,0
BUYER_01914,standard,2025-10-17,ADDR_000628,70.0,6,1
BUYER_01915,standard,2025-05-05,ADDR_001602,70.0,6,1
BUYER_01916,standard,2025-03-23,ADDR_000977,70.0,14,0
BUYER_01917,standard,2025-05-08,ADDR_000248,70.0,6,0
BUYER_01918,standard,2025-09-13,ADDR_003779,70.0,7,0
BUYER_01919,high_return_legit,2025-07-03,ADDR_003193,70.0,18,3
BUYER_01920,standard,2025-01-22,ADDR_002024,70.0,13,0
BUYER_01921,standard,2025-09-28,ADDR_001888,70.0,8,0
BUYER_01922,standard,2025-01-22,ADDR_003180,70.0,4,0
BUYER_01923,standard,2025-06-08,ADDR_002630,70.0,4,0
BUYER_01924,standard,2025-06-26,ADDR_001150,70.0,15,0
BUYER_01925,abuser,2025-07-10,ADDR_002378,70.0,12,0
BUYER_01926,standard,2025-03-01,ADDR_003847,70.0,4,0
BUYER_01927,abuser,2025-09-30,ADDR_002733,70.0,9,1
BUYER_01928,standard,2025-11-02,ADDR_000588,70.0,2,0
BUYER_01929,standard,2025-09-14,ADDR_002697,70.0,13,1
BUYER_01930,high_return_legit,2025-12-05,ADDR_002045,70.0,10,4
BUYER_01931,high_return_legit,2025-04-15,ADDR_003674,70.0,5,3
BUYER_01932,standard,2025-03-10,ADDR_001035,70.0,17,2
BUYER_01933,standard,2025-02-01,ADDR_003102,70.0,10,0
BUYER_01934,standard,2025-09-21,ADDR_003118,70.0,6,0
BUYER_01935,abuser,2025-03-10,ADDR_001371,70.0,6,0
BUYER_01936,standard,2025-12-01,ADDR_001267,70.0,6,1
BUYER_01937,standard,2025-08-11,ADDR_000414,70.0,14,0
BUYER_01938,standard,2025-10-18,ADDR_000734,70.0,12,0
BUYER_01939,high_return_legit,2025-06-17,ADDR_000472,70.0,6,2
BUYER_01940,standard,2025-09-26,ADDR_003048,70.0,3,0
BUYER_01941,abuser,2025-06-20,ADDR_000602,70.0,7,0
BUYER_01942,standard,2025-07-22,ADDR_002538,70.0,10,0
BUYER_01943,abuser,2025-10-08,ADDR_000464,70.0,4,0
BUYER_01944,standard,2025-04-08,ADDR_003878,70.0,4,0
BUYER_01945,standard,2025-11-13,ADDR_003354,70.0,7,0
BUYER_01946,standard,2025-09-20,ADDR_001446,70.0,9,0
BUYER_01947,standard,2025-09-30,ADDR_003639,70.0,12,0
BUYER_01948,high_return_legit,2025-04-08,ADDR_001115,70.0,16,4
BUYER_01949,standard,2025-02-10,ADDR_003144,70.0,2,1
BUYER_01950,standard,2025-02-03,ADDR_001177,70.0,16,1
BUYER_01951,high_return_legit,2025-08-28,ADDR_002160,70.0,9,3
BUYER_01952,standard,2025-03-06,ADDR_003470,70.0,5,0
BUYER_01953,abuser,2025-12-20,ADDR_004692,70.0,14,1
BUYER_01954,standard,2025-12-08,ADDR_002046,70.0,2,0
BUYER_01955,standard,2025-01-15,ADDR_001402,70.0,2,0
BUYER_01956,standard,2025-09-23,ADDR_002189,70.0,30,1
BUYER_01957,standard,2025-04-16,ADDR_002811,70.0,3,0
BUYER_01958,high_return_legit,2025-05-15,ADDR_000611,70.0,9,3
BUYER_01959,standard,2025-04-09,ADDR_004751,70.0,3,0
BUYER_01960,standard,2025-10-27,ADDR_002323,70.0,5,0
BUYER_01961,standard,2025-11-16,ADDR_004771,70.0,4,0
BUYER_01962,abuser,2025-01-20,ADDR_004758,70.0,15,0
BUYER_01963,standard,2025-04-19,ADDR_000315,70.0,2,0
BUYER_01964,standard,2025-06-22,ADDR_000117,70.0,7,0
BUYER_01965,standard,2025-07-17,ADDR_002788,70.0,4,0
BUYER_01966,standard,2025-02-09,ADDR_002811,70.0,4,1
BUYER_01967,abuser,2025-10-27,ADDR_001750,70.0,13,0
BUYER_01968,high_return_legit,2025-11-29,ADDR_000091,70.0,4,2
BUYER_01969,standard,2025-06-06,ADDR_000959,70.0,7,1
BUYER_01970,standard,2025-11-05,ADDR_003491,70.0,10,0
BUYER_01971,standard,2025-09-06,ADDR_004174,70.0,8,1
BUYER_01972,standard,2025-08-09,ADDR_003767,70.0,12,0
BUYER_01973,standard,2025-10-23,ADDR_004722,70.0,16,1
BUYER_01974,standard,2025-06-30,ADDR_002807,70.0,9,0
BUYER_01975,standard,2025-07-25,ADDR_003444,70.0,6,0
BUYER_01976,abuser,2025-04-21,ADDR_000401,70.0,7,1
BUYER_01977,high_return_legit,2025-09-18,ADDR_003760,70.0,6,1
BUYER_01978,high_return_legit,2025-03-09,ADDR_002236,70.0,15,3
BUYER_01979,high_return_legit,2025-04-10,ADDR_000021,70.0,5,2
BUYER_01980,standard,2025-07-02,ADDR_000391,70.0,9,2
BUYER_01981,standard,2025-05-31,ADDR_001525,70.0,12,1
BUYER_01982,abuser,2025-04-08,ADDR_001848,70.0,5,0
BUYER_01983,abuser,2025-03-22,ADDR_001032,70.0,3,0
BUYER_01984,standard,2025-11-06,ADDR_003806,70.0,13,0
BUYER_01985,standard,2025-08-09,ADDR_002212,70.0,8,1
BUYER_01986,abuser,2025-05-28,ADDR_001278,70.0,7,0
BUYER_01987,standard,2025-11-01,ADDR_003334,70.0,7,0
BUYER_01988,standard,2025-10-25,ADDR_002244,70.0,8,0
BUYER_01989,standard,2025-02-18,ADDR_003855,70.0,10,0
BUYER_01990,standard,2025-08-01,ADDR_002476,70.0,7,1
BUYER_01991,standard,2025-05-02,ADDR_003709,70.0,5,0
BUYER_01992,abuser,2025-07-23,ADDR_004223,70.0,11,1
BUYER_01993,standard,2025-09-20,ADDR_000392,70.0,12,0
BUYER_01994,standard,2025-01-05,ADDR_000601,70.0,5,1
BUYER_01995,standard,2025-07-14,ADDR_003616,70.0,2,0
BUYER_01996,standard,2025-04-27,ADDR_004628,70.0,16,1
BUYER_01997,standard,2025-07-21,ADDR_001191,70.0,14,0
BUYER_01998,standard,2025-02-18,ADDR_000152,70.0,13,1
BUYER_01999,standard,2025-10-23,ADDR_004729,70.0,6,0
BUYER_02000,abuser,2025-07-24,ADDR_000462,70.0,17,0
BUYER_02001,standard,2025-03-29,ADDR_002290,70.0,10,0
BUYER_02002,high_return_legit,2025-10-07,ADDR_001092,70.0,6,2
BUYER_02003,standard,2025-01-19,ADDR_001958,70.0,5,0
BUYER_02004,standard,2025-08-10,ADDR_003562,70.0,24,1
BUYER_02005,standard,2025-07-10,ADDR_002520,70.0,9,0
BUYER_02006,high_return_legit,2025-01-20,ADDR_000203,70.0,8,3
BUYER_02007,standard,2025-04-12,ADDR_000431,70.0,4,0
BUYER_02008,high_return_legit,2025-02-05,ADDR_004678,70.0,13,5
BUYER_02009,high_return_legit,2025-09-25,ADDR_001246,70.0,7,4
BUYER_02010,standard,2025-09-16,ADDR_002116,70.0,26,1
BUYER_02011,standard,2025-02-10,ADDR_003887,70.0,9,0
BUYER_02012,standard,2025-02-18,ADDR_004151,70.0,11,0
BUYER_02013,standard,2025-11-12,ADDR_001406,70.0,4,0
BUYER_02014,standard,2025-03-25,ADDR_001098,70.0,3,0
BUYER_02015,standard,2025-05-02,ADDR_002165,70.0,4,0
BUYER_02016,standard,2025-09-09,ADDR_001672,70.0,5,1
BUYER_02017,standard,2025-01-29,ADDR_003470,70.0,3,0
BUYER_02018,standard,2025-12-04,ADDR_003598,70.0,4,0
BUYER_02019,standard,2025-01-12,ADDR_001287,70.0,3,0
BUYER_02020,standard,2025-11-02,ADDR_001877,70.0,10,1
BUYER_02021,standard,2025-05-22,ADDR_003616,70.0,13,0
BUYER_02022,high_return_legit,2025-03-06,ADDR_002512,70.0,4,0
BUYER_02023,standard,2025-05-28,ADDR_002727,70.0,21,1
BUYER_02024,standard,2025-12-12,ADDR_003941,70.0,10,1
BUYER_02025,standard,2025-07-19,ADDR_003226,70.0,8,2
BUYER_02026,standard,2025-01-28,ADDR_003222,70.0,9,0
BUYER_02027,standard,2025-12-02,ADDR_002383,70.0,26,2
BUYER_02028,standard,2025-03-03,ADDR_004137,70.0,12,1
BUYER_02029,standard,2025-01-26,ADDR_003895,70.0,17,1
BUYER_02030,standard,2025-01-22,ADDR_000428,70.0,63,5
BUYER_02031,standard,2025-10-26,ADDR_003348,70.0,6,1
BUYER_02032,standard,2025-03-07,ADDR_003009,70.0,7,0
BUYER_02033,standard,2025-03-17,ADDR_001384,70.0,11,0
BUYER_02034,standard,2025-12-03,ADDR_002975,70.0,4,0
BUYER_02035,standard,2025-08-16,ADDR_000529,70.0,5,0
BUYER_02036,high_return_legit,2025-04-25,ADDR_003005,70.0,4,2
BUYER_02037,high_return_legit,2025-08-07,ADDR_001788,70.0,27,10
BUYER_02038,standard,2025-04-10,ADDR_002914,70.0,11,0
BUYER_02039,standard,2025-07-07,ADDR_004615,70.0,6,1
BUYER_02040,standard,2025-05-13,ADDR_003582,70.0,4,0
BUYER_02041,standard,2025-08-20,ADDR_000552,70.0,12,0
BUYER_02042,standard,2025-10-04,ADDR_004177,70.0,15,0
BUYER_02043,standard,2025-05-18,ADDR_002448,70.0,6,1
BUYER_02044,standard,2025-03-03,ADDR_001136,70.0,15,2
BUYER_02045,standard,2025-05-20,ADDR_004358,70.0,5,0
BUYER_02046,high_return_legit,2025-10-03,ADDR_000517,70.0,18,6
BUYER_02047,standard,2025-10-13,ADDR_002658,70.0,11,0
BUYER_02048,standard,2025-10-12,ADDR_000366,70.0,6,0
BUYER_02049,standard,2025-12-12,ADDR_004452,70.0,3,2
BUYER_02050,standard,2025-10-25,ADDR_000784,70.0,8,2
BUYER_02051,standard,2025-12-10,ADDR_004011,70.0,11,0
BUYER_02052,standard,2025-08-21,ADDR_003246,70.0,28,1
BUYER_02053,standard,2025-04-05,ADDR_004379,70.0,6,0
BUYER_02054,standard,2025-08-15,ADDR_002061,70.0,7,0
BUYER_02055,high_return_legit,2025-03-24,ADDR_001288,70.0,4,1
BUYER_02056,standard,2025-02-08,ADDR_001729,70.0,11,0
BUYER_02057,standard,2025-05-01,ADDR_004541,70.0,6,0
BUYER_02058,high_return_legit,2025-05-23,ADDR_004194,70.0,4,0
BUYER_02059,standard,2025-09-17,ADDR_000606,70.0,6,0
BUYER_02060,abuser,2025-05-23,ADDR_004455,70.0,6,0
BUYER_02061,standard,2025-01-02,ADDR_004162,70.0,4,0
BUYER_02062,standard,2025-11-24,ADDR_002667,70.0,9,0
BUYER_02063,standard,2025-08-08,ADDR_003804,70.0,5,1
BUYER_02064,high_return_legit,2025-03-29,ADDR_002269,70.0,5,2
BUYER_02065,high_return_legit,2025-04-13,ADDR_003837,70.0,7,0
BUYER_02066,abuser,2025-02-24,ADDR_001338,70.0,2,0
BUYER_02067,high_return_legit,2025-11-21,ADDR_000715,70.0,7,3
BUYER_02068,high_return_legit,2025-04-05,ADDR_002276,70.0,6,2
BUYER_02069,standard,2025-12-02,ADDR_000333,70.0,4,1
BUYER_02070,abuser,2025-04-17,ADDR_002034,70.0,27,3
BUYER_02071,abuser,2025-10-17,ADDR_000662,70.0,10,2
BUYER_02072,standard,2025-01-06,ADDR_000034,70.0,4,0
BUYER_02073,high_return_legit,2025-07-03,ADDR_001916,70.0,3,0
BUYER_02074,standard,2025-05-25,ADDR_003754,70.0,4,1
BUYER_02075,abuser,2025-05-13,ADDR_004864,70.0,19,1
BUYER_02076,standard,2025-12-18,ADDR_002170,70.0,2,0
BUYER_02077,standard,2025-09-21,ADDR_003731,70.0,10,0
BUYER_02078,standard,2025-04-14,ADDR_001103,70.0,3,0
BUYER_02079,high_return_legit,2025-10-02,ADDR_003150,70.0,9,2
BUYER_02080,standard,2025-02-26,ADDR_004491,70.0,36,0
BUYER_02081,standard,2025-11-27,ADDR_001644,70.0,17,2
BUYER_02082,standard,2025-06-14,ADDR_002215,70.0,10,2
BUYER_02083,standard,2025-03-21,ADDR_003316,70.0,6,0
BUYER_02084,standard,2025-04-20,ADDR_001552,70.0,13,0
BUYER_02085,high_return_legit,2025-03-08,ADDR_002988,70.0,4,0
BUYER_02086,high_return_legit,2025-11-28,ADDR_001142,70.0,4,1
BUYER_02087,standard,2025-05-02,ADDR_002651,70.0,8,0
BUYER_02088,standard,2025-03-03,ADDR_000292,70.0,26,0
BUYER_02089,standard,2025-10-21,ADDR_002209,70.0,9,1
BUYER_02090,standard,2025-03-30,ADDR_001579,70.0,17,2
BUYER_02091,high_return_legit,2025-02-12,ADDR_004094,70.0,5,1
BUYER_02092,standard,2025-09-04,ADDR_001858,70.0,8,1
BUYER_02093,standard,2025-01-05,ADDR_001446,70.0,3,0
BUYER_02094,standard,2025-10-28,ADDR_000199,70.0,8,0
BUYER_02095,standard,2025-07-30,ADDR_002669,70.0,5,0
BUYER_02096,standard,2025-04-11,ADDR_002967,70.0,18,0
BUYER_02097,standard,2025-06-30,ADDR_004407,70.0,12,0
BUYER_02098,standard,2025-04-17,ADDR_004001,70.0,12,1
BUYER_02099,standard,2025-07-20,ADDR_001682,70.0,18,0
BUYER_02100,standard,2025-08-03,ADDR_002425,70.0,6,0
BUYER_02101,standard,2025-10-08,ADDR_004396,70.0,1,0
BUYER_02102,standard,2025-06-28,ADDR_004152,70.0,2,0
BUYER_02103,standard,2025-10-13,ADDR_001180,70.0,6,0
BUYER_02104,standard,2025-02-02,ADDR_002380,70.0,3,0
BUYER_02105,standard,2025-11-25,ADDR_000343,70.0,4,0
BUYER_02106,standard,2025-03-19,ADDR_000836,70.0,5,0
BUYER_02107,standard,2025-10-29,ADDR_002619,70.0,8,0
BUYER_02108,high_return_legit,2025-07-07,ADDR_002562,70.0,1,0
BUYER_02109,standard,2025-02-16,ADDR_002846,70.0,11,1
BUYER_02110,standard,2025-05-22,ADDR_001547,70.0,11,0
BUYER_02111,high_return_legit,2025-11-24,ADDR_001123,70.0,7,2
BUYER_02112,standard,2025-10-28,ADDR_001076,70.0,6,0
BUYER_02113,high_return_legit,2025-09-22,ADDR_004349,70.0,25,10
BUYER_02114,standard,2025-05-29,ADDR_004804,70.0,7,0
BUYER_02115,standard,2025-08-08,ADDR_000259,70.0,1,0
BUYER_02116,standard,2025-04-06,ADDR_001759,70.0,17,3
BUYER_02117,standard,2025-08-28,ADDR_002580,70.0,3,0
BUYER_02118,high_return_legit,2025-04-16,ADDR_001068,70.0,7,3
BUYER_02119,standard,2025-10-27,ADDR_001748,70.0,22,0
BUYER_02120,standard,2025-09-16,ADDR_000636,70.0,4,0
BUYER_02121,standard,2025-05-31,ADDR_002296,70.0,6,0
BUYER_02122,standard,2025-09-01,ADDR_004375,70.0,11,1
BUYER_02123,standard,2025-05-09,ADDR_004596,70.0,6,1
BUYER_02124,abuser,2025-03-08,ADDR_000073,70.0,12,0
BUYER_02125,standard,2025-04-07,ADDR_003151,70.0,5,0
BUYER_02126,high_return_legit,2025-04-20,ADDR_004491,70.0,5,1
BUYER_02127,standard,2025-04-04,ADDR_003802,70.0,7,1
BUYER_02128,standard,2025-09-07,ADDR_000305,70.0,6,0
BUYER_02129,standard,2025-09-27,ADDR_001929,70.0,10,0
BUYER_02130,abuser,2025-06-25,ADDR_003725,70.0,14,1
BUYER_02131,abuser,2025-12-17,ADDR_004849,70.0,18,1
BUYER_02132,standard,2025-11-16,ADDR_001453,70.0,3,0
BUYER_02133,standard,2025-02-09,ADDR_003216,70.0,6,0
BUYER_02134,high_return_legit,2025-06-26,ADDR_001237,70.0,7,0
BUYER_02135,standard,2025-11-21,ADDR_004430,70.0,15,3
BUYER_02136,high_return_legit,2025-04-01,ADDR_000890,70.0,13,1
BUYER_02137,standard,2025-05-28,ADDR_001811,70.0,4,0
BUYER_02138,high_return_legit,2025-12-04,ADDR_000665,70.0,30,8
BUYER_02139,abuser,2025-10-09,ADDR_000189,70.0,7,1
BUYER_02140,standard,2025-10-28,ADDR_000327,70.0,39,2
BUYER_02141,standard,2025-11-12,ADDR_002510,70.0,4,0
BUYER_02142,standard,2025-03-14,ADDR_004619,70.0,5,0
BUYER_02143,standard,2025-09-14,ADDR_002015,70.0,22,0
BUYER_02144,high_return_legit,2025-10-18,ADDR_002912,70.0,6,2
BUYER_02145,standard,2025-04-04,ADDR_003456,70.0,8,0
BUYER_02146,standard,2025-01-22,ADDR_002819,70.0,17,1
BUYER_02147,high_return_legit,2025-03-17,ADDR_002115,70.0,11,1
BUYER_02148,standard,2025-09-28,ADDR_001391,70.0,32,2
BUYER_02149,standard,2025-09-12,ADDR_003973,70.0,5,2
BUYER_02150,abuser,2025-11-16,ADDR_003820,70.0,9,0
BUYER_02151,standard,2025-05-06,ADDR_003326,70.0,5,0
BUYER_02152,abuser,2025-08-19,ADDR_003809,70.0,13,2
BUYER_02153,standard,2025-01-14,ADDR_001090,70.0,15,1
BUYER_02154,standard,2025-11-30,ADDR_004851,70.0,11,0
BUYER_02155,standard,2025-07-28,ADDR_004551,70.0,4,0
BUYER_02156,standard,2025-09-30,ADDR_002176,70.0,11,2
BUYER_02157,standard,2025-04-24,ADDR_001009,70.0,4,1
BUYER_02158,standard,2025-02-07,ADDR_001854,70.0,5,0
BUYER_02159,high_return_legit,2025-01-30,ADDR_004142,70.0,6,2
BUYER_02160,standard,2025-10-22,ADDR_004817,70.0,8,0
BUYER_02161,abuser,2025-03-06,ADDR_001429,70.0,11,0
BUYER_02162,standard,2025-10-25,ADDR_004663,70.0,5,1
BUYER_02163,standard,2025-04-18,ADDR_001143,70.0,6,1
BUYER_02164,standard,2025-07-23,ADDR_004588,70.0,29,1
BUYER_02165,standard,2025-04-17,ADDR_004604,70.0,7,0
BUYER_02166,standard,2025-01-24,ADDR_003013,70.0,10,0
BUYER_02167,standard,2025-07-24,ADDR_000533,70.0,5,0
BUYER_02168,standard,2025-05-24,ADDR_003057,70.0,36,4
BUYER_02169,abuser,2025-06-17,ADDR_004511,70.0,5,0
BUYER_02170,standard,2025-08-13,ADDR_004593,70.0,6,0
BUYER_02171,standard,2025-05-05,ADDR_002264,70.0,6,0
BUYER_02172,abuser,2025-07-31,ADDR_002375,70.0,6,0
BUYER_02173,abuser,2025-08-31,ADDR_001901,70.0,13,0
BUYER_02174,abuser,2025-02-10,ADDR_001056,70.0,6,0
BUYER_02175,abuser,2025-05-18,ADDR_003235,70.0,11,2
BUYER_02176,standard,2025-02-10,ADDR_004877,70.0,28,2
BUYER_02177,high_return_legit,2025-01-05,ADDR_001322,70.0,3,1
BUYER_02178,standard,2025-01-25,ADDR_004168,70.0,5,0
BUYER_02179,standard,2025-08-09,ADDR_000474,70.0,4,0
BUYER_02180,standard,2025-02-08,ADDR_000277,70.0,7,0
BUYER_02181,standard,2025-11-08,ADDR_004458,70.0,5,0
BUYER_02182,standard,2025-10-04,ADDR_000556,70.0,10,1
BUYER_02183,standard,2025-01-06,ADDR_002048,70.0,1,0
BUYER_02184,standard,2025-08-03,ADDR_004366,70.0,14,1
BUYER_02185,standard,2025-01-06,ADDR_003820,70.0,4,0
BUYER_02186,standard,2025-02-18,ADDR_001490,70.0,8,0
BUYER_02187,high_return_legit,2025-12-17,ADDR_000201,70.0,2,0
BUYER_02188,standard,2025-06-24,ADDR_003447,70.0,16,0
BUYER_02189,standard,2025-01-14,ADDR_001584,70.0,2,1
BUYER_02190,standard,2025-11-02,ADDR_000583,70.0,3,0
BUYER_02191,standard,2025-11-24,ADDR_002349,70.0,8,0
BUYER_02192,standard,2025-07-26,ADDR_000844,70.0,3,0
BUYER_02193,standard,2025-09-16,ADDR_004201,70.0,4,0
BUYER_02194,high_return_legit,2025-10-11,ADDR_003699,70.0,27,7
BUYER_02195,high_return_legit,2025-09-26,ADDR_004849,70.0,9,1
BUYER_02196,standard,2025-07-07,ADDR_004847,70.0,5,0
BUYER_02197,standard,2025-10-28,ADDR_004144,70.0,4,0
BUYER_02198,standard,2025-07-19,ADDR_002485,70.0,11,1
BUYER_02199,standard,2025-04-16,ADDR_000842,70.0,11,0
BUYER_02200,standard,2025-01-03,ADDR_000212,70.0,5,1
BUYER_02201,standard,2025-05-21,ADDR_000453,70.0,2,0
BUYER_02202,standard,2025-02-07,ADDR_001159,70.0,4,0
BUYER_02203,standard,2025-01-30,ADDR_004370,70.0,1,0
BUYER_02204,standard,2025-06-29,ADDR_001052,70.0,3,0
BUYER_02205,abuser,2025-12-03,ADDR_002116,70.0,9,1
BUYER_02206,standard,2025-02-16,ADDR_001239,70.0,17,1
BUYER_02207,standard,2025-04-21,ADDR_000440,70.0,15,0
BUYER_02208,standard,2025-10-27,ADDR_002074,70.0,9,1
BUYER_02209,standard,2025-06-05,ADDR_001492,70.0,12,1
BUYER_02210,standard,2025-10-04,ADDR_000848,70.0,2,0
BUYER_02211,standard,2025-07-24,ADDR_001723,70.0,10,0
BUYER_02212,standard,2025-08-13,ADDR_004254,70.0,2,0
BUYER_02213,standard,2025-03-10,ADDR_004911,70.0,3,0
BUYER_02214,standard,2025-05-19,ADDR_002231,70.0,7,0
BUYER_02215,high_return_legit,2025-08-19,ADDR_003468,70.0,29,11
BUYER_02216,standard,2025-01-14,ADDR_000123,70.0,4,0
BUYER_02217,standard,2025-03-20,ADDR_003869,70.0,3,1
BUYER_02218,standard,2025-05-31,ADDR_004816,70.0,10,0
BUYER_02219,standard,2025-09-06,ADDR_000966,70.0,11,1
BUYER_02220,standard,2025-07-12,ADDR_000049,70.0,3,1
BUYER_02221,abuser,2025-09-20,ADDR_000217,70.0,8,1
BUYER_02222,standard,2025-09-23,ADDR_002075,70.0,4,0
BUYER_02223,standard,2025-01-16,ADDR_001207,70.0,11,1
BUYER_02224,standard,2025-11-19,ADDR_000476,70.0,9,0
BUYER_02225,standard,2025-10-25,ADDR_001663,70.0,8,0
BUYER_02226,standard,2025-04-20,ADDR_001491,70.0,6,0
BUYER_02227,abuser,2025-07-04,ADDR_000818,70.0,9,0
BUYER_02228,standard,2025-05-03,ADDR_002021,70.0,4,1
BUYER_02229,standard,2025-11-21,ADDR_004575,70.0,23,1
BUYER_02230,abuser,2025-05-30,ADDR_001766,70.0,30,3
BUYER_02231,high_return_legit,2025-06-03,ADDR_003967,70.0,13,3
BUYER_02232,standard,2025-11-22,ADDR_003411,70.0,3,0
BUYER_02233,abuser,2025-08-12,ADDR_003946,70.0,25,1
BUYER_02234,standard,2025-03-01,ADDR_002834,70.0,3,1
BUYER_02235,standard,2025-08-21,ADDR_001838,70.0,12,1
BUYER_02236,standard,2025-10-15,ADDR_001271,70.0,13,2
BUYER_02237,high_return_legit,2025-05-14,ADDR_001386,70.0,9,2
BUYER_02238,standard,2025-07-18,ADDR_002611,70.0,15,3
BUYER_02239,standard,2025-08-21,ADDR_002000,70.0,22,1
BUYER_02240,abuser,2025-07-13,ADDR_002004,70.0,3,0
BUYER_02241,standard,2025-12-20,ADDR_001826,70.0,17,1
BUYER_02242,standard,2025-07-12,ADDR_004557,70.0,5,0
BUYER_02243,high_return_legit,2025-08-27,ADDR_003184,70.0,8,1
BUYER_02244,abuser,2025-10-15,ADDR_004417,70.0,4,0
BUYER_02245,standard,2025-03-01,ADDR_004594,70.0,6,1
BUYER_02246,abuser,2025-01-22,ADDR_003119,70.0,8,1
BUYER_02247,standard,2025-12-12,ADDR_000453,70.0,6,0
BUYER_02248,standard,2025-09-25,ADDR_004778,70.0,9,0
BUYER_02249,abuser,2025-06-02,ADDR_002367,70.0,6,0
BUYER_02250,standard,2025-01-10,ADDR_001856,70.0,6,0
BUYER_02251,high_return_legit,2025-03-12,ADDR_002047,70.0,7,3
BUYER_02252,standard,2025-01-06,ADDR_000435,70.0,5,0
BUYER_02253,standard,2025-06-03,ADDR_004709,70.0,21,0
BUYER_02254,standard,2025-07-28,ADDR_000235,70.0,3,0
BUYER_02255,standard,2025-03-10,ADDR_003567,70.0,24,1
BUYER_02256,standard,2025-08-25,ADDR_004125,70.0,6,0
BUYER_02257,high_return_legit,2025-12-06,ADDR_002089,70.0,3,2
BUYER_02258,standard,2025-12-17,ADDR_000501,70.0,3,0
BUYER_02259,abuser,2025-10-28,ADDR_003332,70.0,5,0
BUYER_02260,standard,2025-06-20,ADDR_004258,70.0,7,1
BUYER_02261,standard,2025-07-25,ADDR_000473,70.0,10,1
BUYER_02262,standard,2025-07-10,ADDR_002270,70.0,26,2
BUYER_02263,standard,2025-03-08,ADDR_003701,70.0,3,0
BUYER_02264,standard,2025-11-04,ADDR_000055,70.0,12,0
BUYER_02265,standard,2025-09-06,ADDR_000041,70.0,13,0
BUYER_02266,standard,2025-08-25,ADDR_002913,70.0,4,0
BUYER_02267,standard,2025-04-01,ADDR_003780,70.0,11,0
BUYER_02268,standard,2025-03-07,ADDR_002943,70.0,23,1
BUYER_02269,standard,2025-11-10,ADDR_001231,70.0,18,2
BUYER_02270,standard,2025-03-17,ADDR_002234,70.0,5,0
BUYER_02271,standard,2025-02-03,ADDR_004780,70.0,21,0
BUYER_02272,standard,2025-08-21,ADDR_004148,70.0,9,0
BUYER_02273,standard,2025-09-16,ADDR_000593,70.0,7,1
BUYER_02274,high_return_legit,2025-02-22,ADDR_003187,70.0,6,0
BUYER_02275,standard,2025-03-27,ADDR_003719,70.0,13,1
BUYER_02276,standard,2025-10-13,ADDR_003434,70.0,8,2
BUYER_02277,standard,2025-11-28,ADDR_001804,70.0,11,2
BUYER_02278,standard,2025-07-01,ADDR_003559,70.0,6,0
BUYER_02279,abuser,2025-10-14,ADDR_004627,70.0,7,1
BUYER_02280,abuser,2025-05-07,ADDR_001582,70.0,10,0
BUYER_02281,standard,2025-09-15,ADDR_004589,70.0,10,0
BUYER_02282,standard,2025-07-29,ADDR_004150,70.0,6,0
BUYER_02283,standard,2025-10-31,ADDR_000260,70.0,8,2
BUYER_02284,standard,2025-10-09,ADDR_002366,70.0,6,0
BUYER_02285,standard,2025-04-25,ADDR_002182,70.0,8,1
BUYER_02286,standard,2025-03-05,ADDR_003299,70.0,3,0
BUYER_02287,standard,2025-10-20,ADDR_001121,70.0,5,0
BUYER_02288,standard,2025-01-17,ADDR_002054,70.0,16,2
BUYER_02289,standard,2025-09-07,ADDR_000458,70.0,9,0
BUYER_02290,standard,2025-07-01,ADDR_000500,70.0,8,1
BUYER_02291,high_return_legit,2025-02-04,ADDR_002152,70.0,3,0
BUYER_02292,standard,2025-09-11,ADDR_003117,70.0,8,0
BUYER_02293,standard,2025-07-03,ADDR_000772,70.0,6,0
BUYER_02294,standard,2025-11-06,ADDR_001896,70.0,5,0
BUYER_02295,standard,2025-03-28,ADDR_002464,70.0,21,1
BUYER_02296,standard,2025-01-02,ADDR_003139,70.0,2,0
BUYER_02297,standard,2025-02-26,ADDR_002191,70.0,8,0
BUYER_02298,standard,2025-04-19,ADDR_002672,70.0,16,0
BUYER_02299,standard,2025-08-29,ADDR_000454,70.0,16,1
BUYER_02300,standard,2025-05-23,ADDR_000205,70.0,11,0
BUYER_02301,standard,2025-02-21,ADDR_001697,70.0,9,0
BUYER_02302,high_return_legit,2025-12-15,ADDR_001014,70.0,7,1
BUYER_02303,abuser,2025-02-17,ADDR_002657,70.0,10,0
BUYER_02304,standard,2025-05-20,ADDR_003467,70.0,8,2
BUYER_02305,standard,2025-11-11,ADDR_001247,70.0,7,0
BUYER_02306,standard,2025-08-30,ADDR_002314,70.0,8,0
BUYER_02307,high_return_legit,2025-05-07,ADDR_001081,70.0,17,2
BUYER_02308,standard,2025-12-11,ADDR_002309,70.0,8,1
BUYER_02309,standard,2025-07-10,ADDR_001871,70.0,5,0
BUYER_02310,abuser,2025-01-05,ADDR_000011,70.0,4,0
BUYER_02311,standard,2025-01-04,ADDR_003292,70.0,9,1
BUYER_02312,standard,2025-12-02,ADDR_001498,70.0,2,0
BUYER_02313,high_return_legit,2025-04-24,ADDR_004310,70.0,16,7
BUYER_02314,standard,2025-10-21,ADDR_003313,70.0,4,1
BUYER_02315,standard,2025-01-22,ADDR_000965,70.0,10,0
BUYER_02316,standard,2025-03-05,ADDR_004390,70.0,20,1
BUYER_02317,standard,2025-11-05,ADDR_000110,70.0,12,0
BUYER_02318,standard,2025-12-19,ADDR_002841,70.0,22,1
BUYER_02319,standard,2025-01-25,ADDR_003972,70.0,43,2
BUYER_02320,high_return_legit,2025-03-12,ADDR_002676,70.0,14,8
BUYER_02321,high_return_legit,2025-09-22,ADDR_002759,70.0,3,2
BUYER_02322,standard,2025-07-19,ADDR_002328,70.0,22,1
BUYER_02323,standard,2025-06-07,ADDR_000297,70.0,11,0
BUYER_02324,standard,2025-03-23,ADDR_003358,70.0,18,1
BUYER_02325,standard,2025-12-03,ADDR_004925,70.0,17,0
BUYER_02326,standard,2025-03-14,ADDR_003950,70.0,4,0
BUYER_02327,standard,2025-04-18,ADDR_004111,70.0,19,0
BUYER_02328,standard,2025-05-09,ADDR_001092,70.0,4,0
BUYER_02329,standard,2025-03-01,ADDR_004121,70.0,6,0
BUYER_02330,standard,2025-07-22,ADDR_001927,70.0,2,0
BUYER_02331,standard,2025-05-15,ADDR_001814,70.0,21,2
BUYER_02332,high_return_legit,2025-08-15,ADDR_001207,70.0,6,0
BUYER_02333,standard,2025-05-24,ADDR_002288,70.0,10,0
BUYER_02334,standard,2025-02-21,ADDR_000157,70.0,2,0
BUYER_02335,standard,2025-11-10,ADDR_000443,70.0,4,0
BUYER_02336,standard,2025-07-12,ADDR_000369,70.0,12,1
BUYER_02337,standard,2025-05-08,ADDR_004083,70.0,18,3
BUYER_02338,standard,2025-01-09,ADDR_002515,70.0,7,1
BUYER_02339,standard,2025-08-11,ADDR_002735,70.0,4,0
BUYER_02340,standard,2025-10-11,ADDR_001386,70.0,6,0
BUYER_02341,standard,2025-08-29,ADDR_003744,70.0,8,0
BUYER_02342,standard,2025-10-13,ADDR_000629,70.0,9,0
BUYER_02343,standard,2025-03-08,ADDR_003778,70.0,7,0
BUYER_02344,standard,2025-12-11,ADDR_000421,70.0,18,0
BUYER_02345,standard,2025-03-29,ADDR_004190,70.0,4,0
BUYER_02346,standard,2025-04-18,ADDR_000730,70.0,11,0
BUYER_02347,standard,2025-07-13,ADDR_000146,70.0,9,1
BUYER_02348,standard,2025-01-04,ADDR_000189,70.0,14,1
BUYER_02349,standard,2025-06-19,ADDR_003865,70.0,3,0
BUYER_02350,standard,2025-03-23,ADDR_001700,70.0,6,0
BUYER_02351,standard,2025-09-30,ADDR_002062,70.0,9,1
BUYER_02352,abuser,2025-10-03,ADDR_004072,70.0,14,0
BUYER_02353,standard,2025-08-17,ADDR_001295,70.0,8,1
BUYER_02354,high_return_legit,2025-06-12,ADDR_002741,70.0,14,4
BUYER_02355,standard,2025-05-04,ADDR_001477,70.0,7,1
BUYER_02356,standard,2025-10-26,ADDR_003466,70.0,6,0
BUYER_02357,standard,2025-07-12,ADDR_004918,70.0,3,0
BUYER_02358,standard,2025-07-08,ADDR_001855,70.0,15,1
BUYER_02359,standard,2025-02-19,ADDR_004194,70.0,74,0
BUYER_02360,standard,2025-04-01,ADDR_002127,70.0,2,0
BUYER_02361,standard,2025-05-22,ADDR_000846,70.0,6,0
BUYER_02362,standard,2025-09-14,ADDR_000853,70.0,4,0
BUYER_02363,standard,2025-11-01,ADDR_002673,70.0,9,1
BUYER_02364,standard,2025-12-18,ADDR_001846,70.0,30,0
BUYER_02365,standard,2025-06-14,ADDR_004912,70.0,6,1
BUYER_02366,standard,2025-06-23,ADDR_001666,70.0,18,2
BUYER_02367,standard,2025-10-06,ADDR_003819,70.0,8,1
BUYER_02368,standard,2025-05-08,ADDR_002444,70.0,4,0
BUYER_02369,standard,2025-07-23,ADDR_001983,70.0,4,1
BUYER_02370,high_return_legit,2025-09-07,ADDR_003451,70.0,16,5
BUYER_02371,standard,2025-04-07,ADDR_003191,70.0,6,0
BUYER_02372,standard,2025-04-23,ADDR_002370,70.0,21,1
BUYER_02373,standard,2025-05-20,ADDR_000273,70.0,10,0
BUYER_02374,standard,2025-08-05,ADDR_000366,70.0,10,1
BUYER_02375,standard,2025-04-20,ADDR_002963,70.0,3,0
BUYER_02376,standard,2025-03-28,ADDR_000273,70.0,6,0
BUYER_02377,standard,2025-03-06,ADDR_002998,70.0,2,0
BUYER_02378,standard,2025-10-20,ADDR_004395,70.0,11,1
BUYER_02379,standard,2025-11-14,ADDR_003906,70.0,7,1
BUYER_02380,standard,2025-11-20,ADDR_000611,70.0,21,0
BUYER_02381,standard,2025-10-24,ADDR_001354,70.0,5,0
BUYER_02382,standard,2025-03-01,ADDR_003253,70.0,9,0
BUYER_02383,high_return_legit,2025-02-13,ADDR_000907,70.0,5,2
BUYER_02384,standard,2025-07-09,ADDR_004520,70.0,15,2
BUYER_02385,standard,2025-07-17,ADDR_000445,70.0,3,0
BUYER_02386,standard,2025-09-25,ADDR_002680,70.0,8,0
BUYER_02387,abuser,2025-04-02,ADDR_002407,70.0,6,0
BUYER_02388,standard,2025-11-28,ADDR_000364,70.0,2,0
BUYER_02389,abuser,2025-05-04,ADDR_000923,70.0,4,0
BUYER_02390,standard,2025-08-05,ADDR_003536,70.0,19,3
BUYER_02391,high_return_legit,2025-11-07,ADDR_002949,70.0,16,8
BUYER_02392,high_return_legit,2025-07-17,ADDR_000803,70.0,7,1
BUYER_02393,standard,2025-10-02,ADDR_000695,70.0,22,1
BUYER_02394,standard,2025-09-30,ADDR_003297,70.0,10,0
BUYER_02395,high_return_legit,2025-10-14,ADDR_003270,70.0,13,4
BUYER_02396,standard,2025-10-21,ADDR_001983,70.0,8,1
BUYER_02397,high_return_legit,2025-06-02,ADDR_000100,70.0,4,1
BUYER_02398,standard,2025-05-23,ADDR_001149,70.0,7,0
BUYER_02399,standard,2025-10-18,ADDR_000747,70.0,20,1
BUYER_02400,standard,2025-08-05,ADDR_000274,70.0,6,0
BUYER_02401,standard,2025-08-15,ADDR_002755,70.0,1,0
BUYER_02402,standard,2025-06-09,ADDR_001943,70.0,10,0
BUYER_02403,standard,2025-03-25,ADDR_001075,70.0,5,1
BUYER_02404,standard,2025-06-24,ADDR_002942,70.0,1,0
BUYER_02405,high_return_legit,2025-12-11,ADDR_003487,70.0,6,3
BUYER_02406,standard,2025-04-27,ADDR_002504,70.0,6,0
BUYER_02407,abuser,2025-04-20,ADDR_003094,70.0,7,0
BUYER_02408,standard,2025-02-26,ADDR_000528,70.0,11,0
BUYER_02409,high_return_legit,2025-07-03,ADDR_002969,70.0,6,3
BUYER_02410,standard,2025-04-26,ADDR_001862,70.0,8,0
BUYER_02411,high_return_legit,2025-09-10,ADDR_000543,70.0,4,0
BUYER_02412,standard,2025-02-28,ADDR_003980,70.0,3,0
BUYER_02413,high_return_legit,2025-04-11,ADDR_000904,70.0,8,3
BUYER_02414,standard,2025-01-29,ADDR_003880,70.0,5,0
BUYER_02415,abuser,2025-01-21,ADDR_001808,70.0,5,0
BUYER_02416,standard,2025-10-22,ADDR_003386,70.0,4,0
BUYER_02417,high_return_legit,2025-11-20,ADDR_003500,70.0,7,3
BUYER_02418,standard,2025-10-05,ADDR_002105,70.0,3,0
BUYER_02419,standard,2025-11-07,ADDR_003300,70.0,4,0
BUYER_02420,abuser,2025-02-09,ADDR_002187,70.0,4,0
BUYER_02421,standard,2025-11-18,ADDR_003000,70.0,21,0
BUYER_02422,high_return_legit,2025-06-28,ADDR_001118,70.0,10,4
BUYER_02423,standard,2025-10-07,ADDR_003132,70.0,8,0
BUYER_02424,abuser,2025-08-17,ADDR_000678,70.0,25,1
BUYER_02425,standard,2025-05-18,ADDR_002057,70.0,3,1
BUYER_02426,standard,2025-04-18,ADDR_000078,70.0,10,1
BUYER_02427,standard,2025-02-21,ADDR_004674,70.0,17,0
BUYER_02428,standard,2025-06-09,ADDR_004257,70.0,7,0
BUYER_02429,high_return_legit,2025-07-07,ADDR_001788,70.0,6,1
BUYER_02430,standard,2025-12-15,ADDR_002456,70.0,6,2
BUYER_02431,high_return_legit,2025-01-19,ADDR_004237,70.0,9,4
BUYER_02432,standard,2025-08-09,ADDR_001056,70.0,9,1
BUYER_02433,high_return_legit,2025-07-18,ADDR_003319,70.0,6,1
BUYER_02434,high_return_legit,2025-01-12,ADDR_002619,70.0,17,6
BUYER_02435,high_return_legit,2025-05-11,ADDR_001698,70.0,17,5
BUYER_02436,standard,2025-06-13,ADDR_001278,70.0,12,2
BUYER_02437,standard,2025-07-07,ADDR_002934,70.0,2,0
BUYER_02438,abuser,2025-04-06,ADDR_002115,70.0,8,0
BUYER_02439,standard,2025-01-17,ADDR_003797,70.0,7,0
BUYER_02440,standard,2025-04-28,ADDR_003328,70.0,3,0
BUYER_02441,standard,2025-10-29,ADDR_001977,70.0,10,1
BUYER_02442,standard,2025-10-20,ADDR_004008,70.0,3,1
BUYER_02443,standard,2025-03-17,ADDR_001410,70.0,13,0
BUYER_02444,high_return_legit,2025-08-27,ADDR_003467,70.0,15,3
BUYER_02445,high_return_legit,2025-11-26,ADDR_002788,70.0,7,6
BUYER_02446,standard,2025-03-14,ADDR_004436,70.0,23,0
BUYER_02447,standard,2025-02-25,ADDR_001981,70.0,3,1
BUYER_02448,standard,2025-01-12,ADDR_001161,70.0,24,1
BUYER_02449,standard,2025-03-14,ADDR_001972,70.0,9,0
BUYER_02450,standard,2025-10-22,ADDR_003273,70.0,7,0
BUYER_02451,high_return_legit,2025-10-22,ADDR_002127,70.0,7,1
BUYER_02452,standard,2025-07-23,ADDR_004404,70.0,23,1
BUYER_02453,standard,2025-05-12,ADDR_000771,70.0,8,0
BUYER_02454,standard,2025-10-19,ADDR_001527,70.0,6,0
BUYER_02455,standard,2025-03-23,ADDR_004867,70.0,38,2
BUYER_02456,standard,2025-03-02,ADDR_003957,70.0,9,1
BUYER_02457,standard,2025-02-10,ADDR_000380,70.0,38,4
BUYER_02458,standard,2025-11-03,ADDR_004654,70.0,7,0
BUYER_02459,standard,2025-09-19,ADDR_002108,70.0,11,0
BUYER_02460,standard,2025-08-20,ADDR_000392,70.0,4,0
BUYER_02461,standard,2025-09-23,ADDR_000082,70.0,4,0
BUYER_02462,standard,2025-03-03,ADDR_000813,70.0,7,0
BUYER_02463,standard,2025-05-30,ADDR_003457,70.0,3,0
BUYER_02464,abuser,2025-10-22,ADDR_000268,70.0,5,1
BUYER_02465,high_return_legit,2025-11-24,ADDR_004474,70.0,4,0
BUYER_02466,standard,2025-07-14,ADDR_003365,70.0,5,1
BUYER_02467,high_return_legit,2025-02-23,ADDR_002871,70.0,16,3
BUYER_02468,standard,2025-12-14,ADDR_004287,70.0,6,0
BUYER_02469,high_return_legit,2025-06-03,ADDR_000884,70.0,6,2
BUYER_02470,standard,2025-05-07,ADDR_000117,70.0,4,1
BUYER_02471,standard,2025-02-22,ADDR_001933,70.0,10,1
BUYER_02472,standard,2025-01-07,ADDR_001615,70.0,9,0
BUYER_02473,standard,2025-08-13,ADDR_003160,70.0,21,1
BUYER_02474,abuser,2025-08-16,ADDR_000841,70.0,10,1
BUYER_02475,standard,2025-04-06,ADDR_001001,70.0,14,0
BUYER_02476,high_return_legit,2025-03-10,ADDR_002089,70.0,9,2
BUYER_02477,high_return_legit,2025-07-19,ADDR_000901,70.0,22,7
BUYER_02478,high_return_legit,2025-06-17,ADDR_003803,70.0,3,0
BUYER_02479,standard,2025-05-02,ADDR_004375,70.0,10,0
BUYER_02480,standard,2025-03-31,ADDR_002488,70.0,4,0
BUYER_02481,standard,2025-11-05,ADDR_001125,70.0,3,0
BUYER_02482,abuser,2025-12-15,ADDR_002565,70.0,7,0
BUYER_02483,standard,2025-05-20,ADDR_002107,70.0,4,0
BUYER_02484,standard,2025-09-14,ADDR_003014,70.0,13,1
BUYER_02485,standard,2025-11-07,ADDR_001169,70.0,9,0
BUYER_02486,standard,2025-01-14,ADDR_002552,70.0,4,0
BUYER_02487,standard,2025-11-21,ADDR_001402,70.0,4,0
BUYER_02488,high_return_legit,2025-07-09,ADDR_003406,70.0,13,5
BUYER_02489,standard,2025-07-28,ADDR_004739,70.0,8,0
BUYER_02490,standard,2025-07-23,ADDR_000529,70.0,18,0
BUYER_02491,standard,2025-04-10,ADDR_003236,70.0,5,0
BUYER_02492,standard,2025-10-11,ADDR_000112,70.0,38,2
BUYER_02493,standard,2025-09-25,ADDR_001004,70.0,5,1
BUYER_02494,high_return_legit,2025-02-12,ADDR_004092,70.0,2,0
BUYER_02495,standard,2025-07-31,ADDR_000500,70.0,8,1
BUYER_02496,standard,2025-12-07,ADDR_002370,70.0,25,3
BUYER_02497,standard,2025-11-09,ADDR_000345,70.0,5,0
BUYER_02498,high_return_legit,2025-08-21,ADDR_001477,70.0,3,1
BUYER_02499,standard,2025-03-24,ADDR_000611,70.0,2,0
BUYER_02500,high_return_legit,2025-05-17,ADDR_002248,70.0,3,0
BUYER_02501,standard,2025-03-06,ADDR_003182,70.0,6,0
BUYER_02502,standard,2025-10-24,ADDR_003346,70.0,8,0
BUYER_02503,high_return_legit,2025-10-10,ADDR_004615,70.0,9,1
BUYER_02504,high_return_legit,2025-11-22,ADDR_000602,70.0,20,5
BUYER_02505,standard,2025-01-30,ADDR_001982,70.0,4,0
BUYER_02506,standard,2025-12-09,ADDR_002591,70.0,13,1
BUYER_02507,standard,2025-12-10,ADDR_000426,70.0,7,0
BUYER_02508,standard,2025-09-06,ADDR_000548,70.0,22,1
BUYER_02509,standard,2025-11-13,ADDR_001536,70.0,9,0
BUYER_02510,abuser,2025-06-18,ADDR_004254,70.0,10,1
BUYER_02511,high_return_legit,2025-05-05,ADDR_002901,70.0,10,1
BUYER_02512,abuser,2025-03-07,ADDR_002783,70.0,5,1
BUYER_02513,high_return_legit,2025-01-16,ADDR_002727,70.0,4,0
BUYER_02514,standard,2025-01-21,ADDR_004013,70.0,7,0
BUYER_02515,standard,2025-09-12,ADDR_002697,70.0,4,1
BUYER_02516,standard,2025-05-13,ADDR_003568,70.0,22,0
BUYER_02517,standard,2025-01-26,ADDR_001531,70.0,3,0
BUYER_02518,high_return_legit,2025-02-19,ADDR_004035,70.0,9,0
BUYER_02519,high_return_legit,2025-09-03,ADDR_000160,70.0,9,5
BUYER_02520,standard,2025-12-01,ADDR_001691,70.0,5,0
BUYER_02521,standard,2025-06-07,ADDR_001238,70.0,6,0
BUYER_02522,abuser,2025-10-10,ADDR_000690,70.0,9,0
BUYER_02523,standard,2025-12-12,ADDR_002657,70.0,14,2
BUYER_02524,standard,2025-09-17,ADDR_004413,70.0,8,1
BUYER_02525,standard,2025-09-22,ADDR_000804,70.0,10,0
BUYER_02526,standard,2025-08-17,ADDR_004378,70.0,8,0
BUYER_02527,standard,2025-12-13,ADDR_004242,70.0,50,1
BUYER_02528,standard,2025-04-30,ADDR_004372,70.0,3,0
BUYER_02529,standard,2025-10-12,ADDR_000030,70.0,1,0
BUYER_02530,standard,2025-06-10,ADDR_004896,70.0,20,1
BUYER_02531,standard,2025-03-08,ADDR_002116,70.0,18,1
BUYER_02532,high_return_legit,2025-09-27,ADDR_002951,70.0,10,3
BUYER_02533,high_return_legit,2025-10-27,ADDR_002920,70.0,3,1
BUYER_02534,standard,2025-11-07,ADDR_002536,70.0,20,0
BUYER_02535,standard,2025-11-26,ADDR_002722,70.0,14,3
BUYER_02536,standard,2025-09-29,ADDR_003946,70.0,13,0
BUYER_02537,standard,2025-07-19,ADDR_001690,70.0,19,2
BUYER_02538,standard,2025-12-01,ADDR_000545,70.0,5,0
BUYER_02539,standard,2025-03-28,ADDR_002903,70.0,4,1
BUYER_02540,high_return_legit,2025-02-05,ADDR_003876,70.0,9,3
BUYER_02541,standard,2025-06-16,ADDR_000077,70.0,7,1
BUYER_02542,standard,2025-08-06,ADDR_004020,70.0,5,1
BUYER_02543,standard,2025-09-08,ADDR_003977,70.0,8,0
BUYER_02544,standard,2025-10-22,ADDR_002857,70.0,3,0
BUYER_02545,standard,2025-01-14,ADDR_004693,70.0,7,1
BUYER_02546,standard,2025-10-18,ADDR_001920,70.0,15,1
BUYER_02547,standard,2025-08-12,ADDR_000660,70.0,3,0
BUYER_02548,abuser,2025-12-05,ADDR_003248,70.0,4,0
BUYER_02549,high_return_legit,2025-05-17,ADDR_003018,70.0,4,1
BUYER_02550,standard,2025-08-18,ADDR_004529,70.0,2,0
BUYER_02551,standard,2025-10-06,ADDR_001110,70.0,9,0
BUYER_02552,standard,2025-07-15,ADDR_000781,70.0,7,0
BUYER_02553,high_return_legit,2025-03-08,ADDR_003361,70.0,4,1
BUYER_02554,standard,2025-01-24,ADDR_001539,70.0,11,0
BUYER_02555,standard,2025-02-19,ADDR_000366,70.0,5,0
BUYER_02556,abuser,2025-07-07,ADDR_001231,70.0,8,0
BUYER_02557,abuser,2025-08-25,ADDR_004751,70.0,5,0
BUYER_02558,standard,2025-08-02,ADDR_004124,70.0,9,0
BUYER_02559,standard,2025-09-19,ADDR_001540,70.0,15,0
BUYER_02560,abuser,2025-01-20,ADDR_003227,70.0,3,1
BUYER_02561,standard,2025-02-28,ADDR_002857,70.0,8,1
BUYER_02562,standard,2025-10-04,ADDR_002924,70.0,6,0
BUYER_02563,high_return_legit,2025-10-11,ADDR_001505,70.0,5,0
BUYER_02564,standard,2025-09-15,ADDR_000424,70.0,6,0
BUYER_02565,standard,2025-09-29,ADDR_003165,70.0,5,0
BUYER_02566,high_return_legit,2025-12-09,ADDR_002146,70.0,16,7
BUYER_02567,standard,2025-12-03,ADDR_004836,70.0,6,0
BUYER_02568,standard,2025-08-27,ADDR_004406,70.0,6,0
BUYER_02569,standard,2025-05-07,ADDR_000368,70.0,22,3
BUYER_02570,standard,2025-01-08,ADDR_001790,70.0,11,1
BUYER_02571,standard,2025-08-23,ADDR_002057,70.0,5,0
BUYER_02572,high_return_legit,2025-06-16,ADDR_001885,70.0,6,1
BUYER_02573,standard,2025-03-05,ADDR_003541,70.0,8,1
BUYER_02574,standard,2025-03-30,ADDR_003130,70.0,6,0
BUYER_02575,standard,2025-11-30,ADDR_000756,70.0,5,0
BUYER_02576,abuser,2025-01-31,ADDR_001795,70.0,7,1
BUYER_02577,standard,2025-10-13,ADDR_003895,70.0,4,0
BUYER_02578,high_return_legit,2025-11-19,ADDR_002003,70.0,21,4
BUYER_02579,standard,2025-09-10,ADDR_001413,70.0,17,1
BUYER_02580,standard,2025-01-29,ADDR_003828,70.0,4,0
BUYER_02581,standard,2025-11-01,ADDR_000326,70.0,13,0
BUYER_02582,standard,2025-08-30,ADDR_001448,70.0,6,0
BUYER_02583,standard,2025-04-22,ADDR_000510,70.0,3,0
BUYER_02584,standard,2025-08-22,ADDR_003005,70.0,7,0
BUYER_02585,standard,2025-02-28,ADDR_004454,70.0,12,0
BUYER_02586,high_return_legit,2025-09-17,ADDR_002189,70.0,18,4
BUYER_02587,standard,2025-11-19,ADDR_003901,70.0,7,2
BUYER_02588,standard,2025-07-17,ADDR_001394,70.0,7,0
BUYER_02589,standard,2025-12-05,ADDR_003602,70.0,13,0
BUYER_02590,standard,2025-06-18,ADDR_000884,70.0,15,0
BUYER_02591,abuser,2025-11-05,ADDR_000162,70.0,2,0
BUYER_02592,standard,2025-10-08,ADDR_000608,70.0,17,0
BUYER_02593,standard,2025-02-09,ADDR_001723,70.0,3,1
BUYER_02594,standard,2025-11-23,ADDR_002018,70.0,16,1
BUYER_02595,standard,2025-11-22,ADDR_001039,70.0,21,1
BUYER_02596,standard,2025-05-19,ADDR_004822,70.0,8,0
BUYER_02597,standard,2025-10-15,ADDR_001453,70.0,5,0
BUYER_02598,standard,2025-04-03,ADDR_003463,70.0,6,0
BUYER_02599,standard,2025-01-16,ADDR_003223,70.0,17,0
BUYER_02600,standard,2025-03-28,ADDR_000100,70.0,4,0
BUYER_02601,standard,2025-07-04,ADDR_002318,70.0,2,0
BUYER_02602,standard,2025-01-28,ADDR_001932,70.0,10,0
BUYER_02603,standard,2025-03-10,ADDR_000695,70.0,7,1
BUYER_02604,standard,2025-12-05,ADDR_001461,70.0,5,0
BUYER_02605,high_return_legit,2025-07-07,ADDR_001132,70.0,14,4
BUYER_02606,high_return_legit,2025-10-25,ADDR_004735,70.0,12,4
BUYER_02607,standard,2025-03-27,ADDR_002806,70.0,8,1
BUYER_02608,standard,2025-02-09,ADDR_002113,70.0,7,0
BUYER_02609,standard,2025-10-11,ADDR_000127,70.0,4,1
BUYER_02610,standard,2025-05-18,ADDR_003519,70.0,7,0
BUYER_02611,standard,2025-06-25,ADDR_003200,70.0,2,0
BUYER_02612,abuser,2025-12-18,ADDR_004011,70.0,3,0
BUYER_02613,high_return_legit,2025-05-06,ADDR_001489,70.0,4,3
BUYER_02614,high_return_legit,2025-06-30,ADDR_003254,70.0,10,1
BUYER_02615,standard,2025-08-24,ADDR_001791,70.0,2,0
BUYER_02616,standard,2025-02-10,ADDR_001151,70.0,6,1
BUYER_02617,standard,2025-09-20,ADDR_001108,70.0,13,1
BUYER_02618,standard,2025-06-23,ADDR_001425,70.0,7,0
BUYER_02619,abuser,2025-03-15,ADDR_001213,70.0,4,0
BUYER_02620,high_return_legit,2025-06-15,ADDR_000113,70.0,17,5
BUYER_02621,standard,2025-06-26,ADDR_004689,70.0,15,0
BUYER_02622,standard,2025-08-26,ADDR_004798,70.0,16,0
BUYER_02623,standard,2025-11-30,ADDR_004790,70.0,7,0
BUYER_02624,abuser,2025-10-06,ADDR_003056,70.0,5,0
BUYER_02625,standard,2025-05-30,ADDR_000269,70.0,3,0
BUYER_02626,high_return_legit,2025-12-11,ADDR_001999,70.0,5,0
BUYER_02627,standard,2025-10-14,ADDR_000627,70.0,6,0
BUYER_02628,standard,2025-01-15,ADDR_004557,70.0,7,2
BUYER_02629,high_return_legit,2025-02-21,ADDR_003813,70.0,16,4
BUYER_02630,standard,2025-03-31,ADDR_000760,70.0,9,2
BUYER_02631,standard,2025-02-07,ADDR_003185,70.0,8,1
BUYER_02632,standard,2025-07-04,ADDR_000208,70.0,4,1
BUYER_02633,high_return_legit,2025-05-15,ADDR_003798,70.0,4,1
BUYER_02634,standard,2025-12-12,ADDR_000669,70.0,7,0
BUYER_02635,abuser,2025-06-30,ADDR_000431,70.0,10,0
BUYER_02636,standard,2025-03-29,ADDR_004372,70.0,10,0
BUYER_02637,standard,2025-12-11,ADDR_004704,70.0,6,0
BUYER_02638,abuser,2025-07-14,ADDR_000794,70.0,6,0
BUYER_02639,abuser,2025-02-03,ADDR_000814,70.0,2,0
BUYER_02640,standard,2025-02-06,ADDR_000337,70.0,32,1
BUYER_02641,standard,2025-09-06,ADDR_004069,70.0,7,1
BUYER_02642,standard,2025-07-07,ADDR_000918,70.0,3,0
BUYER_02643,standard,2025-08-20,ADDR_001933,70.0,3,0
BUYER_02644,standard,2025-11-02,ADDR_002054,70.0,7,0
BUYER_02645,high_return_legit,2025-09-08,ADDR_001736,70.0,5,0
BUYER_02646,standard,2025-11-06,ADDR_000882,70.0,8,0
BUYER_02647,standard,2025-09-28,ADDR_001726,70.0,3,0
BUYER_02648,standard,2025-09-06,ADDR_001167,70.0,7,2
BUYER_02649,abuser,2025-02-28,ADDR_001919,70.0,18,0
BUYER_02650,high_return_legit,2025-07-03,ADDR_003988,70.0,5,2
BUYER_02651,high_return_legit,2025-06-16,ADDR_000583,70.0,4,0
BUYER_02652,standard,2025-07-23,ADDR_004751,70.0,4,1
BUYER_02653,standard,2025-06-02,ADDR_002028,70.0,4,0
BUYER_02654,standard,2025-08-19,ADDR_001439,70.0,6,1
BUYER_02655,abuser,2025-06-02,ADDR_002201,70.0,17,1
BUYER_02656,abuser,2025-07-29,ADDR_004608,70.0,15,1
BUYER_02657,standard,2025-06-03,ADDR_004005,70.0,2,0
BUYER_02658,standard,2025-11-19,ADDR_003271,70.0,6,1
BUYER_02659,standard,2025-05-26,ADDR_001090,70.0,3,0
BUYER_02660,high_return_legit,2025-09-24,ADDR_004385,70.0,6,2
BUYER_02661,abuser,2025-08-17,ADDR_003495,70.0,4,0
BUYER_02662,standard,2025-05-31,ADDR_003534,70.0,11,1
BUYER_02663,standard,2025-10-20,ADDR_004035,70.0,7,0
BUYER_02664,standard,2025-11-27,ADDR_004128,70.0,18,1
BUYER_02665,standard,2025-10-04,ADDR_002635,70.0,9,1
BUYER_02666,standard,2025-12-04,ADDR_002900,70.0,23,0
BUYER_02667,abuser,2025-06-17,ADDR_001854,70.0,8,0
BUYER_02668,standard,2025-11-23,ADDR_003582,70.0,4,0
BUYER_02669,standard,2025-11-11,ADDR_004383,70.0,22,1
BUYER_02670,standard,2025-10-05,ADDR_003666,70.0,7,1
BUYER_02671,high_return_legit,2025-10-29,ADDR_001858,70.0,2,0
BUYER_02672,abuser,2025-09-24,ADDR_001196,70.0,10,0
BUYER_02673,standard,2025-07-13,ADDR_002564,70.0,17,1
BUYER_02674,standard,2025-07-27,ADDR_003945,70.0,4,0
BUYER_02675,standard,2025-06-11,ADDR_000429,70.0,6,0
BUYER_02676,standard,2025-09-02,ADDR_003098,70.0,12,0
BUYER_02677,standard,2025-05-09,ADDR_002745,70.0,8,1
BUYER_02678,standard,2025-09-27,ADDR_002437,70.0,8,1
BUYER_02679,standard,2025-07-11,ADDR_000261,70.0,2,1
BUYER_02680,high_return_legit,2025-05-19,ADDR_000115,70.0,3,3
BUYER_02681,standard,2025-03-05,ADDR_000802,70.0,3,0
BUYER_02682,standard,2025-04-14,ADDR_004403,70.0,14,0
BUYER_02683,abuser,2025-08-25,ADDR_002266,70.0,9,0
BUYER_02684,standard,2025-05-25,ADDR_004751,70.0,7,0
BUYER_02685,standard,2025-01-17,ADDR_004479,70.0,15,0
BUYER_02686,standard,2025-05-11,ADDR_004106,70.0,24,1
BUYER_02687,standard,2025-05-24,ADDR_004663,70.0,9,1
BUYER_02688,standard,2025-04-06,ADDR_003406,70.0,3,0
BUYER_02689,standard,2025-04-25,ADDR_001636,70.0,7,0
BUYER_02690,standard,2025-09-16,ADDR_000344,70.0,2,0
BUYER_02691,standard,2025-09-30,ADDR_000306,70.0,5,0
BUYER_02692,standard,2025-12-07,ADDR_002683,70.0,7,1
BUYER_02693,high_return_legit,2025-02-21,ADDR_002290,70.0,2,1
BUYER_02694,abuser,2025-05-04,ADDR_004760,70.0,9,1
BUYER_02695,standard,2025-02-05,ADDR_003491,70.0,12,2
BUYER_02696,standard,2025-08-16,ADDR_004567,70.0,5,0
BUYER_02697,standard,2025-01-09,ADDR_001166,70.0,5,0
BUYER_02698,standard,2025-03-27,ADDR_001351,70.0,13,0
BUYER_02699,standard,2025-08-08,ADDR_000547,70.0,11,0
BUYER_02700,standard,2025-05-21,ADDR_000857,70.0,19,0
BUYER_02701,standard,2025-07-24,ADDR_003731,70.0,17,0
BUYER_02702,standard,2025-08-25,ADDR_000760,70.0,3,0
BUYER_02703,standard,2025-10-30,ADDR_002140,70.0,5,0
BUYER_02704,standard,2025-06-02,ADDR_003743,70.0,4,0
BUYER_02705,abuser,2025-04-23,ADDR_004588,70.0,6,0
BUYER_02706,standard,2025-07-22,ADDR_000795,70.0,2,0
BUYER_02707,standard,2025-02-02,ADDR_000923,70.0,7,0
BUYER_02708,standard,2025-01-21,ADDR_000319,70.0,6,0
BUYER_02709,standard,2025-06-23,ADDR_000555,70.0,12,0
BUYER_02710,high_return_legit,2025-03-31,ADDR_001932,70.0,22,9
BUYER_02711,standard,2025-01-05,ADDR_001556,70.0,24,1
BUYER_02712,standard,2025-09-07,ADDR_004786,70.0,2,0
BUYER_02713,high_return_legit,2025-10-22,ADDR_002199,70.0,9,2
BUYER_02714,high_return_legit,2025-03-05,ADDR_001525,70.0,8,4
BUYER_02715,standard,2025-07-31,ADDR_002322,70.0,3,0
BUYER_02716,abuser,2025-12-15,ADDR_003570,70.0,22,0
BUYER_02717,standard,2025-04-19,ADDR_001671,70.0,6,0
BUYER_02718,standard,2025-09-24,ADDR_004778,70.0,12,0
BUYER_02719,high_return_legit,2025-03-10,ADDR_002082,70.0,16,5
BUYER_02720,standard,2025-11-29,ADDR_003074,70.0,6,0
BUYER_02721,standard,2025-01-01,ADDR_001565,70.0,24,2
BUYER_02722,high_return_legit,2025-04-28,ADDR_002876,70.0,2,1
BUYER_02723,standard,2025-12-13,ADDR_001605,70.0,18,1
BUYER_02724,standard,2025-09-05,ADDR_004475,70.0,3,0
BUYER_02725,standard,2025-03-29,ADDR_004394,70.0,14,0
BUYER_02726,high_return_legit,2025-10-14,ADDR_003546,70.0,4,1
BUYER_02727,standard,2025-11-18,ADDR_004145,70.0,6,1
BUYER_02728,high_return_legit,2025-07-05,ADDR_000597,70.0,14,3
BUYER_02729,standard,2025-03-08,ADDR_001115,70.0,14,0
BUYER_02730,standard,2025-04-15,ADDR_002003,70.0,28,1
BUYER_02731,standard,2025-12-02,ADDR_003848,70.0,24,2
BUYER_02732,standard,2025-03-10,ADDR_000002,70.0,4,0
BUYER_02733,standard,2025-05-05,ADDR_000929,70.0,6,1
BUYER_02734,standard,2025-03-04,ADDR_001192,70.0,14,0
BUYER_02735,standard,2025-02-16,ADDR_002757,70.0,9,1
BUYER_02736,standard,2025-07-17,ADDR_004428,70.0,5,0
BUYER_02737,standard,2025-06-04,ADDR_002579,70.0,9,0
BUYER_02738,standard,2025-01-23,ADDR_002255,70.0,13,2
BUYER_02739,high_return_legit,2025-03-04,ADDR_000005,70.0,15,4
BUYER_02740,high_return_legit,2025-01-19,ADDR_004294,70.0,23,8
BUYER_02741,standard,2025-01-13,ADDR_002724,70.0,4,0
BUYER_02742,high_return_legit,2025-03-17,ADDR_001583,70.0,8,0
BUYER_02743,standard,2025-09-29,ADDR_003193,70.0,11,0
BUYER_02744,standard,2025-01-08,ADDR_004356,70.0,3,0
BUYER_02745,standard,2025-05-02,ADDR_004310,70.0,5,0
BUYER_02746,standard,2025-07-31,ADDR_004402,70.0,6,0
BUYER_02747,abuser,2025-09-29,ADDR_004829,70.0,3,0
BUYER_02748,standard,2025-09-07,ADDR_003234,70.0,3,2
BUYER_02749,standard,2025-12-17,ADDR_003031,70.0,19,0
BUYER_02750,high_return_legit,2025-04-21,ADDR_000575,70.0,3,1
BUYER_02751,standard,2025-01-01,ADDR_003130,70.0,16,2
BUYER_02752,standard,2025-01-19,ADDR_004336,70.0,12,0
BUYER_02753,standard,2025-02-13,ADDR_004024,70.0,4,0
BUYER_02754,standard,2025-12-13,ADDR_004454,70.0,13,1
BUYER_02755,standard,2025-08-02,ADDR_000841,70.0,5,0
BUYER_02756,standard,2025-10-17,ADDR_000995,70.0,6,0
BUYER_02757,high_return_legit,2025-12-16,ADDR_004248,70.0,5,2
BUYER_02758,standard,2025-10-31,ADDR_004653,70.0,5,0
BUYER_02759,standard,2025-06-07,ADDR_002604,70.0,16,0
BUYER_02760,high_return_legit,2025-11-11,ADDR_004361,70.0,9,4
BUYER_02761,standard,2025-06-16,ADDR_003376,70.0,12,0
BUYER_02762,standard,2025-02-20,ADDR_001014,70.0,10,0
BUYER_02763,standard,2025-07-26,ADDR_002508,70.0,69,2
BUYER_02764,abuser,2025-11-24,ADDR_001949,70.0,4,0
BUYER_02765,standard,2025-10-12,ADDR_001405,70.0,12,0
BUYER_02766,standard,2025-06-05,ADDR_000837,70.0,24,3
BUYER_02767,high_return_legit,2025-11-04,ADDR_000868,70.0,5,1
BUYER_02768,standard,2025-06-27,ADDR_002466,70.0,8,1
BUYER_02769,standard,2025-09-09,ADDR_002448,70.0,25,1
BUYER_02770,standard,2025-05-12,ADDR_004400,70.0,35,1
BUYER_02771,abuser,2025-03-23,ADDR_000040,70.0,23,1
BUYER_02772,abuser,2025-05-05,ADDR_004328,70.0,41,1
BUYER_02773,standard,2025-11-10,ADDR_001045,70.0,11,0
BUYER_02774,standard,2025-12-17,ADDR_000869,70.0,9,1
BUYER_02775,standard,2025-04-17,ADDR_002070,70.0,19,0
BUYER_02776,standard,2025-03-12,ADDR_002728,70.0,28,1
BUYER_02777,high_return_legit,2025-02-02,ADDR_004601,70.0,5,1
BUYER_02778,standard,2025-10-02,ADDR_002643,70.0,37,1
BUYER_02779,abuser,2025-07-19,ADDR_000719,70.0,10,0
BUYER_02780,standard,2025-07-28,ADDR_002229,70.0,4,0
BUYER_02781,standard,2025-01-22,ADDR_004556,70.0,26,2
BUYER_02782,standard,2025-02-06,ADDR_003537,70.0,7,0
BUYER_02783,high_return_legit,2025-11-23,ADDR_001077,70.0,5,1
BUYER_02784,standard,2025-08-04,ADDR_003197,70.0,15,1
BUYER_02785,standard,2025-04-01,ADDR_003631,70.0,6,0
BUYER_02786,abuser,2025-03-27,ADDR_001361,70.0,4,0
BUYER_02787,high_return_legit,2025-04-09,ADDR_002613,70.0,22,6
BUYER_02788,standard,2025-01-30,ADDR_001723,70.0,3,0
BUYER_02789,standard,2025-01-24,ADDR_000896,70.0,8,0
BUYER_02790,standard,2025-09-21,ADDR_004397,70.0,19,1
BUYER_02791,standard,2025-04-17,ADDR_001586,70.0,11,0
BUYER_02792,standard,2025-05-30,ADDR_001612,70.0,4,0
BUYER_02793,standard,2025-07-22,ADDR_001766,70.0,6,1
BUYER_02794,standard,2025-05-07,ADDR_004427,70.0,5,1
BUYER_02795,high_return_legit,2025-07-02,ADDR_003186,70.0,15,2
BUYER_02796,standard,2025-11-07,ADDR_004815,70.0,3,1
BUYER_02797,standard,2025-04-10,ADDR_003839,70.0,41,3
BUYER_02798,standard,2025-10-14,ADDR_002489,70.0,6,0
BUYER_02799,standard,2025-04-17,ADDR_004886,70.0,7,0
BUYER_02800,standard,2025-03-20,ADDR_003459,70.0,3,0
BUYER_02801,standard,2025-02-03,ADDR_004243,70.0,10,0
BUYER_02802,standard,2025-09-09,ADDR_001504,70.0,6,0
BUYER_02803,standard,2025-06-09,ADDR_003539,70.0,5,0
BUYER_02804,standard,2025-10-07,ADDR_003112,70.0,2,1
BUYER_02805,high_return_legit,2025-02-27,ADDR_002234,70.0,22,4
BUYER_02806,standard,2025-08-13,ADDR_003178,70.0,8,0
BUYER_02807,high_return_legit,2025-01-08,ADDR_003568,70.0,3,0
BUYER_02808,abuser,2025-04-06,ADDR_002037,70.0,5,1
BUYER_02809,high_return_legit,2025-08-15,ADDR_004170,70.0,14,5
BUYER_02810,abuser,2025-01-27,ADDR_000178,70.0,7,1
BUYER_02811,standard,2025-05-28,ADDR_001806,70.0,11,0
BUYER_02812,standard,2025-07-30,ADDR_001814,70.0,4,0
BUYER_02813,standard,2025-09-23,ADDR_004110,70.0,16,0
BUYER_02814,standard,2025-09-16,ADDR_002515,70.0,3,0
BUYER_02815,standard,2025-03-05,ADDR_004617,70.0,7,0
BUYER_02816,standard,2025-02-04,ADDR_003252,70.0,2,0
BUYER_02817,high_return_legit,2025-05-27,ADDR_002269,70.0,10,2
BUYER_02818,standard,2025-04-09,ADDR_003601,70.0,11,0
BUYER_02819,standard,2025-05-02,ADDR_002145,70.0,8,1
BUYER_02820,standard,2025-05-15,ADDR_000534,70.0,11,0
BUYER_02821,standard,2025-06-04,ADDR_003893,70.0,14,1
BUYER_02822,standard,2025-07-16,ADDR_001492,70.0,4,0
BUYER_02823,standard,2025-01-06,ADDR_003617,70.0,6,0
BUYER_02824,standard,2025-04-30,ADDR_002087,70.0,4,1
BUYER_02825,abuser,2025-04-17,ADDR_000671,70.0,17,0
BUYER_02826,standard,2025-04-07,ADDR_002233,70.0,2,0
BUYER_02827,standard,2025-10-13,ADDR_001988,70.0,3,0
BUYER_02828,standard,2025-04-13,ADDR_000025,70.0,4,0
BUYER_02829,standard,2025-03-06,ADDR_002697,70.0,6,0
BUYER_02830,standard,2025-11-03,ADDR_004628,70.0,21,1
BUYER_02831,abuser,2025-05-30,ADDR_004438,70.0,4,0
BUYER_02832,standard,2025-03-19,ADDR_004474,70.0,6,1
BUYER_02833,standard,2025-10-01,ADDR_004424,70.0,8,0
BUYER_02834,standard,2025-08-31,ADDR_004572,70.0,12,2
BUYER_02835,abuser,2025-12-03,ADDR_000482,70.0,7,0
BUYER_02836,standard,2025-11-11,ADDR_002121,70.0,9,1
BUYER_02837,standard,2025-09-12,ADDR_001733,70.0,8,0
BUYER_02838,standard,2025-03-10,ADDR_004125,70.0,9,0
BUYER_02839,standard,2025-07-03,ADDR_001847,70.0,9,1
BUYER_02840,standard,2025-02-22,ADDR_003507,70.0,2,0
BUYER_02841,standard,2025-07-26,ADDR_003866,70.0,9,0
BUYER_02842,abuser,2025-11-24,ADDR_002533,70.0,7,0
BUYER_02843,high_return_legit,2025-01-03,ADDR_001193,70.0,6,2
BUYER_02844,standard,2025-11-11,ADDR_000381,70.0,11,0
BUYER_02845,standard,2025-07-23,ADDR_002201,70.0,15,3
BUYER_02846,abuser,2025-03-06,ADDR_000830,70.0,20,2
BUYER_02847,abuser,2025-11-04,ADDR_003188,70.0,9,0
BUYER_02848,high_return_legit,2025-07-22,ADDR_000897,70.0,7,2
BUYER_02849,abuser,2025-06-21,ADDR_004340,70.0,9,1
BUYER_02850,standard,2025-07-09,ADDR_004434,70.0,3,0
BUYER_02851,standard,2025-03-05,ADDR_004139,70.0,6,1
BUYER_02852,standard,2025-02-19,ADDR_003293,70.0,3,0
BUYER_02853,high_return_legit,2025-09-02,ADDR_000572,70.0,33,10
BUYER_02854,standard,2025-11-12,ADDR_004866,70.0,15,1
BUYER_02855,standard,2025-09-12,ADDR_000326,70.0,10,0
BUYER_02856,standard,2025-10-30,ADDR_002803,70.0,20,1
BUYER_02857,standard,2025-11-01,ADDR_003980,70.0,19,2
BUYER_02858,standard,2025-01-17,ADDR_000419,70.0,10,1
BUYER_02859,standard,2025-10-08,ADDR_000011,70.0,16,0
BUYER_02860,standard,2025-10-08,ADDR_002364,70.0,10,0
BUYER_02861,high_return_legit,2025-05-18,ADDR_000975,70.0,19,6
BUYER_02862,standard,2025-06-08,ADDR_004477,70.0,6,0
BUYER_02863,standard,2025-09-29,ADDR_004504,70.0,9,0
BUYER_02864,standard,2025-12-16,ADDR_004461,70.0,10,1
BUYER_02865,standard,2025-12-17,ADDR_000464,70.0,14,2
BUYER_02866,abuser,2025-06-30,ADDR_001378,70.0,5,1
BUYER_02867,standard,2025-10-14,ADDR_003950,70.0,10,0
BUYER_02868,standard,2025-06-28,ADDR_000190,70.0,5,0
BUYER_02869,high_return_legit,2025-11-07,ADDR_000329,70.0,8,2
BUYER_02870,standard,2025-08-29,ADDR_002872,70.0,2,0
BUYER_02871,standard,2025-11-30,ADDR_002188,70.0,2,0
BUYER_02872,standard,2025-12-20,ADDR_003995,70.0,6,0
BUYER_02873,standard,2025-05-11,ADDR_001467,70.0,8,1
BUYER_02874,high_return_legit,2025-12-14,ADDR_002526,70.0,4,2
BUYER_02875,standard,2025-09-12,ADDR_001554,70.0,36,3
BUYER_02876,standard,2025-04-08,ADDR_000189,70.0,4,0
BUYER_02877,standard,2025-01-02,ADDR_003601,70.0,4,0
BUYER_02878,standard,2025-09-09,ADDR_003677,70.0,7,0
BUYER_02879,abuser,2025-04-02,ADDR_003286,70.0,5,2
BUYER_02880,high_return_legit,2025-04-05,ADDR_000168,70.0,9,2
BUYER_02881,standard,2025-07-27,ADDR_003447,70.0,4,1
BUYER_02882,standard,2025-01-16,ADDR_002991,70.0,13,0
BUYER_02883,standard,2025-06-10,ADDR_002182,70.0,3,0
BUYER_02884,standard,2025-10-17,ADDR_003053,70.0,4,0
BUYER_02885,high_return_legit,2025-01-14,ADDR_000548,70.0,6,3
BUYER_02886,standard,2025-08-20,ADDR_001032,70.0,4,0
BUYER_02887,standard,2025-03-09,ADDR_000638,70.0,10,0
BUYER_02888,abuser,2025-11-06,ADDR_002210,70.0,7,0
BUYER_02889,standard,2025-06-01,ADDR_004431,70.0,12,0
BUYER_02890,standard,2025-10-21,ADDR_000030,70.0,3,0
BUYER_02891,standard,2025-09-22,ADDR_002208,70.0,6,1
BUYER_02892,standard,2025-11-11,ADDR_001404,70.0,7,1
BUYER_02893,high_return_legit,2025-07-15,ADDR_004640,70.0,13,5
BUYER_02894,standard,2025-07-04,ADDR_003065,70.0,8,0
BUYER_02895,abuser,2025-01-19,ADDR_001098,70.0,11,0
BUYER_02896,abuser,2025-07-21,ADDR_001406,70.0,11,1
BUYER_02897,high_return_legit,2025-07-17,ADDR_002874,70.0,18,7
BUYER_02898,standard,2025-08-14,ADDR_000235,70.0,9,0
BUYER_02899,standard,2025-02-26,ADDR_000332,70.0,2,0
BUYER_02900,standard,2025-07-23,ADDR_003337,70.0,5,0
BUYER_02901,abuser,2025-06-23,ADDR_003971,70.0,25,2
BUYER_02902,high_return_legit,2025-08-11,ADDR_003674,70.0,6,2
BUYER_02903,standard,2025-09-01,ADDR_000850,70.0,12,0
BUYER_02904,abuser,2025-05-22,ADDR_004271,70.0,29,2
BUYER_02905,standard,2025-07-11,ADDR_001112,70.0,6,0
BUYER_02906,standard,2025-06-03,ADDR_004333,70.0,7,0
BUYER_02907,standard,2025-10-06,ADDR_001464,70.0,5,0
BUYER_02908,standard,2025-10-16,ADDR_002456,70.0,18,1
BUYER_02909,high_return_legit,2025-04-28,ADDR_004738,70.0,8,3
BUYER_02910,standard,2025-04-16,ADDR_002016,70.0,4,0
BUYER_02911,standard,2025-09-07,ADDR_003305,70.0,6,0
BUYER_02912,standard,2025-10-09,ADDR_002900,70.0,5,1
BUYER_02913,high_return_legit,2025-01-07,ADDR_000370,70.0,3,2
BUYER_02914,standard,2025-06-14,ADDR_003923,70.0,13,1
BUYER_02915,standard,2025-05-03,ADDR_001774,70.0,17,2
BUYER_02916,high_return_legit,2025-10-06,ADDR_002352,70.0,27,9
BUYER_02917,abuser,2025-03-03,ADDR_001507,70.0,6,1
BUYER_02918,standard,2025-10-10,ADDR_004926,70.0,16,0
BUYER_02919,standard,2025-09-02,ADDR_002725,70.0,44,5
BUYER_02920,abuser,2025-10-31,ADDR_003155,70.0,2,0
BUYER_02921,high_return_legit,2025-12-17,ADDR_002588,70.0,3,3
BUYER_02922,abuser,2025-07-01,ADDR_001525,70.0,4,0
BUYER_02923,standard,2025-09-14,ADDR_000995,70.0,32,2
BUYER_02924,standard,2025-09-18,ADDR_003928,70.0,11,1
BUYER_02925,standard,2025-11-01,ADDR_000470,70.0,8,0
BUYER_02926,standard,2025-07-15,ADDR_000746,70.0,7,0
BUYER_02927,standard,2025-02-17,ADDR_000814,70.0,5,0
BUYER_02928,standard,2025-12-14,ADDR_004632,70.0,4,0
BUYER_02929,high_return_legit,2025-01-27,ADDR_002854,70.0,6,0
BUYER_02930,standard,2025-12-08,ADDR_001684,70.0,3,0
BUYER_02931,standard,2025-04-14,ADDR_000984,70.0,12,1
BUYER_02932,standard,2025-07-07,ADDR_003390,70.0,9,1
BUYER_02933,standard,2025-12-05,ADDR_004231,70.0,10,1
BUYER_02934,standard,2025-09-07,ADDR_003095,70.0,30,1
BUYER_02935,standard,2025-08-07,ADDR_003744,70.0,18,0
BUYER_02936,abuser,2025-05-10,ADDR_000474,70.0,13,3
BUYER_02937,standard,2025-04-28,ADDR_003363,70.0,13,0
BUYER_02938,standard,2025-01-17,ADDR_003572,70.0,7,0
BUYER_02939,standard,2025-08-07,ADDR_001371,70.0,19,1
BUYER_02940,standard,2025-06-15,ADDR_001543,70.0,10,0
BUYER_02941,standard,2025-04-03,ADDR_002930,70.0,6,0
BUYER_02942,standard,2025-05-30,ADDR_001886,70.0,8,0
BUYER_02943,standard,2025-12-02,ADDR_004607,70.0,10,1
BUYER_02944,standard,2025-11-02,ADDR_000477,70.0,5,0
BUYER_02945,standard,2025-06-15,ADDR_000836,70.0,15,1
BUYER_02946,standard,2025-12-14,ADDR_004009,70.0,54,5
BUYER_02947,standard,2025-06-26,ADDR_003371,70.0,4,0
BUYER_02948,standard,2025-05-18,ADDR_004258,70.0,5,0
BUYER_02949,standard,2025-05-31,ADDR_000117,70.0,7,1
BUYER_02950,standard,2025-11-10,ADDR_000664,70.0,9,0
BUYER_02951,abuser,2025-04-19,ADDR_004142,70.0,5,0
BUYER_02952,standard,2025-04-02,ADDR_004022,70.0,18,1
BUYER_02953,standard,2025-12-08,ADDR_004087,70.0,7,0
BUYER_02954,standard,2025-09-26,ADDR_004445,70.0,17,0
BUYER_02955,high_return_legit,2025-10-05,ADDR_001141,70.0,14,7
BUYER_02956,high_return_legit,2025-09-28,ADDR_000481,70.0,6,2
BUYER_02957,standard,2025-09-09,ADDR_001834,70.0,12,1
BUYER_02958,standard,2025-02-11,ADDR_004937,70.0,42,1
BUYER_02959,standard,2025-10-02,ADDR_002557,70.0,6,2
BUYER_02960,standard,2025-04-12,ADDR_004048,70.0,5,0
BUYER_02961,standard,2025-02-27,ADDR_003680,70.0,37,2
BUYER_02962,high_return_legit,2025-12-15,ADDR_004169,70.0,7,3
BUYER_02963,standard,2025-01-15,ADDR_000605,70.0,4,1
BUYER_02964,standard,2025-01-16,ADDR_002763,70.0,2,1
BUYER_02965,standard,2025-05-04,ADDR_003687,70.0,12,1
BUYER_02966,standard,2025-10-31,ADDR_004738,70.0,9,0
BUYER_02967,abuser,2025-12-13,ADDR_003005,70.0,2,0
BUYER_02968,abuser,2025-02-21,ADDR_001673,70.0,9,2
BUYER_02969,standard,2025-06-03,ADDR_004505,70.0,2,0
BUYER_02970,standard,2025-09-26,ADDR_001786,70.0,12,0
BUYER_02971,standard,2025-08-27,ADDR_003134,70.0,19,0
BUYER_02972,standard,2025-04-06,ADDR_004159,70.0,9,2
BUYER_02973,standard,2025-05-11,ADDR_002625,70.0,22,1
BUYER_02974,standard,2025-08-10,ADDR_003517,70.0,2,0
BUYER_02975,standard,2025-01-18,ADDR_001826,70.0,2,0
BUYER_02976,standard,2025-10-03,ADDR_002972,70.0,15,3
BUYER_02977,standard,2025-04-21,ADDR_002079,70.0,3,0
BUYER_02978,standard,2025-10-26,ADDR_003189,70.0,7,1
BUYER_02979,standard,2025-09-09,ADDR_001985,70.0,27,2
BUYER_02980,standard,2025-08-27,ADDR_003379,70.0,12,1
BUYER_02981,standard,2025-10-06,ADDR_000403,70.0,6,0
BUYER_02982,standard,2025-02-04,ADDR_000236,70.0,7,0
BUYER_02983,standard,2025-04-16,ADDR_002350,70.0,17,0
BUYER_02984,standard,2025-07-17,ADDR_001107,70.0,4,0
BUYER_02985,standard,2025-10-10,ADDR_003617,70.0,10,3
BUYER_02986,standard,2025-11-02,ADDR_000897,70.0,8,1
BUYER_02987,standard,2025-05-29,ADDR_002472,70.0,9,1
BUYER_02988,standard,2025-10-15,ADDR_000875,70.0,7,2
BUYER_02989,standard,2025-04-01,ADDR_002267,70.0,4,0
BUYER_02990,standard,2025-02-07,ADDR_004172,70.0,3,1
BUYER_02991,standard,2025-04-11,ADDR_000008,70.0,16,1
BUYER_02992,standard,2025-11-19,ADDR_001952,70.0,6,0
BUYER_02993,standard,2025-07-24,ADDR_004663,70.0,16,0
BUYER_02994,high_return_legit,2025-07-03,ADDR_001317,70.0,12,1
BUYER_02995,high_return_legit,2025-09-29,ADDR_004178,70.0,2,1
BUYER_02996,standard,2025-01-06,ADDR_000442,70.0,11,0
BUYER_02997,standard,2025-02-21,ADDR_002064,70.0,6,0
BUYER_02998,high_return_legit,2025-02-14,ADDR_002444,70.0,13,5
BUYER_02999,abuser,2025-02-23,ADDR_000964,70.0,4,0
BUYER_03000,high_return_legit,2025-06-23,ADDR_000050,70.0,14,0
BUYER_03001,standard,2025-04-23,ADDR_003635,70.0,28,0
BUYER_03002,abuser,2025-10-12,ADDR_000234,70.0,2,0
BUYER_03003,standard,2025-10-30,ADDR_001488,70.0,7,0
BUYER_03004,standard,2025-11-26,ADDR_004019,70.0,9,0
BUYER_03005,standard,2025-03-23,ADDR_004414,70.0,14,0
BUYER_03006,standard,2025-07-10,ADDR_000646,70.0,14,0
BUYER_03007,standard,2025-01-24,ADDR_002459,70.0,5,0
BUYER_03008,abuser,2025-04-08,ADDR_003927,70.0,9,3
BUYER_03009,high_return_legit,2025-08-17,ADDR_000858,70.0,14,3
BUYER_03010,standard,2025-06-12,ADDR_001734,70.0,4,0
BUYER_03011,abuser,2025-09-11,ADDR_002688,70.0,8,0
BUYER_03012,standard,2025-10-30,ADDR_003841,70.0,6,0
BUYER_03013,standard,2025-01-28,ADDR_000199,70.0,8,0
BUYER_03014,standard,2025-12-01,ADDR_000249,70.0,2,0
BUYER_03015,standard,2025-01-21,ADDR_000527,70.0,12,0
BUYER_03016,high_return_legit,2025-12-15,ADDR_001689,70.0,7,3
BUYER_03017,standard,2025-08-25,ADDR_001376,70.0,13,0
BUYER_03018,standard,2025-01-21,ADDR_002382,70.0,15,0
BUYER_03019,standard,2025-06-02,ADDR_000662,70.0,14,0
BUYER_03020,standard,2025-04-15,ADDR_003097,70.0,14,4
BUYER_03021,high_return_legit,2025-10-17,ADDR_001592,70.0,14,3
BUYER_03022,standard,2025-04-03,ADDR_004139,70.0,23,2
BUYER_03023,high_return_legit,2025-10-26,ADDR_004782,70.0,6,0
BUYER_03024,standard,2025-05-05,ADDR_001210,70.0,2,0
BUYER_03025,high_return_legit,2025-12-17,ADDR_004258,70.0,8,1
BUYER_03026,standard,2025-04-20,ADDR_003261,70.0,8,0
BUYER_03027,standard,2025-09-09,ADDR_000237,70.0,14,0
BUYER_03028,standard,2025-10-17,ADDR_000751,70.0,10,1
BUYER_03029,standard,2025-03-31,ADDR_000240,70.0,6,2
BUYER_03030,standard,2025-02-04,ADDR_003936,70.0,16,1
BUYER_03031,high_return_legit,2025-07-27,ADDR_003106,70.0,7,2
BUYER_03032,standard,2025-09-07,ADDR_004619,70.0,3,0
BUYER_03033,high_return_legit,2025-10-23,ADDR_001624,70.0,2,1
BUYER_03034,standard,2025-04-20,ADDR_002822,70.0,5,0
BUYER_03035,high_return_legit,2025-11-10,ADDR_002271,70.0,36,10
BUYER_03036,standard,2025-11-24,ADDR_000395,70.0,8,0
BUYER_03037,abuser,2025-10-10,ADDR_000715,70.0,5,1
BUYER_03038,abuser,2025-01-05,ADDR_003898,70.0,8,1
BUYER_03039,standard,2025-02-09,ADDR_001875,70.0,2,0
BUYER_03040,standard,2025-12-20,ADDR_004357,70.0,24,1
BUYER_03041,standard,2025-09-25,ADDR_002543,70.0,3,0
BUYER_03042,standard,2025-08-21,ADDR_003208,70.0,4,0
BUYER_03043,standard,2025-11-19,ADDR_004128,70.0,6,0
BUYER_03044,standard,2025-01-20,ADDR_002282,70.0,20,0
BUYER_03045,high_return_legit,2025-10-03,ADDR_001583,70.0,17,2
BUYER_03046,standard,2025-08-30,ADDR_002244,70.0,12,0
BUYER_03047,standard,2025-11-02,ADDR_004111,70.0,11,1
BUYER_03048,standard,2025-10-10,ADDR_001483,70.0,2,0
BUYER_03049,standard,2025-07-04,ADDR_004074,70.0,22,0
BUYER_03050,standard,2025-02-02,ADDR_004909,70.0,11,0
BUYER_03051,abuser,2025-11-22,ADDR_000959,70.0,5,0
BUYER_03052,abuser,2025-10-05,ADDR_004197,70.0,4,0
BUYER_03053,high_return_legit,2025-05-20,ADDR_002833,70.0,11,2
BUYER_03054,standard,2025-12-15,ADDR_004391,70.0,3,0
BUYER_03055,standard,2025-05-04,ADDR_004410,70.0,6,1
BUYER_03056,standard,2025-05-25,ADDR_004231,70.0,30,2
BUYER_03057,high_return_legit,2025-12-12,ADDR_001726,70.0,5,0
BUYER_03058,standard,2025-09-04,ADDR_004617,70.0,9,0
BUYER_03059,high_return_legit,2025-11-12,ADDR_002741,70.0,7,3
BUYER_03060,standard,2025-11-15,ADDR_000319,70.0,20,1
BUYER_03061,high_return_legit,2025-07-22,ADDR_004204,70.0,5,0
BUYER_03062,standard,2025-04-18,ADDR_004497,70.0,16,1
BUYER_03063,standard,2025-11-02,ADDR_001500,70.0,17,1
BUYER_03064,standard,2025-07-10,ADDR_001230,70.0,12,0
BUYER_03065,standard,2025-07-31,ADDR_002851,70.0,7,0
BUYER_03066,standard,2025-07-23,ADDR_001777,70.0,15,0
BUYER_03067,standard,2025-01-06,ADDR_003163,70.0,5,0
BUYER_03068,standard,2025-01-23,ADDR_001834,70.0,2,0
BUYER_03069,high_return_legit,2025-08-18,ADDR_001077,70.0,12,3
BUYER_03070,standard,2025-10-15,ADDR_001150,70.0,4,0
BUYER_03071,high_return_legit,2025-06-24,ADDR_003255,70.0,8,1
BUYER_03072,standard,2025-03-21,ADDR_002170,70.0,10,2
BUYER_03073,high_return_legit,2025-06-07,ADDR_000075,70.0,22,4
BUYER_03074,standard,2025-10-07,ADDR_002502,70.0,3,0
BUYER_03075,standard,2025-02-18,ADDR_003899,70.0,19,1
BUYER_03076,standard,2025-07-30,ADDR_000735,70.0,10,0
BUYER_03077,standard,2025-09-15,ADDR_001208,70.0,6,0
BUYER_03078,standard,2025-06-10,ADDR_004197,70.0,6,0
BUYER_03079,standard,2025-08-12,ADDR_004589,70.0,8,1
BUYER_03080,standard,2025-11-13,ADDR_001666,70.0,16,3
BUYER_03081,abuser,2025-03-29,ADDR_004295,70.0,11,0
BUYER_03082,high_return_legit,2025-02-28,ADDR_003339,70.0,4,0
BUYER_03083,standard,2025-01-29,ADDR_004910,70.0,3,0
BUYER_03084,standard,2025-09-23,ADDR_002874,70.0,8,0
BUYER_03085,abuser,2025-11-19,ADDR_001568,70.0,3,0
BUYER_03086,high_return_legit,2025-09-11,ADDR_003544,70.0,33,8
BUYER_03087,standard,2025-12-13,ADDR_000447,70.0,27,0
BUYER_03088,standard,2025-09-17,ADDR_003880,70.0,7,0
BUYER_03089,high_return_legit,2025-04-26,ADDR_001158,70.0,13,1
BUYER_03090,high_return_legit,2025-04-14,ADDR_003301,70.0,2,1
BUYER_03091,standard,2025-09-03,ADDR_002871,70.0,55,3
BUYER_03092,standard,2025-09-06,ADDR_001194,70.0,4,0
BUYER_03093,abuser,2025-07-17,ADDR_000217,70.0,3,0
BUYER_03094,high_return_legit,2025-07-18,ADDR_002485,70.0,61,19
BUYER_03095,standard,2025-06-10,ADDR_003796,70.0,7,1
BUYER_03096,abuser,2025-05-18,ADDR_002309,70.0,15,0
BUYER_03097,standard,2025-08-23,ADDR_000287,70.0,4,0
BUYER_03098,standard,2025-09-30,ADDR_000366,70.0,9,0
BUYER_03099,standard,2025-10-21,ADDR_003289,70.0,14,0
BUYER_03100,standard,2025-05-03,ADDR_004427,70.0,12,0
BUYER_03101,standard,2025-11-05,ADDR_002154,70.0,9,1
BUYER_03102,standard,2025-05-01,ADDR_000452,70.0,9,0
BUYER_03103,standard,2025-05-02,ADDR_000846,70.0,11,2
BUYER_03104,abuser,2025-10-19,ADDR_002133,70.0,13,0
BUYER_03105,abuser,2025-12-11,ADDR_003481,70.0,26,4
BUYER_03106,standard,2025-11-29,ADDR_000157,70.0,6,0
BUYER_03107,abuser,2025-02-18,ADDR_001284,70.0,7,0
BUYER_03108,standard,2025-04-26,ADDR_003528,70.0,5,0
BUYER_03109,standard,2025-10-04,ADDR_003126,70.0,7,0
BUYER_03110,standard,2025-10-19,ADDR_001423,70.0,7,1
BUYER_03111,standard,2025-07-11,ADDR_003445,70.0,11,0
BUYER_03112,standard,2025-01-09,ADDR_004478,70.0,7,1
BUYER_03113,standard,2025-07-10,ADDR_004455,70.0,37,1
BUYER_03114,high_return_legit,2025-01-16,ADDR_004078,70.0,14,5
BUYER_03115,standard,2025-04-24,ADDR_001579,70.0,11,0
BUYER_03116,standard,2025-08-31,ADDR_000123,70.0,15,1
BUYER_03117,standard,2025-02-28,ADDR_001934,70.0,8,1
BUYER_03118,high_return_legit,2025-09-18,ADDR_000108,70.0,25,6
BUYER_03119,abuser,2025-08-19,ADDR_002822,70.0,4,1
BUYER_03120,abuser,2025-06-15,ADDR_002985,70.0,4,0
BUYER_03121,standard,2025-05-26,ADDR_001691,70.0,12,0
BUYER_03122,standard,2025-11-23,ADDR_000740,70.0,10,2
BUYER_03123,standard,2025-07-27,ADDR_002597,70.0,7,0
BUYER_03124,standard,2025-11-15,ADDR_000070,70.0,4,0
BUYER_03125,standard,2025-06-09,ADDR_001367,70.0,5,1
BUYER_03126,standard,2025-08-10,ADDR_004790,70.0,36,5
BUYER_03127,standard,2025-12-06,ADDR_004525,70.0,14,1
BUYER_03128,standard,2025-02-24,ADDR_003132,70.0,1,1
BUYER_03129,standard,2025-04-17,ADDR_001851,70.0,13,1
BUYER_03130,abuser,2025-11-24,ADDR_000053,70.0,16,0
BUYER_03131,high_return_legit,2025-06-12,ADDR_003217,70.0,16,5
BUYER_03132,high_return_legit,2025-04-20,ADDR_002428,70.0,6,2
BUYER_03133,standard,2025-12-20,ADDR_003531,70.0,11,0
BUYER_03134,standard,2025-02-15,ADDR_000779,70.0,20,1
BUYER_03135,standard,2025-08-16,ADDR_004110,70.0,10,0
BUYER_03136,standard,2025-10-13,ADDR_003554,70.0,6,1
BUYER_03137,standard,2025-10-13,ADDR_002119,70.0,8,0
BUYER_03138,standard,2025-06-19,ADDR_000141,70.0,14,0
BUYER_03139,standard,2025-01-22,ADDR_000891,70.0,4,0
BUYER_03140,abuser,2025-10-30,ADDR_001836,70.0,14,0
BUYER_03141,standard,2025-10-18,ADDR_003766,70.0,4,0
BUYER_03142,standard,2025-04-08,ADDR_003284,70.0,8,0
BUYER_03143,standard,2025-05-15,ADDR_000089,70.0,5,0
BUYER_03144,standard,2025-07-13,ADDR_004855,70.0,9,0
BUYER_03145,high_return_legit,2025-02-20,ADDR_001194,70.0,4,1
BUYER_03146,standard,2025-10-24,ADDR_002933,70.0,6,0
BUYER_03147,standard,2025-11-26,ADDR_004242,70.0,8,0
BUYER_03148,standard,2025-05-03,ADDR_003563,70.0,4,0
BUYER_03149,standard,2025-11-26,ADDR_001330,70.0,4,0
BUYER_03150,abuser,2025-10-17,ADDR_002366,70.0,21,3
BUYER_03151,standard,2025-09-23,ADDR_003407,70.0,12,0
BUYER_03152,standard,2025-12-11,ADDR_004041,70.0,8,0
BUYER_03153,high_return_legit,2025-05-09,ADDR_001845,70.0,9,2
BUYER_03154,standard,2025-11-24,ADDR_001060,70.0,6,1
BUYER_03155,standard,2025-02-13,ADDR_000072,70.0,12,0
BUYER_03156,standard,2025-07-02,ADDR_004233,70.0,10,0
BUYER_03157,abuser,2025-07-27,ADDR_001420,70.0,5,0
BUYER_03158,abuser,2025-02-23,ADDR_004704,70.0,7,1
BUYER_03159,standard,2025-09-27,ADDR_003700,70.0,8,1
BUYER_03160,high_return_legit,2025-07-01,ADDR_001054,70.0,9,2
BUYER_03161,standard,2025-06-24,ADDR_001189,70.0,2,0
BUYER_03162,standard,2025-08-06,ADDR_001201,70.0,13,1
BUYER_03163,standard,2025-02-28,ADDR_002268,70.0,7,1
BUYER_03164,high_return_legit,2025-03-25,ADDR_004770,70.0,12,3
BUYER_03165,standard,2025-03-17,ADDR_003420,70.0,6,0
BUYER_03166,standard,2025-12-05,ADDR_001230,70.0,3,1
BUYER_03167,standard,2025-10-08,ADDR_003650,70.0,3,0
BUYER_03168,standard,2025-07-19,ADDR_004134,70.0,2,0
BUYER_03169,standard,2025-09-01,ADDR_001997,70.0,4,1
BUYER_03170,abuser,2025-08-29,ADDR_004170,70.0,10,0
BUYER_03171,standard,2025-04-17,ADDR_000090,70.0,24,1
BUYER_03172,standard,2025-02-09,ADDR_001538,70.0,7,1
BUYER_03173,standard,2025-07-28,ADDR_000840,70.0,3,0
BUYER_03174,abuser,2025-04-17,ADDR_000884,70.0,9,0
BUYER_03175,standard,2025-11-10,ADDR_001003,70.0,7,0
BUYER_03176,standard,2025-04-07,ADDR_001814,70.0,11,0
BUYER_03177,standard,2025-08-03,ADDR_003587,70.0,3,0
BUYER_03178,standard,2025-06-12,ADDR_003957,70.0,9,0
BUYER_03179,standard,2025-09-28,ADDR_002183,70.0,5,1
BUYER_03180,standard,2025-12-05,ADDR_002460,70.0,15,0
BUYER_03181,high_return_legit,2025-06-09,ADDR_004787,70.0,5,2
BUYER_03182,standard,2025-01-22,ADDR_003647,70.0,9,0
BUYER_03183,standard,2025-09-02,ADDR_002985,70.0,10,0
BUYER_03184,abuser,2025-02-26,ADDR_002716,70.0,20,2
BUYER_03185,standard,2025-02-16,ADDR_004030,70.0,6,0
BUYER_03186,abuser,2025-09-02,ADDR_003987,70.0,6,1
BUYER_03187,standard,2025-02-15,ADDR_003981,70.0,4,1
BUYER_03188,standard,2025-02-25,ADDR_000514,70.0,2,0
BUYER_03189,standard,2025-06-18,ADDR_000426,70.0,9,1
BUYER_03190,standard,2025-06-23,ADDR_002173,70.0,12,0
BUYER_03191,standard,2025-11-23,ADDR_000281,70.0,16,0
BUYER_03192,high_return_legit,2025-04-22,ADDR_000079,70.0,11,3
BUYER_03193,standard,2025-06-05,ADDR_000647,70.0,52,5
BUYER_03194,standard,2025-09-17,ADDR_000597,70.0,24,0
BUYER_03195,standard,2025-10-26,ADDR_001612,70.0,13,0
BUYER_03196,standard,2025-05-18,ADDR_001640,70.0,12,0
BUYER_03197,abuser,2025-08-22,ADDR_004056,70.0,14,1
BUYER_03198,standard,2025-08-20,ADDR_004462,70.0,4,1
BUYER_03199,standard,2025-05-01,ADDR_000842,70.0,10,0
BUYER_03200,standard,2025-02-21,ADDR_001881,70.0,6,0
BUYER_03201,high_return_legit,2025-09-09,ADDR_002515,70.0,7,1
BUYER_03202,high_return_legit,2025-04-19,ADDR_001353,70.0,8,1
BUYER_03203,standard,2025-05-07,ADDR_001637,70.0,10,0
BUYER_03204,standard,2025-08-03,ADDR_003320,70.0,5,0
BUYER_03205,abuser,2025-03-10,ADDR_002105,70.0,4,0
BUYER_03206,standard,2025-04-09,ADDR_003482,70.0,4,0
BUYER_03207,standard,2025-06-21,ADDR_000370,70.0,16,0
BUYER_03208,standard,2025-11-12,ADDR_002382,70.0,6,0
BUYER_03209,standard,2025-10-08,ADDR_001537,70.0,4,0
BUYER_03210,standard,2025-05-07,ADDR_001428,70.0,17,1
BUYER_03211,standard,2025-05-01,ADDR_002318,70.0,10,0
BUYER_03212,standard,2025-12-16,ADDR_000575,70.0,9,0
BUYER_03213,standard,2025-08-30,ADDR_003753,70.0,9,0
BUYER_03214,standard,2025-09-10,ADDR_000918,70.0,2,0
BUYER_03215,standard,2025-01-27,ADDR_004420,70.0,4,0
BUYER_03216,high_return_legit,2025-02-16,ADDR_001794,70.0,3,2
BUYER_03217,standard,2025-04-28,ADDR_002608,70.0,4,0
BUYER_03218,abuser,2025-10-31,ADDR_000832,70.0,9,0
BUYER_03219,high_return_legit,2025-11-22,ADDR_004550,70.0,48,9
BUYER_03220,standard,2025-03-21,ADDR_003182,70.0,19,0
BUYER_03221,high_return_legit,2025-09-19,ADDR_003810,70.0,22,5
BUYER_03222,standard,2025-11-10,ADDR_004428,70.0,3,1
BUYER_03223,standard,2025-11-12,ADDR_004928,70.0,16,1
BUYER_03224,standard,2025-06-25,ADDR_001258,70.0,8,0
BUYER_03225,standard,2025-04-15,ADDR_001628,70.0,4,0
BUYER_03226,standard,2025-12-07,ADDR_001198,70.0,5,0
BUYER_03227,high_return_legit,2025-04-22,ADDR_002482,70.0,13,2
BUYER_03228,standard,2025-04-13,ADDR_004445,70.0,72,5
BUYER_03229,standard,2025-03-27,ADDR_003654,70.0,8,1
BUYER_03230,high_return_legit,2025-07-20,ADDR_002811,70.0,7,2
BUYER_03231,standard,2025-02-17,ADDR_002344,70.0,17,1
BUYER_03232,abuser,2025-08-02,ADDR_003612,70.0,5,1
BUYER_03233,standard,2025-12-03,ADDR_002313,70.0,16,0
BUYER_03234,standard,2025-07-11,ADDR_004401,70.0,17,1
BUYER_03235,standard,2025-12-09,ADDR_002768,70.0,23,1
BUYER_03236,standard,2025-11-20,ADDR_003291,70.0,9,1
BUYER_03237,standard,2025-10-15,ADDR_003362,70.0,6,0
BUYER_03238,abuser,2025-08-15,ADDR_003675,70.0,3,0
BUYER_03239,abuser,2025-11-12,ADDR_002366,70.0,30,4
BUYER_03240,standard,2025-07-28,ADDR_001915,70.0,1,0
BUYER_03241,standard,2025-03-27,ADDR_002053,70.0,10,0
BUYER_03242,standard,2025-11-27,ADDR_004643,70.0,10,1
BUYER_03243,standard,2025-07-10,ADDR_000543,70.0,7,1
BUYER_03244,standard,2025-11-21,ADDR_003484,70.0,19,2
BUYER_03245,standard,2025-06-02,ADDR_004754,70.0,41,2
BUYER_03246,abuser,2025-05-13,ADDR_000354,70.0,9,0
BUYER_03247,standard,2025-10-06,ADDR_003058,70.0,15,3
BUYER_03248,high_return_legit,2025-08-24,ADDR_002946,70.0,15,8
BUYER_03249,standard,2025-06-18,ADDR_001654,70.0,8,0
BUYER_03250,abuser,2025-11-12,ADDR_000468,70.0,9,0
BUYER_03251,high_return_legit,2025-07-15,ADDR_004820,70.0,10,0
BUYER_03252,high_return_legit,2025-01-08,ADDR_002584,70.0,5,3
BUYER_03253,high_return_legit,2025-09-12,ADDR_003720,70.0,14,5
BUYER_03254,standard,2025-01-30,ADDR_000438,70.0,15,1
BUYER_03255,standard,2025-07-03,ADDR_004626,70.0,7,0
BUYER_03256,standard,2025-03-22,ADDR_003104,70.0,20,3
BUYER_03257,high_return_legit,2025-04-09,ADDR_001710,70.0,3,0
BUYER_03258,standard,2025-12-14,ADDR_002259,70.0,3,1
BUYER_03259,standard,2025-02-19,ADDR_002272,70.0,25,0
BUYER_03260,standard,2025-10-03,ADDR_002737,70.0,4,1
BUYER_03261,abuser,2025-08-25,ADDR_002421,70.0,17,0
BUYER_03262,standard,2025-03-23,ADDR_003212,70.0,4,0
BUYER_03263,standard,2025-11-30,ADDR_001546,70.0,12,0
BUYER_03264,standard,2025-03-25,ADDR_001239,70.0,10,4
BUYER_03265,standard,2025-07-15,ADDR_003718,70.0,7,0
BUYER_03266,standard,2025-10-14,ADDR_001581,70.0,8,0
BUYER_03267,standard,2025-10-05,ADDR_003248,70.0,7,0
BUYER_03268,standard,2025-05-07,ADDR_000144,70.0,2,0
BUYER_03269,abuser,2025-10-30,ADDR_000050,70.0,13,0
BUYER_03270,standard,2025-12-08,ADDR_002803,70.0,4,1
BUYER_03271,high_return_legit,2025-06-30,ADDR_003189,70.0,21,4
BUYER_03272,standard,2025-08-29,ADDR_004572,70.0,15,0
BUYER_03273,standard,2025-05-23,ADDR_003003,70.0,4,0
BUYER_03274,abuser,2025-05-20,ADDR_001741,70.0,17,1
BUYER_03275,standard,2025-06-29,ADDR_003179,70.0,7,0
BUYER_03276,standard,2025-03-24,ADDR_002929,70.0,2,0
BUYER_03277,standard,2025-09-11,ADDR_003668,70.0,13,0
BUYER_03278,standard,2025-03-12,ADDR_001692,70.0,6,1
BUYER_03279,high_return_legit,2025-01-04,ADDR_000480,70.0,5,1
BUYER_03280,standard,2025-06-18,ADDR_003553,70.0,10,1
BUYER_03281,standard,2025-02-04,ADDR_003984,70.0,15,0
BUYER_03282,standard,2025-07-30,ADDR_001625,70.0,7,1
BUYER_03283,standard,2025-07-16,ADDR_001997,70.0,9,0
BUYER_03284,standard,2025-03-01,ADDR_002052,70.0,2,0
BUYER_03285,standard,2025-04-11,ADDR_001849,70.0,7,0
BUYER_03286,standard,2025-01-13,ADDR_004349,70.0,6,0
BUYER_03287,standard,2025-08-10,ADDR_001614,70.0,7,0
BUYER_03288,standard,2025-04-28,ADDR_002166,70.0,15,1
BUYER_03289,standard,2025-09-19,ADDR_003118,70.0,12,1
BUYER_03290,standard,2025-08-22,ADDR_001247,70.0,17,3
BUYER_03291,high_return_legit,2025-05-26,ADDR_000875,70.0,4,2
BUYER_03292,standard,2025-01-12,ADDR_002589,70.0,4,0
BUYER_03293,standard,2025-05-08,ADDR_000842,70.0,13,0
BUYER_03294,standard,2025-05-09,ADDR_000920,70.0,5,0
BUYER_03295,standard,2025-05-12,ADDR_000134,70.0,18,1
BUYER_03296,standard,2025-12-06,ADDR_002881,70.0,3,0
BUYER_03297,standard,2025-03-11,ADDR_003963,70.0,9,2
BUYER_03298,high_return_legit,2025-04-19,ADDR_004907,70.0,9,4
BUYER_03299,standard,2025-10-28,ADDR_003266,70.0,1,0
BUYER_03300,standard,2025-11-27,ADDR_004797,70.0,8,0
BUYER_03301,standard,2025-06-28,ADDR_004891,70.0,18,2
BUYER_03302,standard,2025-07-23,ADDR_003038,70.0,9,0
BUYER_03303,standard,2025-01-26,ADDR_001856,70.0,10,2
BUYER_03304,standard,2025-10-20,ADDR_004387,70.0,10,2
BUYER_03305,standard,2025-08-10,ADDR_003131,70.0,7,0
BUYER_03306,high_return_legit,2025-07-02,ADDR_004035,70.0,9,4
BUYER_03307,high_return_legit,2025-05-01,ADDR_001120,70.0,4,0
BUYER_03308,standard,2025-06-20,ADDR_004705,70.0,12,0
BUYER_03309,standard,2025-09-26,ADDR_002124,70.0,8,0
BUYER_03310,standard,2025-02-06,ADDR_004321,70.0,5,0
BUYER_03311,standard,2025-07-12,ADDR_001857,70.0,5,2
BUYER_03312,standard,2025-01-18,ADDR_004454,70.0,7,1
BUYER_03313,standard,2025-10-08,ADDR_003330,70.0,8,0
BUYER_03314,standard,2025-03-29,ADDR_001136,70.0,3,0
BUYER_03315,high_return_legit,2025-11-20,ADDR_000734,70.0,5,1
BUYER_03316,standard,2025-07-01,ADDR_000782,70.0,51,4
BUYER_03317,standard,2025-06-25,ADDR_001854,70.0,12,0
BUYER_03318,standard,2025-05-22,ADDR_000217,70.0,5,1
BUYER_03319,standard,2025-07-15,ADDR_001204,70.0,5,1
BUYER_03320,standard,2025-05-14,ADDR_003263,70.0,4,0
BUYER_03321,standard,2025-05-22,ADDR_003685,70.0,6,0
BUYER_03322,standard,2025-03-23,ADDR_004620,70.0,8,1
BUYER_03323,standard,2025-05-16,ADDR_003961,70.0,11,0
BUYER_03324,high_return_legit,2025-10-21,ADDR_004919,70.0,24,6
BUYER_03325,high_return_legit,2025-04-11,ADDR_002988,70.0,13,7
BUYER_03326,standard,2025-10-24,ADDR_001429,70.0,2,0
BUYER_03327,standard,2025-11-06,ADDR_003834,70.0,3,0
BUYER_03328,high_return_legit,2025-09-03,ADDR_004113,70.0,2,0
BUYER_03329,standard,2025-01-16,ADDR_003358,70.0,5,1
BUYER_03330,standard,2025-07-30,ADDR_002533,70.0,9,1
BUYER_03331,standard,2025-10-28,ADDR_004524,70.0,8,1
BUYER_03332,standard,2025-05-24,ADDR_002237,70.0,2,0
BUYER_03333,standard,2025-04-24,ADDR_003001,70.0,9,0
BUYER_03334,abuser,2025-05-08,ADDR_004080,70.0,2,0
BUYER_03335,standard,2025-06-13,ADDR_000915,70.0,8,0
BUYER_03336,standard,2025-02-02,ADDR_000112,70.0,12,1
BUYER_03337,standard,2025-04-08,ADDR_003441,70.0,9,0
BUYER_03338,high_return_legit,2025-08-28,ADDR_003931,70.0,15,4
BUYER_03339,standard,2025-06-30,ADDR_002883,70.0,4,0
BUYER_03340,standard,2025-04-11,ADDR_003254,70.0,5,1
BUYER_03341,standard,2025-11-28,ADDR_000330,70.0,5,1
BUYER_03342,standard,2025-04-29,ADDR_000841,70.0,7,1
BUYER_03343,standard,2025-02-26,ADDR_003651,70.0,2,0
BUYER_03344,abuser,2025-03-24,ADDR_003146,70.0,11,2
BUYER_03345,standard,2025-04-29,ADDR_000979,70.0,22,2
BUYER_03346,standard,2025-07-17,ADDR_002967,70.0,8,0
BUYER_03347,standard,2025-01-31,ADDR_000173,70.0,4,0
BUYER_03348,standard,2025-11-04,ADDR_003900,70.0,6,0
BUYER_03349,standard,2025-11-11,ADDR_000132,70.0,3,0
BUYER_03350,standard,2025-05-07,ADDR_004145,70.0,7,0
BUYER_03351,standard,2025-10-09,ADDR_001107,70.0,3,0
BUYER_03352,standard,2025-08-12,ADDR_001254,70.0,6,0
BUYER_03353,abuser,2025-11-01,ADDR_002048,70.0,6,0
BUYER_03354,standard,2025-04-22,ADDR_003017,70.0,1,0
BUYER_03355,standard,2025-08-15,ADDR_001665,70.0,24,1
BUYER_03356,standard,2025-02-03,ADDR_000901,70.0,26,2
BUYER_03357,abuser,2025-01-06,ADDR_000542,70.0,6,0
BUYER_03358,standard,2025-11-10,ADDR_001951,70.0,20,0
BUYER_03359,abuser,2025-04-28,ADDR_002875,70.0,10,0
BUYER_03360,standard,2025-06-20,ADDR_002438,70.0,12,1
BUYER_03361,high_return_legit,2025-04-05,ADDR_004438,70.0,12,3
BUYER_03362,standard,2025-11-11,ADDR_003984,70.0,2,0
BUYER_03363,standard,2025-05-30,ADDR_001288,70.0,11,1
BUYER_03364,standard,2025-03-17,ADDR_004460,70.0,8,1
BUYER_03365,standard,2025-08-15,ADDR_002286,70.0,16,1
BUYER_03366,high_return_legit,2025-03-27,ADDR_000085,70.0,22,7
BUYER_03367,standard,2025-04-16,ADDR_004214,70.0,5,0
BUYER_03368,abuser,2025-09-05,ADDR_003649,70.0,2,0
BUYER_03369,standard,2025-12-07,ADDR_001758,70.0,6,0
BUYER_03370,standard,2025-10-02,ADDR_004343,70.0,2,0
BUYER_03371,standard,2025-02-24,ADDR_004483,70.0,13,0
BUYER_03372,standard,2025-05-05,ADDR_004723,70.0,6,0
BUYER_03373,standard,2025-10-16,ADDR_004517,70.0,19,1
BUYER_03374,standard,2025-04-21,ADDR_003286,70.0,6,0
BUYER_03375,standard,2025-09-27,ADDR_002760,70.0,28,2
BUYER_03376,high_return_legit,2025-06-30,ADDR_000856,70.0,2,0
BUYER_03377,abuser,2025-11-13,ADDR_003374,70.0,10,0
BUYER_03378,standard,2025-05-21,ADDR_001017,70.0,5,0
BUYER_03379,standard,2025-11-30,ADDR_004352,70.0,6,0
BUYER_03380,standard,2025-06-07,ADDR_004459,70.0,27,2
BUYER_03381,high_return_legit,2025-09-23,ADDR_001573,70.0,5,0
BUYER_03382,standard,2025-03-23,ADDR_001562,70.0,8,2
BUYER_03383,standard,2025-07-20,ADDR_000158,70.0,8,0
BUYER_03384,standard,2025-05-04,ADDR_002500,70.0,16,0
BUYER_03385,standard,2025-01-07,ADDR_001904,70.0,5,1
BUYER_03386,standard,2025-06-18,ADDR_004927,70.0,5,0
BUYER_03387,abuser,2025-03-14,ADDR_004047,70.0,3,1
BUYER_03388,abuser,2025-12-07,ADDR_002257,70.0,11,0
BUYER_03389,standard,2025-10-20,ADDR_002810,70.0,12,2
BUYER_03390,high_return_legit,2025-09-27,ADDR_003109,70.0,1,1
BUYER_03391,abuser,2025-06-23,ADDR_004469,70.0,5,0
BUYER_03392,high_return_legit,2025-04-15,ADDR_002338,70.0,10,2
BUYER_03393,standard,2025-05-09,ADDR_003743,70.0,6,0
BUYER_03394,standard,2025-03-26,ADDR_001817,70.0,7,0
BUYER_03395,standard,2025-07-27,ADDR_003529,70.0,4,0
BUYER_03396,standard,2025-10-21,ADDR_001351,70.0,15,0
BUYER_03397,high_return_legit,2025-03-20,ADDR_000695,70.0,65,22
BUYER_03398,standard,2025-01-03,ADDR_001399,70.0,5,1
BUYER_03399,high_return_legit,2025-02-24,ADDR_001565,70.0,5,2
BUYER_03400,standard,2025-06-26,ADDR_003054,70.0,6,0
BUYER_03401,standard,2025-01-10,ADDR_003641,70.0,16,0
BUYER_03402,standard,2025-06-06,ADDR_000805,70.0,21,2
BUYER_03403,high_return_legit,2025-02-19,ADDR_000222,70.0,10,0
BUYER_03404,standard,2025-02-17,ADDR_000814,70.0,9,0
BUYER_03405,standard,2025-09-18,ADDR_004511,70.0,17,0
BUYER_03406,high_return_legit,2025-12-20,ADDR_001287,70.0,5,1
BUYER_03407,standard,2025-03-23,ADDR_002614,70.0,13,0
BUYER_03408,standard,2025-04-05,ADDR_001997,70.0,4,0
BUYER_03409,standard,2025-04-29,ADDR_001376,70.0,7,0
BUYER_03410,standard,2025-10-12,ADDR_004178,70.0,18,1
BUYER_03411,standard,2025-07-11,ADDR_000322,70.0,5,2
BUYER_03412,standard,2025-08-02,ADDR_002619,70.0,6,0
BUYER_03413,standard,2025-07-25,ADDR_002047,70.0,3,0
BUYER_03414,high_return_legit,2025-11-30,ADDR_003874,70.0,2,0
BUYER_03415,standard,2025-01-18,ADDR_000976,70.0,13,1
BUYER_03416,standard,2025-03-09,ADDR_004739,70.0,5,0
BUYER_03417,standard,2025-05-29,ADDR_003922,70.0,11,2
BUYER_03418,standard,2025-07-05,ADDR_004143,70.0,6,0
BUYER_03419,standard,2025-02-20,ADDR_002448,70.0,5,0
BUYER_03420,abuser,2025-11-16,ADDR_002269,70.0,18,0
BUYER_03421,standard,2025-09-07,ADDR_001028,70.0,4,0
BUYER_03422,abuser,2025-11-29,ADDR_000040,70.0,11,0
BUYER_03423,standard,2025-12-02,ADDR_003691,70.0,3,1
BUYER_03424,standard,2025-07-13,ADDR_004617,70.0,7,0
BUYER_03425,standard,2025-11-03,ADDR_001744,70.0,8,2
BUYER_03426,standard,2025-09-26,ADDR_001326,70.0,17,2
BUYER_03427,standard,2025-05-22,ADDR_003070,70.0,7,1
BUYER_03428,high_return_legit,2025-08-31,ADDR_002536,70.0,8,3
BUYER_03429,standard,2025-12-05,ADDR_003341,70.0,20,4
BUYER_03430,standard,2025-10-05,ADDR_004707,70.0,6,0
BUYER_03431,standard,2025-09-17,ADDR_004135,70.0,17,1
BUYER_03432,standard,2025-04-02,ADDR_001586,70.0,22,0
BUYER_03433,high_return_legit,2025-10-27,ADDR_001196,70.0,12,4
BUYER_03434,high_return_legit,2025-06-01,ADDR_000795,70.0,10,1
BUYER_03435,high_return_legit,2025-08-20,ADDR_002816,70.0,9,2
BUYER_03436,standard,2025-09-07,ADDR_004088,70.0,14,0
BUYER_03437,standard,2025-07-14,ADDR_001253,70.0,5,0
BUYER_03438,standard,2025-03-12,ADDR_004903,70.0,4,0
BUYER_03439,abuser,2025-09-13,ADDR_002124,70.0,3,0
BUYER_03440,high_return_legit,2025-04-11,ADDR_003861,70.0,5,0
BUYER_03441,high_return_legit,2025-04-18,ADDR_001476,70.0,6,1
BUYER_03442,standard,2025-02-25,ADDR_000685,70.0,26,3
BUYER_03443,standard,2025-08-19,ADDR_002538,70.0,11,0
BUYER_03444,high_return_legit,2025-02-21,ADDR_003211,70.0,11,4
BUYER_03445,standard,2025-05-16,ADDR_002367,70.0,5,1
BUYER_03446,abuser,2025-11-15,ADDR_002005,70.0,16,2
BUYER_03447,standard,2025-06-23,ADDR_003217,70.0,11,3
BUYER_03448,standard,2025-11-17,ADDR_003135,70.0,9,0
BUYER_03449,high_return_legit,2025-07-07,ADDR_000749,70.0,6,1
BUYER_03450,abuser,2025-03-17,ADDR_001405,70.0,4,0
BUYER_03451,standard,2025-10-04,ADDR_001646,70.0,9,0
BUYER_03452,high_return_legit,2025-05-19,ADDR_003995,70.0,7,4
BUYER_03453,standard,2025-12-10,ADDR_002463,70.0,4,0
BUYER_03454,standard,2025-04-17,ADDR_001188,70.0,8,1
BUYER_03455,high_return_legit,2025-10-24,ADDR_000891,70.0,7,2
BUYER_03456,standard,2025-07-07,ADDR_004775,70.0,15,0
BUYER_03457,standard,2025-10-31,ADDR_003557,70.0,4,0
BUYER_03458,abuser,2025-03-18,ADDR_001062,70.0,5,1
BUYER_03459,standard,2025-08-23,ADDR_004594,70.0,5,0
BUYER_03460,standard,2025-02-19,ADDR_000614,70.0,11,2
BUYER_03461,standard,2025-10-19,ADDR_004129,70.0,11,1
BUYER_03462,standard,2025-04-07,ADDR_004102,70.0,3,0
BUYER_03463,standard,2025-06-14,ADDR_003975,70.0,7,0
BUYER_03464,standard,2025-08-31,ADDR_002293,70.0,6,0
BUYER_03465,standard,2025-07-02,ADDR_000821,70.0,10,0
BUYER_03466,standard,2025-10-10,ADDR_002426,70.0,4,0
BUYER_03467,standard,2025-09-10,ADDR_002423,70.0,10,1
BUYER_03468,standard,2025-02-26,ADDR_001577,70.0,10,0
BUYER_03469,high_return_legit,2025-10-08,ADDR_001870,70.0,4,0
BUYER_03470,standard,2025-06-13,ADDR_000229,70.0,26,2
BUYER_03471,abuser,2025-08-11,ADDR_000784,70.0,4,0
BUYER_03472,standard,2025-03-31,ADDR_000958,70.0,7,0
BUYER_03473,standard,2025-06-13,ADDR_004162,70.0,13,0
BUYER_03474,abuser,2025-10-23,ADDR_004111,70.0,11,0
BUYER_03475,standard,2025-11-27,ADDR_002988,70.0,3,0
BUYER_03476,high_return_legit,2025-12-01,ADDR_001110,70.0,8,0
BUYER_03477,standard,2025-09-14,ADDR_003306,70.0,3,0
BUYER_03478,high_return_legit,2025-02-06,ADDR_004913,70.0,7,3
BUYER_03479,standard,2025-06-19,ADDR_003121,70.0,3,0
BUYER_03480,standard,2025-03-22,ADDR_003891,70.0,29,5
BUYER_03481,standard,2025-09-14,ADDR_004457,70.0,25,2
BUYER_03482,standard,2025-03-10,ADDR_004200,70.0,10,1
BUYER_03483,high_return_legit,2025-12-13,ADDR_000802,70.0,4,2
BUYER_03484,standard,2025-03-23,ADDR_000314,70.0,5,1
BUYER_03485,standard,2025-01-26,ADDR_002768,70.0,53,3
BUYER_03486,standard,2025-10-31,ADDR_003589,70.0,6,0
BUYER_03487,standard,2025-03-26,ADDR_001128,70.0,5,0
BUYER_03488,standard,2025-01-13,ADDR_002307,70.0,19,1
BUYER_03489,standard,2025-07-26,ADDR_004474,70.0,2,0
BUYER_03490,standard,2025-12-11,ADDR_004539,70.0,2,0
BUYER_03491,high_return_legit,2025-04-19,ADDR_000571,70.0,12,4
BUYER_03492,standard,2025-06-08,ADDR_002111,70.0,3,0
BUYER_03493,standard,2025-04-07,ADDR_003000,70.0,10,0
BUYER_03494,standard,2025-07-29,ADDR_000474,70.0,16,2
BUYER_03495,standard,2025-05-08,ADDR_001217,70.0,6,0
BUYER_03496,standard,2025-08-09,ADDR_004595,70.0,24,1
BUYER_03497,high_return_legit,2025-07-02,ADDR_003247,70.0,4,2
BUYER_03498,standard,2025-11-28,ADDR_000522,70.0,3,0
BUYER_03499,standard,2025-09-04,ADDR_002096,70.0,7,0
BUYER_03500,abuser,2025-09-09,ADDR_003244,70.0,8,0
BUYER_03501,standard,2025-07-05,ADDR_004903,70.0,4,0
BUYER_03502,standard,2025-05-01,ADDR_004937,70.0,17,1
BUYER_03503,standard,2025-05-05,ADDR_001537,70.0,3,0
BUYER_03504,high_return_legit,2025-07-11,ADDR_003342,70.0,9,3
BUYER_03505,standard,2025-03-22,ADDR_003324,70.0,27,2
BUYER_03506,high_return_legit,2025-02-27,ADDR_000748,70.0,17,3
BUYER_03507,standard,2025-05-26,ADDR_002512,70.0,20,1
BUYER_03508,standard,2025-02-26,ADDR_000682,70.0,20,1
BUYER_03509,standard,2025-04-05,ADDR_000594,70.0,11,1
BUYER_03510,standard,2025-07-21,ADDR_001764,70.0,15,3
BUYER_03511,standard,2025-10-14,ADDR_001293,70.0,8,0
BUYER_03512,abuser,2025-04-03,ADDR_000721,70.0,1,0
BUYER_03513,standard,2025-10-14,ADDR_000256,70.0,9,2
BUYER_03514,standard,2025-01-09,ADDR_002819,70.0,1,0
BUYER_03515,standard,2025-12-20,ADDR_000028,70.0,2,0
BUYER_03516,standard,2025-07-15,ADDR_003876,70.0,7,0
BUYER_03517,standard,2025-07-01,ADDR_000169,70.0,16,0
BUYER_03518,standard,2025-08-29,ADDR_003257,70.0,3,2
BUYER_03519,standard,2025-07-01,ADDR_003302,70.0,1,0
BUYER_03520,standard,2025-06-07,ADDR_003055,70.0,3,0
BUYER_03521,standard,2025-05-26,ADDR_004518,70.0,2,0
BUYER_03522,standard,2025-12-13,ADDR_002156,70.0,8,1
BUYER_03523,standard,2025-11-06,ADDR_003264,70.0,2,0
BUYER_03524,standard,2025-07-10,ADDR_000855,70.0,9,1
BUYER_03525,standard,2025-10-29,ADDR_000656,70.0,18,0
BUYER_03526,high_return_legit,2025-03-05,ADDR_003157,70.0,10,4
BUYER_03527,abuser,2025-07-19,ADDR_003172,70.0,8,0
BUYER_03528,standard,2025-06-22,ADDR_002075,70.0,20,1
BUYER_03529,standard,2025-05-09,ADDR_000606,70.0,10,0
BUYER_03530,high_return_legit,2025-11-24,ADDR_001512,70.0,12,2
BUYER_03531,standard,2025-10-28,ADDR_001076,70.0,11,0
BUYER_03532,standard,2025-11-21,ADDR_003263,70.0,1,0
BUYER_03533,standard,2025-08-24,ADDR_001487,70.0,5,0
BUYER_03534,standard,2025-05-27,ADDR_001873,70.0,23,1
BUYER_03535,standard,2025-10-03,ADDR_001293,70.0,4,0
BUYER_03536,standard,2025-02-17,ADDR_001422,70.0,13,1
BUYER_03537,standard,2025-11-03,ADDR_004017,70.0,5,0
BUYER_03538,standard,2025-01-15,ADDR_002393,70.0,8,0
BUYER_03539,abuser,2025-10-23,ADDR_002827,70.0,2,0
BUYER_03540,standard,2025-09-16,ADDR_001431,70.0,4,0
BUYER_03541,standard,2025-02-09,ADDR_000432,70.0,8,0
BUYER_03542,standard,2025-03-05,ADDR_003630,70.0,9,0
BUYER_03543,standard,2025-06-23,ADDR_003574,70.0,3,0
BUYER_03544,standard,2025-04-30,ADDR_000232,70.0,2,0
BUYER_03545,standard,2025-11-08,ADDR_004387,70.0,12,1
BUYER_03546,standard,2025-03-22,ADDR_004221,70.0,12,2
BUYER_03547,standard,2025-06-11,ADDR_004201,70.0,13,1
BUYER_03548,standard,2025-04-16,ADDR_002283,70.0,23,0
BUYER_03549,standard,2025-02-25,ADDR_003434,70.0,17,0
BUYER_03550,standard,2025-04-16,ADDR_000078,70.0,13,0
BUYER_03551,standard,2025-11-06,ADDR_002962,70.0,14,4
BUYER_03552,standard,2025-09-19,ADDR_000660,70.0,8,0
BUYER_03553,abuser,2025-11-23,ADDR_004501,70.0,8,2
BUYER_03554,high_return_legit,2025-06-07,ADDR_004679,70.0,12,3
BUYER_03555,standard,2025-04-09,ADDR_000744,70.0,15,0
BUYER_03556,standard,2025-01-14,ADDR_002658,70.0,30,0
BUYER_03557,high_return_legit,2025-07-08,ADDR_002931,70.0,10,2
BUYER_03558,standard,2025-01-20,ADDR_003804,70.0,12,1
BUYER_03559,standard,2025-01-03,ADDR_002419,70.0,19,0
BUYER_03560,standard,2025-08-14,ADDR_004369,70.0,10,0
BUYER_03561,standard,2025-03-11,ADDR_001710,70.0,5,2
BUYER_03562,high_return_legit,2025-07-29,ADDR_001585,70.0,7,3
BUYER_03563,standard,2025-08-03,ADDR_003609,70.0,8,0
BUYER_03564,standard,2025-09-22,ADDR_003599,70.0,6,0
BUYER_03565,standard,2025-05-30,ADDR_000405,70.0,4,0
BUYER_03566,standard,2025-09-16,ADDR_003219,70.0,16,1
BUYER_03567,abuser,2025-05-24,ADDR_001382,70.0,23,0
BUYER_03568,standard,2025-02-13,ADDR_004165,70.0,4,0
BUYER_03569,abuser,2025-05-04,ADDR_004140,70.0,33,2
BUYER_03570,standard,2025-01-05,ADDR_002079,70.0,3,0
BUYER_03571,standard,2025-06-26,ADDR_004223,70.0,11,1
BUYER_03572,standard,2025-09-28,ADDR_001857,70.0,11,2
BUYER_03573,high_return_legit,2025-10-12,ADDR_003610,70.0,4,3
BUYER_03574,standard,2025-04-06,ADDR_003958,70.0,18,0
BUYER_03575,standard,2025-02-16,ADDR_004618,70.0,8,0
BUYER_03576,abuser,2025-03-19,ADDR_004325,70.0,8,1
BUYER_03577,standard,2025-12-15,ADDR_002366,70.0,4,1
BUYER_03578,high_return_legit,2025-05-05,ADDR_000412,70.0,2,0
BUYER_03579,standard,2025-06-15,ADDR_003233,70.0,4,0
BUYER_03580,standard,2025-02-04,ADDR_002293,70.0,17,0
BUYER_03581,standard,2025-10-14,ADDR_001810,70.0,2,0
BUYER_03582,standard,2025-06-22,ADDR_000886,70.0,5,0
BUYER_03583,high_return_legit,2025-02-09,ADDR_003547,70.0,5,1
BUYER_03584,standard,2025-06-30,ADDR_004513,70.0,3,0
BUYER_03585,standard,2025-09-19,ADDR_002958,70.0,7,2
BUYER_03586,high_return_legit,2025-06-30,ADDR_001163,70.0,8,0
BUYER_03587,standard,2025-12-10,ADDR_000006,70.0,8,1
BUYER_03588,standard,2025-11-09,ADDR_003529,70.0,15,2
BUYER_03589,standard,2025-07-14,ADDR_000780,70.0,11,0
BUYER_03590,standard,2025-12-01,ADDR_000311,70.0,33,4
BUYER_03591,standard,2025-10-21,ADDR_000976,70.0,24,1
BUYER_03592,standard,2025-05-25,ADDR_000994,70.0,10,1
BUYER_03593,standard,2025-10-08,ADDR_001680,70.0,10,0
BUYER_03594,standard,2025-07-11,ADDR_001583,70.0,7,0
BUYER_03595,standard,2025-07-23,ADDR_000977,70.0,12,1
BUYER_03596,high_return_legit,2025-07-16,ADDR_003870,70.0,6,3
BUYER_03597,standard,2025-10-18,ADDR_004089,70.0,9,0
BUYER_03598,standard,2025-11-24,ADDR_001243,70.0,16,0
BUYER_03599,standard,2025-05-07,ADDR_001823,70.0,19,0
BUYER_03600,abuser,2025-08-26,ADDR_004043,70.0,16,1
BUYER_03601,standard,2025-08-22,ADDR_004716,70.0,6,0
BUYER_03602,standard,2025-11-14,ADDR_003903,70.0,9,1
BUYER_03603,standard,2025-06-21,ADDR_002738,70.0,3,1
BUYER_03604,standard,2025-03-21,ADDR_004911,70.0,2,0
BUYER_03605,standard,2025-03-26,ADDR_003599,70.0,9,0
BUYER_03606,high_return_legit,2025-01-25,ADDR_003351,70.0,24,5
BUYER_03607,standard,2025-02-14,ADDR_000147,70.0,1,0
BUYER_03608,standard,2025-05-01,ADDR_003155,70.0,4,1
BUYER_03609,standard,2025-02-15,ADDR_001425,70.0,17,1
BUYER_03610,standard,2025-11-09,ADDR_002977,70.0,12,1
BUYER_03611,standard,2025-05-22,ADDR_002836,70.0,11,0
BUYER_03612,standard,2025-05-25,ADDR_000542,70.0,9,1
BUYER_03613,standard,2025-10-03,ADDR_002283,70.0,22,0
BUYER_03614,high_return_legit,2025-05-01,ADDR_002540,70.0,6,2
BUYER_03615,standard,2025-09-19,ADDR_000235,70.0,8,0
BUYER_03616,standard,2025-10-24,ADDR_004214,70.0,5,0
BUYER_03617,standard,2025-05-22,ADDR_004640,70.0,3,1
BUYER_03618,standard,2025-07-02,ADDR_000103,70.0,34,1
BUYER_03619,abuser,2025-05-08,ADDR_003481,70.0,5,0
BUYER_03620,standard,2025-06-13,ADDR_000626,70.0,3,0
BUYER_03621,standard,2025-08-06,ADDR_002184,70.0,11,0
BUYER_03622,high_return_legit,2025-05-18,ADDR_002972,70.0,2,1
BUYER_03623,standard,2025-06-27,ADDR_000061,70.0,9,0
BUYER_03624,standard,2025-07-08,ADDR_004192,70.0,2,0
BUYER_03625,standard,2025-01-13,ADDR_001537,70.0,7,0
BUYER_03626,abuser,2025-03-11,ADDR_001521,70.0,9,1
BUYER_03627,standard,2025-07-23,ADDR_004468,70.0,3,1
BUYER_03628,standard,2025-01-02,ADDR_001723,70.0,12,2
BUYER_03629,high_return_legit,2025-09-16,ADDR_001232,70.0,14,4
BUYER_03630,standard,2025-11-20,ADDR_001670,70.0,11,1
BUYER_03631,standard,2025-10-02,ADDR_001676,70.0,3,0
BUYER_03632,high_return_legit,2025-05-05,ADDR_002304,70.0,23,6
BUYER_03633,standard,2025-06-22,ADDR_002123,70.0,7,1
BUYER_03634,standard,2025-08-29,ADDR_004717,70.0,23,1
BUYER_03635,standard,2025-09-08,ADDR_002105,70.0,10,2
BUYER_03636,standard,2025-12-13,ADDR_002067,70.0,22,1
BUYER_03637,abuser,2025-07-07,ADDR_001256,70.0,13,2
BUYER_03638,standard,2025-04-12,ADDR_002967,70.0,4,1
BUYER_03639,abuser,2025-05-22,ADDR_003866,70.0,19,1
BUYER_03640,standard,2025-11-26,ADDR_004630,70.0,5,0
BUYER_03641,standard,2025-08-23,ADDR_002166,70.0,5,0
BUYER_03642,standard,2025-11-07,ADDR_001308,70.0,4,1
BUYER_03643,high_return_legit,2025-09-22,ADDR_004770,70.0,11,3
BUYER_03644,abuser,2025-12-09,ADDR_000455,70.0,10,1
BUYER_03645,standard,2025-07-10,ADDR_000650,70.0,10,0
BUYER_03646,standard,2025-12-04,ADDR_004742,70.0,2,0
BUYER_03647,standard,2025-11-14,ADDR_004387,70.0,32,0
BUYER_03648,standard,2025-10-31,ADDR_002771,70.0,12,1
BUYER_03649,abuser,2025-12-01,ADDR_001626,70.0,10,0
BUYER_03650,standard,2025-07-18,ADDR_004780,70.0,8,1
BUYER_03651,standard,2025-09-28,ADDR_004287,70.0,6,1
BUYER_03652,abuser,2025-07-28,ADDR_001255,70.0,11,1
BUYER_03653,standard,2025-10-09,ADDR_003820,70.0,21,0
BUYER_03654,standard,2025-10-05,ADDR_002943,70.0,3,0
BUYER_03655,standard,2025-10-04,ADDR_001840,70.0,10,0
BUYER_03656,standard,2025-06-15,ADDR_002333,70.0,7,1
BUYER_03657,high_return_legit,2025-10-16,ADDR_002685,70.0,11,3
BUYER_03658,standard,2025-11-11,ADDR_002377,70.0,3,0
BUYER_03659,standard,2025-08-24,ADDR_004263,70.0,7,0
BUYER_03660,standard,2025-06-24,ADDR_000821,70.0,13,2
BUYER_03661,standard,2025-11-03,ADDR_000410,70.0,22,0
BUYER_03662,standard,2025-10-10,ADDR_002245,70.0,10,0
BUYER_03663,standard,2025-06-29,ADDR_001024,70.0,27,1
BUYER_03664,abuser,2025-08-05,ADDR_004067,70.0,7,0
BUYER_03665,standard,2025-09-10,ADDR_004199,70.0,11,0
BUYER_03666,standard,2025-09-10,ADDR_004894,70.0,3,0
BUYER_03667,standard,2025-05-04,ADDR_001911,70.0,11,0
BUYER_03668,standard,2025-04-28,ADDR_004753,70.0,5,1
BUYER_03669,standard,2025-11-14,ADDR_000501,70.0,18,0
BUYER_03670,high_return_legit,2025-11-30,ADDR_004762,70.0,3,1
BUYER_03671,standard,2025-06-05,ADDR_001218,70.0,2,0
BUYER_03672,standard,2025-11-23,ADDR_000094,70.0,2,0
BUYER_03673,standard,2025-06-29,ADDR_004086,70.0,16,0
BUYER_03674,standard,2025-03-12,ADDR_002553,70.0,6,0
BUYER_03675,standard,2025-09-25,ADDR_002043,70.0,9,1
BUYER_03676,abuser,2025-01-23,ADDR_000990,70.0,7,0
BUYER_03677,high_return_legit,2025-02-20,ADDR_002057,70.0,17,3
BUYER_03678,standard,2025-12-02,ADDR_003045,70.0,3,0
BUYER_03679,standard,2025-07-15,ADDR_000582,70.0,5,0
BUYER_03680,standard,2025-04-18,ADDR_004681,70.0,7,1
BUYER_03681,standard,2025-07-03,ADDR_003582,70.0,14,0
BUYER_03682,standard,2025-08-05,ADDR_004339,70.0,6,0
BUYER_03683,standard,2025-08-25,ADDR_000220,70.0,10,0
BUYER_03684,standard,2025-05-17,ADDR_004289,70.0,15,0
BUYER_03685,standard,2025-05-31,ADDR_004285,70.0,9,0
BUYER_03686,high_return_legit,2025-07-26,ADDR_001810,70.0,6,2
BUYER_03687,standard,2025-08-21,ADDR_002819,70.0,11,0
BUYER_03688,abuser,2025-11-25,ADDR_002480,70.0,7,1
BUYER_03689,standard,2025-06-02,ADDR_001598,70.0,3,0
BUYER_03690,standard,2025-11-10,ADDR_001395,70.0,6,0
BUYER_03691,standard,2025-12-18,ADDR_004551,70.0,3,0
BUYER_03692,standard,2025-05-14,ADDR_002741,70.0,18,0
BUYER_03693,standard,2025-01-14,ADDR_000000,70.0,6,0
BUYER_03694,standard,2025-08-13,ADDR_001501,70.0,2,0
BUYER_03695,standard,2025-11-20,ADDR_000705,70.0,11,0
BUYER_03696,standard,2025-01-26,ADDR_004003,70.0,27,0
BUYER_03697,abuser,2025-03-24,ADDR_002025,70.0,4,1
BUYER_03698,standard,2025-09-06,ADDR_002298,70.0,13,0
BUYER_03699,standard,2025-10-20,ADDR_001733,70.0,2,0
BUYER_03700,high_return_legit,2025-02-09,ADDR_003466,70.0,6,2
BUYER_03701,standard,2025-05-23,ADDR_004917,70.0,7,1
BUYER_03702,standard,2025-04-08,ADDR_004319,70.0,7,0
BUYER_03703,standard,2025-12-09,ADDR_004898,70.0,13,0
BUYER_03704,standard,2025-09-09,ADDR_001483,70.0,11,1
BUYER_03705,standard,2025-07-01,ADDR_003288,70.0,15,2
BUYER_03706,standard,2025-11-06,ADDR_003079,70.0,13,0
BUYER_03707,standard,2025-07-22,ADDR_001497,70.0,12,1
BUYER_03708,high_return_legit,2025-11-22,ADDR_002130,70.0,5,1
BUYER_03709,standard,2025-04-08,ADDR_000462,70.0,6,0
BUYER_03710,standard,2025-01-14,ADDR_004706,70.0,4,0
BUYER_03711,high_return_legit,2025-06-15,ADDR_004890,70.0,12,6
BUYER_03712,high_return_legit,2025-03-26,ADDR_000807,70.0,13,4
BUYER_03713,standard,2025-10-29,ADDR_000728,70.0,10,0
BUYER_03714,standard,2025-07-20,ADDR_003373,70.0,10,0
BUYER_03715,standard,2025-04-26,ADDR_003592,70.0,2,0
BUYER_03716,standard,2025-10-08,ADDR_002154,70.0,12,0
BUYER_03717,high_return_legit,2025-07-18,ADDR_000808,70.0,5,0
BUYER_03718,high_return_legit,2025-07-10,ADDR_001413,70.0,13,4
BUYER_03719,standard,2025-03-17,ADDR_000635,70.0,8,0
BUYER_03720,standard,2025-12-19,ADDR_000780,70.0,13,0
BUYER_03721,standard,2025-09-01,ADDR_000930,70.0,7,0
BUYER_03722,standard,2025-11-04,ADDR_002897,70.0,11,1
BUYER_03723,standard,2025-10-04,ADDR_002540,70.0,6,0
BUYER_03724,standard,2025-07-10,ADDR_001653,70.0,20,1
BUYER_03725,standard,2025-01-06,ADDR_002687,70.0,4,0
BUYER_03726,standard,2025-09-03,ADDR_003306,70.0,4,0
BUYER_03727,standard,2025-02-14,ADDR_000482,70.0,4,0
BUYER_03728,standard,2025-12-08,ADDR_000660,70.0,11,1
BUYER_03729,standard,2025-04-12,ADDR_000995,70.0,7,0
BUYER_03730,high_return_legit,2025-05-24,ADDR_000002,70.0,7,3
BUYER_03731,standard,2025-07-27,ADDR_000574,70.0,14,0
BUYER_03732,high_return_legit,2025-07-10,ADDR_003797,70.0,9,3
BUYER_03733,standard,2025-08-30,ADDR_004334,70.0,15,2
BUYER_03734,standard,2025-10-12,ADDR_000798,70.0,6,0
BUYER_03735,standard,2025-10-03,ADDR_003797,70.0,19,2
BUYER_03736,standard,2025-11-21,ADDR_001249,70.0,7,1
BUYER_03737,standard,2025-06-29,ADDR_000692,70.0,7,1
BUYER_03738,standard,2025-07-21,ADDR_001165,70.0,31,2
BUYER_03739,standard,2025-11-10,ADDR_004222,70.0,4,0
BUYER_03740,standard,2025-04-24,ADDR_000539,70.0,10,1
BUYER_03741,standard,2025-04-11,ADDR_003666,70.0,3,0
BUYER_03742,standard,2025-01-06,ADDR_002402,70.0,8,1
BUYER_03743,standard,2025-09-27,ADDR_002157,70.0,4,0
BUYER_03744,standard,2025-09-10,ADDR_004021,70.0,18,0
BUYER_03745,abuser,2025-04-22,ADDR_004907,70.0,9,0
BUYER_03746,high_return_legit,2025-02-26,ADDR_003218,70.0,4,1
BUYER_03747,standard,2025-01-21,ADDR_004205,70.0,7,3
BUYER_03748,standard,2025-07-05,ADDR_000722,70.0,5,0
BUYER_03749,standard,2025-03-22,ADDR_004458,70.0,14,1
BUYER_03750,standard,2025-10-15,ADDR_000909,70.0,6,1
BUYER_03751,high_return_legit,2025-12-05,ADDR_000943,70.0,10,6
BUYER_03752,standard,2025-10-10,ADDR_004192,70.0,9,0
BUYER_03753,standard,2025-11-03,ADDR_002390,70.0,10,1
BUYER_03754,standard,2025-12-18,ADDR_001236,70.0,29,2
BUYER_03755,standard,2025-09-28,ADDR_000134,70.0,5,0
BUYER_03756,high_return_legit,2025-08-01,ADDR_001082,70.0,9,2
BUYER_03757,standard,2025-10-20,ADDR_003489,70.0,3,0
BUYER_03758,standard,2025-07-31,ADDR_000017,70.0,9,1
BUYER_03759,abuser,2025-06-16,ADDR_004555,70.0,6,0
BUYER_03760,standard,2025-01-17,ADDR_003831,70.0,20,1
BUYER_03761,standard,2025-08-26,ADDR_001013,70.0,11,1
BUYER_03762,standard,2025-11-18,ADDR_003655,70.0,4,0
BUYER_03763,high_return_legit,2025-09-12,ADDR_002566,70.0,4,0
BUYER_03764,standard,2025-06-06,ADDR_001720,70.0,16,0
BUYER_03765,standard,2025-08-18,ADDR_002501,70.0,5,0
BUYER_03766,standard,2025-10-21,ADDR_003379,70.0,5,1
BUYER_03767,high_return_legit,2025-10-05,ADDR_004358,70.0,7,2
BUYER_03768,standard,2025-07-06,ADDR_003888,70.0,11,0
BUYER_03769,standard,2025-05-22,ADDR_000888,70.0,6,1
BUYER_03770,standard,2025-06-04,ADDR_000491,70.0,8,0
BUYER_03771,high_return_legit,2025-11-21,ADDR_002096,70.0,6,2
BUYER_03772,standard,2025-03-13,ADDR_002279,70.0,3,0
BUYER_03773,standard,2025-11-07,ADDR_003823,70.0,3,0
BUYER_03774,standard,2025-03-23,ADDR_004158,70.0,3,0
BUYER_03775,standard,2025-12-14,ADDR_000315,70.0,4,0
BUYER_03776,standard,2025-06-21,ADDR_001209,70.0,9,1
BUYER_03777,standard,2025-09-25,ADDR_002902,70.0,10,0
BUYER_03778,standard,2025-09-24,ADDR_001879,70.0,7,0
BUYER_03779,high_return_legit,2025-10-08,ADDR_004903,70.0,31,14
BUYER_03780,standard,2025-10-14,ADDR_003271,70.0,5,1
BUYER_03781,standard,2025-01-20,ADDR_001596,70.0,13,0
BUYER_03782,standard,2025-04-21,ADDR_003332,70.0,4,0
BUYER_03783,standard,2025-04-05,ADDR_002131,70.0,5,0
BUYER_03784,standard,2025-09-14,ADDR_002290,70.0,10,1
BUYER_03785,standard,2025-09-09,ADDR_003538,70.0,5,0
BUYER_03786,standard,2025-04-29,ADDR_002147,70.0,3,0
BUYER_03787,standard,2025-10-15,ADDR_003447,70.0,2,0
BUYER_03788,abuser,2025-05-04,ADDR_002076,70.0,3,0
BUYER_03789,standard,2025-05-16,ADDR_002941,70.0,14,3
BUYER_03790,standard,2025-06-04,ADDR_004201,70.0,8,1
BUYER_03791,standard,2025-09-29,ADDR_002840,70.0,5,0
BUYER_03792,standard,2025-01-07,ADDR_001715,70.0,5,0
BUYER_03793,high_return_legit,2025-11-21,ADDR_000593,70.0,3,1
BUYER_03794,standard,2025-09-12,ADDR_001269,70.0,5,0
BUYER_03795,standard,2025-08-08,ADDR_001762,70.0,6,0
BUYER_03796,standard,2025-04-08,ADDR_001564,70.0,12,0
BUYER_03797,standard,2025-10-12,ADDR_002086,70.0,70,1
BUYER_03798,standard,2025-11-10,ADDR_002364,70.0,9,1
BUYER_03799,standard,2025-07-10,ADDR_001246,70.0,5,1
BUYER_03800,standard,2025-04-28,ADDR_001891,70.0,11,0
BUYER_03801,standard,2025-05-29,ADDR_001397,70.0,10,0
BUYER_03802,standard,2025-06-10,ADDR_002898,70.0,4,0
BUYER_03803,standard,2025-05-02,ADDR_002356,70.0,6,0
BUYER_03804,standard,2025-09-18,ADDR_003124,70.0,7,0
BUYER_03805,abuser,2025-05-15,ADDR_002137,70.0,5,0
BUYER_03806,abuser,2025-10-24,ADDR_004930,70.0,7,1
BUYER_03807,standard,2025-06-27,ADDR_002399,70.0,18,1
BUYER_03808,standard,2025-08-22,ADDR_003045,70.0,17,0
BUYER_03809,standard,2025-12-04,ADDR_002188,70.0,5,0
BUYER_03810,standard,2025-06-21,ADDR_003636,70.0,7,1
BUYER_03811,standard,2025-03-13,ADDR_002765,70.0,8,1
BUYER_03812,standard,2025-07-26,ADDR_000485,70.0,7,0
BUYER_03813,standard,2025-07-08,ADDR_003610,70.0,9,0
BUYER_03814,standard,2025-10-11,ADDR_003764,70.0,3,0
BUYER_03815,standard,2025-11-06,ADDR_001992,70.0,8,0
BUYER_03816,standard,2025-09-18,ADDR_002519,70.0,4,0
BUYER_03817,standard,2025-12-11,ADDR_000054,70.0,11,1
BUYER_03818,abuser,2025-04-19,ADDR_004289,70.0,5,0
BUYER_03819,standard,2025-04-08,ADDR_003854,70.0,2,0
BUYER_03820,standard,2025-04-27,ADDR_004805,70.0,10,0
BUYER_03821,abuser,2025-09-05,ADDR_004711,70.0,4,0
BUYER_03822,standard,2025-04-06,ADDR_001140,70.0,13,1
BUYER_03823,standard,2025-02-09,ADDR_001435,70.0,3,0
BUYER_03824,standard,2025-12-13,ADDR_004596,70.0,14,0
BUYER_03825,standard,2025-05-06,ADDR_000213,70.0,4,0
BUYER_03826,standard,2025-04-02,ADDR_003324,70.0,48,2
BUYER_03827,standard,2025-05-21,ADDR_000336,70.0,11,1
BUYER_03828,standard,2025-03-09,ADDR_003658,70.0,24,0
BUYER_03829,standard,2025-01-18,ADDR_002876,70.0,14,0
BUYER_03830,standard,2025-05-02,ADDR_002338,70.0,10,1
BUYER_03831,abuser,2025-05-14,ADDR_003467,70.0,3,0
BUYER_03832,standard,2025-10-21,ADDR_001756,70.0,19,0
BUYER_03833,high_return_legit,2025-06-17,ADDR_002838,70.0,11,3
BUYER_03834,standard,2025-09-26,ADDR_003960,70.0,8,0
BUYER_03835,standard,2025-09-26,ADDR_002268,70.0,11,2
BUYER_03836,standard,2025-10-14,ADDR_000108,70.0,10,2
BUYER_03837,standard,2025-11-24,ADDR_004920,70.0,13,3
BUYER_03838,standard,2025-07-09,ADDR_002675,70.0,4,0
BUYER_03839,standard,2025-02-16,ADDR_002127,70.0,12,0
BUYER_03840,standard,2025-01-19,ADDR_000365,70.0,5,0
BUYER_03841,standard,2025-03-20,ADDR_000447,70.0,4,0
BUYER_03842,standard,2025-10-27,ADDR_001260,70.0,8,1
BUYER_03843,abuser,2025-08-03,ADDR_000724,70.0,3,1
BUYER_03844,standard,2025-03-02,ADDR_003589,70.0,6,0
BUYER_03845,standard,2025-02-27,ADDR_002045,70.0,4,0
BUYER_03846,high_return_legit,2025-11-16,ADDR_001854,70.0,6,2
BUYER_03847,high_return_legit,2025-07-16,ADDR_001939,70.0,15,1
BUYER_03848,standard,2025-03-14,ADDR_004400,70.0,9,0
BUYER_03849,standard,2025-11-17,ADDR_001619,70.0,8,1
BUYER_03850,high_return_legit,2025-09-21,ADDR_003541,70.0,11,4
BUYER_03851,standard,2025-07-02,ADDR_002160,70.0,5,0
BUYER_03852,standard,2025-06-27,ADDR_003339,70.0,14,1
BUYER_03853,standard,2025-09-05,ADDR_000923,70.0,12,1
BUYER_03854,standard,2025-05-14,ADDR_004678,70.0,13,2
BUYER_03855,abuser,2025-12-20,ADDR_003804,70.0,5,1
BUYER_03856,standard,2025-10-12,ADDR_002660,70.0,8,1
BUYER_03857,standard,2025-08-26,ADDR_003402,70.0,17,0
BUYER_03858,standard,2025-09-10,ADDR_003236,70.0,9,0
BUYER_03859,standard,2025-12-19,ADDR_002745,70.0,11,2
BUYER_03860,standard,2025-01-07,ADDR_004296,70.0,5,0
BUYER_03861,abuser,2025-01-12,ADDR_004799,70.0,5,0
BUYER_03862,standard,2025-10-12,ADDR_003780,70.0,5,0
BUYER_03863,standard,2025-03-28,ADDR_000913,70.0,3,1
BUYER_03864,standard,2025-09-09,ADDR_003811,70.0,10,2
BUYER_03865,high_return_legit,2025-07-10,ADDR_002491,70.0,9,2
BUYER_03866,standard,2025-05-07,ADDR_002656,70.0,6,0
BUYER_03867,standard,2025-04-05,ADDR_002085,70.0,20,1
BUYER_03868,abuser,2025-10-10,ADDR_002612,70.0,3,0
BUYER_03869,standard,2025-03-14,ADDR_004211,70.0,23,1
BUYER_03870,standard,2025-03-09,ADDR_003211,70.0,12,0
BUYER_03871,standard,2025-06-19,ADDR_000432,70.0,7,0
BUYER_03872,standard,2025-02-22,ADDR_003467,70.0,12,0
BUYER_03873,standard,2025-08-26,ADDR_003691,70.0,28,0
BUYER_03874,abuser,2025-12-18,ADDR_001466,70.0,7,1
BUYER_03875,standard,2025-09-30,ADDR_001498,70.0,35,2
BUYER_03876,high_return_legit,2025-08-13,ADDR_002004,70.0,5,2
BUYER_03877,standard,2025-06-03,ADDR_003682,70.0,1,0
BUYER_03878,standard,2025-12-17,ADDR_001229,70.0,5,0
BUYER_03879,standard,2025-11-12,ADDR_000319,70.0,30,3
BUYER_03880,abuser,2025-10-24,ADDR_000472,70.0,19,1
BUYER_03881,abuser,2025-04-05,ADDR_003522,70.0,6,0
BUYER_03882,high_return_legit,2025-02-23,ADDR_001010,70.0,3,2
BUYER_03883,standard,2025-03-16,ADDR_001791,70.0,8,0
BUYER_03884,standard,2025-04-15,ADDR_002096,70.0,8,2
BUYER_03885,standard,2025-02-07,ADDR_004571,70.0,7,0
BUYER_03886,standard,2025-11-15,ADDR_000728,70.0,2,0
BUYER_03887,high_return_legit,2025-03-19,ADDR_004545,70.0,5,1
BUYER_03888,abuser,2025-04-04,ADDR_000723,70.0,10,1
BUYER_03889,high_return_legit,2025-11-15,ADDR_002861,70.0,12,5
BUYER_03890,standard,2025-12-07,ADDR_004173,70.0,3,0
BUYER_03891,high_return_legit,2025-04-02,ADDR_004476,70.0,4,2
BUYER_03892,standard,2025-04-28,ADDR_002684,70.0,7,0
BUYER_03893,standard,2025-10-17,ADDR_002440,70.0,15,0
BUYER_03894,standard,2025-12-11,ADDR_003863,70.0,19,1
BUYER_03895,abuser,2025-08-29,ADDR_004502,70.0,5,0
BUYER_03896,standard,2025-06-19,ADDR_003048,70.0,6,0
BUYER_03897,standard,2025-09-06,ADDR_001297,70.0,11,0
BUYER_03898,standard,2025-10-11,ADDR_004126,70.0,10,0
BUYER_03899,abuser,2025-02-19,ADDR_004125,70.0,5,0
BUYER_03900,standard,2025-06-17,ADDR_000087,70.0,3,0
BUYER_03901,standard,2025-11-05,ADDR_000621,70.0,5,1
BUYER_03902,standard,2025-09-16,ADDR_000016,70.0,5,0
BUYER_03903,high_return_legit,2025-03-07,ADDR_004717,70.0,17,1
BUYER_03904,standard,2025-10-02,ADDR_000158,70.0,5,0
BUYER_03905,abuser,2025-09-04,ADDR_001314,70.0,3,0
BUYER_03906,standard,2025-04-18,ADDR_002581,70.0,13,1
BUYER_03907,standard,2025-05-16,ADDR_002270,70.0,14,1
BUYER_03908,standard,2025-05-05,ADDR_003772,70.0,22,0
BUYER_03909,standard,2025-12-18,ADDR_002044,70.0,8,0
BUYER_03910,abuser,2025-03-19,ADDR_003951,70.0,5,0
BUYER_03911,standard,2025-10-27,ADDR_001429,70.0,6,0
BUYER_03912,standard,2025-07-20,ADDR_002555,70.0,2,0
BUYER_03913,standard,2025-11-12,ADDR_002325,70.0,8,0
BUYER_03914,standard,2025-12-15,ADDR_001214,70.0,3,0
BUYER_03915,standard,2025-12-08,ADDR_000012,70.0,6,0
BUYER_03916,standard,2025-11-04,ADDR_004151,70.0,6,0
BUYER_03917,standard,2025-06-09,ADDR_004919,70.0,2,0
BUYER_03918,standard,2025-04-20,ADDR_002522,70.0,12,1
BUYER_03919,standard,2025-05-07,ADDR_001258,70.0,4,0
BUYER_03920,standard,2025-08-30,ADDR_001736,70.0,9,0
BUYER_03921,standard,2025-05-15,ADDR_004668,70.0,6,0
BUYER_03922,standard,2025-06-17,ADDR_002811,70.0,12,1
BUYER_03923,standard,2025-02-06,ADDR_003960,70.0,4,1
BUYER_03924,standard,2025-10-08,ADDR_003329,70.0,20,0
BUYER_03925,standard,2025-02-19,ADDR_004572,70.0,6,0
BUYER_03926,standard,2025-05-14,ADDR_000543,70.0,15,0
BUYER_03927,standard,2025-08-09,ADDR_004193,70.0,20,1
BUYER_03928,standard,2025-07-20,ADDR_004617,70.0,4,0
BUYER_03929,standard,2025-11-16,ADDR_003762,70.0,13,0
BUYER_03930,standard,2025-09-01,ADDR_001752,70.0,4,0
BUYER_03931,standard,2025-10-14,ADDR_000450,70.0,6,0
BUYER_03932,abuser,2025-05-02,ADDR_002029,70.0,10,0
BUYER_03933,standard,2025-02-27,ADDR_003427,70.0,9,1
BUYER_03934,standard,2025-09-29,ADDR_003161,70.0,6,0
BUYER_03935,standard,2025-03-07,ADDR_003806,70.0,3,1
BUYER_03936,standard,2025-10-28,ADDR_003155,70.0,8,0
BUYER_03937,standard,2025-12-02,ADDR_002655,70.0,4,1
BUYER_03938,standard,2025-04-24,ADDR_004783,70.0,18,0
BUYER_03939,abuser,2025-10-04,ADDR_001207,70.0,4,0
BUYER_03940,standard,2025-06-18,ADDR_003921,70.0,6,0
BUYER_03941,standard,2025-04-30,ADDR_002729,70.0,8,0
BUYER_03942,standard,2025-06-16,ADDR_002538,70.0,2,0
BUYER_03943,high_return_legit,2025-08-28,ADDR_001976,70.0,5,2
BUYER_03944,standard,2025-12-17,ADDR_003775,70.0,13,0
BUYER_03945,high_return_legit,2025-04-30,ADDR_004949,70.0,17,9
BUYER_03946,standard,2025-09-16,ADDR_002010,70.0,10,0
BUYER_03947,standard,2025-05-13,ADDR_000559,70.0,9,1
BUYER_03948,standard,2025-04-13,ADDR_000631,70.0,7,0
BUYER_03949,standard,2025-08-23,ADDR_000875,70.0,5,1
BUYER_03950,high_return_legit,2025-10-04,ADDR_001536,70.0,20,6
BUYER_03951,standard,2025-09-20,ADDR_000020,70.0,18,3
BUYER_03952,standard,2025-12-02,ADDR_001393,70.0,3,0
BUYER_03953,abuser,2025-02-17,ADDR_003440,70.0,7,0
BUYER_03954,standard,2025-07-23,ADDR_003356,70.0,14,1
BUYER_03955,standard,2025-04-27,ADDR_003311,70.0,9,0
BUYER_03956,standard,2025-10-23,ADDR_003312,70.0,9,0
BUYER_03957,standard,2025-01-29,ADDR_002364,70.0,13,1
BUYER_03958,standard,2025-03-16,ADDR_004639,70.0,10,1
BUYER_03959,standard,2025-10-08,ADDR_001473,70.0,4,1
BUYER_03960,high_return_legit,2025-05-20,ADDR_000393,70.0,11,3
BUYER_03961,abuser,2025-09-08,ADDR_004017,70.0,12,1
BUYER_03962,standard,2025-12-20,ADDR_002314,70.0,9,3
BUYER_03963,standard,2025-06-25,ADDR_001714,70.0,7,0
BUYER_03964,standard,2025-07-20,ADDR_001973,70.0,7,0
BUYER_03965,standard,2025-12-13,ADDR_002886,70.0,3,0
BUYER_03966,standard,2025-09-30,ADDR_002610,70.0,4,0
BUYER_03967,standard,2025-03-23,ADDR_000068,70.0,5,0
BUYER_03968,standard,2025-10-18,ADDR_000860,70.0,31,1
BUYER_03969,standard,2025-07-15,ADDR_004689,70.0,12,0
BUYER_03970,standard,2025-10-13,ADDR_002432,70.0,6,0
BUYER_03971,standard,2025-08-12,ADDR_004892,70.0,14,1
BUYER_03972,standard,2025-04-04,ADDR_003252,70.0,14,0
BUYER_03973,standard,2025-10-22,ADDR_003650,70.0,7,1
BUYER_03974,standard,2025-01-02,ADDR_001553,70.0,14,1
BUYER_03975,standard,2025-11-15,ADDR_004147,70.0,6,0
BUYER_03976,standard,2025-10-23,ADDR_003219,70.0,2,0
BUYER_03977,standard,2025-12-11,ADDR_003721,70.0,7,1
BUYER_03978,standard,2025-01-18,ADDR_001315,70.0,12,1
BUYER_03979,standard,2025-06-18,ADDR_000978,70.0,27,0
BUYER_03980,standard,2025-03-13,ADDR_001828,70.0,2,0
BUYER_03981,high_return_legit,2025-05-27,ADDR_004499,70.0,2,1
BUYER_03982,standard,2025-05-22,ADDR_004491,70.0,3,0
BUYER_03983,high_return_legit,2025-08-11,ADDR_001747,70.0,5,0
BUYER_03984,standard,2025-06-18,ADDR_000124,70.0,14,1
BUYER_03985,standard,2025-12-10,ADDR_000842,70.0,31,4
BUYER_03986,high_return_legit,2025-04-22,ADDR_001350,70.0,20,8
BUYER_03987,standard,2025-06-11,ADDR_000095,70.0,2,0
BUYER_03988,high_return_legit,2025-09-15,ADDR_004631,70.0,4,1
BUYER_03989,standard,2025-04-22,ADDR_002306,70.0,14,1
BUYER_03990,standard,2025-09-22,ADDR_000727,70.0,7,0
BUYER_03991,high_return_legit,2025-09-17,ADDR_003017,70.0,10,2
BUYER_03992,standard,2025-09-18,ADDR_001967,70.0,5,0
BUYER_03993,standard,2025-09-06,ADDR_000864,70.0,19,2
BUYER_03994,standard,2025-10-23,ADDR_004840,70.0,4,0
BUYER_03995,abuser,2025-12-19,ADDR_002963,70.0,7,0
BUYER_03996,standard,2025-01-27,ADDR_003230,70.0,4,0
BUYER_03997,standard,2025-07-08,ADDR_001114,70.0,18,2
BUYER_03998,standard,2025-10-21,ADDR_003028,70.0,5,0
BUYER_03999,standard,2025-01-01,ADDR_001329,70.0,11,0
BUYER_04000,standard,2025-07-25,ADDR_003102,70.0,18,0
BUYER_04001,standard,2025-09-01,ADDR_004710,70.0,9,1
BUYER_04002,standard,2025-03-22,ADDR_004655,70.0,2,0
BUYER_04003,standard,2025-06-05,ADDR_002451,70.0,20,1
BUYER_04004,high_return_legit,2025-10-14,ADDR_001944,70.0,11,5
BUYER_04005,standard,2025-01-31,ADDR_002264,70.0,18,0
BUYER_04006,abuser,2025-02-28,ADDR_000763,70.0,5,0
BUYER_04007,high_return_legit,2025-10-23,ADDR_000858,70.0,10,0
BUYER_04008,standard,2025-10-20,ADDR_004771,70.0,41,1
BUYER_04009,standard,2025-08-09,ADDR_002812,70.0,1,0
BUYER_04010,standard,2025-06-10,ADDR_000634,70.0,13,3
BUYER_04011,standard,2025-02-16,ADDR_004469,70.0,7,1
BUYER_04012,standard,2025-10-21,ADDR_004693,70.0,39,0
BUYER_04013,high_return_legit,2025-04-09,ADDR_002777,70.0,23,6
BUYER_04014,standard,2025-11-23,ADDR_004693,70.0,4,1
BUYER_04015,high_return_legit,2025-10-09,ADDR_004805,70.0,7,2
BUYER_04016,high_return_legit,2025-02-06,ADDR_004719,70.0,5,0
BUYER_04017,standard,2025-08-24,ADDR_004771,70.0,4,0
BUYER_04018,standard,2025-11-25,ADDR_000331,70.0,3,0
BUYER_04019,standard,2025-11-12,ADDR_000153,70.0,5,0
BUYER_04020,standard,2025-08-17,ADDR_002858,70.0,14,1
BUYER_04021,standard,2025-03-14,ADDR_003703,70.0,3,0
BUYER_04022,standard,2025-09-08,ADDR_004148,70.0,17,0
BUYER_04023,standard,2025-09-03,ADDR_003176,70.0,1,0
BUYER_04024,standard,2025-08-08,ADDR_001552,70.0,3,0
BUYER_04025,standard,2025-04-18,ADDR_004617,70.0,19,2
BUYER_04026,standard,2025-11-19,ADDR_002923,70.0,14,1
BUYER_04027,standard,2025-07-10,ADDR_003373,70.0,11,2
BUYER_04028,high_return_legit,2025-04-29,ADDR_001269,70.0,6,3
BUYER_04029,high_return_legit,2025-04-14,ADDR_003756,70.0,8,5
BUYER_04030,high_return_legit,2025-04-23,ADDR_000641,70.0,54,19
BUYER_04031,abuser,2025-06-26,ADDR_004309,70.0,42,3
BUYER_04032,standard,2025-04-05,ADDR_004218,70.0,15,0
BUYER_04033,abuser,2025-07-15,ADDR_003379,70.0,13,0
BUYER_04034,high_return_legit,2025-03-22,ADDR_004857,70.0,5,1
BUYER_04035,abuser,2025-04-20,ADDR_004505,70.0,4,0
BUYER_04036,standard,2025-02-22,ADDR_004218,70.0,5,0
BUYER_04037,standard,2025-05-21,ADDR_000907,70.0,2,0
BUYER_04038,standard,2025-06-07,ADDR_000600,70.0,10,1
BUYER_04039,standard,2025-06-06,ADDR_001587,70.0,2,0
BUYER_04040,standard,2025-09-23,ADDR_002913,70.0,5,1
BUYER_04041,standard,2025-07-04,ADDR_000711,70.0,2,0
BUYER_04042,standard,2025-09-12,ADDR_003628,70.0,8,0
BUYER_04043,standard,2025-01-17,ADDR_003189,70.0,11,0
BUYER_04044,high_return_legit,2025-06-17,ADDR_000958,70.0,4,3
BUYER_04045,standard,2025-02-10,ADDR_001812,70.0,5,0
BUYER_04046,standard,2025-06-26,ADDR_002304,70.0,10,1
BUYER_04047,standard,2025-08-17,ADDR_002929,70.0,4,0
BUYER_04048,standard,2025-10-16,ADDR_002052,70.0,4,1
BUYER_04049,standard,2025-07-26,ADDR_000337,70.0,9,0
BUYER_04050,standard,2025-05-29,ADDR_003743,70.0,9,0
BUYER_04051,standard,2025-04-17,ADDR_003091,70.0,7,1
BUYER_04052,standard,2025-12-07,ADDR_000562,70.0,11,0
BUYER_04053,standard,2025-03-24,ADDR_000930,70.0,6,0
BUYER_04054,high_return_legit,2025-01-21,ADDR_001491,70.0,11,6
BUYER_04055,high_return_legit,2025-02-24,ADDR_000886,70.0,21,7
BUYER_04056,standard,2025-12-20,ADDR_003997,70.0,6,0
BUYER_04057,abuser,2025-11-20,ADDR_004621,70.0,17,0
BUYER_04058,standard,2025-05-08,ADDR_000437,70.0,20,0
BUYER_04059,standard,2025-01-03,ADDR_001184,70.0,3,0
BUYER_04060,standard,2025-10-06,ADDR_001411,70.0,15,0
BUYER_04061,standard,2025-04-30,ADDR_004909,70.0,5,0
BUYER_04062,standard,2025-01-12,ADDR_003074,70.0,20,0
BUYER_04063,standard,2025-06-24,ADDR_003631,70.0,15,1
BUYER_04064,standard,2025-06-13,ADDR_001224,70.0,5,0
BUYER_04065,high_return_legit,2025-05-22,ADDR_000334,70.0,4,0
BUYER_04066,standard,2025-08-30,ADDR_002380,70.0,6,0
BUYER_04067,standard,2025-09-23,ADDR_004044,70.0,16,0
BUYER_04068,standard,2025-07-29,ADDR_004144,70.0,11,1
BUYER_04069,standard,2025-01-08,ADDR_002338,70.0,16,0
BUYER_04070,high_return_legit,2025-01-12,ADDR_001334,70.0,9,3
BUYER_04071,high_return_legit,2025-11-13,ADDR_000233,70.0,5,1
BUYER_04072,high_return_legit,2025-03-20,ADDR_002157,70.0,7,1
BUYER_04073,standard,2025-06-04,ADDR_002653,70.0,10,1
BUYER_04074,standard,2025-02-15,ADDR_000090,70.0,18,0
BUYER_04075,high_return_legit,2025-04-05,ADDR_004627,70.0,16,10
BUYER_04076,standard,2025-07-04,ADDR_003506,70.0,3,0
BUYER_04077,standard,2025-04-07,ADDR_001618,70.0,10,1
BUYER_04078,abuser,2025-09-01,ADDR_001757,70.0,1,0
BUYER_04079,standard,2025-05-24,ADDR_001767,70.0,7,1
BUYER_04080,standard,2025-10-13,ADDR_004257,70.0,7,0
BUYER_04081,standard,2025-08-13,ADDR_003582,70.0,5,0
BUYER_04082,high_return_legit,2025-04-14,ADDR_000438,70.0,12,5
BUYER_04083,abuser,2025-10-20,ADDR_001516,70.0,3,0
BUYER_04084,standard,2025-11-29,ADDR_003872,70.0,6,1
BUYER_04085,standard,2025-02-22,ADDR_001764,70.0,8,0
BUYER_04086,standard,2025-09-04,ADDR_004028,70.0,15,0
BUYER_04087,standard,2025-08-22,ADDR_002511,70.0,8,0
BUYER_04088,standard,2025-09-04,ADDR_003841,70.0,26,2
BUYER_04089,high_return_legit,2025-01-16,ADDR_002612,70.0,2,0
BUYER_04090,standard,2025-01-15,ADDR_003635,70.0,8,0
BUYER_04091,high_return_legit,2025-04-28,ADDR_002135,70.0,18,5
BUYER_04092,abuser,2025-02-06,ADDR_001177,70.0,17,0
BUYER_04093,standard,2025-05-24,ADDR_004366,70.0,9,1
BUYER_04094,standard,2025-11-10,ADDR_002062,70.0,10,0
BUYER_04095,standard,2025-05-20,ADDR_000045,70.0,8,1
BUYER_04096,standard,2025-06-02,ADDR_001910,70.0,8,0
BUYER_04097,standard,2025-04-19,ADDR_002034,70.0,12,1
BUYER_04098,high_return_legit,2025-06-12,ADDR_001193,70.0,17,3
BUYER_04099,standard,2025-10-16,ADDR_000138,70.0,4,0
BUYER_04100,standard,2025-10-27,ADDR_002433,70.0,16,2
BUYER_04101,standard,2025-06-12,ADDR_002548,70.0,4,0
BUYER_04102,abuser,2025-06-04,ADDR_001320,70.0,36,1
BUYER_04103,standard,2025-03-23,ADDR_003167,70.0,10,0
BUYER_04104,high_return_legit,2025-12-13,ADDR_002369,70.0,20,4
BUYER_04105,standard,2025-05-04,ADDR_004825,70.0,5,0
BUYER_04106,standard,2025-05-16,ADDR_004823,70.0,5,0
BUYER_04107,standard,2025-06-15,ADDR_002356,70.0,7,0
BUYER_04108,standard,2025-02-06,ADDR_003508,70.0,13,0
BUYER_04109,standard,2025-05-10,ADDR_000257,70.0,11,2
BUYER_04110,standard,2025-11-28,ADDR_002191,70.0,36,5
BUYER_04111,high_return_legit,2025-02-04,ADDR_002186,70.0,10,6
BUYER_04112,standard,2025-04-09,ADDR_002217,70.0,7,2
BUYER_04113,standard,2025-03-31,ADDR_004162,70.0,4,0
BUYER_04114,standard,2025-04-07,ADDR_002888,70.0,5,0
BUYER_04115,high_return_legit,2025-12-06,ADDR_002332,70.0,9,6
BUYER_04116,abuser,2025-09-17,ADDR_002137,70.0,9,1
BUYER_04117,standard,2025-11-25,ADDR_003062,70.0,11,0
BUYER_04118,standard,2025-11-05,ADDR_004223,70.0,13,1
BUYER_04119,standard,2025-08-20,ADDR_001217,70.0,4,1
BUYER_04120,standard,2025-07-30,ADDR_002579,70.0,9,0
BUYER_04121,high_return_legit,2025-07-12,ADDR_001579,70.0,6,2
BUYER_04122,standard,2025-09-11,ADDR_003329,70.0,11,0
BUYER_04123,standard,2025-09-15,ADDR_004462,70.0,38,3
BUYER_04124,standard,2025-08-12,ADDR_001774,70.0,5,2
BUYER_04125,high_return_legit,2025-06-22,ADDR_002859,70.0,27,14
BUYER_04126,standard,2025-09-06,ADDR_001402,70.0,7,1
BUYER_04127,standard,2025-03-08,ADDR_003813,70.0,7,1
BUYER_04128,abuser,2025-07-27,ADDR_001076,70.0,24,3
BUYER_04129,standard,2025-07-16,ADDR_002584,70.0,2,0
BUYER_04130,standard,2025-07-21,ADDR_001795,70.0,42,1
BUYER_04131,standard,2025-07-13,ADDR_003785,70.0,10,1
BUYER_04132,standard,2025-10-01,ADDR_002402,70.0,2,0
BUYER_04133,abuser,2025-10-03,ADDR_000995,70.0,9,0
BUYER_04134,standard,2025-05-11,ADDR_003777,70.0,5,0
BUYER_04135,standard,2025-05-18,ADDR_002756,70.0,2,0
BUYER_04136,standard,2025-01-09,ADDR_000760,70.0,12,0
BUYER_04137,abuser,2025-02-19,ADDR_000277,70.0,5,1
BUYER_04138,standard,2025-04-17,ADDR_001420,70.0,3,0
BUYER_04139,abuser,2025-10-06,ADDR_001194,70.0,32,3
BUYER_04140,high_return_legit,2025-10-16,ADDR_004909,70.0,6,0
BUYER_04141,standard,2025-04-11,ADDR_000551,70.0,9,0
BUYER_04142,high_return_legit,2025-11-09,ADDR_003196,70.0,20,4
BUYER_04143,standard,2025-05-27,ADDR_001924,70.0,7,0
BUYER_04144,standard,2025-10-16,ADDR_000705,70.0,6,0
BUYER_04145,standard,2025-06-28,ADDR_004718,70.0,5,0
BUYER_04146,abuser,2025-09-18,ADDR_004105,70.0,21,0
BUYER_04147,high_return_legit,2025-05-20,ADDR_003142,70.0,10,3
BUYER_04148,high_return_legit,2025-02-02,ADDR_003730,70.0,14,7
BUYER_04149,standard,2025-04-14,ADDR_003800,70.0,3,0
BUYER_04150,high_return_legit,2025-09-13,ADDR_002475,70.0,6,1
BUYER_04151,abuser,2025-11-24,ADDR_004733,70.0,19,2
BUYER_04152,standard,2025-08-21,ADDR_001155,70.0,12,1
BUYER_04153,high_return_legit,2025-10-07,ADDR_000359,70.0,8,1
BUYER_04154,standard,2025-01-08,ADDR_004013,70.0,7,2
BUYER_04155,standard,2025-10-04,ADDR_001769,70.0,6,1
BUYER_04156,standard,2025-10-29,ADDR_000616,70.0,16,1
BUYER_04157,standard,2025-06-09,ADDR_000909,70.0,3,0
BUYER_04158,standard,2025-07-07,ADDR_002069,70.0,6,1
BUYER_04159,standard,2025-01-25,ADDR_004284,70.0,8,0
BUYER_04160,standard,2025-03-15,ADDR_004045,70.0,12,0
BUYER_04161,standard,2025-01-27,ADDR_001502,70.0,17,1
BUYER_04162,standard,2025-09-25,ADDR_000320,70.0,14,1
BUYER_04163,standard,2025-10-17,ADDR_002324,70.0,24,1
BUYER_04164,standard,2025-02-18,ADDR_003117,70.0,8,0
BUYER_04165,standard,2025-11-25,ADDR_001418,70.0,3,0
BUYER_04166,abuser,2025-10-30,ADDR_000038,70.0,21,1
BUYER_04167,standard,2025-08-04,ADDR_000942,70.0,5,1
BUYER_04168,high_return_legit,2025-12-14,ADDR_001648,70.0,8,2
BUYER_04169,abuser,2025-11-13,ADDR_002708,70.0,6,0
BUYER_04170,standard,2025-04-02,ADDR_004223,70.0,19,0
BUYER_04171,standard,2025-12-06,ADDR_000875,70.0,8,1
BUYER_04172,standard,2025-06-20,ADDR_003570,70.0,6,0
BUYER_04173,standard,2025-03-08,ADDR_003709,70.0,9,0
BUYER_04174,standard,2025-03-25,ADDR_001400,70.0,21,3
BUYER_04175,standard,2025-09-09,ADDR_004032,70.0,4,0
BUYER_04176,standard,2025-12-17,ADDR_000311,70.0,46,0
BUYER_04177,standard,2025-06-20,ADDR_003288,70.0,12,1
BUYER_04178,standard,2025-08-03,ADDR_004656,70.0,3,0
BUYER_04179,standard,2025-04-30,ADDR_003130,70.0,3,0
BUYER_04180,abuser,2025-11-01,ADDR_001133,70.0,14,0
BUYER_04181,abuser,2025-02-20,ADDR_004930,70.0,4,0
BUYER_04182,standard,2025-08-06,ADDR_001644,70.0,13,1
BUYER_04183,standard,2025-08-07,ADDR_001428,70.0,5,1
BUYER_04184,standard,2025-01-01,ADDR_004160,70.0,7,2
BUYER_04185,high_return_legit,2025-12-02,ADDR_004754,70.0,5,0
BUYER_04186,standard,2025-12-12,ADDR_000548,70.0,10,1
BUYER_04187,standard,2025-06-28,ADDR_003195,70.0,24,0
BUYER_04188,standard,2025-09-23,ADDR_003183,70.0,20,0
BUYER_04189,standard,2025-11-02,ADDR_001386,70.0,26,1
BUYER_04190,standard,2025-02-21,ADDR_002734,70.0,7,0
BUYER_04191,standard,2025-02-08,ADDR_000275,70.0,3,0
BUYER_04192,abuser,2025-09-11,ADDR_004287,70.0,4,0
BUYER_04193,standard,2025-07-29,ADDR_000731,70.0,10,1
BUYER_04194,standard,2025-09-07,ADDR_000772,70.0,4,0
BUYER_04195,abuser,2025-08-03,ADDR_003012,70.0,14,0
BUYER_04196,standard,2025-09-23,ADDR_000484,70.0,17,2
BUYER_04197,standard,2025-03-08,ADDR_000433,70.0,25,1
BUYER_04198,standard,2025-03-30,ADDR_003130,70.0,10,0
BUYER_04199,standard,2025-04-07,ADDR_003945,70.0,11,1
BUYER_04200,standard,2025-06-10,ADDR_004180,70.0,4,0
BUYER_04201,standard,2025-10-04,ADDR_001641,70.0,4,0
BUYER_04202,standard,2025-10-27,ADDR_004569,70.0,12,0
BUYER_04203,standard,2025-06-05,ADDR_002671,70.0,6,1
BUYER_04204,standard,2025-08-13,ADDR_001979,70.0,5,0
BUYER_04205,standard,2025-04-29,ADDR_001706,70.0,10,0
BUYER_04206,standard,2025-07-01,ADDR_003637,70.0,2,0
BUYER_04207,standard,2025-12-02,ADDR_001834,70.0,8,0
BUYER_04208,high_return_legit,2025-04-19,ADDR_001934,70.0,16,5
BUYER_04209,standard,2025-10-13,ADDR_001919,70.0,5,1
BUYER_04210,standard,2025-01-21,ADDR_001578,70.0,4,0
BUYER_04211,standard,2025-05-16,ADDR_001967,70.0,16,0
BUYER_04212,high_return_legit,2025-09-01,ADDR_000119,70.0,9,2
BUYER_04213,abuser,2025-10-09,ADDR_004328,70.0,15,1
BUYER_04214,standard,2025-08-09,ADDR_001238,70.0,5,0
BUYER_04215,standard,2025-11-09,ADDR_002214,70.0,15,0
BUYER_04216,standard,2025-10-24,ADDR_000842,70.0,4,0
BUYER_04217,standard,2025-08-18,ADDR_001596,70.0,9,0
BUYER_04218,high_return_legit,2025-05-17,ADDR_001329,70.0,12,5
BUYER_04219,abuser,2025-05-23,ADDR_000840,70.0,10,0
BUYER_04220,standard,2025-08-17,ADDR_001429,70.0,91,4
BUYER_04221,abuser,2025-08-31,ADDR_004478,70.0,9,0
BUYER_04222,standard,2025-06-03,ADDR_004251,70.0,11,1
BUYER_04223,standard,2025-06-04,ADDR_003910,70.0,18,0
BUYER_04224,abuser,2025-03-16,ADDR_001006,70.0,3,1
BUYER_04225,standard,2025-01-01,ADDR_003216,70.0,15,0
BUYER_04226,standard,2025-06-26,ADDR_004055,70.0,6,0
BUYER_04227,standard,2025-10-27,ADDR_003216,70.0,8,0
BUYER_04228,standard,2025-10-06,ADDR_004253,70.0,10,1
BUYER_04229,standard,2025-12-19,ADDR_000995,70.0,3,0
BUYER_04230,standard,2025-09-04,ADDR_003607,70.0,12,1
BUYER_04231,standard,2025-04-06,ADDR_001635,70.0,8,1
BUYER_04232,standard,2025-09-07,ADDR_003586,70.0,9,0
BUYER_04233,standard,2025-10-26,ADDR_000632,70.0,19,0
BUYER_04234,standard,2025-08-26,ADDR_001577,70.0,6,0
BUYER_04235,abuser,2025-07-03,ADDR_003477,70.0,11,0
BUYER_04236,standard,2025-08-18,ADDR_002540,70.0,18,2
BUYER_04237,standard,2025-01-14,ADDR_001265,70.0,7,0
BUYER_04238,standard,2025-04-18,ADDR_003512,70.0,19,2
BUYER_04239,abuser,2025-03-09,ADDR_001185,70.0,4,0
BUYER_04240,standard,2025-06-09,ADDR_003001,70.0,18,4
BUYER_04241,standard,2025-11-16,ADDR_001982,70.0,7,2
BUYER_04242,standard,2025-03-20,ADDR_002283,70.0,11,0
BUYER_04243,standard,2025-02-02,ADDR_001772,70.0,4,1
BUYER_04244,standard,2025-10-10,ADDR_002596,70.0,9,0
BUYER_04245,standard,2025-11-08,ADDR_003568,70.0,12,1
BUYER_04246,abuser,2025-07-20,ADDR_003599,70.0,4,1
BUYER_04247,standard,2025-05-27,ADDR_003918,70.0,1,0
BUYER_04248,standard,2025-06-15,ADDR_002106,70.0,4,0
BUYER_04249,standard,2025-09-01,ADDR_000511,70.0,3,0
BUYER_04250,standard,2025-10-27,ADDR_000264,70.0,3,0
BUYER_04251,standard,2025-03-21,ADDR_002386,70.0,3,0
BUYER_04252,standard,2025-11-19,ADDR_004336,70.0,4,0
BUYER_04253,high_return_legit,2025-08-31,ADDR_002390,70.0,2,0
BUYER_04254,standard,2025-09-27,ADDR_004873,70.0,25,2
BUYER_04255,standard,2025-02-09,ADDR_002591,70.0,5,1
BUYER_04256,high_return_legit,2025-11-24,ADDR_003140,70.0,7,0
BUYER_04257,standard,2025-07-19,ADDR_000384,70.0,3,0
BUYER_04258,standard,2025-05-22,ADDR_003802,70.0,6,1
BUYER_04259,abuser,2025-06-04,ADDR_004400,70.0,17,0
BUYER_04260,standard,2025-04-28,ADDR_002504,70.0,10,1
BUYER_04261,standard,2025-03-11,ADDR_004477,70.0,16,0
BUYER_04262,high_return_legit,2025-01-18,ADDR_000416,70.0,8,6
BUYER_04263,standard,2025-04-17,ADDR_002421,70.0,9,0
BUYER_04264,standard,2025-07-08,ADDR_004514,70.0,4,0
BUYER_04265,standard,2025-09-03,ADDR_002988,70.0,7,0
BUYER_04266,abuser,2025-09-25,ADDR_003407,70.0,6,0
BUYER_04267,standard,2025-08-11,ADDR_001996,70.0,13,0
BUYER_04268,standard,2025-02-20,ADDR_002715,70.0,6,0
BUYER_04269,standard,2025-06-16,ADDR_001839,70.0,5,0
BUYER_04270,standard,2025-09-04,ADDR_003376,70.0,8,0
BUYER_04271,standard,2025-09-29,ADDR_003541,70.0,10,0
BUYER_04272,standard,2025-05-09,ADDR_002533,70.0,4,0
BUYER_04273,high_return_legit,2025-11-28,ADDR_004602,70.0,5,1
BUYER_04274,standard,2025-10-16,ADDR_000289,70.0,37,1
BUYER_04275,standard,2025-11-03,ADDR_002233,70.0,15,1
BUYER_04276,standard,2025-09-03,ADDR_003269,70.0,3,0
BUYER_04277,standard,2025-06-09,ADDR_000418,70.0,9,0
BUYER_04278,abuser,2025-11-29,ADDR_000025,70.0,6,0
BUYER_04279,standard,2025-11-19,ADDR_000817,70.0,3,0
BUYER_04280,standard,2025-10-26,ADDR_001090,70.0,6,0
BUYER_04281,standard,2025-11-16,ADDR_004349,70.0,3,0
BUYER_04282,standard,2025-11-24,ADDR_000772,70.0,16,0
BUYER_04283,high_return_legit,2025-09-30,ADDR_003170,70.0,13,2
BUYER_04284,standard,2025-03-25,ADDR_001683,70.0,14,2
BUYER_04285,standard,2025-07-22,ADDR_002651,70.0,6,0
BUYER_04286,standard,2025-08-17,ADDR_004496,70.0,3,0
BUYER_04287,high_return_legit,2025-10-08,ADDR_004248,70.0,4,1
BUYER_04288,standard,2025-07-08,ADDR_000394,70.0,13,0
BUYER_04289,standard,2025-07-14,ADDR_000440,70.0,9,1
BUYER_04290,standard,2025-12-19,ADDR_001769,70.0,6,0
BUYER_04291,standard,2025-06-23,ADDR_004003,70.0,5,0
BUYER_04292,standard,2025-02-26,ADDR_003759,70.0,8,0
BUYER_04293,standard,2025-09-17,ADDR_003061,70.0,4,0
BUYER_04294,high_return_legit,2025-05-23,ADDR_004272,70.0,6,2
BUYER_04295,standard,2025-04-12,ADDR_000902,70.0,25,1
BUYER_04296,standard,2025-08-22,ADDR_003643,70.0,37,1
BUYER_04297,standard,2025-12-06,ADDR_004798,70.0,11,0
BUYER_04298,standard,2025-05-05,ADDR_004777,70.0,2,0
BUYER_04299,standard,2025-05-26,ADDR_003520,70.0,29,2
BUYER_04300,high_return_legit,2025-06-27,ADDR_003444,70.0,6,3
BUYER_04301,abuser,2025-09-10,ADDR_001107,70.0,2,1
BUYER_04302,standard,2025-06-03,ADDR_004284,70.0,5,1
BUYER_04303,standard,2025-06-13,ADDR_001224,70.0,14,0
BUYER_04304,abuser,2025-09-15,ADDR_002089,70.0,4,1
BUYER_04305,abuser,2025-12-16,ADDR_000578,70.0,7,1
BUYER_04306,high_return_legit,2025-05-06,ADDR_001495,70.0,8,2
BUYER_04307,standard,2025-08-07,ADDR_000375,70.0,2,1
BUYER_04308,standard,2025-10-15,ADDR_000889,70.0,21,0
BUYER_04309,standard,2025-03-29,ADDR_000357,70.0,7,0
BUYER_04310,abuser,2025-10-23,ADDR_002755,70.0,6,1
BUYER_04311,high_return_legit,2025-05-20,ADDR_003245,70.0,16,6
BUYER_04312,standard,2025-02-18,ADDR_003218,70.0,2,0
BUYER_04313,standard,2025-01-13,ADDR_003480,70.0,11,0
BUYER_04314,standard,2025-01-17,ADDR_003820,70.0,8,0
BUYER_04315,standard,2025-10-16,ADDR_003344,70.0,7,1
BUYER_04316,standard,2025-09-06,ADDR_003106,70.0,6,0
BUYER_04317,standard,2025-10-15,ADDR_000903,70.0,14,1
BUYER_04318,abuser,2025-10-02,ADDR_003628,70.0,2,1
BUYER_04319,standard,2025-05-29,ADDR_002410,70.0,8,0
BUYER_04320,standard,2025-11-29,ADDR_000770,70.0,11,0
BUYER_04321,standard,2025-11-11,ADDR_002379,70.0,17,1
BUYER_04322,standard,2025-05-18,ADDR_001602,70.0,35,0
BUYER_04323,standard,2025-10-08,ADDR_000984,70.0,3,0
BUYER_04324,standard,2025-10-23,ADDR_002777,70.0,3,0
BUYER_04325,abuser,2025-07-05,ADDR_004428,70.0,11,0
BUYER_04326,standard,2025-02-22,ADDR_000081,70.0,15,1
BUYER_04327,standard,2025-05-12,ADDR_000667,70.0,10,0
BUYER_04328,standard,2025-12-17,ADDR_002883,70.0,14,1
BUYER_04329,standard,2025-09-20,ADDR_003419,70.0,5,0
BUYER_04330,standard,2025-10-09,ADDR_001185,70.0,14,2
BUYER_04331,standard,2025-11-22,ADDR_001827,70.0,5,1
BUYER_04332,standard,2025-03-26,ADDR_003284,70.0,5,0
BUYER_04333,standard,2025-12-10,ADDR_004175,70.0,9,0
BUYER_04334,standard,2025-07-15,ADDR_003288,70.0,2,0
BUYER_04335,standard,2025-09-29,ADDR_001149,70.0,20,0
BUYER_04336,high_return_legit,2025-05-07,ADDR_000959,70.0,15,1
BUYER_04337,standard,2025-05-11,ADDR_003421,70.0,17,1
BUYER_04338,standard,2025-05-22,ADDR_002781,70.0,2,0
BUYER_04339,standard,2025-05-17,ADDR_003707,70.0,6,0
BUYER_04340,abuser,2025-01-30,ADDR_001232,70.0,15,1
BUYER_04341,standard,2025-05-04,ADDR_004922,70.0,4,0
BUYER_04342,abuser,2025-08-28,ADDR_000821,70.0,18,1
BUYER_04343,high_return_legit,2025-11-19,ADDR_000882,70.0,16,4
BUYER_04344,standard,2025-01-21,ADDR_003638,70.0,42,3
BUYER_04345,abuser,2025-01-09,ADDR_002380,70.0,4,0
BUYER_04346,standard,2025-08-09,ADDR_001922,70.0,8,1
BUYER_04347,standard,2025-09-14,ADDR_003644,70.0,4,1
BUYER_04348,abuser,2025-08-15,ADDR_002843,70.0,6,0
BUYER_04349,standard,2025-12-12,ADDR_001994,70.0,6,0
BUYER_04350,standard,2025-04-04,ADDR_001069,70.0,1,0
BUYER_04351,high_return_legit,2025-07-03,ADDR_003550,70.0,37,10
BUYER_04352,high_return_legit,2025-11-24,ADDR_004081,70.0,3,2
BUYER_04353,standard,2025-08-18,ADDR_001671,70.0,6,0
BUYER_04354,high_return_legit,2025-08-04,ADDR_002085,70.0,13,4
BUYER_04355,standard,2025-11-29,ADDR_004150,70.0,5,0
BUYER_04356,standard,2025-05-14,ADDR_000253,70.0,11,0
BUYER_04357,standard,2025-03-08,ADDR_001341,70.0,5,1
BUYER_04358,standard,2025-02-26,ADDR_003597,70.0,7,0
BUYER_04359,standard,2025-10-24,ADDR_001420,70.0,10,0
BUYER_04360,standard,2025-11-05,ADDR_003688,70.0,29,0
BUYER_04361,high_return_legit,2025-04-06,ADDR_001063,70.0,7,1
BUYER_04362,standard,2025-06-24,ADDR_004590,70.0,5,0
BUYER_04363,high_return_legit,2025-08-07,ADDR_004464,70.0,8,2
BUYER_04364,standard,2025-03-01,ADDR_003999,70.0,17,1
BUYER_04365,standard,2025-11-02,ADDR_003629,70.0,8,1
BUYER_04366,standard,2025-06-11,ADDR_002827,70.0,27,1
BUYER_04367,high_return_legit,2025-11-07,ADDR_000040,70.0,4,0
BUYER_04368,standard,2025-10-04,ADDR_000213,70.0,7,0
BUYER_04369,standard,2025-04-28,ADDR_002195,70.0,3,0
BUYER_04370,standard,2025-09-20,ADDR_003721,70.0,4,0
BUYER_04371,abuser,2025-09-28,ADDR_000643,70.0,10,1
BUYER_04372,standard,2025-05-04,ADDR_002717,70.0,11,0
BUYER_04373,standard,2025-04-14,ADDR_003216,70.0,16,0
BUYER_04374,standard,2025-10-25,ADDR_004133,70.0,16,2
BUYER_04375,standard,2025-09-07,ADDR_002731,70.0,7,0
BUYER_04376,standard,2025-09-27,ADDR_002859,70.0,21,1
BUYER_04377,high_return_legit,2025-05-05,ADDR_000309,70.0,15,4
BUYER_04378,high_return_legit,2025-09-22,ADDR_000010,70.0,9,1
BUYER_04379,standard,2025-09-19,ADDR_001563,70.0,3,0
BUYER_04380,high_return_legit,2025-05-12,ADDR_004033,70.0,8,3
BUYER_04381,standard,2025-04-20,ADDR_000029,70.0,9,0
BUYER_04382,standard,2025-06-16,ADDR_000706,70.0,5,0
BUYER_04383,standard,2025-09-27,ADDR_001274,70.0,13,1
BUYER_04384,high_return_legit,2025-03-22,ADDR_000492,70.0,6,2
BUYER_04385,standard,2025-11-10,ADDR_000474,70.0,8,0
BUYER_04386,high_return_legit,2025-04-14,ADDR_003384,70.0,12,4
BUYER_04387,standard,2025-10-30,ADDR_000221,70.0,9,1
BUYER_04388,standard,2025-03-08,ADDR_002604,70.0,4,0
BUYER_04389,standard,2025-09-27,ADDR_000886,70.0,6,0
BUYER_04390,high_return_legit,2025-07-30,ADDR_004663,70.0,6,2
BUYER_04391,standard,2025-09-02,ADDR_001655,70.0,4,0
BUYER_04392,standard,2025-12-12,ADDR_004402,70.0,8,1
BUYER_04393,standard,2025-01-25,ADDR_000361,70.0,7,0
BUYER_04394,standard,2025-03-05,ADDR_001235,70.0,4,0
BUYER_04395,standard,2025-02-06,ADDR_000848,70.0,25,1
BUYER_04396,standard,2025-07-16,ADDR_000760,70.0,8,0
BUYER_04397,standard,2025-10-18,ADDR_003675,70.0,8,0
BUYER_04398,standard,2025-01-26,ADDR_001032,70.0,5,1
BUYER_04399,abuser,2025-10-10,ADDR_000362,70.0,13,0
BUYER_04400,high_return_legit,2025-06-16,ADDR_004529,70.0,6,1
BUYER_04401,standard,2025-12-02,ADDR_004762,70.0,7,0
BUYER_04402,high_return_legit,2025-05-30,ADDR_000351,70.0,6,3
BUYER_04403,standard,2025-12-16,ADDR_001988,70.0,23,1
BUYER_04404,standard,2025-07-28,ADDR_003338,70.0,7,0
BUYER_04405,standard,2025-12-17,ADDR_002115,70.0,8,0
BUYER_04406,high_return_legit,2025-08-23,ADDR_000492,70.0,6,1
BUYER_04407,standard,2025-05-17,ADDR_001230,70.0,13,1
BUYER_04408,standard,2025-10-18,ADDR_003517,70.0,10,0
BUYER_04409,standard,2025-07-05,ADDR_002764,70.0,5,0
BUYER_04410,standard,2025-05-03,ADDR_000051,70.0,5,0
BUYER_04411,standard,2025-07-02,ADDR_003072,70.0,12,0
BUYER_04412,standard,2025-11-09,ADDR_000046,70.0,4,0
BUYER_04413,standard,2025-09-25,ADDR_004188,70.0,4,0
BUYER_04414,abuser,2025-03-15,ADDR_004895,70.0,3,1
BUYER_04415,high_return_legit,2025-10-30,ADDR_000763,70.0,6,1
BUYER_04416,high_return_legit,2025-06-16,ADDR_002610,70.0,5,2
BUYER_04417,standard,2025-02-07,ADDR_001666,70.0,38,1
BUYER_04418,standard,2025-03-05,ADDR_000315,70.0,3,0
BUYER_04419,standard,2025-01-31,ADDR_003354,70.0,4,0
BUYER_04420,standard,2025-09-07,ADDR_000132,70.0,5,0
BUYER_04421,standard,2025-04-15,ADDR_000119,70.0,11,1
BUYER_04422,standard,2025-02-13,ADDR_004013,70.0,29,0
BUYER_04423,standard,2025-05-24,ADDR_003567,70.0,14,0
BUYER_04424,abuser,2025-11-08,ADDR_004479,70.0,13,0
BUYER_04425,standard,2025-08-22,ADDR_002941,70.0,32,4
BUYER_04426,standard,2025-07-04,ADDR_002596,70.0,12,1
BUYER_04427,standard,2025-09-25,ADDR_002025,70.0,15,3
BUYER_04428,high_return_legit,2025-02-04,ADDR_001839,70.0,11,3
BUYER_04429,standard,2025-11-13,ADDR_002504,70.0,4,0
BUYER_04430,standard,2025-03-16,ADDR_003476,70.0,2,0
BUYER_04431,standard,2025-01-12,ADDR_003000,70.0,8,2
BUYER_04432,standard,2025-05-22,ADDR_003337,70.0,4,0
BUYER_04433,standard,2025-01-28,ADDR_004422,70.0,3,0
BUYER_04434,abuser,2025-03-12,ADDR_004449,70.0,19,0
BUYER_04435,standard,2025-09-27,ADDR_002438,70.0,7,0
BUYER_04436,standard,2025-06-06,ADDR_001267,70.0,6,0
BUYER_04437,standard,2025-01-05,ADDR_000715,70.0,24,0
BUYER_04438,standard,2025-08-27,ADDR_000944,70.0,11,0
BUYER_04439,abuser,2025-09-17,ADDR_004262,70.0,6,0
BUYER_04440,high_return_legit,2025-11-19,ADDR_001538,70.0,4,1
BUYER_04441,standard,2025-03-07,ADDR_001473,70.0,6,1
BUYER_04442,abuser,2025-11-05,ADDR_000315,70.0,4,0
BUYER_04443,standard,2025-09-17,ADDR_004403,70.0,11,1
BUYER_04444,standard,2025-07-31,ADDR_001928,70.0,10,1
BUYER_04445,standard,2025-04-16,ADDR_003489,70.0,9,1
BUYER_04446,standard,2025-06-25,ADDR_003538,70.0,16,3
BUYER_04447,standard,2025-03-24,ADDR_001733,70.0,9,0
BUYER_04448,standard,2025-09-20,ADDR_002466,70.0,12,0
BUYER_04449,high_return_legit,2025-09-15,ADDR_000501,70.0,6,2
BUYER_04450,high_return_legit,2025-03-21,ADDR_003306,70.0,25,5
BUYER_04451,standard,2025-04-13,ADDR_003335,70.0,9,2
BUYER_04452,standard,2025-11-19,ADDR_001058,70.0,8,2
BUYER_04453,standard,2025-06-30,ADDR_000967,70.0,41,1
BUYER_04454,standard,2025-07-27,ADDR_001969,70.0,6,0
BUYER_04455,standard,2025-12-07,ADDR_003426,70.0,27,0
BUYER_04456,high_return_legit,2025-03-27,ADDR_002571,70.0,9,4
BUYER_04457,standard,2025-08-21,ADDR_000305,70.0,30,2
BUYER_04458,standard,2025-10-09,ADDR_002834,70.0,11,2
BUYER_04459,abuser,2025-05-07,ADDR_003499,70.0,3,0
BUYER_04460,standard,2025-05-03,ADDR_000922,70.0,8,0
BUYER_04461,standard,2025-11-17,ADDR_004483,70.0,3,0
BUYER_04462,standard,2025-02-14,ADDR_003997,70.0,12,0
BUYER_04463,standard,2025-03-09,ADDR_001607,70.0,14,1
BUYER_04464,standard,2025-06-09,ADDR_000446,70.0,8,2
BUYER_04465,standard,2025-10-17,ADDR_004580,70.0,6,1
BUYER_04466,standard,2025-06-24,ADDR_000486,70.0,6,0
BUYER_04467,standard,2025-04-20,ADDR_000304,70.0,5,0
BUYER_04468,high_return_legit,2025-06-12,ADDR_001236,70.0,5,1
BUYER_04469,standard,2025-06-20,ADDR_002677,70.0,5,0
BUYER_04470,standard,2025-09-23,ADDR_003238,70.0,3,0
BUYER_04471,standard,2025-11-08,ADDR_001164,70.0,20,1
BUYER_04472,standard,2025-05-08,ADDR_003261,70.0,8,0
BUYER_04473,standard,2025-09-17,ADDR_004723,70.0,16,0
BUYER_04474,standard,2025-09-15,ADDR_000038,70.0,17,0
BUYER_04475,standard,2025-10-06,ADDR_004576,70.0,13,1
BUYER_04476,standard,2025-08-04,ADDR_002788,70.0,4,0
BUYER_04477,standard,2025-01-08,ADDR_000961,70.0,5,0
BUYER_04478,high_return_legit,2025-08-31,ADDR_001715,70.0,11,6
BUYER_04479,standard,2025-08-16,ADDR_001536,70.0,12,1
BUYER_04480,standard,2025-08-16,ADDR_003024,70.0,5,0
BUYER_04481,high_return_legit,2025-04-24,ADDR_002137,70.0,4,0
BUYER_04482,standard,2025-02-13,ADDR_003246,70.0,17,1
BUYER_04483,standard,2025-03-21,ADDR_002339,70.0,24,3
BUYER_04484,standard,2025-03-31,ADDR_003175,70.0,9,0
BUYER_04485,standard,2025-03-15,ADDR_004802,70.0,3,0
BUYER_04486,high_return_legit,2025-04-10,ADDR_000603,70.0,4,2
BUYER_04487,standard,2025-02-01,ADDR_003657,70.0,36,5
BUYER_04488,high_return_legit,2025-04-19,ADDR_001137,70.0,7,2
BUYER_04489,standard,2025-12-20,ADDR_000094,70.0,12,1
BUYER_04490,standard,2025-07-13,ADDR_001806,70.0,19,0
BUYER_04491,standard,2025-05-16,ADDR_001947,70.0,6,0
BUYER_04492,abuser,2025-09-21,ADDR_004900,70.0,4,0
BUYER_04493,standard,2025-06-29,ADDR_001704,70.0,11,1
BUYER_04494,standard,2025-01-15,ADDR_003804,70.0,2,0
BUYER_04495,standard,2025-07-25,ADDR_004628,70.0,4,1
BUYER_04496,standard,2025-05-02,ADDR_001668,70.0,17,1
BUYER_04497,standard,2025-08-02,ADDR_000886,70.0,14,1
BUYER_04498,standard,2025-03-15,ADDR_004778,70.0,4,1
BUYER_04499,standard,2025-07-03,ADDR_002267,70.0,10,0
BUYER_04500,standard,2025-03-22,ADDR_004124,70.0,4,0
BUYER_04501,standard,2025-04-30,ADDR_003606,70.0,2,0
BUYER_04502,standard,2025-09-10,ADDR_001882,70.0,5,0
BUYER_04503,standard,2025-04-04,ADDR_002680,70.0,5,0
BUYER_04504,standard,2025-06-11,ADDR_004674,70.0,4,0
BUYER_04505,high_return_legit,2025-02-03,ADDR_000240,70.0,6,1
BUYER_04506,standard,2025-09-10,ADDR_003644,70.0,21,2
BUYER_04507,abuser,2025-07-22,ADDR_001964,70.0,10,2
BUYER_04508,standard,2025-10-22,ADDR_002711,70.0,10,0
BUYER_04509,standard,2025-07-21,ADDR_004505,70.0,5,0
BUYER_04510,standard,2025-12-19,ADDR_002973,70.0,5,0
BUYER_04511,standard,2025-04-09,ADDR_002588,70.0,3,0
BUYER_04512,standard,2025-09-28,ADDR_004815,70.0,4,0
BUYER_04513,standard,2025-06-16,ADDR_001491,70.0,6,0
BUYER_04514,standard,2025-05-27,ADDR_002549,70.0,2,0
BUYER_04515,standard,2025-09-25,ADDR_000440,70.0,15,1
BUYER_04516,standard,2025-12-06,ADDR_001718,70.0,6,0
BUYER_04517,high_return_legit,2025-10-03,ADDR_003554,70.0,14,3
BUYER_04518,standard,2025-05-11,ADDR_002084,70.0,10,0
BUYER_04519,standard,2025-07-13,ADDR_000834,70.0,4,0
BUYER_04520,standard,2025-03-31,ADDR_004874,70.0,5,0
BUYER_04521,abuser,2025-08-19,ADDR_000980,70.0,23,1
BUYER_04522,standard,2025-06-06,ADDR_000416,70.0,5,0
BUYER_04523,standard,2025-04-04,ADDR_001194,70.0,10,0
BUYER_04524,high_return_legit,2025-01-11,ADDR_000552,70.0,19,10
BUYER_04525,high_return_legit,2025-11-27,ADDR_002931,70.0,5,2
BUYER_04526,abuser,2025-02-05,ADDR_002155,70.0,15,1
BUYER_04527,standard,2025-05-11,ADDR_004331,70.0,4,0
BUYER_04528,high_return_legit,2025-03-21,ADDR_000837,70.0,10,4
BUYER_04529,standard,2025-07-07,ADDR_001330,70.0,11,1
BUYER_04530,standard,2025-03-23,ADDR_003389,70.0,7,0
BUYER_04531,standard,2025-09-26,ADDR_003454,70.0,25,4
BUYER_04532,standard,2025-04-03,ADDR_001785,70.0,7,0
BUYER_04533,high_return_legit,2025-03-19,ADDR_004562,70.0,19,6
BUYER_04534,standard,2025-03-31,ADDR_004188,70.0,8,1
BUYER_04535,standard,2025-04-29,ADDR_003028,70.0,8,0
BUYER_04536,standard,2025-08-26,ADDR_003705,70.0,10,0
BUYER_04537,standard,2025-03-28,ADDR_002652,70.0,8,0
BUYER_04538,high_return_legit,2025-09-13,ADDR_002330,70.0,3,1
BUYER_04539,high_return_legit,2025-06-15,ADDR_002700,70.0,9,4
BUYER_04540,standard,2025-03-24,ADDR_004182,70.0,27,1
BUYER_04541,high_return_legit,2025-04-09,ADDR_000080,70.0,5,2
BUYER_04542,standard,2025-07-19,ADDR_000499,70.0,6,0
BUYER_04543,standard,2025-05-28,ADDR_002349,70.0,3,0
BUYER_04544,standard,2025-07-14,ADDR_002876,70.0,5,0
BUYER_04545,standard,2025-10-21,ADDR_000889,70.0,8,1
BUYER_04546,standard,2025-01-23,ADDR_002995,70.0,21,2
BUYER_04547,standard,2025-06-02,ADDR_000121,70.0,6,0
BUYER_04548,standard,2025-06-10,ADDR_001217,70.0,9,2
BUYER_04549,standard,2025-04-12,ADDR_002276,70.0,6,1
BUYER_04550,standard,2025-06-19,ADDR_001879,70.0,4,1
BUYER_04551,high_return_legit,2025-08-01,ADDR_003136,70.0,9,1
BUYER_04552,standard,2025-08-07,ADDR_002649,70.0,20,1
BUYER_04553,high_return_legit,2025-09-04,ADDR_002798,70.0,8,2
BUYER_04554,standard,2025-02-05,ADDR_002542,70.0,6,1
BUYER_04555,standard,2025-06-25,ADDR_003422,70.0,4,0
BUYER_04556,standard,2025-10-03,ADDR_003235,70.0,5,1
BUYER_04557,standard,2025-06-24,ADDR_003267,70.0,9,1
BUYER_04558,high_return_legit,2025-08-31,ADDR_001053,70.0,4,3
BUYER_04559,standard,2025-08-09,ADDR_003401,70.0,5,0
BUYER_04560,standard,2025-06-27,ADDR_000889,70.0,16,0
BUYER_04561,standard,2025-02-06,ADDR_000106,70.0,24,1
BUYER_04562,standard,2025-08-23,ADDR_004840,70.0,15,0
BUYER_04563,standard,2025-07-21,ADDR_000884,70.0,25,1
BUYER_04564,standard,2025-01-04,ADDR_000562,70.0,6,0
BUYER_04565,high_return_legit,2025-03-27,ADDR_004758,70.0,31,7
BUYER_04566,standard,2025-01-29,ADDR_004947,70.0,18,0
BUYER_04567,high_return_legit,2025-08-02,ADDR_000005,70.0,4,0
BUYER_04568,standard,2025-01-09,ADDR_003563,70.0,4,0
BUYER_04569,standard,2025-10-31,ADDR_000931,70.0,4,0
BUYER_04570,standard,2025-12-04,ADDR_003115,70.0,4,2
BUYER_04571,standard,2025-12-13,ADDR_004122,70.0,4,0
BUYER_04572,high_return_legit,2025-04-04,ADDR_001681,70.0,25,8
BUYER_04573,high_return_legit,2025-07-08,ADDR_001283,70.0,1,0
BUYER_04574,standard,2025-11-16,ADDR_004295,70.0,15,0
BUYER_04575,standard,2025-09-10,ADDR_000650,70.0,8,0
BUYER_04576,abuser,2025-04-30,ADDR_004504,70.0,23,2
BUYER_04577,standard,2025-10-28,ADDR_002371,70.0,3,0
BUYER_04578,high_return_legit,2025-08-03,ADDR_003573,70.0,3,0
BUYER_04579,high_return_legit,2025-09-24,ADDR_001841,70.0,10,0
BUYER_04580,standard,2025-12-11,ADDR_003513,70.0,3,0
BUYER_04581,standard,2025-12-20,ADDR_004578,70.0,4,0
BUYER_04582,standard,2025-07-11,ADDR_002441,70.0,14,0
BUYER_04583,high_return_legit,2025-03-08,ADDR_001050,70.0,16,3
BUYER_04584,standard,2025-08-19,ADDR_000385,70.0,12,0
BUYER_04585,standard,2025-08-27,ADDR_004582,70.0,9,2
BUYER_04586,standard,2025-08-03,ADDR_004945,70.0,2,0
BUYER_04587,standard,2025-06-12,ADDR_003223,70.0,4,1
BUYER_04588,standard,2025-08-06,ADDR_000076,70.0,21,1
BUYER_04589,high_return_legit,2025-07-21,ADDR_001967,70.0,7,2
BUYER_04590,standard,2025-12-03,ADDR_002452,70.0,10,1
BUYER_04591,standard,2025-10-29,ADDR_001157,70.0,5,0
BUYER_04592,standard,2025-06-02,ADDR_001817,70.0,7,0
BUYER_04593,standard,2025-08-02,ADDR_004662,70.0,6,0
BUYER_04594,high_return_legit,2025-08-01,ADDR_003841,70.0,14,2
BUYER_04595,standard,2025-07-13,ADDR_002955,70.0,6,0
BUYER_04596,standard,2025-01-28,ADDR_003642,70.0,6,2
BUYER_04597,standard,2025-09-18,ADDR_004196,70.0,42,3
BUYER_04598,standard,2025-09-25,ADDR_003108,70.0,18,3
BUYER_04599,standard,2025-07-04,ADDR_001553,70.0,26,0
BUYER_04600,standard,2025-11-19,ADDR_000369,70.0,21,1
BUYER_04601,standard,2025-12-15,ADDR_000609,70.0,8,0
BUYER_04602,high_return_legit,2025-10-21,ADDR_001172,70.0,2,0
BUYER_04603,standard,2025-11-27,ADDR_003804,70.0,4,0
BUYER_04604,standard,2025-07-05,ADDR_000466,70.0,11,0
BUYER_04605,standard,2025-11-23,ADDR_003461,70.0,3,0
BUYER_04606,standard,2025-11-30,ADDR_004845,70.0,4,1
BUYER_04607,standard,2025-08-20,ADDR_001981,70.0,20,1
BUYER_04608,standard,2025-03-06,ADDR_000632,70.0,18,1
BUYER_04609,abuser,2025-03-07,ADDR_004318,70.0,8,0
BUYER_04610,standard,2025-06-30,ADDR_004787,70.0,34,2
BUYER_04611,standard,2025-09-26,ADDR_002495,70.0,9,1
BUYER_04612,standard,2025-07-10,ADDR_000557,70.0,4,0
BUYER_04613,abuser,2025-10-17,ADDR_003106,70.0,3,0
BUYER_04614,standard,2025-10-07,ADDR_004268,70.0,3,0
BUYER_04615,standard,2025-03-26,ADDR_004779,70.0,20,0
BUYER_04616,standard,2025-02-27,ADDR_002844,70.0,7,0
BUYER_04617,standard,2025-09-16,ADDR_004673,70.0,4,0
BUYER_04618,standard,2025-05-08,ADDR_004117,70.0,5,0
BUYER_04619,standard,2025-11-29,ADDR_000798,70.0,9,1
BUYER_04620,standard,2025-11-08,ADDR_003138,70.0,4,1
BUYER_04621,standard,2025-06-22,ADDR_003295,70.0,1,0
BUYER_04622,standard,2025-08-05,ADDR_003805,70.0,15,0
BUYER_04623,standard,2025-11-01,ADDR_002630,70.0,3,0
BUYER_04624,standard,2025-11-09,ADDR_003617,70.0,12,0
BUYER_04625,abuser,2025-07-29,ADDR_002892,70.0,8,0
BUYER_04626,standard,2025-12-12,ADDR_001287,70.0,9,0
BUYER_04627,standard,2025-07-16,ADDR_002396,70.0,9,1
BUYER_04628,high_return_legit,2025-01-21,ADDR_004628,70.0,8,5
BUYER_04629,standard,2025-07-30,ADDR_004171,70.0,11,1
BUYER_04630,standard,2025-10-10,ADDR_000256,70.0,6,0
BUYER_04631,standard,2025-12-16,ADDR_001593,70.0,2,0
BUYER_04632,standard,2025-02-16,ADDR_001000,70.0,3,0
BUYER_04633,standard,2025-06-19,ADDR_001413,70.0,2,0
BUYER_04634,high_return_legit,2025-08-08,ADDR_000132,70.0,6,3
BUYER_04635,high_return_legit,2025-11-13,ADDR_004760,70.0,8,2
BUYER_04636,abuser,2025-09-20,ADDR_002638,70.0,4,0
BUYER_04637,standard,2025-04-05,ADDR_001934,70.0,2,0
BUYER_04638,standard,2025-11-05,ADDR_004365,70.0,6,0
BUYER_04639,standard,2025-09-02,ADDR_001826,70.0,11,2
BUYER_04640,standard,2025-11-17,ADDR_004254,70.0,10,0
BUYER_04641,abuser,2025-10-28,ADDR_003175,70.0,4,0
BUYER_04642,abuser,2025-02-26,ADDR_001495,70.0,6,0
BUYER_04643,standard,2025-12-08,ADDR_004756,70.0,18,1
BUYER_04644,standard,2025-06-24,ADDR_003408,70.0,21,0
BUYER_04645,standard,2025-12-15,ADDR_004898,70.0,7,0
BUYER_04646,standard,2025-03-20,ADDR_004246,70.0,16,0
BUYER_04647,high_return_legit,2025-10-15,ADDR_001390,70.0,16,3
BUYER_04648,standard,2025-05-02,ADDR_000854,70.0,5,0
BUYER_04649,high_return_legit,2025-01-22,ADDR_003337,70.0,11,3
BUYER_04650,standard,2025-12-19,ADDR_004155,70.0,12,0
BUYER_04651,abuser,2025-05-02,ADDR_000601,70.0,10,0
BUYER_04652,standard,2025-02-06,ADDR_000748,70.0,21,2
BUYER_04653,standard,2025-11-06,ADDR_003340,70.0,5,0
BUYER_04654,standard,2025-06-16,ADDR_000638,70.0,14,2
BUYER_04655,standard,2025-08-04,ADDR_003458,70.0,8,1
BUYER_04656,standard,2025-12-16,ADDR_000005,70.0,18,1
BUYER_04657,standard,2025-07-03,ADDR_002590,70.0,14,0
BUYER_04658,standard,2025-02-01,ADDR_004513,70.0,11,1
BUYER_04659,standard,2025-09-11,ADDR_002817,70.0,6,0
BUYER_04660,abuser,2025-09-18,ADDR_000722,70.0,16,0
BUYER_04661,standard,2025-03-22,ADDR_000880,70.0,21,2
BUYER_04662,standard,2025-07-25,ADDR_000504,70.0,6,0
BUYER_04663,standard,2025-05-25,ADDR_001091,70.0,10,0
BUYER_04664,standard,2025-01-24,ADDR_002424,70.0,7,0
BUYER_04665,abuser,2025-05-04,ADDR_003056,70.0,9,0
BUYER_04666,standard,2025-11-22,ADDR_004455,70.0,31,1
BUYER_04667,standard,2025-04-30,ADDR_004345,70.0,11,1
BUYER_04668,standard,2025-04-02,ADDR_000418,70.0,29,2
BUYER_04669,standard,2025-12-02,ADDR_002117,70.0,4,0
BUYER_04670,standard,2025-05-30,ADDR_004305,70.0,19,1
BUYER_04671,standard,2025-12-02,ADDR_000819,70.0,10,0
BUYER_04672,standard,2025-11-12,ADDR_003307,70.0,20,4
BUYER_04673,standard,2025-06-29,ADDR_002112,70.0,16,0
BUYER_04674,standard,2025-05-30,ADDR_000836,70.0,5,0
BUYER_04675,standard,2025-03-01,ADDR_000305,70.0,1,0
BUYER_04676,standard,2025-03-21,ADDR_001434,70.0,14,0
BUYER_04677,standard,2025-04-06,ADDR_002578,70.0,14,0
BUYER_04678,standard,2025-06-29,ADDR_000961,70.0,8,1
BUYER_04679,standard,2025-05-26,ADDR_002715,70.0,9,0
BUYER_04680,standard,2025-10-17,ADDR_001490,70.0,5,0
BUYER_04681,standard,2025-04-29,ADDR_002501,70.0,10,3
BUYER_04682,high_return_legit,2025-06-13,ADDR_003589,70.0,7,3
BUYER_04683,standard,2025-02-23,ADDR_000366,70.0,5,0
BUYER_04684,standard,2025-04-20,ADDR_001506,70.0,7,0
BUYER_04685,standard,2025-10-12,ADDR_003260,70.0,3,0
BUYER_04686,abuser,2025-09-17,ADDR_000268,70.0,2,0
BUYER_04687,high_return_legit,2025-06-05,ADDR_002890,70.0,8,3
BUYER_04688,standard,2025-08-04,ADDR_000835,70.0,7,0
BUYER_04689,standard,2025-06-25,ADDR_002076,70.0,32,2
BUYER_04690,standard,2025-11-17,ADDR_003117,70.0,18,0
BUYER_04691,high_return_legit,2025-06-03,ADDR_000015,70.0,3,1
BUYER_04692,standard,2025-09-22,ADDR_000447,70.0,2,0
BUYER_04693,standard,2025-04-01,ADDR_002724,70.0,2,0
BUYER_04694,standard,2025-06-17,ADDR_002655,70.0,6,0
BUYER_04695,standard,2025-07-19,ADDR_000314,70.0,4,1
BUYER_04696,standard,2025-02-16,ADDR_003033,70.0,7,0
BUYER_04697,standard,2025-08-08,ADDR_000373,70.0,4,0
BUYER_04698,high_return_legit,2025-08-04,ADDR_002651,70.0,5,3
BUYER_04699,standard,2025-03-09,ADDR_001027,70.0,15,0
BUYER_04700,standard,2025-12-20,ADDR_000620,70.0,8,0
BUYER_04701,standard,2025-02-11,ADDR_000354,70.0,27,4
BUYER_04702,abuser,2025-11-17,ADDR_002275,70.0,11,0
BUYER_04703,abuser,2025-07-06,ADDR_001168,70.0,11,0
BUYER_04704,standard,2025-04-02,ADDR_002293,70.0,2,0
BUYER_04705,standard,2025-02-19,ADDR_004433,70.0,3,0
BUYER_04706,standard,2025-09-14,ADDR_004134,70.0,8,0
BUYER_04707,standard,2025-10-02,ADDR_003714,70.0,13,0
BUYER_04708,standard,2025-09-06,ADDR_002320,70.0,20,0
BUYER_04709,standard,2025-06-12,ADDR_000555,70.0,13,1
BUYER_04710,high_return_legit,2025-03-14,ADDR_002013,70.0,12,3
BUYER_04711,standard,2025-10-14,ADDR_000108,70.0,5,0
BUYER_04712,standard,2025-11-09,ADDR_000611,70.0,3,0
BUYER_04713,standard,2025-06-02,ADDR_001493,70.0,5,1
BUYER_04714,abuser,2025-10-30,ADDR_003437,70.0,10,0
BUYER_04715,standard,2025-08-24,ADDR_001666,70.0,9,1
BUYER_04716,high_return_legit,2025-07-18,ADDR_003067,70.0,12,7
BUYER_04717,standard,2025-08-16,ADDR_001276,70.0,13,0
BUYER_04718,abuser,2025-02-17,ADDR_003548,70.0,75,4
BUYER_04719,standard,2025-02-24,ADDR_004932,70.0,4,0
BUYER_04720,standard,2025-09-23,ADDR_001691,70.0,8,2
BUYER_04721,abuser,2025-12-11,ADDR_003770,70.0,9,0
BUYER_04722,standard,2025-07-12,ADDR_004332,70.0,8,0
BUYER_04723,standard,2025-01-26,ADDR_003542,70.0,15,1
BUYER_04724,standard,2025-02-01,ADDR_004342,70.0,6,0
BUYER_04725,standard,2025-06-28,ADDR_001465,70.0,15,1
BUYER_04726,standard,2025-08-31,ADDR_001207,70.0,8,0
BUYER_04727,standard,2025-03-08,ADDR_000863,70.0,14,0
BUYER_04728,standard,2025-01-17,ADDR_000902,70.0,16,0
BUYER_04729,abuser,2025-09-24,ADDR_002736,70.0,5,0
BUYER_04730,abuser,2025-03-04,ADDR_004586,70.0,14,1
BUYER_04731,standard,2025-06-18,ADDR_002680,70.0,8,1
BUYER_04732,standard,2025-09-26,ADDR_003529,70.0,13,0
BUYER_04733,standard,2025-02-24,ADDR_004030,70.0,20,3
BUYER_04734,high_return_legit,2025-06-20,ADDR_004806,70.0,10,4
BUYER_04735,standard,2025-02-19,ADDR_002603,70.0,6,0
BUYER_04736,standard,2025-05-17,ADDR_002459,70.0,9,0
BUYER_04737,abuser,2025-11-22,ADDR_001781,70.0,11,2
BUYER_04738,standard,2025-09-10,ADDR_004763,70.0,8,0
BUYER_04739,standard,2025-01-12,ADDR_002077,70.0,11,0
BUYER_04740,standard,2025-02-28,ADDR_000607,70.0,7,0
BUYER_04741,standard,2025-04-28,ADDR_002791,70.0,7,1
BUYER_04742,standard,2025-11-17,ADDR_002922,70.0,8,0
BUYER_04743,standard,2025-09-30,ADDR_003692,70.0,4,0
BUYER_04744,standard,2025-08-18,ADDR_002458,70.0,8,1
BUYER_04745,standard,2025-03-07,ADDR_001385,70.0,8,0
BUYER_04746,standard,2025-11-28,ADDR_000013,70.0,53,0
BUYER_04747,standard,2025-10-20,ADDR_004883,70.0,12,2
BUYER_04748,standard,2025-04-08,ADDR_000954,70.0,7,1
BUYER_04749,standard,2025-06-06,ADDR_001737,70.0,12,1
BUYER_04750,standard,2025-06-15,ADDR_000759,70.0,16,3
BUYER_04751,standard,2025-08-08,ADDR_001165,70.0,12,2
BUYER_04752,standard,2025-05-27,ADDR_000301,70.0,9,0
BUYER_04753,standard,2025-03-28,ADDR_001684,70.0,5,1
BUYER_04754,high_return_legit,2025-09-03,ADDR_004693,70.0,6,3
BUYER_04755,standard,2025-09-07,ADDR_001107,70.0,4,0
BUYER_04756,standard,2025-06-19,ADDR_004660,70.0,9,0
BUYER_04757,abuser,2025-07-05,ADDR_001908,70.0,5,0
BUYER_04758,standard,2025-01-25,ADDR_004414,70.0,8,1
BUYER_04759,standard,2025-06-24,ADDR_003071,70.0,3,0
BUYER_04760,high_return_legit,2025-10-17,ADDR_004894,70.0,7,0
BUYER_04761,abuser,2025-08-09,ADDR_002730,70.0,6,0
BUYER_04762,standard,2025-11-25,ADDR_004111,70.0,9,1
BUYER_04763,standard,2025-09-20,ADDR_000183,70.0,8,0
BUYER_04764,standard,2025-10-10,ADDR_004400,70.0,2,0
BUYER_04765,standard,2025-06-25,ADDR_000090,70.0,11,1
BUYER_04766,standard,2025-03-15,ADDR_000978,70.0,2,0
BUYER_04767,standard,2025-11-22,ADDR_003655,70.0,8,1
BUYER_04768,standard,2025-09-01,ADDR_001271,70.0,11,0
BUYER_04769,standard,2025-11-22,ADDR_000207,70.0,10,1
BUYER_04770,high_return_legit,2025-08-18,ADDR_004267,70.0,6,3
BUYER_04771,standard,2025-06-24,ADDR_002537,70.0,11,0
BUYER_04772,standard,2025-02-28,ADDR_002373,70.0,2,1
BUYER_04773,high_return_legit,2025-06-04,ADDR_001564,70.0,3,1
BUYER_04774,standard,2025-08-11,ADDR_003549,70.0,3,0
BUYER_04775,standard,2025-11-28,ADDR_001556,70.0,14,1
BUYER_04776,standard,2025-10-27,ADDR_002781,70.0,10,1
BUYER_04777,abuser,2025-07-14,ADDR_000463,70.0,9,0
BUYER_04778,high_return_legit,2025-06-21,ADDR_001512,70.0,9,3
BUYER_04779,standard,2025-01-17,ADDR_000138,70.0,7,0
BUYER_04780,standard,2025-05-19,ADDR_000935,70.0,14,0
BUYER_04781,high_return_legit,2025-12-15,ADDR_001885,70.0,7,3
BUYER_04782,standard,2025-09-28,ADDR_003703,70.0,3,0
BUYER_04783,standard,2025-07-18,ADDR_004070,70.0,23,2
BUYER_04784,standard,2025-11-06,ADDR_002633,70.0,3,1
BUYER_04785,standard,2025-01-12,ADDR_004581,70.0,13,0
BUYER_04786,abuser,2025-12-07,ADDR_001778,70.0,3,1
BUYER_04787,standard,2025-09-14,ADDR_002445,70.0,6,0
BUYER_04788,high_return_legit,2025-01-08,ADDR_003054,70.0,17,4
BUYER_04789,standard,2025-09-16,ADDR_000875,70.0,4,0
BUYER_04790,standard,2025-02-07,ADDR_002078,70.0,11,0
BUYER_04791,abuser,2025-08-25,ADDR_004454,70.0,7,2
BUYER_04792,standard,2025-05-01,ADDR_002351,70.0,6,1
BUYER_04793,high_return_legit,2025-03-29,ADDR_004609,70.0,6,4
BUYER_04794,standard,2025-08-21,ADDR_003355,70.0,22,1
BUYER_04795,standard,2025-06-17,ADDR_002764,70.0,5,0
BUYER_04796,standard,2025-01-31,ADDR_002266,70.0,8,0
BUYER_04797,standard,2025-10-24,ADDR_001812,70.0,10,0
BUYER_04798,standard,2025-04-18,ADDR_004457,70.0,8,0
BUYER_04799,standard,2025-08-18,ADDR_001663,70.0,5,0
BUYER_04800,standard,2025-08-15,ADDR_002401,70.0,26,0
BUYER_04801,standard,2025-01-27,ADDR_003417,70.0,3,1
BUYER_04802,standard,2025-12-20,ADDR_004761,70.0,10,1
BUYER_04803,abuser,2025-06-21,ADDR_002703,70.0,14,0
BUYER_04804,standard,2025-03-27,ADDR_004196,70.0,2,0
BUYER_04805,standard,2025-06-17,ADDR_000579,70.0,5,0
BUYER_04806,standard,2025-08-13,ADDR_004410,70.0,6,0
BUYER_04807,standard,2025-01-02,ADDR_001027,70.0,6,0
BUYER_04808,standard,2025-04-30,ADDR_003778,70.0,13,0
BUYER_04809,abuser,2025-07-22,ADDR_002643,70.0,2,0
BUYER_04810,standard,2025-09-12,ADDR_002992,70.0,2,0
BUYER_04811,high_return_legit,2025-05-05,ADDR_000458,70.0,19,3
BUYER_04812,standard,2025-06-06,ADDR_002636,70.0,8,0
BUYER_04813,standard,2025-04-02,ADDR_000427,70.0,8,0
BUYER_04814,standard,2025-04-28,ADDR_001934,70.0,4,0
BUYER_04815,standard,2025-09-10,ADDR_002011,70.0,5,0
BUYER_04816,standard,2025-05-14,ADDR_000359,70.0,5,0
BUYER_04817,standard,2025-04-23,ADDR_002430,70.0,11,2
BUYER_04818,standard,2025-04-30,ADDR_001061,70.0,17,0
BUYER_04819,high_return_legit,2025-08-16,ADDR_000409,70.0,7,2
BUYER_04820,standard,2025-07-30,ADDR_000169,70.0,12,1
BUYER_04821,standard,2025-06-07,ADDR_001689,70.0,9,0
BUYER_04822,standard,2025-08-23,ADDR_003690,70.0,18,1
BUYER_04823,high_return_legit,2025-08-26,ADDR_002853,70.0,4,1
BUYER_04824,standard,2025-01-08,ADDR_000618,70.0,7,0
BUYER_04825,standard,2025-05-14,ADDR_002196,70.0,6,0
BUYER_04826,high_return_legit,2025-04-10,ADDR_000168,70.0,10,1
BUYER_04827,standard,2025-10-27,ADDR_001157,70.0,26,1
BUYER_04828,standard,2025-04-21,ADDR_000682,70.0,6,0
BUYER_04829,standard,2025-05-06,ADDR_001231,70.0,6,0
BUYER_04830,standard,2025-07-22,ADDR_000329,70.0,14,0
BUYER_04831,standard,2025-07-25,ADDR_001199,70.0,17,0
BUYER_04832,abuser,2025-10-21,ADDR_000226,70.0,6,0
BUYER_04833,standard,2025-05-31,ADDR_003601,70.0,22,1
BUYER_04834,standard,2025-04-23,ADDR_004321,70.0,34,4
BUYER_04835,abuser,2025-08-15,ADDR_003331,70.0,6,0
BUYER_04836,standard,2025-09-24,ADDR_001762,70.0,4,0
BUYER_04837,abuser,2025-12-18,ADDR_004622,70.0,10,0
BUYER_04838,standard,2025-08-18,ADDR_004550,70.0,7,1
BUYER_04839,standard,2025-07-06,ADDR_001771,70.0,30,2
BUYER_04840,high_return_legit,2025-02-27,ADDR_000051,70.0,6,2
BUYER_04841,standard,2025-12-16,ADDR_004797,70.0,11,2
BUYER_04842,standard,2025-09-09,ADDR_002305,70.0,11,0
BUYER_04843,standard,2025-03-11,ADDR_003350,70.0,4,0
BUYER_04844,standard,2025-06-25,ADDR_000726,70.0,9,0
BUYER_04845,standard,2025-07-30,ADDR_002696,70.0,2,0
BUYER_04846,standard,2025-03-31,ADDR_001563,70.0,4,0
BUYER_04847,standard,2025-09-25,ADDR_002452,70.0,18,1
BUYER_04848,standard,2025-08-29,ADDR_000117,70.0,4,0
BUYER_04849,standard,2025-04-06,ADDR_002615,70.0,9,1
BUYER_04850,high_return_legit,2025-12-17,ADDR_000174,70.0,13,3
BUYER_04851,standard,2025-12-04,ADDR_003189,70.0,17,2
BUYER_04852,standard,2025-04-18,ADDR_003528,70.0,20,2
BUYER_04853,abuser,2025-06-19,ADDR_004557,70.0,6,0
BUYER_04854,standard,2025-11-17,ADDR_003239,70.0,4,0
BUYER_04855,standard,2025-06-07,ADDR_004845,70.0,7,1
BUYER_04856,high_return_legit,2025-12-06,ADDR_001639,70.0,13,5
BUYER_04857,standard,2025-03-25,ADDR_000029,70.0,8,2
BUYER_04858,standard,2025-09-22,ADDR_000506,70.0,6,0
BUYER_04859,standard,2025-08-12,ADDR_003265,70.0,6,0
BUYER_04860,abuser,2025-05-17,ADDR_003405,70.0,4,1
BUYER_04861,standard,2025-09-20,ADDR_001436,70.0,28,1
BUYER_04862,standard,2025-01-13,ADDR_004362,70.0,2,0
BUYER_04863,standard,2025-04-05,ADDR_003360,70.0,11,1
BUYER_04864,standard,2025-04-16,ADDR_002017,70.0,7,0
BUYER_04865,standard,2025-02-21,ADDR_000376,70.0,6,0
BUYER_04866,standard,2025-01-17,ADDR_001448,70.0,13,1
BUYER_04867,standard,2025-05-19,ADDR_001324,70.0,3,0
BUYER_04868,standard,2025-03-31,ADDR_004111,70.0,4,0
BUYER_04869,standard,2025-02-27,ADDR_001702,70.0,3,0
BUYER_04870,high_return_legit,2025-03-09,ADDR_002445,70.0,3,1
BUYER_04871,standard,2025-10-26,ADDR_002959,70.0,3,0
BUYER_04872,high_return_legit,2025-02-12,ADDR_000669,70.0,14,3
BUYER_04873,standard,2025-09-22,ADDR_002881,70.0,7,0
BUYER_04874,standard,2025-01-26,ADDR_000998,70.0,6,1
BUYER_04875,standard,2025-01-20,ADDR_004346,70.0,14,0
BUYER_04876,standard,2025-06-19,ADDR_001468,70.0,10,0
BUYER_04877,high_return_legit,2025-05-29,ADDR_001507,70.0,5,2
BUYER_04878,standard,2025-07-25,ADDR_001995,70.0,7,0
BUYER_04879,abuser,2025-09-15,ADDR_001784,70.0,6,0
BUYER_04880,standard,2025-05-04,ADDR_002933,70.0,8,0
BUYER_04881,standard,2025-03-23,ADDR_003578,70.0,24,1
BUYER_04882,standard,2025-10-24,ADDR_004772,70.0,9,1
BUYER_04883,standard,2025-03-12,ADDR_004176,70.0,6,1
BUYER_04884,standard,2025-10-17,ADDR_001296,70.0,9,1
BUYER_04885,standard,2025-08-08,ADDR_002988,70.0,5,0
BUYER_04886,abuser,2025-04-26,ADDR_001625,70.0,8,0
BUYER_04887,standard,2025-05-05,ADDR_003987,70.0,26,2
BUYER_04888,standard,2025-05-25,ADDR_000118,70.0,5,0
BUYER_04889,standard,2025-08-09,ADDR_004924,70.0,3,0
BUYER_04890,high_return_legit,2025-12-14,ADDR_001844,70.0,21,6
BUYER_04891,standard,2025-05-07,ADDR_003685,70.0,2,0
BUYER_04892,standard,2025-12-02,ADDR_003341,70.0,23,2
BUYER_04893,standard,2025-03-27,ADDR_001816,70.0,9,1
BUYER_04894,high_return_legit,2025-02-19,ADDR_004767,70.0,2,0
BUYER_04895,standard,2025-07-20,ADDR_001322,70.0,14,1
BUYER_04896,standard,2025-12-13,ADDR_003663,70.0,4,0
BUYER_04897,standard,2025-07-04,ADDR_004597,70.0,9,0
BUYER_04898,standard,2025-10-17,ADDR_000584,70.0,5,1
BUYER_04899,standard,2025-06-30,ADDR_004539,70.0,3,0
BUYER_04900,standard,2025-11-02,ADDR_004405,70.0,4,0
BUYER_04901,standard,2025-10-21,ADDR_001879,70.0,21,0
BUYER_04902,standard,2025-09-10,ADDR_004151,70.0,6,0
BUYER_04903,standard,2025-08-17,ADDR_000031,70.0,7,0
BUYER_04904,abuser,2025-07-15,ADDR_004656,70.0,5,0
BUYER_04905,standard,2025-12-07,ADDR_003724,70.0,9,1
BUYER_04906,standard,2025-07-29,ADDR_004589,70.0,7,0
BUYER_04907,abuser,2025-05-14,ADDR_000623,70.0,20,1
BUYER_04908,standard,2025-11-13,ADDR_003534,70.0,5,0
BUYER_04909,high_return_legit,2025-09-01,ADDR_000509,70.0,7,0
BUYER_04910,high_return_legit,2025-07-29,ADDR_003874,70.0,6,1
BUYER_04911,standard,2025-09-08,ADDR_004436,70.0,4,0
BUYER_04912,standard,2025-05-18,ADDR_002272,70.0,11,1
BUYER_04913,standard,2025-06-12,ADDR_000498,70.0,3,0
BUYER_04914,standard,2025-03-23,ADDR_000993,70.0,13,1
BUYER_04915,high_return_legit,2025-11-04,ADDR_002510,70.0,4,2
BUYER_04916,standard,2025-09-03,ADDR_003955,70.0,24,1
BUYER_04917,standard,2025-10-25,ADDR_002571,70.0,7,0
BUYER_04918,high_return_legit,2025-05-07,ADDR_002363,70.0,17,10
BUYER_04919,standard,2025-12-19,ADDR_002971,70.0,22,1
BUYER_04920,standard,2025-05-21,ADDR_004788,70.0,3,0
BUYER_04921,high_return_legit,2025-05-19,ADDR_003907,70.0,7,4
BUYER_04922,standard,2025-12-08,ADDR_000759,70.0,6,1
BUYER_04923,high_return_legit,2025-08-30,ADDR_000972,70.0,7,2
BUYER_04924,high_return_legit,2025-11-29,ADDR_001759,70.0,18,8
BUYER_04925,standard,2025-08-20,ADDR_001341,70.0,6,2
BUYER_04926,standard,2025-04-11,ADDR_003640,70.0,21,1
BUYER_04927,standard,2025-06-01,ADDR_004911,70.0,7,0
BUYER_04928,high_return_legit,2025-11-05,ADDR_002832,70.0,6,3
BUYER_04929,abuser,2025-07-06,ADDR_004406,70.0,27,2
BUYER_04930,standard,2025-09-17,ADDR_002144,70.0,3,0
BUYER_04931,standard,2025-03-12,ADDR_003405,70.0,4,0
BUYER_04932,standard,2025-06-05,ADDR_003472,70.0,18,1
BUYER_04933,standard,2025-10-30,ADDR_001453,70.0,12,0
BUYER_04934,standard,2025-12-02,ADDR_003630,70.0,5,0
BUYER_04935,high_return_legit,2025-05-09,ADDR_002649,70.0,5,3
BUYER_04936,high_return_legit,2025-03-14,ADDR_000019,70.0,4,2
BUYER_04937,standard,2025-01-13,ADDR_001248,70.0,10,0
BUYER_04938,high_return_legit,2025-02-25,ADDR_001579,70.0,4,0
BUYER_04939,standard,2025-10-29,ADDR_004246,70.0,23,1
BUYER_04940,standard,2025-06-24,ADDR_003062,70.0,3,0
BUYER_04941,high_return_legit,2025-04-27,ADDR_000645,70.0,18,7
BUYER_04942,standard,2025-10-09,ADDR_002698,70.0,9,2
BUYER_04943,standard,2025-10-15,ADDR_003061,70.0,19,2
BUYER_04944,standard,2025-05-22,ADDR_003948,70.0,31,1
BUYER_04945,standard,2025-11-19,ADDR_004222,70.0,10,1
BUYER_04946,high_return_legit,2025-06-27,ADDR_003234,70.0,39,15
BUYER_04947,standard,2025-04-16,ADDR_000061,70.0,6,0
BUYER_04948,standard,2025-11-18,ADDR_002459,70.0,28,2
BUYER_04949,standard,2025-03-07,ADDR_001022,70.0,18,1
BUYER_04950,standard,2025-12-19,ADDR_000092,70.0,7,0
BUYER_04951,standard,2025-08-16,ADDR_004571,70.0,4,0
BUYER_04952,standard,2025-11-23,ADDR_000826,70.0,3,0
BUYER_04953,standard,2025-03-17,ADDR_001216,70.0,6,0
BUYER_04954,standard,2025-06-01,ADDR_001666,70.0,12,0
BUYER_04955,standard,2025-11-10,ADDR_002304,70.0,2,0
BUYER_04956,abuser,2025-10-29,ADDR_002976,70.0,3,0
BUYER_04957,standard,2025-11-09,ADDR_001536,70.0,2,0
BUYER_04958,standard,2025-04-23,ADDR_003922,70.0,10,0
BUYER_04959,standard,2025-08-18,ADDR_000780,70.0,8,0
BUYER_04960,standard,2025-06-01,ADDR_004751,70.0,46,4
BUYER_04961,standard,2025-05-08,ADDR_004236,70.0,9,0
BUYER_04962,standard,2025-07-16,ADDR_002969,70.0,20,0
BUYER_04963,abuser,2025-09-19,ADDR_000241,70.0,8,0
BUYER_04964,standard,2025-07-16,ADDR_003607,70.0,3,0
BUYER_04965,standard,2025-04-05,ADDR_003486,70.0,8,0
BUYER_04966,standard,2025-10-20,ADDR_000617,70.0,37,3
BUYER_04967,standard,2025-12-13,ADDR_001386,70.0,14,1
BUYER_04968,standard,2025-05-23,ADDR_002129,70.0,8,0
BUYER_04969,standard,2025-11-02,ADDR_002055,70.0,6,0
BUYER_04970,high_return_legit,2025-11-07,ADDR_003017,70.0,10,4
BUYER_04971,high_return_legit,2025-04-16,ADDR_001638,70.0,6,1
BUYER_04972,standard,2025-09-16,ADDR_001552,70.0,9,1
BUYER_04973,standard,2025-12-01,ADDR_004494,70.0,10,0
BUYER_04974,abuser,2025-09-27,ADDR_002245,70.0,9,1
BUYER_04975,standard,2025-01-16,ADDR_002942,70.0,15,2
BUYER_04976,standard,2025-08-14,ADDR_004509,70.0,5,1
BUYER_04977,standard,2025-10-10,ADDR_004677,70.0,11,1
BUYER_04978,standard,2025-08-18,ADDR_000235,70.0,11,0
BUYER_04979,standard,2025-01-15,ADDR_001553,70.0,10,1
BUYER_04980,standard,2025-02-22,ADDR_000497,70.0,9,0
BUYER_04981,abuser,2025-10-18,ADDR_004256,70.0,6,1
BUYER_04982,high_return_legit,2025-07-05,ADDR_002592,70.0,4,2
BUYER_04983,standard,2025-12-07,ADDR_002803,70.0,9,2
BUYER_04984,standard,2025-06-10,ADDR_004718,70.0,6,1
BUYER_04985,standard,2025-10-24,ADDR_001837,70.0,7,0
BUYER_04986,standard,2025-01-18,ADDR_000495,70.0,3,1
BUYER_04987,high_return_legit,2025-10-30,ADDR_000340,70.0,9,2
BUYER_04988,standard,2025-11-05,ADDR_004807,70.0,3,0
BUYER_04989,standard,2025-05-22,ADDR_000841,70.0,5,0
BUYER_04990,standard,2025-05-04,ADDR_004888,70.0,11,0
BUYER_04991,standard,2025-11-22,ADDR_002678,70.0,7,0
BUYER_04992,standard,2025-10-10,ADDR_000491,70.0,5,0
BUYER_04993,standard,2025-08-11,ADDR_002840,70.0,10,1
BUYER_04994,standard,2025-06-17,ADDR_001645,70.0,13,1
BUYER_04995,standard,2025-11-22,ADDR_003311,70.0,2,0
BUYER_04996,standard,2025-09-30,ADDR_000042,70.0,3,0
BUYER_04997,standard,2025-06-11,ADDR_003323,70.0,14,0
BUYER_04998,standard,2025-07-08,ADDR_000076,70.0,14,1
BUYER_04999,abuser,2025-02-13,ADDR_000020,70.0,11,1
