buyer_id,device_id,is_primary
BUYER_00000,DEV_003663,True
BUYER_00001,DEV_001198,True
BUYER_00002,DEV_002648,True
BUYER_00003,DEV_003549,True
BUYER_00004,DEV_000252,True
BUYER_00005,DEV_001910,True
BUYER_00006,DEV_003941,True
BUYER_00007,DEV_003119,True
BUYER_00008,DEV_004658,True
BUYER_00009,DEV_001909,True
BUYER_00010,DEV_001929,True
BUYER_00011,DEV_001253,True
BUYER_00012,DEV_002511,True
BUYER_00013,DEV_003959,True
BUYER_00014,DEV_004452,True
BUYER_00015,DEV_003152,True
BUYER_00016,DEV_004428,True
BUYER_00017,DEV_003330,True
BUYER_00018,DEV_002116,True
BUYER_00019,DEV_002071,True
BUYER_00020,DEV_002830,True
BUYER_00021,DEV_002677,True
BUYER_00022,DEV_004104,True
BUYER_00023,DEV_002656,True
BUYER_00024,DEV_001164,True
BUYER_00025,DEV_001188,True
BUYER_00026,DEV_001513,True
BUYER_00027,DEV_003897,True
BUYER_00028,DEV_001492,True
BUYER_00029,DEV_001875,True
BUYER_00030,DEV_003868,True
BUYER_00031,DEV_000006,True
BUYER_00032,DEV_002085,True
BUYER_00033,DEV_002948,True
BUYER_00034,DEV_001076,True
BUYER_00035,DEV_002683,True
BUYER_00036,DEV_002627,True
BUYER_00037,DEV_002361,True
BUYER_00038,DEV_002934,True
BUYER_00039,DEV_000662,True
BUYER_00040,DEV_000266,True
BUYER_00041,DEV_000888,True
BUYER_00042,DEV_003810,True
BUYER_00043,DEV_000427,True
BUYER_00044,DEV_003896,True
BUYER_00045,DEV_001657,True
BUYER_00046,DEV_000482,True
BUYER_00047,DEV_000683,True
BUYER_00048,DEV_003306,True
BUYER_00049,DEV_000441,True
BUYER_00050,DEV_003216,True
BUYER_00051,DEV_001707,True
BUYER_00052,DEV_004784,True
BUYER_00053,DEV_000959,True
BUYER_00054,DEV_001761,True
BUYER_00055,DEV_003237,True
BUYER_00056,DEV_002838,True
BUYER_00057,DEV_003437,True
BUYER_00058,DEV_003552,True
BUYER_00059,DEV_004352,True
BUYER_00060,DEV_002404,True
BUYER_00061,DEV_004047,True
BUYER_00062,DEV_004867,True
BUYER_00063,DEV_003752,True
BUYER_00064,DEV_002921,True
BUYER_00065,DEV_001116,True
BUYER_00066,DEV_003338,True
BUYER_00067,DEV_004707,True
BUYER_00068,DEV_003679,True
BUYER_00069,DEV_002606,True
BUYER_00070,DEV_002075,True
BUYER_00071,DEV_001009,True
BUYER_00072,DEV_000897,True
BUYER_00073,DEV_004074,True
BUYER_00074,DEV_000780,True
BUYER_00075,DEV_000713,True
BUYER_00076,DEV_004176,True
BUYER_00077,DEV_004168,True
BUYER_00078,DEV_004405,True
BUYER_00079,DEV_001460,True
BUYER_00080,DEV_004311,True
BUYER_00081,DEV_002984,True
BUYER_00082,DEV_002050,True
BUYER_00083,DEV_002424,True
BUYER_00084,DEV_003839,True
BUYER_00085,DEV_000858,True
BUYER_00086,DEV_001852,True
BUYER_00087,DEV_002650,True
BUYER_00088,DEV_000990,True
BUYER_00089,DEV_002274,True
BUYER_00090,DEV_000120,True
BUYER_00091,DEV_001963,True
BUYER_00092,DEV_004541,True
BUYER_00093,DEV_004496,True
BUYER_00094,DEV_002034,True
BUYER_00095,DEV_004502,True
BUYER_00096,DEV_001002,True
BUYER_00097,DEV_003388,True
BUYER_00098,DEV_000373,True
BUYER_00099,DEV_003384,True
BUYER_00100,DEV_000650,True
BUYER_00101,DEV_002526,True
BUYER_00102,DEV_004694,True
BUYER_00103,DEV_004697,True
BUYER_00104,DEV_001601,True
BUYER_00105,DEV_003156,True
BUYER_00106,DEV_001794,True
BUYER_00107,DEV_004972,True
BUYER_00108,DEV_004602,True
BUYER_00109,DEV_000378,True
BUYER_00110,DEV_002185,True
BUYER_00111,DEV_000124,True
BUYER_00112,DEV_001213,True
BUYER_00113,DEV_000924,True
BUYER_00114,DEV_001348,True
BUYER_00115,DEV_004391,True
BUYER_00116,DEV_002438,True
BUYER_00117,DEV_001439,True
BUYER_00118,DEV_004536,True
BUYER_00119,DEV_001312,True
BUYER_00120,DEV_000613,True
BUYER_00121,DEV_001672,True
BUYER_00122,DEV_004950,True
BUYER_00123,DEV_001634,True
BUYER_00124,DEV_001723,True
BUYER_00125,DEV_000792,True
BUYER_00126,DEV_003509,True
BUYER_00127,DEV_001926,True
BUYER_00128,DEV_004309,True
BUYER_00129,DEV_003030,True
BUYER_00130,DEV_002316,True
BUYER_00131,DEV_001119,True
BUYER_00132,DEV_003675,True
BUYER_00133,DEV_002347,True
BUYER_00134,DEV_003858,True
BUYER_00135,DEV_001988,True
BUYER_00136,DEV_001881,True
BUYER_00137,DEV_001374,True
BUYER_00138,DEV_002578,True
BUYER_00139,DEV_001726,True
BUYER_00140,DEV_001030,True
BUYER_00141,DEV_003720,True
BUYER_00142,DEV_004183,True
BUYER_00143,DEV_001668,True
BUYER_00144,DEV_001066,True
BUYER_00145,DEV_001307,True
BUYER_00146,DEV_002187,True
BUYER_00147,DEV_004605,True
BUYER_00148,DEV_004739,True
BUYER_00149,DEV_000989,True
BUYER_00150,DEV_003484,True
BUYER_00151,DEV_000565,True
BUYER_00152,DEV_004324,True
BUYER_00153,DEV_004412,True
BUYER_00154,DEV_004783,True
BUYER_00155,DEV_004161,True
BUYER_00156,DEV_003004,True
BUYER_00157,DEV_003287,True
BUYER_00158,DEV_003088,True
BUYER_00159,DEV_003697,True
BUYER_00160,DEV_004974,True
BUYER_00161,DEV_002500,True
BUYER_00162,DEV_004872,True
BUYER_00163,DEV_004894,True
BUYER_00164,DEV_001662,True
BUYER_00165,DEV_004584,True
BUYER_00166,DEV_000436,True
BUYER_00167,DEV_003366,True
BUYER_00168,DEV_002239,True
BUYER_00169,DEV_004492,True
BUYER_00170,DEV_004900,True
BUYER_00171,DEV_000358,True
BUYER_00172,DEV_002870,True
BUYER_00173,DEV_001765,True
BUYER_00174,DEV_000054,True
BUYER_00175,DEV_004804,True
BUYER_00176,DEV_000816,True
BUYER_00177,DEV_000562,True
BUYER_00178,DEV_003821,True
BUYER_00179,DEV_004478,True
BUYER_00180,DEV_000771,True
BUYER_00181,DEV_003403,True
BUYER_00182,DEV_001240,True
BUYER_00183,DEV_002938,True
BUYER_00184,DEV_004790,True
BUYER_00185,DEV_001291,True
BUYER_00186,DEV_000424,True
BUYER_00187,DEV_001125,True
BUYER_00188,DEV_002391,True
BUYER_00189,DEV_001221,True
BUYER_00190,DEV_003137,True
BUYER_00191,DEV_000162,True
BUYER_00192,DEV_003381,True
BUYER_00193,DEV_003233,True
BUYER_00194,DEV_003546,True
BUYER_00195,DEV_002171,True
BUYER_00196,DEV_000920,True
BUYER_00197,DEV_002621,True
BUYER_00198,DEV_002131,True
BUYER_00199,DEV_004729,True
BUYER_00200,DEV_004138,True
BUYER_00201,DEV_002592,True
BUYER_00202,DEV_001598,True
BUYER_00203,DEV_004211,True
BUYER_00204,DEV_003124,True
BUYER_00205,DEV_002081,True
BUYER_00206,DEV_004999,True
BUYER_00207,DEV_000239,True
BUYER_00208,DEV_004907,True
BUYER_00209,DEV_002284,True
BUYER_00210,DEV_003560,True
BUYER_00211,DEV_003753,True
BUYER_00212,DEV_001579,True
BUYER_00213,DEV_003113,True
BUYER_00214,DEV_000108,True
BUYER_00215,DEV_002538,True
BUYER_00216,DEV_001442,True
BUYER_00217,DEV_001098,True
BUYER_00218,DEV_004841,True
BUYER_00219,DEV_003008,True
BUYER_00220,DEV_003875,True
BUYER_00221,DEV_002188,True
BUYER_00222,DEV_003829,True
BUYER_00223,DEV_003681,True
BUYER_00224,DEV_003577,True
BUYER_00225,DEV_003921,True
BUYER_00226,DEV_001975,True
BUYER_00227,DEV_004821,True
BUYER_00228,DEV_001751,True
BUYER_00229,DEV_003587,True
BUYER_00230,DEV_004476,True
BUYER_00231,DEV_004132,True
BUYER_00232,DEV_003893,True
BUYER_00233,DEV_003256,True
BUYER_00234,DEV_001844,True
BUYER_00235,DEV_004123,True
BUYER_00236,DEV_003370,True
BUYER_00237,DEV_003629,True
BUYER_00238,DEV_001022,True
BUYER_00239,DEV_004430,True
BUYER_00240,DEV_000807,True
BUYER_00241,DEV_002205,True
BUYER_00242,DEV_004373,True
BUYER_00243,DEV_004732,True
BUYER_00244,DEV_002282,True
BUYER_00245,DEV_003461,True
BUYER_00246,DEV_004415,True
BUYER_00247,DEV_003930,True
BUYER_00248,DEV_003024,True
BUYER_00249,DEV_003162,True
BUYER_00250,DEV_003411,True
BUYER_00251,DEV_002183,True
BUYER_00252,DEV_003110,True
BUYER_00253,DEV_004031,True
BUYER_00254,DEV_003350,True
BUYER_00255,DEV_000280,True
BUYER_00256,DEV_000929,True
BUYER_00257,DEV_004050,True
BUYER_00258,DEV_001195,True
BUYER_00259,DEV_002680,True
BUYER_00260,DEV_004762,True
BUYER_00261,DEV_003852,True
BUYER_00262,DEV_004147,True
BUYER_00263,DEV_003489,True
BUYER_00264,DEV_001520,True
BUYER_00265,DEV_001644,True
BUYER_00266,DEV_002867,True
BUYER_00267,DEV_003485,True
BUYER_00268,DEV_004640,True
BUYER_00269,DEV_001121,True
BUYER_00270,DEV_000750,True
BUYER_00271,DEV_001753,True
BUYER_00272,DEV_003215,True
BUYER_00273,DEV_000612,True
BUYER_00274,DEV_002272,True
BUYER_00275,DEV_001896,True
BUYER_00276,DEV_000361,True
BUYER_00277,DEV_000485,True
BUYER_00278,DEV_002667,True
BUYER_00279,DEV_002093,True
BUYER_00280,DEV_002320,True
BUYER_00281,DEV_004339,True
BUYER_00282,DEV_003094,True
BUYER_00283,DEV_000761,True
BUYER_00284,DEV_001101,True
BUYER_00285,DEV_000068,True
BUYER_00286,DEV_002906,True
BUYER_00287,DEV_002992,True
BUYER_00288,DEV_003832,True
BUYER_00289,DEV_002603,True
BUYER_00290,DEV_001044,True
BUYER_00291,DEV_001892,True
BUYER_00292,DEV_000347,True
BUYER_00293,DEV_003273,True
BUYER_00294,DEV_002194,True
BUYER_00295,DEV_004766,True
BUYER_00296,DEV_001128,True
BUYER_00297,DEV_002947,True
BUYER_00298,DEV_002837,True
BUYER_00299,DEV_001979,True
BUYER_00300,DEV_003487,True
BUYER_00301,DEV_000752,True
BUYER_00302,DEV_003990,True
BUYER_00303,DEV_001039,True
BUYER_00304,DEV_002053,True
BUYER_00305,DEV_000225,True
BUYER_00306,DEV_003770,True
BUYER_00307,DEV_003269,True
BUYER_00308,DEV_000255,True
BUYER_00309,DEV_002679,True
BUYER_00310,DEV_001133,True
BUYER_00311,DEV_002443,True
BUYER_00312,DEV_004252,True
BUYER_00313,DEV_000403,True
BUYER_00314,DEV_000582,True
BUYER_00315,DEV_000869,True
BUYER_00316,DEV_003856,True
BUYER_00317,DEV_000824,True
BUYER_00318,DEV_000201,True
BUYER_00319,DEV_003962,True
BUYER_00320,DEV_003717,True
BUYER_00321,DEV_000323,True
BUYER_00322,DEV_001918,True
BUYER_00323,DEV_002162,True
BUYER_00324,DEV_001526,True
BUYER_00325,DEV_001792,True
BUYER_00326,DEV_004340,True
BUYER_00327,DEV_004632,True
BUYER_00328,DEV_000143,True
BUYER_00329,DEV_003425,True
BUYER_00330,DEV_003950,True
BUYER_00331,DEV_003989,True
BUYER_00332,DEV_002659,True
BUYER_00333,DEV_004520,True
BUYER_00334,DEV_000240,True
BUYER_00335,DEV_004002,True
BUYER_00336,DEV_002416,True
BUYER_00337,DEV_001431,True
BUYER_00338,DEV_002057,True
BUYER_00339,DEV_001609,True
BUYER_00340,DEV_002988,True
BUYER_00341,DEV_003101,True
BUYER_00342,DEV_001678,True
BUYER_00343,DEV_002076,True
BUYER_00344,DEV_004570,True
BUYER_00345,DEV_000598,True
BUYER_00346,DEV_004030,True
BUYER_00347,DEV_003646,True
BUYER_00348,DEV_004406,True
BUYER_00349,DEV_002143,True
BUYER_00350,DEV_004239,True
BUYER_00351,DEV_003470,True
BUYER_00352,DEV_003019,True
BUYER_00353,DEV_003505,True
BUYER_00354,DEV_002637,True
BUYER_00355,DEV_000081,True
BUYER_00356,DEV_004720,True
BUYER_00357,DEV_001048,True
BUYER_00358,DEV_002238,True
BUYER_00359,DEV_003138,True
BUYER_00360,DEV_004539,True
BUYER_00361,DEV_004471,True
BUYER_00362,DEV_002963,True
BUYER_00363,DEV_002724,True
BUYER_00364,DEV_002090,True
BUYER_00365,DEV_000915,True
BUYER_00366,DEV_001103,True
BUYER_00367,DEV_004218,True
BUYER_00368,DEV_001174,True
BUYER_00369,DEV_004199,True
BUYER_00370,DEV_001534,True
BUYER_00371,DEV_003944,True
BUYER_00372,DEV_004915,True
BUYER_00373,DEV_001799,True
BUYER_00374,DEV_003126,True
BUYER_00375,DEV_002017,True
BUYER_00376,DEV_001321,True
BUYER_00377,DEV_004446,True
BUYER_00378,DEV_000944,True
BUYER_00379,DEV_000290,True
BUYER_00380,DEV_002049,True
BUYER_00381,DEV_004647,True
BUYER_00382,DEV_002060,True
BUYER_00383,DEV_002422,True
BUYER_00384,DEV_001727,True
BUYER_00385,DEV_000861,True
BUYER_00386,DEV_001053,True
BUYER_00387,DEV_002395,True
BUYER_00388,DEV_001218,True
BUYER_00389,DEV_000448,True
BUYER_00390,DEV_001094,True
BUYER_00391,DEV_001274,True
BUYER_00392,DEV_001010,True
BUYER_00393,DEV_004395,True
BUYER_00394,DEV_000191,True
BUYER_00395,DEV_003738,True
BUYER_00396,DEV_004018,True
BUYER_00397,DEV_002900,True
BUYER_00398,DEV_000394,True
BUYER_00399,DEV_003986,True
BUYER_00400,DEV_001574,True
BUYER_00401,DEV_000687,True
BUYER_00402,DEV_000998,True
BUYER_00403,DEV_002252,True
BUYER_00404,DEV_000793,True
BUYER_00405,DEV_001015,True
BUYER_00406,DEV_000459,True
BUYER_00407,DEV_004908,True
BUYER_00408,DEV_004898,True
BUYER_00409,DEV_001697,True
BUYER_00410,DEV_001150,True
BUYER_00411,DEV_000960,True
BUYER_00412,DEV_002823,True
BUYER_00413,DEV_003477,True
BUYER_00414,DEV_001322,True
BUYER_00415,DEV_002509,True
BUYER_00416,DEV_001482,True
BUYER_00417,DEV_000859,True
BUYER_00418,DEV_001355,True
BUYER_00419,DEV_001922,True
BUYER_00420,DEV_003735,True
BUYER_00421,DEV_003934,True
BUYER_00422,DEV_002732,True
BUYER_00423,DEV_002004,True
BUYER_00424,DEV_004876,True
BUYER_00425,DEV_004763,True
BUYER_00426,DEV_002699,True
BUYER_00427,DEV_002541,True
BUYER_00428,DEV_000969,True
BUYER_00429,DEV_001161,True
BUYER_00430,DEV_004260,True
BUYER_00431,DEV_001588,True
BUYER_00432,DEV_000351,True
BUYER_00433,DEV_000426,True
BUYER_00434,DEV_004557,True
BUYER_00435,DEV_003553,True
BUYER_00436,DEV_003193,True
BUYER_00437,DEV_000755,True
BUYER_00438,DEV_004332,True
BUYER_00439,DEV_001670,True
BUYER_00440,DEV_001796,True
BUYER_00441,DEV_003310,True
BUYER_00442,DEV_001124,True
BUYER_00443,DEV_000144,True
BUYER_00444,DEV_002454,True
BUYER_00445,DEV_002063,True
BUYER_00446,DEV_003696,True
BUYER_00447,DEV_003382,True
BUYER_00448,DEV_002333,True
BUYER_00449,DEV_002529,True
BUYER_00450,DEV_002966,True
BUYER_00451,DEV_003923,True
BUYER_00452,DEV_002070,True
BUYER_00453,DEV_002996,True
BUYER_00454,DEV_000985,True
BUYER_00455,DEV_003668,True
BUYER_00456,DEV_004532,True
BUYER_00457,DEV_004985,True
BUYER_00458,DEV_001156,True
BUYER_00459,DEV_003400,True
BUYER_00460,DEV_004418,True
BUYER_00461,DEV_001587,True
BUYER_00462,DEV_003311,True
BUYER_00463,DEV_003943,True
BUYER_00464,DEV_001352,True
BUYER_00465,DEV_000801,True
BUYER_00466,DEV_001436,True
BUYER_00467,DEV_002126,True
BUYER_00468,DEV_003143,True
BUYER_00469,DEV_001803,True
BUYER_00470,DEV_003804,True
BUYER_00471,DEV_001371,True
BUYER_00472,DEV_003109,True
BUYER_00473,DEV_000992,True
BUYER_00474,DEV_003247,True
BUYER_00475,DEV_001604,True
BUYER_00476,DEV_004414,True
BUYER_00477,DEV_004128,True
BUYER_00478,DEV_004861,True
BUYER_00479,DEV_000923,True
BUYER_00480,DEV_004719,True
BUYER_00481,DEV_001667,True
BUYER_00482,DEV_000508,True
BUYER_00483,DEV_000569,True
BUYER_00484,DEV_004495,True
BUYER_00485,DEV_003510,True
BUYER_00486,DEV_003849,True
BUYER_00487,DEV_001562,True
BUYER_00488,DEV_004209,True
BUYER_00489,DEV_003621,True
BUYER_00490,DEV_001398,True
BUYER_00491,DEV_003538,True
BUYER_00492,DEV_001555,True
BUYER_00493,DEV_004091,True
BUYER_00494,DEV_000763,True
BUYER_00495,DEV_000659,True
BUYER_00496,DEV_002718,True
BUYER_00497,DEV_000229,True
BUYER_00498,DEV_003813,True
BUYER_00499,DEV_003625,True
BUYER_00500,DEV_004959,True
BUYER_00501,DEV_003567,True
BUYER_00502,DEV_001052,True
BUYER_00503,DEV_003731,True
BUYER_00504,DEV_004760,True
BUYER_00505,DEV_001485,True
BUYER_00506,DEV_004777,True
BUYER_00507,DEV_001887,True
BUYER_00508,DEV_000643,True
BUYER_00509,DEV_003800,True
BUYER_00510,DEV_000962,True
BUYER_00511,DEV_003347,True
BUYER_00512,DEV_004466,True
BUYER_00513,DEV_001919,True
BUYER_00514,DEV_000457,True
BUYER_00515,DEV_002220,True
BUYER_00516,DEV_000125,True
BUYER_00517,DEV_001463,True
BUYER_00518,DEV_004436,True
BUYER_00519,DEV_001152,True
BUYER_00520,DEV_000903,True
BUYER_00521,DEV_002331,True
BUYER_00522,DEV_003588,True
BUYER_00523,DEV_000023,True
BUYER_00524,DEV_004791,True
BUYER_00525,DEV_001571,True
BUYER_00526,DEV_004065,True
BUYER_00527,DEV_001502,True
BUYER_00528,DEV_001131,True
BUYER_00529,DEV_004525,True
BUYER_00530,DEV_002492,True
BUYER_00531,DEV_002442,True
BUYER_00532,DEV_000406,True
BUYER_00533,DEV_003912,True
BUYER_00534,DEV_004695,True
BUYER_00535,DEV_000259,True
BUYER_00536,DEV_001580,True
BUYER_00537,DEV_004233,True
BUYER_00538,DEV_001092,True
BUYER_00539,DEV_003955,True
BUYER_00540,DEV_001632,True
BUYER_00541,DEV_001433,True
BUYER_00542,DEV_001143,True
BUYER_00543,DEV_001294,True
BUYER_00544,DEV_001054,True
BUYER_00545,DEV_004443,True
BUYER_00546,DEV_001266,True
BUYER_00547,DEV_004829,True
BUYER_00548,DEV_001553,True
BUYER_00549,DEV_003767,True
BUYER_00550,DEV_004038,True
BUYER_00551,DEV_002730,True
BUYER_00552,DEV_001127,True
BUYER_00553,DEV_002931,True
BUYER_00554,DEV_002155,True
BUYER_00555,DEV_000249,True
BUYER_00556,DEV_003445,True
BUYER_00557,DEV_003244,True
BUYER_00558,DEV_002114,True
BUYER_00559,DEV_000344,True
BUYER_00560,DEV_003838,True
BUYER_00561,DEV_003017,True
BUYER_00562,DEV_000190,True
BUYER_00563,DEV_000884,True
BUYER_00564,DEV_004752,True
BUYER_00565,DEV_001175,True
BUYER_00566,DEV_000061,True
BUYER_00567,DEV_001506,True
BUYER_00568,DEV_000922,True
BUYER_00569,DEV_001139,True
BUYER_00570,DEV_002377,True
BUYER_00571,DEV_003341,True
BUYER_00572,DEV_004667,True
BUYER_00573,DEV_003777,True
BUYER_00574,DEV_002990,True
BUYER_00575,DEV_003327,True
BUYER_00576,DEV_002886,True
BUYER_00577,DEV_002216,True
BUYER_00578,DEV_004343,True
BUYER_00579,DEV_002002,True
BUYER_00580,DEV_001191,True
BUYER_00581,DEV_004540,True
BUYER_00582,DEV_004566,True
BUYER_00583,DEV_003201,True
BUYER_00584,DEV_001428,True
BUYER_00585,DEV_002281,True
BUYER_00586,DEV_003951,True
BUYER_00587,DEV_000230,True
BUYER_00588,DEV_004714,True
BUYER_00589,DEV_000013,True
BUYER_00590,DEV_003062,True
BUYER_00591,DEV_002140,True
BUYER_00592,DEV_002124,True
BUYER_00593,DEV_003831,True
BUYER_00594,DEV_004901,True
BUYER_00595,DEV_003956,True
BUYER_00596,DEV_003059,True
BUYER_00597,DEV_000333,True
BUYER_00598,DEV_003826,True
BUYER_00599,DEV_002736,True
BUYER_00600,DEV_004364,True
BUYER_00601,DEV_000467,True
BUYER_00602,DEV_000332,True
BUYER_00603,DEV_004611,True
BUYER_00604,DEV_000331,True
BUYER_00605,DEV_000675,True
BUYER_00606,DEV_003585,True
BUYER_00607,DEV_004190,True
BUYER_00608,DEV_002995,True
BUYER_00609,DEV_001487,True
BUYER_00610,DEV_002418,True
BUYER_00611,DEV_001779,True
BUYER_00612,DEV_002717,True
BUYER_00613,DEV_001897,True
BUYER_00614,DEV_004231,True
BUYER_00615,DEV_000092,True
BUYER_00616,DEV_002840,True
BUYER_00617,DEV_001982,True
BUYER_00618,DEV_001699,True
BUYER_00619,DEV_000941,True
BUYER_00620,DEV_003318,True
BUYER_00621,DEV_000654,True
BUYER_00622,DEV_000247,True
BUYER_00623,DEV_004072,True
BUYER_00624,DEV_000705,True
BUYER_00625,DEV_000704,True
BUYER_00626,DEV_004169,True
BUYER_00627,DEV_003545,True
BUYER_00628,DEV_002532,True
BUYER_00629,DEV_003207,True
BUYER_00630,DEV_000709,True
BUYER_00631,DEV_002850,True
BUYER_00632,DEV_004542,True
BUYER_00633,DEV_000623,True
BUYER_00634,DEV_001429,True
BUYER_00635,DEV_004844,True
BUYER_00636,DEV_002706,True
BUYER_00637,DEV_001068,True
BUYER_00638,DEV_001525,True
BUYER_00639,DEV_000278,True
BUYER_00640,DEV_002871,True
BUYER_00641,DEV_004121,True
BUYER_00642,DEV_002701,True
BUYER_00643,DEV_003365,True
BUYER_00644,DEV_001489,True
BUYER_00645,DEV_004341,True
BUYER_00646,DEV_004150,True
BUYER_00647,DEV_003559,True
BUYER_00648,DEV_001718,True
BUYER_00649,DEV_003271,True
BUYER_00650,DEV_000059,True
BUYER_00651,DEV_001219,True
BUYER_00652,DEV_003784,True
BUYER_00653,DEV_003854,True
BUYER_00654,DEV_002697,True
BUYER_00655,DEV_003308,True
BUYER_00656,DEV_004243,True
BUYER_00657,DEV_002132,True
BUYER_00658,DEV_001011,True
BUYER_00659,DEV_004026,True
BUYER_00660,DEV_000154,True
BUYER_00661,DEV_004531,True
BUYER_00662,DEV_003359,True
BUYER_00663,DEV_004023,True
BUYER_00664,DEV_001677,True
BUYER_00665,DEV_001795,True
BUYER_00666,DEV_001499,True
BUYER_00667,DEV_000395,True
BUYER_00668,DEV_000803,True
BUYER_00669,DEV_002152,True
BUYER_00670,DEV_002007,True
BUYER_00671,DEV_004588,True
BUYER_00672,DEV_002829,True
BUYER_00673,DEV_002751,True
BUYER_00674,DEV_003161,True
BUYER_00675,DEV_000326,True
BUYER_00676,DEV_000257,True
BUYER_00677,DEV_002888,True
BUYER_00678,DEV_004077,True
BUYER_00679,DEV_003542,True
BUYER_00680,DEV_002743,True
BUYER_00681,DEV_001891,True
BUYER_00682,DEV_004483,True
BUYER_00683,DEV_001771,True
BUYER_00684,DEV_002219,True
BUYER_00685,DEV_002655,True
BUYER_00686,DEV_003406,True
BUYER_00687,DEV_002319,True
BUYER_00688,DEV_003457,True
BUYER_00689,DEV_004180,True
BUYER_00690,DEV_001694,True
BUYER_00691,DEV_000808,True
BUYER_00692,DEV_001783,True
BUYER_00693,DEV_000760,True
BUYER_00694,DEV_004154,True
BUYER_00695,DEV_004653,True
BUYER_00696,DEV_000211,True
BUYER_00697,DEV_004788,True
BUYER_00698,DEV_003631,True
BUYER_00699,DEV_004934,True
BUYER_00700,DEV_003336,True
BUYER_00701,DEV_001007,True
BUYER_00702,DEV_000787,True
BUYER_00703,DEV_004775,True
BUYER_00704,DEV_003883,True
BUYER_00705,DEV_002782,True
BUYER_00706,DEV_003844,True
BUYER_00707,DEV_000047,True
BUYER_00708,DEV_004106,True
BUYER_00709,DEV_003087,True
BUYER_00710,DEV_002516,True
BUYER_00711,DEV_004734,True
BUYER_00712,DEV_001236,True
BUYER_00713,DEV_002390,True
BUYER_00714,DEV_000728,True
BUYER_00715,DEV_000097,True
BUYER_00716,DEV_003277,True
BUYER_00717,DEV_001477,True
BUYER_00718,DEV_002240,True
BUYER_00719,DEV_004202,True
BUYER_00720,DEV_003494,True
BUYER_00721,DEV_001364,True
BUYER_00722,DEV_000534,True
BUYER_00723,DEV_003833,True
BUYER_00724,DEV_002527,True
BUYER_00725,DEV_003592,True
BUYER_00726,DEV_000299,True
BUYER_00727,DEV_000243,True
BUYER_00728,DEV_001241,True
BUYER_00729,DEV_003683,True
BUYER_00730,DEV_003048,True
BUYER_00731,DEV_003243,True
BUYER_00732,DEV_000182,True
BUYER_00733,DEV_000314,True
BUYER_00734,DEV_001385,True
BUYER_00735,DEV_003534,True
BUYER_00736,DEV_001507,True
BUYER_00737,DEV_002378,True
BUYER_00738,DEV_003686,True
BUYER_00739,DEV_000226,True
BUYER_00740,DEV_000765,True
BUYER_00741,DEV_003987,True
BUYER_00742,DEV_003312,True
BUYER_00743,DEV_004042,True
BUYER_00744,DEV_002654,True
BUYER_00745,DEV_001898,True
BUYER_00746,DEV_000294,True
BUYER_00747,DEV_001064,True
BUYER_00748,DEV_002160,True
BUYER_00749,DEV_004933,True
BUYER_00750,DEV_003261,True
BUYER_00751,DEV_001145,True
BUYER_00752,DEV_004567,True
BUYER_00753,DEV_002918,True
BUYER_00754,DEV_002514,True
BUYER_00755,DEV_004601,True
BUYER_00756,DEV_004170,True
BUYER_00757,DEV_003268,True
BUYER_00758,DEV_002856,True
BUYER_00759,DEV_004326,True
BUYER_00760,DEV_004238,True
BUYER_00761,DEV_003130,True
BUYER_00762,DEV_000070,True
BUYER_00763,DEV_001168,True
BUYER_00764,DEV_002384,True
BUYER_00765,DEV_000502,True
BUYER_00766,DEV_003960,True
BUYER_00767,DEV_001256,True
BUYER_00768,DEV_002314,True
BUYER_00769,DEV_002103,True
BUYER_00770,DEV_003401,True
BUYER_00771,DEV_001589,True
BUYER_00772,DEV_000754,True
BUYER_00773,DEV_002362,True
BUYER_00774,DEV_004704,True
BUYER_00775,DEV_002525,True
BUYER_00776,DEV_001882,True
BUYER_00777,DEV_001681,True
BUYER_00778,DEV_002950,True
BUYER_00779,DEV_004810,True
BUYER_00780,DEV_002987,True
BUYER_00781,DEV_000474,True
BUYER_00782,DEV_001996,True
BUYER_00783,DEV_004923,True
BUYER_00784,DEV_001582,True
BUYER_00785,DEV_004545,True
BUYER_00786,DEV_001181,True
BUYER_00787,DEV_001061,True
BUYER_00788,DEV_002368,True
BUYER_00789,DEV_001110,True
BUYER_00790,DEV_003891,True
BUYER_00791,DEV_003508,True
BUYER_00792,DEV_003444,True
BUYER_00793,DEV_004424,True
BUYER_00794,DEV_001784,True
BUYER_00795,DEV_001028,True
BUYER_00796,DEV_000324,True
BUYER_00797,DEV_001645,True
BUYER_00798,DEV_002324,True
BUYER_00799,DEV_004753,True
BUYER_00800,DEV_004807,True
BUYER_00801,DEV_001203,True
BUYER_00802,DEV_000043,True
BUYER_00803,DEV_002933,True
BUYER_00804,DEV_004045,True
BUYER_00805,DEV_002917,True
BUYER_00806,DEV_002154,True
BUYER_00807,DEV_000987,True
BUYER_00808,DEV_000894,True
BUYER_00809,DEV_004155,True
BUYER_00810,DEV_004259,True
BUYER_00811,DEV_003978,True
BUYER_00812,DEV_000868,True
BUYER_00813,DEV_003768,True
BUYER_00814,DEV_001991,True
BUYER_00815,DEV_000838,True
BUYER_00816,DEV_002229,True
BUYER_00817,DEV_003404,True
BUYER_00818,DEV_004266,True
BUYER_00819,DEV_003999,True
BUYER_00820,DEV_004702,True
BUYER_00821,DEV_002107,True
BUYER_00822,DEV_003798,True
BUYER_00823,DEV_002456,True
BUYER_00824,DEV_001034,True
BUYER_00825,DEV_001983,True
BUYER_00826,DEV_001486,True
BUYER_00827,DEV_003473,True
BUYER_00828,DEV_000473,True
BUYER_00829,DEV_002927,True
BUYER_00830,DEV_004700,True
BUYER_00831,DEV_004884,True
BUYER_00832,DEV_001443,True
BUYER_00833,DEV_000320,True
BUYER_00834,DEV_000898,True
BUYER_00835,DEV_003612,True
BUYER_00836,DEV_003931,True
BUYER_00837,DEV_001532,True
BUYER_00838,DEV_002359,True
BUYER_00839,DEV_004177,True
BUYER_00840,DEV_004976,True
BUYER_00841,DEV_003780,True
BUYER_00842,DEV_001647,True
BUYER_00843,DEV_003643,True
BUYER_00844,DEV_001173,True
BUYER_00845,DEV_000773,True
BUYER_00846,DEV_001541,True
BUYER_00847,DEV_003867,True
BUYER_00848,DEV_002741,True
BUYER_00849,DEV_002664,True
BUYER_00850,DEV_003481,True
BUYER_00851,DEV_001017,True
BUYER_00852,DEV_003262,True
BUYER_00853,DEV_002308,True
BUYER_00854,DEV_001807,True
BUYER_00855,DEV_002068,True
BUYER_00856,DEV_003865,True
BUYER_00857,DEV_000699,True
BUYER_00858,DEV_002892,True
BUYER_00859,DEV_001924,True
BUYER_00860,DEV_002119,True
BUYER_00861,DEV_001248,True
BUYER_00862,DEV_000016,True
BUYER_00863,DEV_000291,True
BUYER_00864,DEV_001026,True
BUYER_00865,DEV_003718,True
BUYER_00866,DEV_003563,True
BUYER_00867,DEV_003708,True
BUYER_00868,DEV_001233,True
BUYER_00869,DEV_003946,True
BUYER_00870,DEV_000681,True
BUYER_00871,DEV_002010,True
BUYER_00872,DEV_000813,True
BUYER_00873,DEV_003788,True
BUYER_00874,DEV_004079,True
BUYER_00875,DEV_002504,True
BUYER_00876,DEV_004060,True
BUYER_00877,DEV_002470,True
BUYER_00878,DEV_003524,True
BUYER_00879,DEV_000642,True
BUYER_00880,DEV_003873,True
BUYER_00881,DEV_002919,True
BUYER_00882,DEV_000759,True
BUYER_00883,DEV_003573,True
BUYER_00884,DEV_000465,True
BUYER_00885,DEV_001617,True
BUYER_00886,DEV_003598,True
BUYER_00887,DEV_004580,True
BUYER_00888,DEV_003808,True
BUYER_00889,DEV_001986,True
BUYER_00890,DEV_004925,True
BUYER_00891,DEV_002821,True
BUYER_00892,DEV_004153,True
BUYER_00893,DEV_004516,True
BUYER_00894,DEV_003313,True
BUYER_00895,DEV_002522,True
BUYER_00896,DEV_002174,True
BUYER_00897,DEV_001167,True
BUYER_00898,DEV_000934,True
BUYER_00899,DEV_000620,True
BUYER_00900,DEV_002097,True
BUYER_00901,DEV_003837,True
BUYER_00902,DEV_004141,True
BUYER_00903,DEV_003074,True
BUYER_00904,DEV_001935,True
BUYER_00905,DEV_003685,True
BUYER_00906,DEV_004219,True
BUYER_00907,DEV_002666,True
BUYER_00908,DEV_003763,True
BUYER_00909,DEV_004947,True
BUYER_00910,DEV_004276,True
BUYER_00911,DEV_001695,True
BUYER_00912,DEV_004549,True
BUYER_00913,DEV_002156,True
BUYER_00914,DEV_002989,True
BUYER_00915,DEV_000974,True
BUYER_00916,DEV_000805,True
BUYER_00917,DEV_002722,True
BUYER_00918,DEV_001719,True
BUYER_00919,DEV_000483,True
BUYER_00920,DEV_002964,True
BUYER_00921,DEV_003111,True
BUYER_00922,DEV_002696,True
BUYER_00923,DEV_002587,True
BUYER_00924,DEV_004366,True
BUYER_00925,DEV_001390,True
BUYER_00926,DEV_000370,True
BUYER_00927,DEV_000538,True
BUYER_00928,DEV_002439,True
BUYER_00929,DEV_004569,True
BUYER_00930,DEV_001834,True
BUYER_00931,DEV_004993,True
BUYER_00932,DEV_003766,True
BUYER_00933,DEV_000700,True
BUYER_00934,DEV_000849,True
BUYER_00935,DEV_004919,True
BUYER_00936,DEV_004182,True
BUYER_00937,DEV_000310,True
BUYER_00938,DEV_000415,True
BUYER_00939,DEV_002250,True
BUYER_00940,DEV_000556,True
BUYER_00941,DEV_002105,True
BUYER_00942,DEV_000486,True
BUYER_00943,DEV_004843,True
BUYER_00944,DEV_004262,True
BUYER_00945,DEV_000873,True
BUYER_00946,DEV_001497,True
BUYER_00947,DEV_000737,True
BUYER_00948,DEV_002929,True
BUYER_00949,DEV_001335,True
BUYER_00950,DEV_001415,True
BUYER_00951,DEV_000746,True
BUYER_00952,DEV_001391,True
BUYER_00953,DEV_003050,True
BUYER_00954,DEV_004111,True
BUYER_00955,DEV_002420,True
BUYER_00956,DEV_001622,True
BUYER_00957,DEV_000118,True
BUYER_00958,DEV_004462,True
BUYER_00959,DEV_001250,True
BUYER_00960,DEV_002215,True
BUYER_00961,DEV_002440,True
BUYER_00962,DEV_000726,True
BUYER_00963,DEV_000165,True
BUYER_00964,DEV_000461,True
BUYER_00965,DEV_004936,True
BUYER_00966,DEV_001925,True
BUYER_00967,DEV_000285,True
BUYER_00968,DEV_000210,True
BUYER_00969,DEV_001065,True
BUYER_00970,DEV_004371,True
BUYER_00971,DEV_000636,True
BUYER_00972,DEV_000270,True
BUYER_00973,DEV_000383,True
BUYER_00974,DEV_004290,True
BUYER_00975,DEV_000568,True
BUYER_00976,DEV_003803,True
BUYER_00977,DEV_001597,True
BUYER_00978,DEV_004380,True
BUYER_00979,DEV_003448,True
BUYER_00980,DEV_002330,True
BUYER_00981,DEV_002778,True
BUYER_00982,DEV_003383,True
BUYER_00983,DEV_004118,True
BUYER_00984,DEV_000325,True
BUYER_00985,DEV_002661,True
BUYER_00986,DEV_003192,True
BUYER_00987,DEV_004484,True
BUYER_00988,DEV_004234,True
BUYER_00989,DEV_001641,True
BUYER_00990,DEV_004461,True
BUYER_00991,DEV_003659,True
BUYER_00992,DEV_001606,True
BUYER_00993,DEV_001153,True
BUYER_00994,DEV_001088,True
BUYER_00995,DEV_004875,True
BUYER_00996,DEV_004661,True
BUYER_00997,DEV_003047,True
BUYER_00998,DEV_001967,True
BUYER_00999,DEV_004834,True
BUYER_01000,DEV_003395,True
BUYER_01001,DEV_001426,True
BUYER_01002,DEV_002884,True
BUYER_01003,DEV_000546,True
BUYER_01004,DEV_003634,True
BUYER_01005,DEV_001613,True
BUYER_01006,DEV_000520,True
BUYER_01007,DEV_004273,True
BUYER_01008,DEV_001878,True
BUYER_01009,DEV_000942,True
BUYER_01010,DEV_004348,True
BUYER_01011,DEV_004407,True
BUYER_01012,DEV_004374,True
BUYER_01013,DEV_000622,True
BUYER_01014,DEV_002241,True
BUYER_01015,DEV_004185,True
BUYER_01016,DEV_002510,True
BUYER_01017,DEV_003742,True
BUYER_01018,DEV_002294,True
BUYER_01019,DEV_004281,True
BUYER_01020,DEV_002202,True
BUYER_01021,DEV_000730,True
BUYER_01022,DEV_001572,True
BUYER_01023,DEV_003993,True
BUYER_01024,DEV_002415,True
BUYER_01025,DEV_000747,True
BUYER_01026,DEV_000027,True
BUYER_01027,DEV_000327,True
BUYER_01028,DEV_002322,True
BUYER_01029,DEV_004390,True
BUYER_01030,DEV_003982,True
BUYER_01031,DEV_004279,True
BUYER_01032,DEV_001376,True
BUYER_01033,DEV_000543,True
BUYER_01034,DEV_001228,True
BUYER_01035,DEV_001438,True
BUYER_01036,DEV_003272,True
BUYER_01037,DEV_000724,True
BUYER_01038,DEV_002407,True
BUYER_01039,DEV_003221,True
BUYER_01040,DEV_001450,True
BUYER_01041,DEV_002402,True
BUYER_01042,DEV_000189,True
BUYER_01043,DEV_000340,True
BUYER_01044,DEV_000155,True
BUYER_01045,DEV_004677,True
BUYER_01046,DEV_004460,True
BUYER_01047,DEV_000019,True
BUYER_01048,DEV_002265,True
BUYER_01049,DEV_002028,True
BUYER_01050,DEV_004975,True
BUYER_01051,DEV_004909,True
BUYER_01052,DEV_004307,True
BUYER_01053,DEV_002027,True
BUYER_01054,DEV_001081,True
BUYER_01055,DEV_001970,True
BUYER_01056,DEV_004517,True
BUYER_01057,DEV_001773,True
BUYER_01058,DEV_001849,True
BUYER_01059,DEV_003133,True
BUYER_01060,DEV_001004,True
BUYER_01061,DEV_002952,True
BUYER_01062,DEV_003515,True
BUYER_01063,DEV_000060,True
BUYER_01064,DEV_002855,True
BUYER_01065,DEV_004029,True
BUYER_01066,DEV_000617,True
BUYER_01067,DEV_001437,True
BUYER_01068,DEV_000379,True
BUYER_01069,DEV_000812,True
BUYER_01070,DEV_003691,True
BUYER_01071,DEV_004937,True
BUYER_01072,DEV_003250,True
BUYER_01073,DEV_003301,True
BUYER_01074,DEV_003188,True
BUYER_01075,DEV_004546,True
BUYER_01076,DEV_001616,True
BUYER_01077,DEV_004773,True
BUYER_01078,DEV_000038,True
BUYER_01079,DEV_002366,True
BUYER_01080,DEV_001045,True
BUYER_01081,DEV_002005,True
BUYER_01082,DEV_002561,True
BUYER_01083,DEV_000649,True
BUYER_01084,DEV_000033,True
BUYER_01085,DEV_004832,True
BUYER_01086,DEV_000938,True
BUYER_01087,DEV_002723,True
BUYER_01088,DEV_002595,True
BUYER_01089,DEV_002692,True
BUYER_01090,DEV_000806,True
BUYER_01091,DEV_004860,True
BUYER_01092,DEV_000638,True
BUYER_01093,DEV_002826,True
BUYER_01094,DEV_001234,True
BUYER_01095,DEV_002550,True
BUYER_01096,DEV_004571,True
BUYER_01097,DEV_000688,True
BUYER_01098,DEV_002041,True
BUYER_01099,DEV_003864,True
BUYER_01100,DEV_004896,True
BUYER_01101,DEV_002670,True
BUYER_01102,DEV_002476,True
BUYER_01103,DEV_002086,True
BUYER_01104,DEV_000710,True
BUYER_01105,DEV_002343,True
BUYER_01106,DEV_001284,True
BUYER_01107,DEV_004857,True
BUYER_01108,DEV_001980,True
BUYER_01109,DEV_000786,True
BUYER_01110,DEV_002363,True
BUYER_01111,DEV_002001,True
BUYER_01112,DEV_003613,True
BUYER_01113,DEV_000256,True
BUYER_01114,DEV_000975,True
BUYER_01115,DEV_000062,True
BUYER_01116,DEV_003680,True
BUYER_01117,DEV_004410,True
BUYER_01118,DEV_000036,True
BUYER_01119,DEV_001614,True
BUYER_01120,DEV_003057,True
BUYER_01121,DEV_001412,True
BUYER_01122,DEV_001568,True
BUYER_01123,DEV_003920,True
BUYER_01124,DEV_003975,True
BUYER_01125,DEV_001843,True
BUYER_01126,DEV_003474,True
BUYER_01127,DEV_002496,True
BUYER_01128,DEV_003845,True
BUYER_01129,DEV_003430,True
BUYER_01130,DEV_001082,True
BUYER_01131,DEV_004173,True
BUYER_01132,DEV_000804,True
BUYER_01133,DEV_003817,True
BUYER_01134,DEV_001404,True
BUYER_01135,DEV_000044,True
BUYER_01136,DEV_004562,True
BUYER_01137,DEV_003926,True
BUYER_01138,DEV_003601,True
BUYER_01139,DEV_002396,True
BUYER_01140,DEV_001871,True
BUYER_01141,DEV_003155,True
BUYER_01142,DEV_003539,True
BUYER_01143,DEV_000525,True
BUYER_01144,DEV_000667,True
BUYER_01145,DEV_001725,True
BUYER_01146,DEV_004193,True
BUYER_01147,DEV_003199,True
BUYER_01148,DEV_002657,True
BUYER_01149,DEV_000836,True
BUYER_01150,DEV_000149,True
BUYER_01151,DEV_002965,True
BUYER_01152,DEV_001510,True
BUYER_01153,DEV_000979,True
BUYER_01154,DEV_000464,True
BUYER_01155,DEV_001923,True
BUYER_01156,DEV_002197,True
BUYER_01157,DEV_004316,True
BUYER_01158,DEV_000567,True
BUYER_01159,DEV_003296,True
BUYER_01160,DEV_000751,True
BUYER_01161,DEV_003823,True
BUYER_01162,DEV_000469,True
BUYER_01163,DEV_003020,True
BUYER_01164,DEV_004802,True
BUYER_01165,DEV_002279,True
BUYER_01166,DEV_000109,True
BUYER_01167,DEV_003886,True
BUYER_01168,DEV_003349,True
BUYER_01169,DEV_004379,True
BUYER_01170,DEV_001760,True
BUYER_01171,DEV_003882,True
BUYER_01172,DEV_001423,True
BUYER_01173,DEV_002607,True
BUYER_01174,DEV_000610,True
BUYER_01175,DEV_004724,True
BUYER_01176,DEV_000277,True
BUYER_01177,DEV_001147,True
BUYER_01178,DEV_003758,True
BUYER_01179,DEV_003371,True
BUYER_01180,DEV_001997,True
BUYER_01181,DEV_004046,True
BUYER_01182,DEV_002658,True
BUYER_01183,DEV_004146,True
BUYER_01184,DEV_000345,True
BUYER_01185,DEV_001432,True
BUYER_01186,DEV_002915,True
BUYER_01187,DEV_004019,True
BUYER_01188,DEV_004706,True
BUYER_01189,DEV_002810,True
BUYER_01190,DEV_004423,True
BUYER_01191,DEV_003121,True
BUYER_01192,DEV_000976,True
BUYER_01193,DEV_002427,True
BUYER_01194,DEV_001142,True
BUYER_01195,DEV_000539,True
BUYER_01196,DEV_001704,True
BUYER_01197,DEV_000637,True
BUYER_01198,DEV_000090,True
BUYER_01199,DEV_004803,True
BUYER_01200,DEV_001702,True
BUYER_01201,DEV_002277,True
BUYER_01202,DEV_002383,True
BUYER_01203,DEV_003154,True
BUYER_01204,DEV_004891,True
BUYER_01205,DEV_000425,True
BUYER_01206,DEV_004191,True
BUYER_01207,DEV_000455,True
BUYER_01208,DEV_000030,True
BUYER_01209,DEV_001093,True
BUYER_01210,DEV_003622,True
BUYER_01211,DEV_003367,True
BUYER_01212,DEV_000972,True
BUYER_01213,DEV_004206,True
BUYER_01214,DEV_002749,True
BUYER_01215,DEV_004427,True
BUYER_01216,DEV_004131,True
BUYER_01217,DEV_004880,True
BUYER_01218,DEV_002517,True
BUYER_01219,DEV_004152,True
BUYER_01220,DEV_000274,True
BUYER_01221,DEV_001050,True
BUYER_01222,DEV_000886,True
BUYER_01223,DEV_003617,True
BUYER_01224,DEV_002903,True
BUYER_01225,DEV_004652,True
BUYER_01226,DEV_002491,True
BUYER_01227,DEV_000429,True
BUYER_01228,DEV_003393,True
BUYER_01229,DEV_003945,True
BUYER_01230,DEV_004649,True
BUYER_01231,DEV_004001,True
BUYER_01232,DEV_002604,True
BUYER_01233,DEV_003632,True
BUYER_01234,DEV_002251,True
BUYER_01235,DEV_002795,True
BUYER_01236,DEV_002348,True
BUYER_01237,DEV_000213,True
BUYER_01238,DEV_004479,True
BUYER_01239,DEV_000168,True
BUYER_01240,DEV_002189,True
BUYER_01241,DEV_001290,True
BUYER_01242,DEV_004429,True
BUYER_01243,DEV_002062,True
BUYER_01244,DEV_000009,True
BUYER_01245,DEV_001122,True
BUYER_01246,DEV_003417,True
BUYER_01247,DEV_000597,True
BUYER_01248,DEV_003901,True
BUYER_01249,DEV_000312,True
BUYER_01250,DEV_004728,True
BUYER_01251,DEV_002413,True
BUYER_01252,DEV_004144,True
BUYER_01253,DEV_000741,True
BUYER_01254,DEV_000382,True
BUYER_01255,DEV_000832,True
BUYER_01256,DEV_001496,True
BUYER_01257,DEV_000734,True
BUYER_01258,DEV_003276,True
BUYER_01259,DEV_000854,True
BUYER_01260,DEV_004597,True
BUYER_01261,DEV_004403,True
BUYER_01262,DEV_003077,True
BUYER_01263,DEV_000337,True
BUYER_01264,DEV_002748,True
BUYER_01265,DEV_003372,True
BUYER_01266,DEV_001389,True
BUYER_01267,DEV_001777,True
BUYER_01268,DEV_001451,True
BUYER_01269,DEV_004058,True
BUYER_01270,DEV_000468,True
BUYER_01271,DEV_001990,True
BUYER_01272,DEV_000258,True
BUYER_01273,DEV_002594,True
BUYER_01274,DEV_000175,True
BUYER_01275,DEV_003984,True
BUYER_01276,DEV_001720,True
BUYER_01277,DEV_000682,True
BUYER_01278,DEV_000202,True
BUYER_01279,DEV_002673,True
BUYER_01280,DEV_004518,True
BUYER_01281,DEV_002711,True
BUYER_01282,DEV_004826,True
BUYER_01283,DEV_000443,True
BUYER_01284,DEV_000288,True
BUYER_01285,DEV_001452,True
BUYER_01286,DEV_000156,True
BUYER_01287,DEV_003307,True
BUYER_01288,DEV_000169,True
BUYER_01289,DEV_003424,True
BUYER_01290,DEV_000956,True
BUYER_01291,DEV_001396,True
BUYER_01292,DEV_004000,True
BUYER_01293,DEV_001375,True
BUYER_01294,DEV_004187,True
BUYER_01295,DEV_001742,True
BUYER_01296,DEV_003888,True
BUYER_01297,DEV_001369,True
BUYER_01298,DEV_004034,True
BUYER_01299,DEV_003994,True
BUYER_01300,DEV_001183,True
BUYER_01301,DEV_004008,True
BUYER_01302,DEV_000665,True
BUYER_01303,DEV_004905,True
BUYER_01304,DEV_004636,True
BUYER_01305,DEV_003178,True
BUYER_01306,DEV_000496,True
BUYER_01307,DEV_000627,True
BUYER_01308,DEV_001538,True
BUYER_01309,DEV_001231,True
BUYER_01310,DEV_003456,True
BUYER_01311,DEV_000756,True
BUYER_01312,DEV_000833,True
BUYER_01313,DEV_004786,True
BUYER_01314,DEV_004961,True
BUYER_01315,DEV_000130,True
BUYER_01316,DEV_004456,True
BUYER_01317,DEV_001814,True
BUYER_01318,DEV_000371,True
BUYER_01319,DEV_004563,True
BUYER_01320,DEV_001211,True
BUYER_01321,DEV_000814,True
BUYER_01322,DEV_003682,True
BUYER_01323,DEV_003380,True
BUYER_01324,DEV_000825,True
BUYER_01325,DEV_000117,True
BUYER_01326,DEV_001627,True
BUYER_01327,DEV_000010,True
BUYER_01328,DEV_001458,True
BUYER_01329,DEV_003654,True
BUYER_01330,DEV_002945,True
BUYER_01331,DEV_003264,True
BUYER_01332,DEV_002409,True
BUYER_01333,DEV_002318,True
BUYER_01334,DEV_003555,True
BUYER_01335,DEV_003554,True
BUYER_01336,DEV_000522,True
BUYER_01337,DEV_004954,True
BUYER_01338,DEV_003496,True
BUYER_01339,DEV_004992,True
BUYER_01340,DEV_001473,True
BUYER_01341,DEV_001160,True
BUYER_01342,DEV_003527,True
BUYER_01343,DEV_002462,True
BUYER_01344,DEV_003405,True
BUYER_01345,DEV_000865,True
BUYER_01346,DEV_002118,True
BUYER_01347,DEV_001471,True
BUYER_01348,DEV_004333,True
BUYER_01349,DEV_000614,True
BUYER_01350,DEV_002565,True
BUYER_01351,DEV_004548,True
BUYER_01352,DEV_003620,True
BUYER_01353,DEV_003325,True
BUYER_01354,DEV_002601,True
BUYER_01355,DEV_003985,True
BUYER_01356,DEV_000069,True
BUYER_01357,DEV_002244,True
BUYER_01358,DEV_003073,True
BUYER_01359,DEV_001665,True
BUYER_01360,DEV_001545,True
BUYER_01361,DEV_002798,True
BUYER_01362,DEV_001083,True
BUYER_01363,DEV_002223,True
BUYER_01364,DEV_001358,True
BUYER_01365,DEV_002346,True
BUYER_01366,DEV_001476,True
BUYER_01367,DEV_001220,True
BUYER_01368,DEV_002806,True
BUYER_01369,DEV_003125,True
BUYER_01370,DEV_001746,True
BUYER_01371,DEV_001624,True
BUYER_01372,DEV_003053,True
BUYER_01373,DEV_002773,True
BUYER_01374,DEV_000626,True
BUYER_01375,DEV_003516,True
BUYER_01376,DEV_003674,True
BUYER_01377,DEV_003495,True
BUYER_01378,DEV_004127,True
BUYER_01379,DEV_000040,True
BUYER_01380,DEV_002066,True
BUYER_01381,DEV_000904,True
BUYER_01382,DEV_001298,True
BUYER_01383,DEV_001705,True
BUYER_01384,DEV_000822,True
BUYER_01385,DEV_003095,True
BUYER_01386,DEV_004421,True
BUYER_01387,DEV_000584,True
BUYER_01388,DEV_001310,True
BUYER_01389,DEV_002728,True
BUYER_01390,DEV_002327,True
BUYER_01391,DEV_001271,True
BUYER_01392,DEV_001108,True
BUYER_01393,DEV_000678,True
BUYER_01394,DEV_003203,True
BUYER_01395,DEV_002288,True
BUYER_01396,DEV_003929,True
BUYER_01397,DEV_000284,True
BUYER_01398,DEV_002580,True
BUYER_01399,DEV_000423,True
BUYER_01400,DEV_000706,True
BUYER_01401,DEV_001117,True
BUYER_01402,DEV_003097,True
BUYER_01403,DEV_003948,True
BUYER_01404,DEV_003684,True
BUYER_01405,DEV_000624,True
BUYER_01406,DEV_003958,True
BUYER_01407,DEV_004317,True
BUYER_01408,DEV_004945,True
BUYER_01409,DEV_003671,True
BUYER_01410,DEV_002733,True
BUYER_01411,DEV_004472,True
BUYER_01412,DEV_004812,True
BUYER_01413,DEV_002727,True
BUYER_01414,DEV_004757,True
BUYER_01415,DEV_003815,True
BUYER_01416,DEV_001278,True
BUYER_01417,DEV_002616,True
BUYER_01418,DEV_004422,True
BUYER_01419,DEV_002148,True
BUYER_01420,DEV_003624,True
BUYER_01421,DEV_002754,True
BUYER_01422,DEV_000835,True
BUYER_01423,DEV_000153,True
BUYER_01424,DEV_002508,True
BUYER_01425,DEV_000003,True
BUYER_01426,DEV_001762,True
BUYER_01427,DEV_004287,True
BUYER_01428,DEV_003964,True
BUYER_01429,DEV_002794,True
BUYER_01430,DEV_002209,True
BUYER_01431,DEV_003245,True
BUYER_01432,DEV_001709,True
BUYER_01433,DEV_003644,True
BUYER_01434,DEV_001105,True
BUYER_01435,DEV_002628,True
BUYER_01436,DEV_001255,True
BUYER_01437,DEV_002994,True
BUYER_01438,DEV_002652,True
BUYER_01439,DEV_002646,True
BUYER_01440,DEV_001362,True
BUYER_01441,DEV_001246,True
BUYER_01442,DEV_004781,True
BUYER_01443,DEV_004420,True
BUYER_01444,DEV_004085,True
BUYER_01445,DEV_004830,True
BUYER_01446,DEV_001089,True
BUYER_01447,DEV_004796,True
BUYER_01448,DEV_001621,True
BUYER_01449,DEV_004247,True
BUYER_01450,DEV_002746,True
BUYER_01451,DEV_000250,True
BUYER_01452,DEV_000204,True
BUYER_01453,DEV_004879,True
BUYER_01454,DEV_001772,True
BUYER_01455,DEV_000216,True
BUYER_01456,DEV_003190,True
BUYER_01457,DEV_001735,True
BUYER_01458,DEV_000417,True
BUYER_01459,DEV_002737,True
BUYER_01460,DEV_001827,True
BUYER_01461,DEV_001243,True
BUYER_01462,DEV_002564,True
BUYER_01463,DEV_002313,True
BUYER_01464,DEV_000321,True
BUYER_01465,DEV_000196,True
BUYER_01466,DEV_000148,True
BUYER_01467,DEV_000295,True
BUYER_01468,DEV_001917,True
BUYER_01469,DEV_000114,True
BUYER_01470,DEV_003574,True
BUYER_01471,DEV_002235,True
BUYER_01472,DEV_000744,True
BUYER_01473,DEV_003593,True
BUYER_01474,DEV_003666,True
BUYER_01475,DEV_004473,True
BUYER_01476,DEV_000419,True
BUYER_01477,DEV_002083,True
BUYER_01478,DEV_004955,True
BUYER_01479,DEV_003949,True
BUYER_01480,DEV_004701,True
BUYER_01481,DEV_002937,True
BUYER_01482,DEV_002713,True
BUYER_01483,DEV_003520,True
BUYER_01484,DEV_001607,True
BUYER_01485,DEV_001936,True
BUYER_01486,DEV_004685,True
BUYER_01487,DEV_004913,True
BUYER_01488,DEV_002025,True
BUYER_01489,DEV_001090,True
BUYER_01490,DEV_004626,True
BUYER_01491,DEV_002954,True
BUYER_01492,DEV_000957,True
BUYER_01493,DEV_003475,True
BUYER_01494,DEV_002721,True
BUYER_01495,DEV_003175,True
BUYER_01496,DEV_002435,True
BUYER_01497,DEV_000784,True
BUYER_01498,DEV_003010,True
BUYER_01499,DEV_002276,True
BUYER_01500,DEV_000641,True
BUYER_01501,DEV_001786,True
BUYER_01502,DEV_003869,True
BUYER_01503,DEV_002828,True
BUYER_01504,DEV_003974,True
BUYER_01505,DEV_002077,True
BUYER_01506,DEV_003067,True
BUYER_01507,DEV_002703,True
BUYER_01508,DEV_002668,True
BUYER_01509,DEV_000251,True
BUYER_01510,DEV_004419,True
BUYER_01511,DEV_004604,True
BUYER_01512,DEV_000107,True
BUYER_01513,DEV_002946,True
BUYER_01514,DEV_002095,True
BUYER_01515,DEV_002642,True
BUYER_01516,DEV_002712,True
BUYER_01517,DEV_000999,True
BUYER_01518,DEV_002312,True
BUYER_01519,DEV_004890,True
BUYER_01520,DEV_000953,True
BUYER_01521,DEV_004869,True
BUYER_01522,DEV_002930,True
BUYER_01523,DEV_000005,True
BUYER_01524,DEV_000359,True
BUYER_01525,DEV_000260,True
BUYER_01526,DEV_001315,True
BUYER_01527,DEV_003806,True
BUYER_01528,DEV_003491,True
BUYER_01529,DEV_001169,True
BUYER_01530,DEV_001217,True
BUYER_01531,DEV_001192,True
BUYER_01532,DEV_001966,True
BUYER_01533,DEV_000073,True
BUYER_01534,DEV_004284,True
BUYER_01535,DEV_004633,True
BUYER_01536,DEV_003628,True
BUYER_01537,DEV_002417,True
BUYER_01538,DEV_002434,True
BUYER_01539,DEV_003610,True
BUYER_01540,DEV_004750,True
BUYER_01541,DEV_002080,True
BUYER_01542,DEV_001944,True
BUYER_01543,DEV_000505,True
BUYER_01544,DEV_000779,True
BUYER_01545,DEV_001602,True
BUYER_01546,DEV_001484,True
BUYER_01547,DEV_000463,True
BUYER_01548,DEV_002566,True
BUYER_01549,DEV_002600,True
BUYER_01550,DEV_002401,True
BUYER_01551,DEV_003166,True
BUYER_01552,DEV_003673,True
BUYER_01553,DEV_004292,True
BUYER_01554,DEV_002460,True
BUYER_01555,DEV_003879,True
BUYER_01556,DEV_001360,True
BUYER_01557,DEV_002437,True
BUYER_01558,DEV_001434,True
BUYER_01559,DEV_004713,True
BUYER_01560,DEV_001600,True
BUYER_01561,DEV_002813,True
BUYER_01562,DEV_002296,True
BUYER_01563,DEV_003597,True
BUYER_01564,DEV_004450,True
BUYER_01565,DEV_004670,True
BUYER_01566,DEV_003871,True
BUYER_01567,DEV_002111,True
BUYER_01568,DEV_000163,True
BUYER_01569,DEV_003676,True
BUYER_01570,DEV_004893,True
BUYER_01571,DEV_000352,True
BUYER_01572,DEV_002688,True
BUYER_01573,DEV_002381,True
BUYER_01574,DEV_002866,True
BUYER_01575,DEV_000553,True
BUYER_01576,DEV_002847,True
BUYER_01577,DEV_004581,True
BUYER_01578,DEV_000011,True
BUYER_01579,DEV_004795,True
BUYER_01580,DEV_002344,True
BUYER_01581,DEV_000831,True
BUYER_01582,DEV_002552,True
BUYER_01583,DEV_003321,True
BUYER_01584,DEV_000438,True
BUYER_01585,DEV_003536,True
BUYER_01586,DEV_000919,True
BUYER_01587,DEV_002350,True
BUYER_01588,DEV_000596,True
BUYER_01589,DEV_001204,True
BUYER_01590,DEV_003822,True
BUYER_01591,DEV_004489,True
BUYER_01592,DEV_004612,True
BUYER_01593,DEV_003102,True
BUYER_01594,DEV_003239,True
BUYER_01595,DEV_001413,True
BUYER_01596,DEV_001184,True
BUYER_01597,DEV_000178,True
BUYER_01598,DEV_003558,True
BUYER_01599,DEV_001299,True
BUYER_01600,DEV_001475,True
BUYER_01601,DEV_001993,True
BUYER_01602,DEV_003466,True
BUYER_01603,DEV_002571,True
BUYER_01604,DEV_004148,True
BUYER_01605,DEV_002285,True
BUYER_01606,DEV_000530,True
BUYER_01607,DEV_004748,True
BUYER_01608,DEV_000708,True
BUYER_01609,DEV_000497,True
BUYER_01610,DEV_003537,True
BUYER_01611,DEV_003729,True
BUYER_01612,DEV_001759,True
BUYER_01613,DEV_001406,True
BUYER_01614,DEV_001652,True
BUYER_01615,DEV_003409,True
BUYER_01616,DEV_001447,True
BUYER_01617,DEV_001674,True
BUYER_01618,DEV_004718,True
BUYER_01619,DEV_004888,True
BUYER_01620,DEV_002122,True
BUYER_01621,DEV_000964,True
BUYER_01622,DEV_004086,True
BUYER_01623,DEV_001812,True
BUYER_01624,DEV_004477,True
BUYER_01625,DEV_000335,True
BUYER_01626,DEV_001140,True
BUYER_01627,DEV_001781,True
BUYER_01628,DEV_000905,True
BUYER_01629,DEV_002303,True
BUYER_01630,DEV_002593,True
BUYER_01631,DEV_000303,True
BUYER_01632,DEV_001960,True
BUYER_01633,DEV_004413,True
BUYER_01634,DEV_000392,True
BUYER_01635,DEV_003562,True
BUYER_01636,DEV_001337,True
BUYER_01637,DEV_003103,True
BUYER_01638,DEV_002745,True
BUYER_01639,DEV_002812,True
BUYER_01640,DEV_000110,True
BUYER_01641,DEV_003186,True
BUYER_01642,DEV_004599,True
BUYER_01643,DEV_003750,True
BUYER_01644,DEV_002471,True
BUYER_01645,DEV_000433,True
BUYER_01646,DEV_004194,True
BUYER_01647,DEV_003348,True
BUYER_01648,DEV_004852,True
BUYER_01649,DEV_003609,True
BUYER_01650,DEV_000384,True
BUYER_01651,DEV_004511,True
BUYER_01652,DEV_003051,True
BUYER_01653,DEV_000991,True
BUYER_01654,DEV_002461,True
BUYER_01655,DEV_001813,True
BUYER_01656,DEV_003743,True
BUYER_01657,DEV_000354,True
BUYER_01658,DEV_001344,True
BUYER_01659,DEV_002625,True
BUYER_01660,DEV_004973,True
BUYER_01661,DEV_003378,True
BUYER_01662,DEV_002200,True
BUYER_01663,DEV_003246,True
BUYER_01664,DEV_002682,True
BUYER_01665,DEV_000498,True
BUYER_01666,DEV_003099,True
BUYER_01667,DEV_003291,True
BUYER_01668,DEV_003039,True
BUYER_01669,DEV_000491,True
BUYER_01670,DEV_004133,True
BUYER_01671,DEV_004603,True
BUYER_01672,DEV_001172,True
BUYER_01673,DEV_002588,True
BUYER_01674,DEV_003098,True
BUYER_01675,DEV_000664,True
BUYER_01676,DEV_004883,True
BUYER_01677,DEV_000101,True
BUYER_01678,DEV_004674,True
BUYER_01679,DEV_001420,True
BUYER_01680,DEV_004751,True
BUYER_01681,DEV_004792,True
BUYER_01682,DEV_004983,True
BUYER_01683,DEV_002665,True
BUYER_01684,DEV_002862,True
BUYER_01685,DEV_001730,True
BUYER_01686,DEV_002321,True
BUYER_01687,DEV_003775,True
BUYER_01688,DEV_000052,True
BUYER_01689,DEV_003415,True
BUYER_01690,DEV_001238,True
BUYER_01691,DEV_000507,True
BUYER_01692,DEV_003504,True
BUYER_01693,DEV_001109,True
BUYER_01694,DEV_002482,True
BUYER_01695,DEV_003360,True
BUYER_01696,DEV_002137,True
BUYER_01697,DEV_000275,True
BUYER_01698,DEV_004354,True
BUYER_01699,DEV_004657,True
BUYER_01700,DEV_004579,True
BUYER_01701,DEV_004823,True
BUYER_01702,DEV_002731,True
BUYER_01703,DEV_003940,True
BUYER_01704,DEV_004926,True
BUYER_01705,DEV_001539,True
BUYER_01706,DEV_003402,True
BUYER_01707,DEV_000212,True
BUYER_01708,DEV_000369,True
BUYER_01709,DEV_000542,True
BUYER_01710,DEV_000083,True
BUYER_01711,DEV_002163,True
BUYER_01712,DEV_002827,True
BUYER_01713,DEV_001368,True
BUYER_01714,DEV_002863,True
BUYER_01715,DEV_003342,True
BUYER_01716,DEV_000389,True
BUYER_01717,DEV_002663,True
BUYER_01718,DEV_004590,True
BUYER_01719,DEV_002203,True
BUYER_01720,DEV_003329,True
BUYER_01721,DEV_002939,True
BUYER_01722,DEV_002889,True
BUYER_01723,DEV_003512,True
BUYER_01724,DEV_004574,True
BUYER_01725,DEV_002740,True
BUYER_01726,DEV_004842,True
BUYER_01727,DEV_002611,True
BUYER_01728,DEV_003176,True
BUYER_01729,DEV_003493,True
BUYER_01730,DEV_004513,True
BUYER_01731,DEV_003605,True
BUYER_01732,DEV_002747,True
BUYER_01733,DEV_004628,True
BUYER_01734,DEV_004330,True
BUYER_01735,DEV_001324,True
BUYER_01736,DEV_001692,True
BUYER_01737,DEV_000994,True
BUYER_01738,DEV_003649,True
BUYER_01739,DEV_002864,True
BUYER_01740,DEV_000480,True
BUYER_01741,DEV_000106,True
BUYER_01742,DEV_003792,True
BUYER_01743,DEV_001630,True
BUYER_01744,DEV_001955,True
BUYER_01745,DEV_001494,True
BUYER_01746,DEV_001232,True
BUYER_01747,DEV_001480,True
BUYER_01748,DEV_003146,True
BUYER_01749,DEV_003579,True
BUYER_01750,DEV_001417,True
BUYER_01751,DEV_002639,True
BUYER_01752,DEV_003217,True
BUYER_01753,DEV_002465,True
BUYER_01754,DEV_002757,True
BUYER_01755,DEV_003259,True
BUYER_01756,DEV_001104,True
BUYER_01757,DEV_004384,True
BUYER_01758,DEV_004927,True
BUYER_01759,DEV_002507,True
BUYER_01760,DEV_002044,True
BUYER_01761,DEV_000866,True
BUYER_01762,DEV_002436,True
BUYER_01763,DEV_000102,True
BUYER_01764,DEV_003399,True
BUYER_01765,DEV_001569,True
BUYER_01766,DEV_003611,True
BUYER_01767,DEV_002777,True
BUYER_01768,DEV_002910,True
BUYER_01769,DEV_002605,True
BUYER_01770,DEV_000265,True
BUYER_01771,DEV_004809,True
BUYER_01772,DEV_004355,True
BUYER_01773,DEV_004772,True
BUYER_01774,DEV_004930,True
BUYER_01775,DEV_003117,True
BUYER_01776,DEV_004278,True
BUYER_01777,DEV_001981,True
BUYER_01778,DEV_002328,True
BUYER_01779,DEV_000536,True
BUYER_01780,DEV_004874,True
BUYER_01781,DEV_001829,True
BUYER_01782,DEV_003638,True
BUYER_01783,DEV_001965,True
BUYER_01784,DEV_003911,True
BUYER_01785,DEV_003739,True
BUYER_01786,DEV_003972,True
BUYER_01787,DEV_003458,True
BUYER_01788,DEV_002104,True
BUYER_01789,DEV_002498,True
BUYER_01790,DEV_003660,True
BUYER_01791,DEV_003502,True
BUYER_01792,DEV_001941,True
BUYER_01793,DEV_001798,True
BUYER_01794,DEV_004130,True
BUYER_01795,DEV_000718,True
BUYER_01796,DEV_001286,True
BUYER_01797,DEV_001200,True
BUYER_01798,DEV_004052,True
BUYER_01799,DEV_000983,True
BUYER_01800,DEV_004120,True
BUYER_01801,DEV_004137,True
BUYER_01802,DEV_003316,True
BUYER_01803,DEV_004995,True
BUYER_01804,DEV_002364,True
BUYER_01805,DEV_000179,True
BUYER_01806,DEV_002473,True
BUYER_01807,DEV_001800,True
BUYER_01808,DEV_004175,True
BUYER_01809,DEV_001712,True
BUYER_01810,DEV_004899,True
BUYER_01811,DEV_001866,True
BUYER_01812,DEV_002298,True
BUYER_01813,DEV_004521,True
BUYER_01814,DEV_000531,True
BUYER_01815,DEV_002922,True
BUYER_01816,DEV_004318,True
BUYER_01817,DEV_001366,True
BUYER_01818,DEV_002505,True
BUYER_01819,DEV_003085,True
BUYER_01820,DEV_001754,True
BUYER_01821,DEV_003584,True
BUYER_01822,DEV_001675,True
BUYER_01823,DEV_000955,True
BUYER_01824,DEV_001446,True
BUYER_01825,DEV_002880,True
BUYER_01826,DEV_004242,True
BUYER_01827,DEV_000940,True
BUYER_01828,DEV_003997,True
BUYER_01829,DEV_002030,True
BUYER_01830,DEV_001500,True
BUYER_01831,DEV_000615,True
BUYER_01832,DEV_003315,True
BUYER_01833,DEV_000141,True
BUYER_01834,DEV_000996,True
BUYER_01835,DEV_003900,True
BUYER_01836,DEV_003979,True
BUYER_01837,DEV_001073,True
BUYER_01838,DEV_004928,True
BUYER_01839,DEV_002489,True
BUYER_01840,DEV_004527,True
BUYER_01841,DEV_001741,True
BUYER_01842,DEV_004306,True
BUYER_01843,DEV_000037,True
BUYER_01844,DEV_000770,True
BUYER_01845,DEV_003651,True
BUYER_01846,DEV_003129,True
BUYER_01847,DEV_001782,True
BUYER_01848,DEV_004615,True
BUYER_01849,DEV_000495,True
BUYER_01850,DEV_001832,True
BUYER_01851,DEV_004510,True
BUYER_01852,DEV_002970,True
BUYER_01853,DEV_004314,True
BUYER_01854,DEV_000400,True
BUYER_01855,DEV_000223,True
BUYER_01856,DEV_004552,True
BUYER_01857,DEV_003322,True
BUYER_01858,DEV_001036,True
BUYER_01859,DEV_004129,True
BUYER_01860,DEV_004089,True
BUYER_01861,DEV_003286,True
BUYER_01862,DEV_004265,True
BUYER_01863,DEV_002026,True
BUYER_01864,DEV_004198,True
BUYER_01865,DEV_001062,True
BUYER_01866,DEV_001659,True
BUYER_01867,DEV_003435,True
BUYER_01868,DEV_002014,True
BUYER_01869,DEV_004335,True
BUYER_01870,DEV_003274,True
BUYER_01871,DEV_004607,True
BUYER_01872,DEV_003282,True
BUYER_01873,DEV_004142,True
BUYER_01874,DEV_002976,True
BUYER_01875,DEV_001758,True
BUYER_01876,DEV_000721,True
BUYER_01877,DEV_003511,True
BUYER_01878,DEV_001825,True
BUYER_01879,DEV_000316,True
BUYER_01880,DEV_003795,True
BUYER_01881,DEV_004064,True
BUYER_01882,DEV_002493,True
BUYER_01883,DEV_003355,True
BUYER_01884,DEV_002138,True
BUYER_01885,DEV_002412,True
BUYER_01886,DEV_002136,True
BUYER_01887,DEV_004119,True
BUYER_01888,DEV_001787,True
BUYER_01889,DEV_003060,True
BUYER_01890,DEV_003163,True
BUYER_01891,DEV_004105,True
BUYER_01892,DEV_002448,True
BUYER_01893,DEV_000810,True
BUYER_01894,DEV_001776,True
BUYER_01895,DEV_002944,True
BUYER_01896,DEV_004294,True
BUYER_01897,DEV_003528,True
BUYER_01898,DEV_004004,True
BUYER_01899,DEV_000601,True
BUYER_01900,DEV_000026,True
BUYER_01901,DEV_001722,True
BUYER_01902,DEV_000661,True
BUYER_01903,DEV_002811,True
BUYER_01904,DEV_001642,True
BUYER_01905,DEV_001700,True
BUYER_01906,DEV_004738,True
BUYER_01907,DEV_004820,True
BUYER_01908,DEV_004006,True
BUYER_01909,DEV_001353,True
BUYER_01910,DEV_001419,True
BUYER_01911,DEV_004609,True
BUYER_01912,DEV_003200,True
BUYER_01913,DEV_002304,True
BUYER_01914,DEV_003040,True
BUYER_01915,DEV_003779,True
BUYER_01916,DEV_001295,True
BUYER_01917,DEV_000695,True
BUYER_01918,DEV_002268,True
BUYER_01919,DEV_000863,True
BUYER_01920,DEV_003354,True
BUYER_01921,DEV_004228,True
BUYER_01922,DEV_004351,True
BUYER_01923,DEV_003000,True
BUYER_01924,DEV_001257,True
BUYER_01925,DEV_001265,True
BUYER_01926,DEV_000790,True
BUYER_01927,DEV_002584,True
BUYER_01928,DEV_003222,True
BUYER_01929,DEV_004328,True
BUYER_01930,DEV_003037,True
BUYER_01931,DEV_004041,True
BUYER_01932,DEV_000777,True
BUYER_01933,DEV_001303,True
BUYER_01934,DEV_002365,True
BUYER_01935,DEV_002453,True
BUYER_01936,DEV_001691,True
BUYER_01937,DEV_003906,True
BUYER_01938,DEV_001920,True
BUYER_01939,DEV_003078,True
BUYER_01940,DEV_001505,True
BUYER_01941,DEV_001100,True
BUYER_01942,DEV_004020,True
BUYER_01943,DEV_003586,True
BUYER_01944,DEV_001820,True
BUYER_01945,DEV_001349,True
BUYER_01946,DEV_004062,True
BUYER_01947,DEV_001810,True
BUYER_01948,DEV_004255,True
BUYER_01949,DEV_003469,True
BUYER_01950,DEV_001072,True
BUYER_01951,DEV_002770,True
BUYER_01952,DEV_004401,True
BUYER_01953,DEV_000481,True
BUYER_01954,DEV_000311,True
BUYER_01955,DEV_004092,True
BUYER_01956,DEV_001557,True
BUYER_01957,DEV_004551,True
BUYER_01958,DEV_004980,True
BUYER_01959,DEV_002632,True
BUYER_01960,DEV_003669,True
BUYER_01961,DEV_003744,True
BUYER_01962,DEV_003091,True
BUYER_01963,DEV_000768,True
BUYER_01964,DEV_004451,True
BUYER_01965,DEV_003438,True
BUYER_01966,DEV_001646,True
BUYER_01967,DEV_003460,True
BUYER_01968,DEV_000133,True
BUYER_01969,DEV_003915,True
BUYER_01970,DEV_002991,True
BUYER_01971,DEV_003280,True
BUYER_01972,DEV_001006,True
BUYER_01973,DEV_004053,True
BUYER_01974,DEV_004564,True
BUYER_01975,DEV_001952,True
BUYER_01976,DEV_000514,True
BUYER_01977,DEV_004828,True
BUYER_01978,DEV_000236,True
BUYER_01979,DEV_001710,True
BUYER_01980,DEV_003036,True
BUYER_01981,DEV_003049,True
BUYER_01982,DEV_003386,True
BUYER_01983,DEV_002576,True
BUYER_01984,DEV_004293,True
BUYER_01985,DEV_001377,True
BUYER_01986,DEV_000676,True
BUYER_01987,DEV_000591,True
BUYER_01988,DEV_000912,True
BUYER_01989,DEV_000652,True
BUYER_01990,DEV_002784,True
BUYER_01991,DEV_001717,True
BUYER_01992,DEV_000193,True
BUYER_01993,DEV_002583,True
BUYER_01994,DEV_003862,True
BUYER_01995,DEV_001000,True
BUYER_01996,DEV_002643,True
BUYER_01997,DEV_003658,True
BUYER_01998,DEV_004853,True
BUYER_01999,DEV_000671,True
BUYER_02000,DEV_001206,True
BUYER_02001,DEV_001466,True
BUYER_02002,DEV_002623,True
BUYER_02003,DEV_004044,True
BUYER_02004,DEV_002280,True
BUYER_02005,DEV_001841,True
BUYER_02006,DEV_001268,True
BUYER_02007,DEV_000350,True
BUYER_02008,DEV_000544,True
BUYER_02009,DEV_001400,True
BUYER_02010,DEV_004459,True
BUYER_02011,DEV_003506,True
BUYER_02012,DEV_002254,True
BUYER_02013,DEV_001736,True
BUYER_02014,DEV_003772,True
BUYER_02015,DEV_000511,True
BUYER_02016,DEV_004108,True
BUYER_02017,DEV_002431,True
BUYER_02018,DEV_001550,True
BUYER_02019,DEV_002800,True
BUYER_02020,DEV_003255,True
BUYER_02021,DEV_002818,True
BUYER_02022,DEV_000952,True
BUYER_02023,DEV_003260,True
BUYER_02024,DEV_003771,True
BUYER_02025,DEV_004921,True
BUYER_02026,DEV_001132,True
BUYER_02027,DEV_002653,True
BUYER_02028,DEV_003191,True
BUYER_02029,DEV_000552,True
BUYER_02030,DEV_002645,True
BUYER_02031,DEV_004356,True
BUYER_02032,DEV_003331,True
BUYER_02033,DEV_002036,True
BUYER_02034,DEV_001911,True
BUYER_02035,DEV_001381,True
BUYER_02036,DEV_000608,True
BUYER_02037,DEV_003655,True
BUYER_02038,DEV_004624,True
BUYER_02039,DEV_002781,True
BUYER_02040,DEV_000856,True
BUYER_02041,DEV_001815,True
BUYER_02042,DEV_001984,True
BUYER_02043,DEV_002259,True
BUYER_02044,DEV_000444,True
BUYER_02045,DEV_001548,True
BUYER_02046,DEV_004958,True
BUYER_02047,DEV_003187,True
BUYER_02048,DEV_003727,True
BUYER_02049,DEV_004059,True
BUYER_02050,DEV_002547,True
BUYER_02051,DEV_001057,True
BUYER_02052,DEV_002925,True
BUYER_02053,DEV_004572,True
BUYER_02054,DEV_004600,True
BUYER_02055,DEV_000272,True
BUYER_02056,DEV_000973,True
BUYER_02057,DEV_004522,True
BUYER_02058,DEV_001269,True
BUYER_02059,DEV_000377,True
BUYER_02060,DEV_000031,True
BUYER_02061,DEV_003423,True
BUYER_02062,DEV_000677,True
BUYER_02063,DEV_003925,True
BUYER_02064,DEV_004267,True
BUYER_02065,DEV_003741,True
BUYER_02066,DEV_002602,True
BUYER_02067,DEV_002803,True
BUYER_02068,DEV_000993,True
BUYER_02069,DEV_004696,True
BUYER_02070,DEV_003373,True
BUYER_02071,DEV_000348,True
BUYER_02072,DEV_002881,True
BUYER_02073,DEV_004506,True
BUYER_02074,DEV_002484,True
BUYER_02075,DEV_003238,True
BUYER_02076,DEV_001661,True
BUYER_02077,DEV_001862,True
BUYER_02078,DEV_003305,True
BUYER_02079,DEV_000885,True
BUYER_02080,DEV_001517,True
BUYER_02081,DEV_001120,True
BUYER_02082,DEV_004722,True
BUYER_02083,DEV_004222,True
BUYER_02084,DEV_000194,True
BUYER_02085,DEV_004350,True
BUYER_02086,DEV_003080,True
BUYER_02087,DEV_000132,True
BUYER_02088,DEV_003212,True
BUYER_02089,DEV_000248,True
BUYER_02090,DEV_004660,True
BUYER_02091,DEV_004109,True
BUYER_02092,DEV_002013,True
BUYER_02093,DEV_000220,True
BUYER_02094,DEV_000454,True
BUYER_02095,DEV_003089,True
BUYER_02096,DEV_001805,True
BUYER_02097,DEV_002633,True
BUYER_02098,DEV_000948,True
BUYER_02099,DEV_000731,True
BUYER_02100,DEV_004368,True
BUYER_02101,DEV_002767,True
BUYER_02102,DEV_001151,True
BUYER_02103,DEV_000668,True
BUYER_02104,DEV_002755,True
BUYER_02105,DEV_000527,True
BUYER_02106,DEV_004358,True
BUYER_02107,DEV_001775,True
BUYER_02108,DEV_003108,True
BUYER_02109,DEV_003781,True
BUYER_02110,DEV_000928,True
BUYER_02111,DEV_003695,True
BUYER_02112,DEV_001323,True
BUYER_02113,DEV_004246,True
BUYER_02114,DEV_001102,True
BUYER_02115,DEV_000167,True
BUYER_02116,DEV_001889,True
BUYER_02117,DEV_000899,True
BUYER_02118,DEV_002082,True
BUYER_02119,DEV_003596,True
BUYER_02120,DEV_000462,True
BUYER_02121,DEV_003185,True
BUYER_02122,DEV_002242,True
BUYER_02123,DEV_000064,True
BUYER_02124,DEV_002545,True
BUYER_02125,DEV_003463,True
BUYER_02126,DEV_004644,True
BUYER_02127,DEV_004402,True
BUYER_02128,DEV_002503,True
BUYER_02129,DEV_004235,True
BUYER_02130,DEV_002206,True
BUYER_02131,DEV_003353,True
BUYER_02132,DEV_004537,True
BUYER_02133,DEV_003522,True
BUYER_02134,DEV_003377,True
BUYER_02135,DEV_000826,True
BUYER_02136,DEV_000150,True
BUYER_02137,DEV_002370,True
BUYER_02138,DEV_004353,True
BUYER_02139,DEV_001136,True
BUYER_02140,DEV_002936,True
BUYER_02141,DEV_000067,True
BUYER_02142,DEV_003028,True
BUYER_02143,DEV_000548,True
BUYER_02144,DEV_001272,True
BUYER_02145,DEV_003599,True
BUYER_02146,DEV_004357,True
BUYER_02147,DEV_004727,True
BUYER_02148,DEV_002913,True
BUYER_02149,DEV_004849,True
BUYER_02150,DEV_001769,True
BUYER_02151,DEV_001146,True
BUYER_02152,DEV_002338,True
BUYER_02153,DEV_001857,True
BUYER_02154,DEV_002147,True
BUYER_02155,DEV_001514,True
BUYER_02156,DEV_001049,True
BUYER_02157,DEV_002113,True
BUYER_02158,DEV_003480,True
BUYER_02159,DEV_003320,True
BUYER_02160,DEV_003054,True
BUYER_02161,DEV_004848,True
BUYER_02162,DEV_000867,True
BUYER_02163,DEV_002309,True
BUYER_02164,DEV_003977,True
BUYER_02165,DEV_000906,True
BUYER_02166,DEV_001267,True
BUYER_02167,DEV_002408,True
BUYER_02168,DEV_001270,True
BUYER_02169,DEV_002999,True
BUYER_02170,DEV_001907,True
BUYER_02171,DEV_002630,True
BUYER_02172,DEV_001789,True
BUYER_02173,DEV_000227,True
BUYER_02174,DEV_003013,True
BUYER_02175,DEV_004003,True
BUYER_02176,DEV_004787,True
BUYER_02177,DEV_000357,True
BUYER_02178,DEV_002098,True
BUYER_02179,DEV_002998,True
BUYER_02180,DEV_003791,True
BUYER_02181,DEV_001876,True
BUYER_02182,DEV_002575,True
BUYER_02183,DEV_002177,True
BUYER_02184,DEV_001575,True
BUYER_02185,DEV_004827,True
BUYER_02186,DEV_004159,True
BUYER_02187,DEV_004386,True
BUYER_02188,DEV_004960,True
BUYER_02189,DEV_001474,True
BUYER_02190,DEV_001631,True
BUYER_02191,DEV_002392,True
BUYER_02192,DEV_001144,True
BUYER_02193,DEV_001599,True
BUYER_02194,DEV_001823,True
BUYER_02195,DEV_001767,True
BUYER_02196,DEV_002458,True
BUYER_02197,DEV_001014,True
BUYER_02198,DEV_004143,True
BUYER_02199,DEV_001157,True
BUYER_02200,DEV_000416,True
BUYER_02201,DEV_000404,True
BUYER_02202,DEV_004742,True
BUYER_02203,DEV_002972,True
BUYER_02204,DEV_002467,True
BUYER_02205,DEV_003209,True
BUYER_02206,DEV_001079,True
BUYER_02207,DEV_002521,True
BUYER_02208,DEV_003043,True
BUYER_02209,DEV_003333,True
BUYER_02210,DEV_001552,True
BUYER_02211,DEV_004705,True
BUYER_02212,DEV_003252,True
BUYER_02213,DEV_001263,True
BUYER_02214,DEV_001159,True
BUYER_02215,DEV_001956,True
BUYER_02216,DEV_001138,True
BUYER_02217,DEV_002428,True
BUYER_02218,DEV_002548,True
BUYER_02219,DEV_001721,True
BUYER_02220,DEV_001533,True
BUYER_02221,DEV_002537,True
BUYER_02222,DEV_000015,True
BUYER_02223,DEV_000729,True
BUYER_02224,DEV_004969,True
BUYER_02225,DEV_003042,True
BUYER_02226,DEV_003257,True
BUYER_02227,DEV_003996,True
BUYER_02228,DEV_003863,True
BUYER_02229,DEV_002671,True
BUYER_02230,DEV_004400,True
BUYER_02231,DEV_002146,True
BUYER_02232,DEV_000877,True
BUYER_02233,DEV_000817,True
BUYER_02234,DEV_002499,True
BUYER_02235,DEV_001756,True
BUYER_02236,DEV_002323,True
BUYER_02237,DEV_002230,True
BUYER_02238,DEV_004836,True
BUYER_02239,DEV_001523,True
BUYER_02240,DEV_003876,True
BUYER_02241,DEV_002961,True
BUYER_02242,DEV_003447,True
BUYER_02243,DEV_004493,True
BUYER_02244,DEV_000890,True
BUYER_02245,DEV_002690,True
BUYER_02246,DEV_000032,True
BUYER_02247,DEV_004433,True
BUYER_02248,DEV_004076,True
BUYER_02249,DEV_000421,True
BUYER_02250,DEV_000477,True
BUYER_02251,DEV_000484,True
BUYER_02252,DEV_000516,True
BUYER_02253,DEV_002450,True
BUYER_02254,DEV_003096,True
BUYER_02255,DEV_002985,True
BUYER_02256,DEV_004444,True
BUYER_02257,DEV_003843,True
BUYER_02258,DEV_000385,True
BUYER_02259,DEV_004005,True
BUYER_02260,DEV_001336,True
BUYER_02261,DEV_000018,True
BUYER_02262,DEV_003908,True
BUYER_02263,DEV_001752,True
BUYER_02264,DEV_002980,True
BUYER_02265,DEV_000879,True
BUYER_02266,DEV_000775,True
BUYER_02267,DEV_001549,True
BUYER_02268,DEV_004528,True
BUYER_02269,DEV_002485,True
BUYER_02270,DEV_000008,True
BUYER_02271,DEV_000103,True
BUYER_02272,DEV_001908,True
BUYER_02273,DEV_004822,True
BUYER_02274,DEV_003702,True
BUYER_02275,DEV_000723,True
BUYER_02276,DEV_000286,True
BUYER_02277,DEV_001258,True
BUYER_02278,DEV_002106,True
BUYER_02279,DEV_000880,True
BUYER_02280,DEV_002574,True
BUYER_02281,DEV_002612,True
BUYER_02282,DEV_000517,True
BUYER_02283,DEV_002523,True
BUYER_02284,DEV_002385,True
BUYER_02285,DEV_004664,True
BUYER_02286,DEV_004342,True
BUYER_02287,DEV_002398,True
BUYER_02288,DEV_002334,True
BUYER_02289,DEV_004935,True
BUYER_02290,DEV_000572,True
BUYER_02291,DEV_004457,True
BUYER_02292,DEV_004327,True
BUYER_02293,DEV_000166,True
BUYER_02294,DEV_001297,True
BUYER_02295,DEV_002792,True
BUYER_02296,DEV_003453,True
BUYER_02297,DEV_001884,True
BUYER_02298,DEV_001567,True
BUYER_02299,DEV_000846,True
BUYER_02300,DEV_002636,True
BUYER_02301,DEV_001035,True
BUYER_02302,DEV_001671,True
BUYER_02303,DEV_001874,True
BUYER_02304,DEV_003603,True
BUYER_02305,DEV_002891,True
BUYER_02306,DEV_004939,True
BUYER_02307,DEV_002257,True
BUYER_02308,DEV_003144,True
BUYER_02309,DEV_002960,True
BUYER_02310,DEV_004438,True
BUYER_02311,DEV_001078,True
BUYER_02312,DEV_003678,True
BUYER_02313,DEV_001165,True
BUYER_02314,DEV_002901,True
BUYER_02315,DEV_003748,True
BUYER_02316,DEV_003220,True
BUYER_02317,DEV_001069,True
BUYER_02318,DEV_000319,True
BUYER_02319,DEV_000727,True
BUYER_02320,DEV_003918,True
BUYER_02321,DEV_004481,True
BUYER_02322,DEV_000245,True
BUYER_02323,DEV_004241,True
BUYER_02324,DEV_002846,True
BUYER_02325,DEV_004171,True
BUYER_02326,DEV_000529,True
BUYER_02327,DEV_001115,True
BUYER_02328,DEV_000799,True
BUYER_02329,DEV_000478,True
BUYER_02330,DEV_003878,True
BUYER_02331,DEV_001383,True
BUYER_02332,DEV_003782,True
BUYER_02333,DEV_001382,True
BUYER_02334,DEV_002121,True
BUYER_02335,DEV_001894,True
BUYER_02336,DEV_003503,True
BUYER_02337,DEV_004672,True
BUYER_02338,DEV_004631,True
BUYER_02339,DEV_004962,True
BUYER_02340,DEV_001194,True
BUYER_02341,DEV_003961,True
BUYER_02342,DEV_001237,True
BUYER_02343,DEV_002752,True
BUYER_02344,DEV_004596,True
BUYER_02345,DEV_004081,True
BUYER_02346,DEV_001467,True
BUYER_02347,DEV_003140,True
BUYER_02348,DEV_001387,True
BUYER_02349,DEV_003467,True
BUYER_02350,DEV_000935,True
BUYER_02351,DEV_002269,True
BUYER_02352,DEV_000135,True
BUYER_02353,DEV_003012,True
BUYER_02354,DEV_004345,True
BUYER_02355,DEV_000170,True
BUYER_02356,DEV_000215,True
BUYER_02357,DEV_002562,True
BUYER_02358,DEV_002221,True
BUYER_02359,DEV_000532,True
BUYER_02360,DEV_000339,True
BUYER_02361,DEV_002520,True
BUYER_02362,DEV_002145,True
BUYER_02363,DEV_004370,True
BUYER_02364,DEV_004620,True
BUYER_02365,DEV_002291,True
BUYER_02366,DEV_004313,True
BUYER_02367,DEV_001845,True
BUYER_02368,DEV_004862,True
BUYER_02369,DEV_000722,True
BUYER_02370,DEV_003263,True
BUYER_02371,DEV_000739,True
BUYER_02372,DEV_002572,True
BUYER_02373,DEV_004953,True
BUYER_02374,DEV_000160,True
BUYER_02375,DEV_004813,True
BUYER_02376,DEV_002130,True
BUYER_02377,DEV_004409,True
BUYER_02378,DEV_004681,True
BUYER_02379,DEV_002841,True
BUYER_02380,DEV_003023,True
BUYER_02381,DEV_004126,True
BUYER_02382,DEV_002213,True
BUYER_02383,DEV_002478,True
BUYER_02384,DEV_003936,True
BUYER_02385,DEV_004684,True
BUYER_02386,DEV_002831,True
BUYER_02387,DEV_004952,True
BUYER_02388,DEV_001469,True
BUYER_02389,DEV_001332,True
BUYER_02390,DEV_000051,True
BUYER_02391,DEV_002032,True
BUYER_02392,DEV_004310,True
BUYER_02393,DEV_001319,True
BUYER_02394,DEV_001715,True
BUYER_02395,DEV_002046,True
BUYER_02396,DEV_001180,True
BUYER_02397,DEV_004957,True
BUYER_02398,DEV_003344,True
BUYER_02399,DEV_000575,True
BUYER_02400,DEV_004338,True
BUYER_02401,DEV_004996,True
BUYER_02402,DEV_004075,True
BUYER_02403,DEV_004902,True
BUYER_02404,DEV_002497,True
BUYER_02405,DEV_004838,True
BUYER_02406,DEV_000720,True
BUYER_02407,DEV_004110,True
BUYER_02408,DEV_003851,True
BUYER_02409,DEV_000845,True
BUYER_02410,DEV_004845,True
BUYER_02411,DEV_004207,True
BUYER_02412,DEV_003872,True
BUYER_02413,DEV_003566,True
BUYER_02414,DEV_004037,True
BUYER_02415,DEV_003490,True
BUYER_02416,DEV_000126,True
BUYER_02417,DEV_001683,True
BUYER_02418,DEV_004282,True
BUYER_02419,DEV_003590,True
BUYER_02420,DEV_000171,True
BUYER_02421,DEV_004377,True
BUYER_02422,DEV_000794,True
BUYER_02423,DEV_001235,True
BUYER_02424,DEV_002977,True
BUYER_02425,DEV_004417,True
BUYER_02426,DEV_003392,True
BUYER_02427,DEV_000374,True
BUYER_02428,DEV_001055,True
BUYER_02429,DEV_004083,True
BUYER_02430,DEV_004263,True
BUYER_02431,DEV_002943,True
BUYER_02432,DEV_002766,True
BUYER_02433,DEV_003904,True
BUYER_02434,DEV_004440,True
BUYER_02435,DEV_003267,True
BUYER_02436,DEV_004289,True
BUYER_02437,DEV_000634,True
BUYER_02438,DEV_001619,True
BUYER_02439,DEV_000633,True
BUYER_02440,DEV_003443,True
BUYER_02441,DEV_003345,True
BUYER_02442,DEV_004442,True
BUYER_02443,DEV_002551,True
BUYER_02444,DEV_002570,True
BUYER_02445,DEV_003933,True
BUYER_02446,DEV_001535,True
BUYER_02447,DEV_004618,True
BUYER_02448,DEV_000318,True
BUYER_02449,DEV_003451,True
BUYER_02450,DEV_003358,True
BUYER_02451,DEV_004575,True
BUYER_02452,DEV_000434,True
BUYER_02453,DEV_004617,True
BUYER_02454,DEV_004554,True
BUYER_02455,DEV_003304,True
BUYER_02456,DEV_003890,True
BUYER_02457,DEV_003436,True
BUYER_02458,DEV_001331,True
BUYER_02459,DEV_000736,True
BUYER_02460,DEV_004833,True
BUYER_02461,DEV_001615,True
BUYER_02462,DEV_000282,True
BUYER_02463,DEV_002261,True
BUYER_02464,DEV_003007,True
BUYER_02465,DEV_004389,True
BUYER_02466,DEV_000758,True
BUYER_02467,DEV_000183,True
BUYER_02468,DEV_000772,True
BUYER_02469,DEV_001745,True
BUYER_02470,DEV_004463,True
BUYER_02471,DEV_002317,True
BUYER_02472,DEV_001638,True
BUYER_02473,DEV_002306,True
BUYER_02474,DEV_001058,True
BUYER_02475,DEV_003840,True
BUYER_02476,DEV_002955,True
BUYER_02477,DEV_004892,True
BUYER_02478,DEV_003116,True
BUYER_02479,DEV_002445,True
BUYER_02480,DEV_004726,True
BUYER_02481,DEV_004840,True
BUYER_02482,DEV_001414,True
BUYER_02483,DEV_001456,True
BUYER_02484,DEV_003351,True
BUYER_02485,DEV_001635,True
BUYER_02486,DEV_002199,True
BUYER_02487,DEV_003194,True
BUYER_02488,DEV_002307,True
BUYER_02489,DEV_002433,True
BUYER_02490,DEV_001743,True
BUYER_02491,DEV_000343,True
BUYER_02492,DEV_003387,True
BUYER_02493,DEV_002647,True
BUYER_02494,DEV_000449,True
BUYER_02495,DEV_001440,True
BUYER_02496,DEV_001770,True
BUYER_02497,DEV_001373,True
BUYER_02498,DEV_001508,True
BUYER_02499,DEV_002546,True
BUYER_02500,DEV_000878,True
BUYER_02501,DEV_004482,True
BUYER_02502,DEV_004103,True
BUYER_02503,DEV_002191,True
BUYER_02504,DEV_002634,True
BUYER_02505,DEV_002705,True
BUYER_02506,DEV_000561,True
BUYER_02507,DEV_003709,True
BUYER_02508,DEV_003693,True
BUYER_02509,DEV_002430,True
BUYER_02510,DEV_002003,True
BUYER_02511,DEV_003034,True
BUYER_02512,DEV_002894,True
BUYER_02513,DEV_002853,True
BUYER_02514,DEV_002672,True
BUYER_02515,DEV_003052,True
BUYER_02516,DEV_003525,True
BUYER_02517,DEV_001106,True
BUYER_02518,DEV_002186,True
BUYER_02519,DEV_001378,True
BUYER_02520,DEV_004189,True
BUYER_02521,DEV_003332,True
BUYER_02522,DEV_004376,True
BUYER_02523,DEV_004606,True
BUYER_02524,DEV_001961,True
BUYER_02525,DEV_000927,True
BUYER_02526,DEV_004007,True
BUYER_02527,DEV_004382,True
BUYER_02528,DEV_001603,True
BUYER_02529,DEV_000470,True
BUYER_02530,DEV_004673,True
BUYER_02531,DEV_001193,True
BUYER_02532,DEV_002843,True
BUYER_02533,DEV_001628,True
BUYER_02534,DEV_002290,True
BUYER_02535,DEV_000224,True
BUYER_02536,DEV_004963,True
BUYER_02537,DEV_004033,True
BUYER_02538,DEV_000181,True
BUYER_02539,DEV_004721,True
BUYER_02540,DEV_001013,True
BUYER_02541,DEV_003265,True
BUYER_02542,DEV_003202,True
BUYER_02543,DEV_003429,True
BUYER_02544,DEV_002986,True
BUYER_02545,DEV_002599,True
BUYER_02546,DEV_001522,True
BUYER_02547,DEV_001828,True
BUYER_02548,DEV_003063,True
BUYER_02549,DEV_002210,True
BUYER_02550,DEV_000087,True
BUYER_02551,DEV_000262,True
BUYER_02552,DEV_003115,True
BUYER_02553,DEV_001239,True
BUYER_02554,DEV_001328,True
BUYER_02555,DEV_003848,True
BUYER_02556,DEV_004069,True
BUYER_02557,DEV_000743,True
BUYER_02558,DEV_003018,True
BUYER_02559,DEV_000300,True
BUYER_02560,DEV_004635,True
BUYER_02561,DEV_003591,True
BUYER_02562,DEV_004591,True
BUYER_02563,DEV_001031,True
BUYER_02564,DEV_001407,True
BUYER_02565,DEV_003761,True
BUYER_02566,DEV_002967,True
BUYER_02567,DEV_004435,True
BUYER_02568,DEV_002315,True
BUYER_02569,DEV_003136,True
BUYER_02570,DEV_000982,True
BUYER_02571,DEV_002432,True
BUYER_02572,DEV_001905,True
BUYER_02573,DEV_004608,True
BUYER_02574,DEV_004096,True
BUYER_02575,DEV_000715,True
BUYER_02576,DEV_003281,True
BUYER_02577,DEV_003229,True
BUYER_02578,DEV_002336,True
BUYER_02579,DEV_003033,True
BUYER_02580,DEV_001314,True
BUYER_02581,DEV_000840,True
BUYER_02582,DEV_000123,True
BUYER_02583,DEV_002310,True
BUYER_02584,DEV_002248,True
BUYER_02585,DEV_002035,True
BUYER_02586,DEV_000541,True
BUYER_02587,DEV_004295,True
BUYER_02588,DEV_004434,True
BUYER_02589,DEV_000076,True
BUYER_02590,DEV_003814,True
BUYER_02591,DEV_003556,True
BUYER_02592,DEV_002531,True
BUYER_02593,DEV_003836,True
BUYER_02594,DEV_004040,True
BUYER_02595,DEV_002218,True
BUYER_02596,DEV_001363,True
BUYER_02597,DEV_000048,True
BUYER_02598,DEV_001916,True
BUYER_02599,DEV_001943,True
BUYER_02600,DEV_001099,True
BUYER_02601,DEV_004426,True
BUYER_02602,DEV_000848,True
BUYER_02603,DEV_003219,True
BUYER_02604,DEV_002534,True
BUYER_02605,DEV_000691,True
BUYER_02606,DEV_003211,True
BUYER_02607,DEV_002490,True
BUYER_02608,DEV_003227,True
BUYER_02609,DEV_002515,True
BUYER_02610,DEV_001915,True
BUYER_02611,DEV_004819,True
BUYER_02612,DEV_000192,True
BUYER_02613,DEV_004646,True
BUYER_02614,DEV_002764,True
BUYER_02615,DEV_000186,True
BUYER_02616,DEV_000122,True
BUYER_02617,DEV_000209,True
BUYER_02618,DEV_004877,True
BUYER_02619,DEV_001972,True
BUYER_02620,DEV_003988,True
BUYER_02621,DEV_004741,True
BUYER_02622,DEV_002815,True
BUYER_02623,DEV_001863,True
BUYER_02624,DEV_000391,True
BUYER_02625,DEV_004331,True
BUYER_02626,DEV_004245,True
BUYER_02627,DEV_000896,True
BUYER_02628,DEV_001411,True
BUYER_02629,DEV_002444,True
BUYER_02630,DEV_003414,True
BUYER_02631,DEV_001197,True
BUYER_02632,DEV_003507,True
BUYER_02633,DEV_003107,True
BUYER_02634,DEV_003713,True
BUYER_02635,DEV_000742,True
BUYER_02636,DEV_004223,True
BUYER_02637,DEV_003880,True
BUYER_02638,DEV_001586,True
BUYER_02639,DEV_003147,True
BUYER_02640,DEV_002311,True
BUYER_02641,DEV_002935,True
BUYER_02642,DEV_000161,True
BUYER_02643,DEV_001620,True
BUYER_02644,DEV_001403,True
BUYER_02645,DEV_003408,True
BUYER_02646,DEV_002088,True
BUYER_02647,DEV_002814,True
BUYER_02648,DEV_001873,True
BUYER_02649,DEV_002236,True
BUYER_02650,DEV_001329,True
BUYER_02651,DEV_004272,True
BUYER_02652,DEV_003141,True
BUYER_02653,DEV_003499,True
BUYER_02654,DEV_001112,True
BUYER_02655,DEV_001643,True
BUYER_02656,DEV_002353,True
BUYER_02657,DEV_003090,True
BUYER_02658,DEV_001693,True
BUYER_02659,DEV_002403,True
BUYER_02660,DEV_003710,True
BUYER_02661,DEV_003514,True
BUYER_02662,DEV_004486,True
BUYER_02663,DEV_002139,True
BUYER_02664,DEV_001561,True
BUYER_02665,DEV_002447,True
BUYER_02666,DEV_001422,True
BUYER_02667,DEV_002019,True
BUYER_02668,DEV_000781,True
BUYER_02669,DEV_002631,True
BUYER_02670,DEV_001971,True
BUYER_02671,DEV_000096,True
BUYER_02672,DEV_001785,True
BUYER_02673,DEV_001244,True
BUYER_02674,DEV_000077,True
BUYER_02675,DEV_003182,True
BUYER_02676,DEV_002762,True
BUYER_02677,DEV_002357,True
BUYER_02678,DEV_001509,True
BUYER_02679,DEV_003589,True
BUYER_02680,DEV_002758,True
BUYER_02681,DEV_001578,True
BUYER_02682,DEV_000380,True
BUYER_02683,DEV_001199,True
BUYER_02684,DEV_002542,True
BUYER_02685,DEV_002150,True
BUYER_02686,DEV_000233,True
BUYER_02687,DEV_004361,True
BUYER_02688,DEV_002501,True
BUYER_02689,DEV_003809,True
BUYER_02690,DEV_003001,True
BUYER_02691,DEV_001392,True
BUYER_02692,DEV_002787,True
BUYER_02693,DEV_001664,True
BUYER_02694,DEV_002883,True
BUYER_02695,DEV_004711,True
BUYER_02696,DEV_003913,True
BUYER_02697,DEV_002135,True
BUYER_02698,DEV_004800,True
BUYER_02699,DEV_003615,True
BUYER_02700,DEV_000860,True
BUYER_02701,DEV_002819,True
BUYER_02702,DEV_003857,True
BUYER_02703,DEV_003983,True
BUYER_02704,DEV_000055,True
BUYER_02705,DEV_002410,True
BUYER_02706,DEV_001768,True
BUYER_02707,DEV_003462,True
BUYER_02708,DEV_004188,True
BUYER_02709,DEV_002224,True
BUYER_02710,DEV_002337,True
BUYER_02711,DEV_002486,True
BUYER_02712,DEV_002608,True
BUYER_02713,DEV_003541,True
BUYER_02714,DEV_001289,True
BUYER_02715,DEV_004227,True
BUYER_02716,DEV_001350,True
BUYER_02717,DEV_003070,True
BUYER_02718,DEV_001554,True
BUYER_02719,DEV_001444,True
BUYER_02720,DEV_001836,True
BUYER_02721,DEV_001883,True
BUYER_02722,DEV_001421,True
BUYER_02723,DEV_000666,True
BUYER_02724,DEV_001625,True
BUYER_02725,DEV_000774,True
BUYER_02726,DEV_004966,True
BUYER_02727,DEV_002750,True
BUYER_02728,DEV_004768,True
BUYER_02729,DEV_001441,True
BUYER_02730,DEV_000967,True
BUYER_02731,DEV_001012,True
BUYER_02732,DEV_003249,True
BUYER_02733,DEV_001940,True
BUYER_02734,DEV_002820,True
BUYER_02735,DEV_004967,True
BUYER_02736,DEV_003433,True
BUYER_02737,DEV_004268,True
BUYER_02738,DEV_000757,True
BUYER_02739,DEV_000560,True
BUYER_02740,DEV_004577,True
BUYER_02741,DEV_001296,True
BUYER_02742,DEV_004499,True
BUYER_02743,DEV_000984,True
BUYER_02744,DEV_004408,True
BUYER_02745,DEV_000789,True
BUYER_02746,DEV_002769,True
BUYER_02747,DEV_002117,True
BUYER_02748,DEV_003441,True
BUYER_02749,DEV_000306,True
BUYER_02750,DEV_000524,True
BUYER_02751,DEV_004769,True
BUYER_02752,DEV_004561,True
BUYER_02753,DEV_004994,True
BUYER_02754,DEV_001666,True
BUYER_02755,DEV_002882,True
BUYER_02756,DEV_003892,True
BUYER_02757,DEV_002299,True
BUYER_02758,DEV_003757,True
BUYER_02759,DEV_000452,True
BUYER_02760,DEV_001260,True
BUYER_02761,DEV_000393,True
BUYER_02762,DEV_000304,True
BUYER_02763,DEV_000581,True
BUYER_02764,DEV_001318,True
BUYER_02765,DEV_000954,True
BUYER_02766,DEV_004678,True
BUYER_02767,DEV_004028,True
BUYER_02768,DEV_000909,True
BUYER_02769,DEV_002774,True
BUYER_02770,DEV_003677,True
BUYER_02771,DEV_000802,True
BUYER_02772,DEV_000322,True
BUYER_02773,DEV_003218,True
BUYER_02774,DEV_002009,True
BUYER_02775,DEV_004654,True
BUYER_02776,DEV_004468,True
BUYER_02777,DEV_003909,True
BUYER_02778,DEV_004977,True
BUYER_02779,DEV_001904,True
BUYER_02780,DEV_001155,True
BUYER_02781,DEV_003935,True
BUYER_02782,DEV_002768,True
BUYER_02783,DEV_002640,True
BUYER_02784,DEV_003179,True
BUYER_02785,DEV_003100,True
BUYER_02786,DEV_002851,True
BUYER_02787,DEV_001902,True
BUYER_02788,DEV_002982,True
BUYER_02789,DEV_002649,True
BUYER_02790,DEV_003850,True
BUYER_02791,DEV_000795,True
BUYER_02792,DEV_003698,True
BUYER_02793,DEV_001341,True
BUYER_02794,DEV_001679,True
BUYER_02795,DEV_002860,True
BUYER_02796,DEV_001577,True
BUYER_02797,DEV_001573,True
BUYER_02798,DEV_004249,True
BUYER_02799,DEV_003046,True
BUYER_02800,DEV_004125,True
BUYER_02801,DEV_004559,True
BUYER_02802,DEV_002789,True
BUYER_02803,DEV_003834,True
BUYER_02804,DEV_000489,True
BUYER_02805,DEV_002539,True
BUYER_02806,DEV_003519,True
BUYER_02807,DEV_001731,True
BUYER_02808,DEV_000451,True
BUYER_02809,DEV_001038,True
BUYER_02810,DEV_000116,True
BUYER_02811,DEV_001637,True
BUYER_02812,DEV_001285,True
BUYER_02813,DEV_003084,True
BUYER_02814,DEV_000195,True
BUYER_02815,DEV_001999,True
BUYER_02816,DEV_004021,True
BUYER_02817,DEV_002175,True
BUYER_02818,DEV_000694,True
BUYER_02819,DEV_002694,True
BUYER_02820,DEV_000946,True
BUYER_02821,DEV_003564,True
BUYER_02822,DEV_002720,True
BUYER_02823,DEV_000093,True
BUYER_02824,DEV_003694,True
BUYER_02825,DEV_002953,True
BUYER_02826,DEV_002835,True
BUYER_02827,DEV_002446,True
BUYER_02828,DEV_004991,True
BUYER_02829,DEV_002260,True
BUYER_02830,DEV_001951,True
BUYER_02831,DEV_002962,True
BUYER_02832,DEV_003314,True
BUYER_02833,DEV_000506,True
BUYER_02834,DEV_004011,True
BUYER_02835,DEV_004312,True
BUYER_02836,DEV_001504,True
BUYER_02837,DEV_001166,True
BUYER_02838,DEV_002535,True
BUYER_02839,DEV_001842,True
BUYER_02840,DEV_002549,True
BUYER_02841,DEV_004723,True
BUYER_02842,DEV_003967,True
BUYER_02843,DEV_002048,True
BUYER_02844,DEV_002233,True
BUYER_02845,DEV_003568,True
BUYER_02846,DEV_001317,True
BUYER_02847,DEV_002624,True
BUYER_02848,DEV_003123,True
BUYER_02849,DEV_003895,True
BUYER_02850,DEV_003275,True
BUYER_02851,DEV_000397,True
BUYER_02852,DEV_001957,True
BUYER_02853,DEV_004441,True
BUYER_02854,DEV_003932,True
BUYER_02855,DEV_004614,True
BUYER_02856,DEV_000034,True
BUYER_02857,DEV_002536,True
BUYER_02858,DEV_003903,True
BUYER_02859,DEV_004329,True
BUYER_02860,DEV_003799,True
BUYER_02861,DEV_003957,True
BUYER_02862,DEV_000949,True
BUYER_02863,DEV_004692,True
BUYER_02864,DEV_000254,True
BUYER_02865,DEV_003969,True
BUYER_02866,DEV_000238,True
BUYER_02867,DEV_003995,True
BUYER_02868,DEV_004043,True
BUYER_02869,DEV_002283,True
BUYER_02870,DEV_003014,True
BUYER_02871,DEV_001401,True
BUYER_02872,DEV_003859,True
BUYER_02873,DEV_000839,True
BUYER_02874,DEV_000515,True
BUYER_02875,DEV_000864,True
BUYER_02876,DEV_004839,True
BUYER_02877,DEV_001763,True
BUYER_02878,DEV_001449,True
BUYER_02879,DEV_001880,True
BUYER_02880,DEV_000653,True
BUYER_02881,DEV_000798,True
BUYER_02882,DEV_001408,True
BUYER_02883,DEV_003390,True
BUYER_02884,DEV_004765,True
BUYER_02885,DEV_001205,True
BUYER_02886,DEV_000099,True
BUYER_02887,DEV_000244,True
BUYER_02888,DEV_002825,True
BUYER_02889,DEV_000112,True
BUYER_02890,DEV_004158,True
BUYER_02891,DEV_003530,True
BUYER_02892,DEV_001978,True
BUYER_02893,DEV_000669,True
BUYER_02894,DEV_000776,True
BUYER_02895,DEV_003855,True
BUYER_02896,DEV_000342,True
BUYER_02897,DEV_003302,True
BUYER_02898,DEV_003159,True
BUYER_02899,DEV_004214,True
BUYER_02900,DEV_004056,True
BUYER_02901,DEV_000158,True
BUYER_02902,DEV_000830,True
BUYER_02903,DEV_000293,True
BUYER_02904,DEV_003309,True
BUYER_02905,DEV_001137,True
BUYER_02906,DEV_001029,True
BUYER_02907,DEV_000851,True
BUYER_02908,DEV_000001,True
BUYER_02909,DEV_002474,True
BUYER_02910,DEV_001685,True
BUYER_02911,DEV_001793,True
BUYER_02912,DEV_001251,True
BUYER_02913,DEV_000595,True
BUYER_02914,DEV_004816,True
BUYER_02915,DEV_004244,True
BUYER_02916,DEV_002293,True
BUYER_02917,DEV_004503,True
BUYER_02918,DEV_004987,True
BUYER_02919,DEV_002394,True
BUYER_02920,DEV_001040,True
BUYER_02921,DEV_000725,True
BUYER_02922,DEV_004010,True
BUYER_02923,DEV_000432,True
BUYER_02924,DEV_002169,True
BUYER_02925,DEV_002108,True
BUYER_02926,DEV_002300,True
BUYER_02927,DEV_003578,True
BUYER_02928,DEV_003728,True
BUYER_02929,DEV_000930,True
BUYER_02930,DEV_004699,True
BUYER_02931,DEV_002123,True
BUYER_02932,DEV_000732,True
BUYER_02933,DEV_002369,True
BUYER_02934,DEV_002266,True
BUYER_02935,DEV_002397,True
BUYER_02936,DEV_001684,True
BUYER_02937,DEV_003565,True
BUYER_02938,DEV_003228,True
BUYER_02939,DEV_003258,True
BUYER_02940,DEV_002904,True
BUYER_02941,DEV_004257,True
BUYER_02942,DEV_002959,True
BUYER_02943,DEV_003899,True
BUYER_02944,DEV_000330,True
BUYER_02945,DEV_000456,True
BUYER_02946,DEV_000632,True
BUYER_02947,DEV_001202,True
BUYER_02948,DEV_001801,True
BUYER_02949,DEV_002256,True
BUYER_02950,DEV_003860,True
BUYER_02951,DEV_004336,True
BUYER_02952,DEV_004464,True
BUYER_02953,DEV_001071,True
BUYER_02954,DEV_003025,True
BUYER_02955,DEV_001593,True
BUYER_02956,DEV_001992,True
BUYER_02957,DEV_000328,True
BUYER_02958,DEV_004771,True
BUYER_02959,DEV_001511,True
BUYER_02960,DEV_004675,True
BUYER_02961,DEV_003139,True
BUYER_02962,DEV_000381,True
BUYER_02963,DEV_000253,True
BUYER_02964,DEV_004785,True
BUYER_02965,DEV_004774,True
BUYER_02966,DEV_000735,True
BUYER_02967,DEV_001470,True
BUYER_02968,DEV_001818,True
BUYER_02969,DEV_001893,True
BUYER_02970,DEV_002245,True
BUYER_02971,DEV_004349,True
BUYER_02972,DEV_002237,True
BUYER_02973,DEV_000002,True
BUYER_02974,DEV_002287,True
BUYER_02975,DEV_002854,True
BUYER_02976,DEV_003670,True
BUYER_02977,DEV_000978,True
BUYER_02978,DEV_004594,True
BUYER_02979,DEV_000907,True
BUYER_02980,DEV_003434,True
BUYER_02981,DEV_001626,True
BUYER_02982,DEV_004659,True
BUYER_02983,DEV_001338,True
BUYER_02984,DEV_004735,True
BUYER_02985,DEV_001696,True
BUYER_02986,DEV_001676,True
BUYER_02987,DEV_002848,True
BUYER_02988,DEV_001021,True
BUYER_02989,DEV_000367,True
BUYER_02990,DEV_002799,True
BUYER_02991,DEV_000301,True
BUYER_02992,DEV_002227,True
BUYER_02993,DEV_002182,True
BUYER_02994,DEV_001179,True
BUYER_02995,DEV_003526,True
BUYER_02996,DEV_002858,True
BUYER_02997,DEV_001594,True
BUYER_02998,DEV_000821,True
BUYER_02999,DEV_004754,True
BUYER_03000,DEV_000198,True
BUYER_03001,DEV_000086,True
BUYER_03002,DEV_000014,True
BUYER_03003,DEV_000079,True
BUYER_03004,DEV_001187,True
BUYER_03005,DEV_004941,True
BUYER_03006,DEV_004737,True
BUYER_03007,DEV_001032,True
BUYER_03008,DEV_003127,True
BUYER_03009,DEV_004308,True
BUYER_03010,DEV_001033,True
BUYER_03011,DEV_000684,True
BUYER_03012,DEV_001858,True
BUYER_03013,DEV_003952,True
BUYER_03014,DEV_000827,True
BUYER_03015,DEV_003389,True
BUYER_03016,DEV_003754,True
BUYER_03017,DEV_004396,True
BUYER_03018,DEV_004858,True
BUYER_03019,DEV_004547,True
BUYER_03020,DEV_004922,True
BUYER_03021,DEV_004932,True
BUYER_03022,DEV_000519,True
BUYER_03023,DEV_001877,True
BUYER_03024,DEV_004988,True
BUYER_03025,DEV_003618,True
BUYER_03026,DEV_002614,True
BUYER_03027,DEV_004864,True
BUYER_03028,DEV_001027,True
BUYER_03029,DEV_000292,True
BUYER_03030,DEV_003181,True
BUYER_03031,DEV_004392,True
BUYER_03032,DEV_000748,True
BUYER_03033,DEV_000041,True
BUYER_03034,DEV_001682,True
BUYER_03035,DEV_004889,True
BUYER_03036,DEV_004157,True
BUYER_03037,DEV_004475,True
BUYER_03038,DEV_003575,True
BUYER_03039,DEV_001003,True
BUYER_03040,DEV_001129,True
BUYER_03041,DEV_000658,True
BUYER_03042,DEV_004201,True
BUYER_03043,DEV_002887,True
BUYER_03044,DEV_001059,True
BUYER_03045,DEV_000413,True
BUYER_03046,DEV_002687,True
BUYER_03047,DEV_000346,True
BUYER_03048,DEV_002726,True
BUYER_03049,DEV_000644,True
BUYER_03050,DEV_002852,True
BUYER_03051,DEV_004283,True
BUYER_03052,DEV_002618,True
BUYER_03053,DEV_000058,True
BUYER_03054,DEV_003482,True
BUYER_03055,DEV_001259,True
BUYER_03056,DEV_000559,True
BUYER_03057,DEV_001595,True
BUYER_03058,DEV_004944,True
BUYER_03059,DEV_002569,True
BUYER_03060,DEV_002557,True
BUYER_03061,DEV_000970,True
BUYER_03062,DEV_004226,True
BUYER_03063,DEV_000823,True
BUYER_03064,DEV_003740,True
BUYER_03065,DEV_003248,True
BUYER_03066,DEV_000366,True
BUYER_03067,DEV_000583,True
BUYER_03068,DEV_004621,True
BUYER_03069,DEV_002120,True
BUYER_03070,DEV_003734,True
BUYER_03071,DEV_001835,True
BUYER_03072,DEV_004946,True
BUYER_03073,DEV_000968,True
BUYER_03074,DEV_003700,True
BUYER_03075,DEV_000362,True
BUYER_03076,DEV_002684,True
BUYER_03077,DEV_003153,True
BUYER_03078,DEV_003164,True
BUYER_03079,DEV_004645,True
BUYER_03080,DEV_003055,True
BUYER_03081,DEV_002581,True
BUYER_03082,DEV_002267,True
BUYER_03083,DEV_001945,True
BUYER_03084,DEV_001921,True
BUYER_03085,DEV_000401,True
BUYER_03086,DEV_003183,True
BUYER_03087,DEV_001351,True
BUYER_03088,DEV_002406,True
BUYER_03089,DEV_001764,True
BUYER_03090,DEV_000563,True
BUYER_03091,DEV_002877,True
BUYER_03092,DEV_004683,True
BUYER_03093,DEV_001650,True
BUYER_03094,DEV_004759,True
BUYER_03095,DEV_004181,True
BUYER_03096,DEV_004585,True
BUYER_03097,DEV_003733,True
BUYER_03098,DEV_002389,True
BUYER_03099,DEV_004801,True
BUYER_03100,DEV_001077,True
BUYER_03101,DEV_003581,True
BUYER_03102,DEV_001457,True
BUYER_03103,DEV_001141,True
BUYER_03104,DEV_002483,True
BUYER_03105,DEV_002278,True
BUYER_03106,DEV_002258,True
BUYER_03107,DEV_002110,True
BUYER_03108,DEV_002289,True
BUYER_03109,DEV_004582,True
BUYER_03110,DEV_002332,True
BUYER_03111,DEV_000847,True
BUYER_03112,DEV_002144,True
BUYER_03113,DEV_004394,True
BUYER_03114,DEV_000056,True
BUYER_03115,DEV_002176,True
BUYER_03116,DEV_000588,True
BUYER_03117,DEV_004088,True
BUYER_03118,DEV_001733,True
BUYER_03119,DEV_002719,True
BUYER_03120,DEV_000151,True
BUYER_03121,DEV_001912,True
BUYER_03122,DEV_004049,True
BUYER_03123,DEV_001528,True
BUYER_03124,DEV_001853,True
BUYER_03125,DEV_001283,True
BUYER_03126,DEV_004304,True
BUYER_03127,DEV_004323,True
BUYER_03128,DEV_004500,True
BUYER_03129,DEV_002054,True
BUYER_03130,DEV_002890,True
BUYER_03131,DEV_002783,True
BUYER_03132,DEV_001551,True
BUYER_03133,DEV_000599,True
BUYER_03134,DEV_000206,True
BUYER_03135,DEV_004009,True
BUYER_03136,DEV_002923,True
BUYER_03137,DEV_003210,True
BUYER_03138,DEV_000237,True
BUYER_03139,DEV_002591,True
BUYER_03140,DEV_002779,True
BUYER_03141,DEV_001855,True
BUYER_03142,DEV_001860,True
BUYER_03143,DEV_003884,True
BUYER_03144,DEV_004494,True
BUYER_03145,DEV_000494,True
BUYER_03146,DEV_002173,True
BUYER_03147,DEV_002635,True
BUYER_03148,DEV_002184,True
BUYER_03149,DEV_000501,True
BUYER_03150,DEV_000458,True
BUYER_03151,DEV_001565,True
BUYER_03152,DEV_004099,True
BUYER_03153,DEV_000997,True
BUYER_03154,DEV_000045,True
BUYER_03155,DEV_001864,True
BUYER_03156,DEV_004663,True
BUYER_03157,DEV_001091,True
BUYER_03158,DEV_003165,True
BUYER_03159,DEV_002832,True
BUYER_03160,DEV_004212,True
BUYER_03161,DEV_002771,True
BUYER_03162,DEV_002638,True
BUYER_03163,DEV_000707,True
BUYER_03164,DEV_001333,True
BUYER_03165,DEV_001969,True
BUYER_03166,DEV_002192,True
BUYER_03167,DEV_004789,True
BUYER_03168,DEV_000475,True
BUYER_03169,DEV_000200,True
BUYER_03170,DEV_000686,True
BUYER_03171,DEV_003580,True
BUYER_03172,DEV_000500,True
BUYER_03173,DEV_002540,True
BUYER_03174,DEV_001356,True
BUYER_03175,DEV_004090,True
BUYER_03176,DEV_000173,True
BUYER_03177,DEV_001886,True
BUYER_03178,DEV_004270,True
BUYER_03179,DEV_004320,True
BUYER_03180,DEV_003076,True
BUYER_03181,DEV_002577,True
BUYER_03182,DEV_004078,True
BUYER_03183,DEV_000762,True
BUYER_03184,DEV_002270,True
BUYER_03185,DEV_001755,True
BUYER_03186,DEV_004061,True
BUYER_03187,DEV_001738,True
BUYER_03188,DEV_001656,True
BUYER_03189,DEV_003065,True
BUYER_03190,DEV_001379,True
BUYER_03191,DEV_002579,True
BUYER_03192,DEV_002716,True
BUYER_03193,DEV_000214,True
BUYER_03194,DEV_001409,True
BUYER_03195,DEV_004904,True
BUYER_03196,DEV_004655,True
BUYER_03197,DEV_003132,True
BUYER_03198,DEV_002554,True
BUYER_03199,DEV_001703,True
BUYER_03200,DEV_001732,True
BUYER_03201,DEV_000600,True
BUYER_03202,DEV_001277,True
BUYER_03203,DEV_003853,True
BUYER_03204,DEV_004225,True
BUYER_03205,DEV_004870,True
BUYER_03206,DEV_000578,True
BUYER_03207,DEV_004017,True
BUYER_03208,DEV_001196,True
BUYER_03209,DEV_003468,True
BUYER_03210,DEV_004057,True
BUYER_03211,DEV_001176,True
BUYER_03212,DEV_002264,True
BUYER_03213,DEV_004398,True
BUYER_03214,DEV_003374,True
BUYER_03215,DEV_000445,True
BUYER_03216,DEV_003375,True
BUYER_03217,DEV_002834,True
BUYER_03218,DEV_002051,True
BUYER_03219,DEV_004237,True
BUYER_03220,DEV_000402,True
BUYER_03221,DEV_003160,True
BUYER_03222,DEV_002708,True
BUYER_03223,DEV_004248,True
BUYER_03224,DEV_000271,True
BUYER_03225,DEV_003653,True
BUYER_03226,DEV_004453,True
BUYER_03227,DEV_004070,True
BUYER_03228,DEV_003270,True
BUYER_03229,DEV_004369,True
BUYER_03230,DEV_004691,True
BUYER_03231,DEV_003807,True
BUYER_03232,DEV_004971,True
BUYER_03233,DEV_001229,True
BUYER_03234,DEV_003298,True
BUYER_03235,DEV_002660,True
BUYER_03236,DEV_000296,True
BUYER_03237,DEV_004835,True
BUYER_03238,DEV_002263,True
BUYER_03239,DEV_004288,True
BUYER_03240,DEV_002360,True
BUYER_03241,DEV_002099,True
BUYER_03242,DEV_003422,True
BUYER_03243,DEV_004250,True
BUYER_03244,DEV_003604,True
BUYER_03245,DEV_000085,True
BUYER_03246,DEV_003973,True
BUYER_03247,DEV_003746,True
BUYER_03248,DEV_004736,True
BUYER_03249,DEV_002052,True
BUYER_03250,DEV_004776,True
BUYER_03251,DEV_001953,True
BUYER_03252,DEV_003362,True
BUYER_03253,DEV_002691,True
BUYER_03254,DEV_004240,True
BUYER_03255,DEV_003966,True
BUYER_03256,DEV_003069,True
BUYER_03257,DEV_003081,True
BUYER_03258,DEV_003664,True
BUYER_03259,DEV_004447,True
BUYER_03260,DEV_001130,True
BUYER_03261,DEV_004509,True
BUYER_03262,DEV_002411,True
BUYER_03263,DEV_002641,True
BUYER_03264,DEV_000057,True
BUYER_03265,DEV_004744,True
BUYER_03266,DEV_003061,True
BUYER_03267,DEV_000222,True
BUYER_03268,DEV_001850,True
BUYER_03269,DEV_000071,True
BUYER_03270,DEV_004616,True
BUYER_03271,DEV_003965,True
BUYER_03272,DEV_001724,True
BUYER_03273,DEV_004315,True
BUYER_03274,DEV_004642,True
BUYER_03275,DEV_002568,True
BUYER_03276,DEV_004530,True
BUYER_03277,DEV_000872,True
BUYER_03278,DEV_001747,True
BUYER_03279,DEV_000046,True
BUYER_03280,DEV_003887,True
BUYER_03281,DEV_002000,True
BUYER_03282,DEV_003396,True
BUYER_03283,DEV_003016,True
BUYER_03284,DEV_004388,True
BUYER_03285,DEV_001095,True
BUYER_03286,DEV_002181,True
BUYER_03287,DEV_004665,True
BUYER_03288,DEV_000673,True
BUYER_03289,DEV_003724,True
BUYER_03290,DEV_004203,True
BUYER_03291,DEV_002513,True
BUYER_03292,DEV_002567,True
BUYER_03293,DEV_001749,True
BUYER_03294,DEV_001802,True
BUYER_03295,DEV_000512,True
BUYER_03296,DEV_003297,True
BUYER_03297,DEV_003616,True
BUYER_03298,DEV_003828,True
BUYER_03299,DEV_002198,True
BUYER_03300,DEV_002292,True
BUYER_03301,DEV_001819,True
BUYER_03302,DEV_003756,True
BUYER_03303,DEV_004291,True
BUYER_03304,DEV_003452,True
BUYER_03305,DEV_000640,True
BUYER_03306,DEV_002644,True
BUYER_03307,DEV_001927,True
BUYER_03308,DEV_001728,True
BUYER_03309,DEV_002112,True
BUYER_03310,DEV_002969,True
BUYER_03311,DEV_001215,True
BUYER_03312,DEV_000663,True
BUYER_03313,DEV_000232,True
BUYER_03314,DEV_001292,True
BUYER_03315,DEV_002926,True
BUYER_03316,DEV_000453,True
BUYER_03317,DEV_004372,True
BUYER_03318,DEV_004431,True
BUYER_03319,DEV_000269,True
BUYER_03320,DEV_000874,True
BUYER_03321,DEV_004680,True
BUYER_03322,DEV_002012,True
BUYER_03323,DEV_002971,True
BUYER_03324,DEV_000405,True
BUYER_03325,DEV_000493,True
BUYER_03326,DEV_003812,True
BUYER_03327,DEV_002997,True
BUYER_03328,DEV_003747,True
BUYER_03329,DEV_001546,True
BUYER_03330,DEV_000268,True
BUYER_03331,DEV_000574,True
BUYER_03332,DEV_004622,True
BUYER_03333,DEV_002006,True
BUYER_03334,DEV_004271,True
BUYER_03335,DEV_003877,True
BUYER_03336,DEV_001959,True
BUYER_03337,DEV_004687,True
BUYER_03338,DEV_004115,True
BUYER_03339,DEV_002149,True
BUYER_03340,DEV_002340,True
BUYER_03341,DEV_000945,True
BUYER_03342,DEV_002912,True
BUYER_03343,DEV_004544,True
BUYER_03344,DEV_002479,True
BUYER_03345,DEV_000137,True
BUYER_03346,DEV_000657,True
BUYER_03347,DEV_003820,True
BUYER_03348,DEV_003619,True
BUYER_03349,DEV_002909,True
BUYER_03350,DEV_004113,True
BUYER_03351,DEV_004851,True
BUYER_03352,DEV_002714,True
BUYER_03353,DEV_003157,True
BUYER_03354,DEV_002816,True
BUYER_03355,DEV_004756,True
BUYER_03356,DEV_003939,True
BUYER_03357,DEV_003149,True
BUYER_03358,DEV_002382,True
BUYER_03359,DEV_002780,True
BUYER_03360,DEV_000012,True
BUYER_03361,DEV_000630,True
BUYER_03362,DEV_002423,True
BUYER_03363,DEV_002179,True
BUYER_03364,DEV_002590,True
BUYER_03365,DEV_003278,True
BUYER_03366,DEV_001519,True
BUYER_03367,DEV_003688,True
BUYER_03368,DEV_002400,True
BUYER_03369,DEV_001304,True
BUYER_03370,DEV_002704,True
BUYER_03371,DEV_002790,True
BUYER_03372,DEV_004360,True
BUYER_03373,DEV_003557,True
BUYER_03374,DEV_004651,True
BUYER_03375,DEV_001330,True
BUYER_03376,DEV_000341,True
BUYER_03377,DEV_002651,True
BUYER_03378,DEV_002669,True
BUYER_03379,DEV_000440,True
BUYER_03380,DEV_002033,True
BUYER_03381,DEV_001932,True
BUYER_03382,DEV_002247,True
BUYER_03383,DEV_000918,True
BUYER_03384,DEV_004179,True
BUYER_03385,DEV_004846,True
BUYER_03386,DEV_004344,True
BUYER_03387,DEV_000719,True
BUYER_03388,DEV_001713,True
BUYER_03389,DEV_000977,True
BUYER_03390,DEV_003730,True
BUYER_03391,DEV_001212,True
BUYER_03392,DEV_003038,True
BUYER_03393,DEV_002232,True
BUYER_03394,DEV_004895,True
BUYER_03395,DEV_002868,True
BUYER_03396,DEV_002519,True
BUYER_03397,DEV_003031,True
BUYER_03398,DEV_000492,True
BUYER_03399,DEV_000418,True
BUYER_03400,DEV_004470,True
BUYER_03401,DEV_001372,True
BUYER_03402,DEV_003232,True
BUYER_03403,DEV_003379,True
BUYER_03404,DEV_000113,True
BUYER_03405,DEV_000317,True
BUYER_03406,DEV_003213,True
BUYER_03407,DEV_001490,True
BUYER_03408,DEV_004027,True
BUYER_03409,DEV_002775,True
BUYER_03410,DEV_001651,True
BUYER_03411,DEV_001047,True
BUYER_03412,DEV_000733,True
BUYER_03413,DEV_003583,True
BUYER_03414,DEV_001279,True
BUYER_03415,DEV_003431,True
BUYER_03416,DEV_002707,True
BUYER_03417,DEV_000368,True
BUYER_03418,DEV_000127,True
BUYER_03419,DEV_002217,True
BUYER_03420,DEV_003421,True
BUYER_03421,DEV_003725,True
BUYER_03422,DEV_000360,True
BUYER_03423,DEV_000174,True
BUYER_03424,DEV_003009,True
BUYER_03425,DEV_004174,True
BUYER_03426,DEV_003167,True
BUYER_03427,DEV_004302,True
BUYER_03428,DEV_002029,True
BUYER_03429,DEV_003413,True
BUYER_03430,DEV_000961,True
BUYER_03431,DEV_002020,True
BUYER_03432,DEV_004236,True
BUYER_03433,DEV_000264,True
BUYER_03434,DEV_000334,True
BUYER_03435,DEV_003902,True
BUYER_03436,DEV_002678,True
BUYER_03437,DEV_001837,True
BUYER_03438,DEV_004997,True
BUYER_03439,DEV_001334,True
BUYER_03440,DEV_000778,True
BUYER_03441,DEV_004942,True
BUYER_03442,DEV_000939,True
BUYER_03443,DEV_002084,True
BUYER_03444,DEV_002180,True
BUYER_03445,DEV_001888,True
BUYER_03446,DEV_001998,True
BUYER_03447,DEV_001096,True
BUYER_03448,DEV_003846,True
BUYER_03449,DEV_000551,True
BUYER_03450,DEV_004686,True
BUYER_03451,DEV_004321,True
BUYER_03452,DEV_001605,True
BUYER_03453,DEV_001018,True
BUYER_03454,DEV_001544,True
BUYER_03455,DEV_004965,True
BUYER_03456,DEV_004610,True
BUYER_03457,DEV_003416,True
BUYER_03458,DEV_004399,True
BUYER_03459,DEV_004367,True
BUYER_03460,DEV_000570,True
BUYER_03461,DEV_002211,True
BUYER_03462,DEV_004508,True
BUYER_03463,DEV_000309,True
BUYER_03464,DEV_003774,True
BUYER_03465,DEV_001282,True
BUYER_03466,DEV_004811,True
BUYER_03467,DEV_003641,True
BUYER_03468,DEV_003786,True
BUYER_03469,DEV_000714,True
BUYER_03470,DEV_004102,True
BUYER_03471,DEV_000843,True
BUYER_03472,DEV_004630,True
BUYER_03473,DEV_000121,True
BUYER_03474,DEV_002681,True
BUYER_03475,DEV_004184,True
BUYER_03476,DEV_003765,True
BUYER_03477,DEV_000862,True
BUYER_03478,DEV_001688,True
BUYER_03479,DEV_004465,True
BUYER_03480,DEV_000837,True
BUYER_03481,DEV_002842,True
BUYER_03482,DEV_001838,True
BUYER_03483,DEV_003142,True
BUYER_03484,DEV_001608,True
BUYER_03485,DEV_000372,True
BUYER_03486,DEV_002455,True
BUYER_03487,DEV_000853,True
BUYER_03488,DEV_003981,True
BUYER_03489,DEV_001087,True
BUYER_03490,DEV_004924,True
BUYER_03491,DEV_004210,True
BUYER_03492,DEV_000545,True
BUYER_03493,DEV_001629,True
BUYER_03494,DEV_001498,True
BUYER_03495,DEV_003787,True
BUYER_03496,DEV_004135,True
BUYER_03497,DEV_002031,True
BUYER_03498,DEV_000932,True
BUYER_03499,DEV_001019,True
BUYER_03500,DEV_000298,True
BUYER_03501,DEV_004285,True
BUYER_03502,DEV_004641,True
BUYER_03503,DEV_001521,True
BUYER_03504,DEV_003714,True
BUYER_03505,DEV_000656,True
BUYER_03506,DEV_004186,True
BUYER_03507,DEV_004662,True
BUYER_03508,DEV_004798,True
BUYER_03509,DEV_001327,True
BUYER_03510,DEV_000576,True
BUYER_03511,DEV_000549,True
BUYER_03512,DEV_001126,True
BUYER_03513,DEV_002273,True
BUYER_03514,DEV_000680,True
BUYER_03515,DEV_002414,True
BUYER_03516,DEV_003334,True
BUYER_03517,DEV_000834,True
BUYER_03518,DEV_001063,True
BUYER_03519,DEV_003002,True
BUYER_03520,DEV_003459,True
BUYER_03521,DEV_002785,True
BUYER_03522,DEV_001395,True
BUYER_03523,DEV_000783,True
BUYER_03524,DEV_002560,True
BUYER_03525,DEV_004425,True
BUYER_03526,DEV_001459,True
BUYER_03527,DEV_002459,True
BUYER_03528,DEV_000590,True
BUYER_03529,DEV_003066,True
BUYER_03530,DEV_000889,True
BUYER_03531,DEV_000571,True
BUYER_03532,DEV_001060,True
BUYER_03533,DEV_003174,True
BUYER_03534,DEV_000535,True
BUYER_03535,DEV_001275,True
BUYER_03536,DEV_002207,True
BUYER_03537,DEV_004055,True
BUYER_03538,DEV_004480,True
BUYER_03539,DEV_004533,True
BUYER_03540,DEV_004583,True
BUYER_03541,DEV_002765,True
BUYER_03542,DEV_001448,True
BUYER_03543,DEV_001618,True
BUYER_03544,DEV_002869,True
BUYER_03545,DEV_002421,True
BUYER_03546,DEV_003819,True
BUYER_03547,DEV_002262,True
BUYER_03548,DEV_001930,True
BUYER_03549,DEV_000900,True
BUYER_03550,DEV_004782,True
BUYER_03551,DEV_002388,True
BUYER_03552,DEV_002610,True
BUYER_03553,DEV_004885,True
BUYER_03554,DEV_000100,True
BUYER_03555,DEV_002371,True
BUYER_03556,DEV_000891,True
BUYER_03557,DEV_000800,True
BUYER_03558,DEV_003968,True
BUYER_03559,DEV_001313,True
BUYER_03560,DEV_004627,True
BUYER_03561,DEV_002556,True
BUYER_03562,DEV_003145,True
BUYER_03563,DEV_003547,True
BUYER_03564,DEV_003299,True
BUYER_03565,DEV_004224,True
BUYER_03566,DEV_000091,True
BUYER_03567,DEV_001791,True
BUYER_03568,DEV_001516,True
BUYER_03569,DEV_002559,True
BUYER_03570,DEV_000105,True
BUYER_03571,DEV_002738,True
BUYER_03572,DEV_001831,True
BUYER_03573,DEV_003391,True
BUYER_03574,DEV_000628,True
BUYER_03575,DEV_002802,True
BUYER_03576,DEV_004087,True
BUYER_03577,DEV_002524,True
BUYER_03578,DEV_001479,True
BUYER_03579,DEV_001264,True
BUYER_03580,DEV_000145,True
BUYER_03581,DEV_000217,True
BUYER_03582,DEV_002761,True
BUYER_03583,DEV_000621,True
BUYER_03584,DEV_001633,True
BUYER_03585,DEV_000883,True
BUYER_03586,DEV_000430,True
BUYER_03587,DEV_004095,True
BUYER_03588,DEV_004808,True
BUYER_03589,DEV_000965,True
BUYER_03590,DEV_002011,True
BUYER_03591,DEV_001592,True
BUYER_03592,DEV_000717,True
BUYER_03593,DEV_001354,True
BUYER_03594,DEV_002844,True
BUYER_03595,DEV_004797,True
BUYER_03596,DEV_004048,True
BUYER_03597,DEV_000098,True
BUYER_03598,DEV_003712,True
BUYER_03599,DEV_003790,True
BUYER_03600,DEV_003472,True
BUYER_03601,DEV_003703,True
BUYER_03602,DEV_003661,True
BUYER_03603,DEV_002586,True
BUYER_03604,DEV_003289,True
BUYER_03605,DEV_000711,True
BUYER_03606,DEV_002325,True
BUYER_03607,DEV_002859,True
BUYER_03608,DEV_000439,True
BUYER_03609,DEV_000917,True
BUYER_03610,DEV_003439,True
BUYER_03611,DEV_002502,True
BUYER_03612,DEV_002102,True
BUYER_03613,DEV_003177,True
BUYER_03614,DEV_004906,True
BUYER_03615,DEV_003570,True
BUYER_03616,DEV_001302,True
BUYER_03617,DEV_001900,True
BUYER_03618,DEV_004365,True
BUYER_03619,DEV_000072,True
BUYER_03620,DEV_001080,True
BUYER_03621,DEV_000412,True
BUYER_03622,DEV_004024,True
BUYER_03623,DEV_003532,True
BUYER_03624,DEV_000435,True
BUYER_03625,DEV_002809,True
BUYER_03626,DEV_002231,True
BUYER_03627,DEV_004253,True
BUYER_03628,DEV_002873,True
BUYER_03629,DEV_001994,True
BUYER_03630,DEV_000647,True
BUYER_03631,DEV_002089,True
BUYER_03632,DEV_003122,True
BUYER_03633,DEV_004568,True
BUYER_03634,DEV_001214,True
BUYER_03635,DEV_003626,True
BUYER_03636,DEV_003478,True
BUYER_03637,DEV_001839,True
BUYER_03638,DEV_004220,True
BUYER_03639,DEV_001472,True
BUYER_03640,DEV_001394,True
BUYER_03641,DEV_001249,True
BUYER_03642,DEV_004758,True
BUYER_03643,DEV_001308,True
BUYER_03644,DEV_001822,True
BUYER_03645,DEV_002898,True
BUYER_03646,DEV_001051,True
BUYER_03647,DEV_000024,True
BUYER_03648,DEV_004708,True
BUYER_03649,DEV_002742,True
BUYER_03650,DEV_002916,True
BUYER_03651,DEV_004587,True
BUYER_03652,DEV_001985,True
BUYER_03653,DEV_000655,True
BUYER_03654,DEV_004498,True
BUYER_03655,DEV_001811,True
BUYER_03656,DEV_001135,True
BUYER_03657,DEV_003361,True
BUYER_03658,DEV_002059,True
BUYER_03659,DEV_003645,True
BUYER_03660,DEV_001041,True
BUYER_03661,DEV_001949,True
BUYER_03662,DEV_001962,True
BUYER_03663,DEV_001023,True
BUYER_03664,DEV_003363,True
BUYER_03665,DEV_002626,True
BUYER_03666,DEV_003180,True
BUYER_03667,DEV_003667,True
BUYER_03668,DEV_000164,True
BUYER_03669,DEV_003866,True
BUYER_03670,DEV_003253,True
BUYER_03671,DEV_002463,True
BUYER_03672,DEV_002629,True
BUYER_03673,DEV_004122,True
BUYER_03674,DEV_000021,True
BUYER_03675,DEV_000442,True
BUYER_03676,DEV_002804,True
BUYER_03677,DEV_003614,True
BUYER_03678,DEV_000882,True
BUYER_03679,DEV_003540,True
BUYER_03680,DEV_002351,True
BUYER_03681,DEV_000788,True
BUYER_03682,DEV_004949,True
BUYER_03683,DEV_001118,True
BUYER_03684,DEV_000066,True
BUYER_03685,DEV_001208,True
BUYER_03686,DEV_000387,True
BUYER_03687,DEV_003825,True
BUYER_03688,DEV_003135,True
BUYER_03689,DEV_004359,True
BUYER_03690,DEV_003208,True
BUYER_03691,DEV_000004,True
BUYER_03692,DEV_000811,True
BUYER_03693,DEV_004745,True
BUYER_03694,DEV_000176,True
BUYER_03695,DEV_002326,True
BUYER_03696,DEV_004824,True
BUYER_03697,DEV_003486,True
BUYER_03698,DEV_001529,True
BUYER_03699,DEV_002494,True
BUYER_03700,DEV_003924,True
BUYER_03701,DEV_004432,True
BUYER_03702,DEV_003811,True
BUYER_03703,DEV_004560,True
BUYER_03704,DEV_003432,True
BUYER_03705,DEV_001242,True
BUYER_03706,DEV_004162,True
BUYER_03707,DEV_003128,True
BUYER_03708,DEV_003569,True
BUYER_03709,DEV_001973,True
BUYER_03710,DEV_004859,True
BUYER_03711,DEV_000604,True
BUYER_03712,DEV_002151,True
BUYER_03713,DEV_003874,True
BUYER_03714,DEV_002190,True
BUYER_03715,DEV_003112,True
BUYER_03716,DEV_000447,True
BUYER_03717,DEV_001987,True
BUYER_03718,DEV_000913,True
BUYER_03719,DEV_000818,True
BUYER_03720,DEV_002808,True
BUYER_03721,DEV_002302,True
BUYER_03722,DEV_000172,True
BUYER_03723,DEV_000399,True
BUYER_03724,DEV_001397,True
BUYER_03725,DEV_001848,True
BUYER_03726,DEV_000566,True
BUYER_03727,DEV_000487,True
BUYER_03728,DEV_002069,True
BUYER_03729,DEV_003357,True
BUYER_03730,DEV_001840,True
BUYER_03731,DEV_003005,True
BUYER_03732,DEV_002702,True
BUYER_03733,DEV_002797,True
BUYER_03734,DEV_001201,True
BUYER_03735,DEV_000499,True
BUYER_03736,DEV_004847,True
BUYER_03737,DEV_001488,True
BUYER_03738,DEV_003369,True
BUYER_03739,DEV_004232,True
BUYER_03740,DEV_001339,True
BUYER_03741,DEV_001491,True
BUYER_03742,DEV_004490,True
BUYER_03743,DEV_002805,True
BUYER_03744,DEV_000180,True
BUYER_03745,DEV_001543,True
BUYER_03746,DEV_004850,True
BUYER_03747,DEV_001402,True
BUYER_03748,DEV_003497,True
BUYER_03749,DEV_004710,True
BUYER_03750,DEV_004504,True
BUYER_03751,DEV_003953,True
BUYER_03752,DEV_001453,True
BUYER_03753,DEV_000782,True
BUYER_03754,DEV_001216,True
BUYER_03755,DEV_001821,True
BUYER_03756,DEV_000139,True
BUYER_03757,DEV_000089,True
BUYER_03758,DEV_000147,True
BUYER_03759,DEV_000390,True
BUYER_03760,DEV_001788,True
BUYER_03761,DEV_003068,True
BUYER_03762,DEV_003938,True
BUYER_03763,DEV_004204,True
BUYER_03764,DEV_000157,True
BUYER_03765,DEV_002533,True
BUYER_03766,DEV_002039,True
BUYER_03767,DEV_000537,True
BUYER_03768,DEV_003928,True
BUYER_03769,DEV_000937,True
BUYER_03770,DEV_003723,True
BUYER_03771,DEV_003789,True
BUYER_03772,DEV_004634,True
BUYER_03773,DEV_003106,True
BUYER_03774,DEV_002393,True
BUYER_03775,DEV_004666,True
BUYER_03776,DEV_004978,True
BUYER_03777,DEV_001454,True
BUYER_03778,DEV_000276,True
BUYER_03779,DEV_001690,True
BUYER_03780,DEV_003079,True
BUYER_03781,DEV_004437,True
BUYER_03782,DEV_000828,True
BUYER_03783,DEV_002978,True
BUYER_03784,DEV_000261,True
BUYER_03785,DEV_004761,True
BUYER_03786,DEV_004393,True
BUYER_03787,DEV_004362,True
BUYER_03788,DEV_002043,True
BUYER_03789,DEV_001501,True
BUYER_03790,DEV_001890,True
BUYER_03791,DEV_000606,True
BUYER_03792,DEV_000943,True
BUYER_03793,DEV_000386,True
BUYER_03794,DEV_002974,True
BUYER_03795,DEV_001854,True
BUYER_03796,DEV_002685,True
BUYER_03797,DEV_002065,True
BUYER_03798,DEV_004300,True
BUYER_03799,DEV_002023,True
BUYER_03800,DEV_000152,True
BUYER_03801,DEV_000119,True
BUYER_03802,DEV_003356,True
BUYER_03803,DEV_001903,True
BUYER_03804,DEV_003716,True
BUYER_03805,DEV_000526,True
BUYER_03806,DEV_001596,True
BUYER_03807,DEV_000587,True
BUYER_03808,DEV_003479,True
BUYER_03809,DEV_000450,True
BUYER_03810,DEV_004837,True
BUYER_03811,DEV_004337,True
BUYER_03812,DEV_000925,True
BUYER_03813,DEV_004299,True
BUYER_03814,DEV_003294,True
BUYER_03815,DEV_002387,True
BUYER_03816,DEV_002585,True
BUYER_03817,DEV_000609,True
BUYER_03818,DEV_003971,True
BUYER_03819,DEV_004286,True
BUYER_03820,DEV_004196,True
BUYER_03821,DEV_000388,True
BUYER_03822,DEV_001947,True
BUYER_03823,DEV_002040,True
BUYER_03824,DEV_003206,True
BUYER_03825,DEV_001226,True
BUYER_03826,DEV_003092,True
BUYER_03827,DEV_001809,True
BUYER_03828,DEV_004576,True
BUYER_03829,DEV_003032,True
BUYER_03830,DEV_000963,True
BUYER_03831,DEV_002425,True
BUYER_03832,DEV_000431,True
BUYER_03833,DEV_002597,True
BUYER_03834,DEV_001462,True
BUYER_03835,DEV_001689,True
BUYER_03836,DEV_001868,True
BUYER_03837,DEV_001111,True
BUYER_03838,DEV_001913,True
BUYER_03839,DEV_003689,True
BUYER_03840,DEV_004112,True
BUYER_03841,DEV_002836,True
BUYER_03842,DEV_004416,True
BUYER_03843,DEV_003398,True
BUYER_03844,DEV_001481,True
BUYER_03845,DEV_003745,True
BUYER_03846,DEV_001964,True
BUYER_03847,DEV_001367,True
BUYER_03848,DEV_003326,True
BUYER_03849,DEV_001610,True
BUYER_03850,DEV_003769,True
BUYER_03851,DEV_003035,True
BUYER_03852,DEV_000625,True
BUYER_03853,DEV_000488,True
BUYER_03854,DEV_003171,True
BUYER_03855,DEV_001653,True
BUYER_03856,DEV_001262,True
BUYER_03857,DEV_004764,True
BUYER_03858,DEV_003189,True
BUYER_03859,DEV_004770,True
BUYER_03860,DEV_003168,True
BUYER_03861,DEV_002466,True
BUYER_03862,DEV_001590,True
BUYER_03863,DEV_003687,True
BUYER_03864,DEV_003760,True
BUYER_03865,DEV_002878,True
BUYER_03866,DEV_004411,True
BUYER_03867,DEV_003364,True
BUYER_03868,DEV_004887,True
BUYER_03869,DEV_003793,True
BUYER_03870,DEV_000409,True
BUYER_03871,DEV_000241,True
BUYER_03872,DEV_002335,True
BUYER_03873,DEV_003647,True
BUYER_03874,DEV_004943,True
BUYER_03875,DEV_001808,True
BUYER_03876,DEV_003870,True
BUYER_03877,DEV_001154,True
BUYER_03878,DEV_002902,True
BUYER_03879,DEV_004298,True
BUYER_03880,DEV_000631,True
BUYER_03881,DEV_004882,True
BUYER_03882,DEV_003737,True
BUYER_03883,DEV_004256,True
BUYER_03884,DEV_000870,True
BUYER_03885,DEV_002073,True
BUYER_03886,DEV_002512,True
BUYER_03887,DEV_003083,True
BUYER_03888,DEV_000910,True
BUYER_03889,DEV_001493,True
BUYER_03890,DEV_000065,True
BUYER_03891,DEV_003919,True
BUYER_03892,DEV_002675,True
BUYER_03893,DEV_000844,True
BUYER_03894,DEV_002686,True
BUYER_03895,DEV_002342,True
BUYER_03896,DEV_003976,True
BUYER_03897,DEV_000995,True
BUYER_03898,DEV_004910,True
BUYER_03899,DEV_003523,True
BUYER_03900,DEV_004063,True
BUYER_03901,DEV_000547,True
BUYER_03902,DEV_002079,True
BUYER_03903,DEV_002899,True
BUYER_03904,DEV_000769,True
BUYER_03905,DEV_003665,True
BUYER_03906,DEV_004363,True
BUYER_03907,DEV_003699,True
BUYER_03908,DEV_003045,True
BUYER_03909,DEV_003980,True
BUYER_03910,DEV_000797,True
BUYER_03911,DEV_000593,True
BUYER_03912,DEV_001660,True
BUYER_03913,DEV_002495,True
BUYER_03914,DEV_004487,True
BUYER_03915,DEV_003455,True
BUYER_03916,DEV_000980,True
BUYER_03917,DEV_002744,True
BUYER_03918,DEV_004854,True
BUYER_03919,DEV_002907,True
BUYER_03920,DEV_001326,True
BUYER_03921,DEV_002555,True
BUYER_03922,DEV_004825,True
BUYER_03923,DEV_003847,True
BUYER_03924,DEV_004863,True
BUYER_03925,DEV_001020,True
BUYER_03926,DEV_003015,True
BUYER_03927,DEV_003134,True
BUYER_03928,DEV_003561,True
BUYER_03929,DEV_001716,True
BUYER_03930,DEV_004319,True
BUYER_03931,DEV_000509,True
BUYER_03932,DEV_002776,True
BUYER_03933,DEV_001386,True
BUYER_03934,DEV_002074,True
BUYER_03935,DEV_003498,True
BUYER_03936,DEV_004140,True
BUYER_03937,DEV_001075,True
BUYER_03938,DEV_001043,True
BUYER_03939,DEV_001708,True
BUYER_03940,DEV_002979,True
BUYER_03941,DEV_002339,True
BUYER_03942,DEV_003927,True
BUYER_03943,DEV_000063,True
BUYER_03944,DEV_001585,True
BUYER_03945,DEV_001816,True
BUYER_03946,DEV_004755,True
BUYER_03947,DEV_001345,True
BUYER_03948,DEV_000986,True
BUYER_03949,DEV_004305,True
BUYER_03950,DEV_004903,True
BUYER_03951,DEV_002196,True
BUYER_03952,DEV_001989,True
BUYER_03953,DEV_001640,True
BUYER_03954,DEV_000523,True
BUYER_03955,DEV_003226,True
BUYER_03956,DEV_000199,True
BUYER_03957,DEV_000140,True
BUYER_03958,DEV_000855,True
BUYER_03959,DEV_001734,True
BUYER_03960,DEV_003075,True
BUYER_03961,DEV_003428,True
BUYER_03962,DEV_004145,True
BUYER_03963,DEV_001931,True
BUYER_03964,DEV_004054,True
BUYER_03965,DEV_003662,True
BUYER_03966,DEV_001300,True
BUYER_03967,DEV_001566,True
BUYER_03968,DEV_000234,True
BUYER_03969,DEV_000349,True
BUYER_03970,DEV_004731,True
BUYER_03971,DEV_004082,True
BUYER_03972,DEV_004948,True
BUYER_03973,DEV_001861,True
BUYER_03974,DEV_001740,True
BUYER_03975,DEV_000679,True
BUYER_03976,DEV_001178,True
BUYER_03977,DEV_000871,True
BUYER_03978,DEV_000302,True
BUYER_03979,DEV_002801,True
BUYER_03980,DEV_001559,True
BUYER_03981,DEV_002544,True
BUYER_03982,DEV_002193,True
BUYER_03983,DEV_004068,True
BUYER_03984,DEV_004918,True
BUYER_03985,DEV_001186,True
BUYER_03986,DEV_004164,True
BUYER_03987,DEV_003022,True
BUYER_03988,DEV_003690,True
BUYER_03989,DEV_004067,True
BUYER_03990,DEV_004656,True
BUYER_03991,DEV_002911,True
BUYER_03992,DEV_003041,True
BUYER_03993,DEV_003407,True
BUYER_03994,DEV_004535,True
BUYER_03995,DEV_004505,True
BUYER_03996,DEV_004688,True
BUYER_03997,DEV_000398,True
BUYER_03998,DEV_001148,True
BUYER_03999,DEV_003197,True
BUYER_04000,DEV_002100,True
BUYER_04001,DEV_001639,True
BUYER_04002,DEV_002973,True
BUYER_04003,DEV_001817,True
BUYER_04004,DEV_001189,True
BUYER_04005,DEV_002896,True
BUYER_04006,DEV_004629,True
BUYER_04007,DEV_001950,True
BUYER_04008,DEV_002386,True
BUYER_04009,DEV_004866,True
BUYER_04010,DEV_000305,True
BUYER_04011,DEV_002981,True
BUYER_04012,DEV_004301,True
BUYER_04013,DEV_003722,True
BUYER_04014,DEV_004094,True
BUYER_04015,DEV_001824,True
BUYER_04016,DEV_004998,True
BUYER_04017,DEV_001399,True
BUYER_04018,DEV_003947,True
BUYER_04019,DEV_000911,True
BUYER_04020,DEV_003692,True
BUYER_04021,DEV_000594,True
BUYER_04022,DEV_000712,True
BUYER_04023,DEV_004689,True
BUYER_04024,DEV_000231,True
BUYER_04025,DEV_001171,True
BUYER_04026,DEV_003118,True
BUYER_04027,DEV_001483,True
BUYER_04028,DEV_003465,True
BUYER_04029,DEV_000422,True
BUYER_04030,DEV_003719,True
BUYER_04031,DEV_001424,True
BUYER_04032,DEV_001495,True
BUYER_04033,DEV_000078,True
BUYER_04034,DEV_002725,True
BUYER_04035,DEV_002045,True
BUYER_04036,DEV_003295,True
BUYER_04037,DEV_000881,True
BUYER_04038,DEV_004387,True
BUYER_04039,DEV_000410,True
BUYER_04040,DEV_003802,True
BUYER_04041,DEV_002168,True
BUYER_04042,DEV_004149,True
BUYER_04043,DEV_004512,True
BUYER_04044,DEV_003254,True
BUYER_04045,DEV_002109,True
BUYER_04046,DEV_002553,True
BUYER_04047,DEV_004098,True
BUYER_04048,DEV_002419,True
BUYER_04049,DEV_002689,True
BUYER_04050,DEV_000947,True
BUYER_04051,DEV_002379,True
BUYER_04052,DEV_002839,True
BUYER_04053,DEV_002226,True
BUYER_04054,DEV_004080,True
BUYER_04055,DEV_004297,True
BUYER_04056,DEV_001654,True
BUYER_04057,DEV_004526,True
BUYER_04058,DEV_003170,True
BUYER_04059,DEV_004523,True
BUYER_04060,DEV_002468,True
BUYER_04061,DEV_002481,True
BUYER_04062,DEV_000203,True
BUYER_04063,DEV_002709,True
BUYER_04064,DEV_004717,True
BUYER_04065,DEV_003706,True
BUYER_04066,DEV_004015,True
BUYER_04067,DEV_003543,True
BUYER_04068,DEV_000289,True
BUYER_04069,DEV_001851,True
BUYER_04070,DEV_004693,True
BUYER_04071,DEV_004676,True
BUYER_04072,DEV_004940,True
BUYER_04073,DEV_001046,True
BUYER_04074,DEV_004445,True
BUYER_04075,DEV_003914,True
BUYER_04076,DEV_003072,True
BUYER_04077,DEV_004682,True
BUYER_04078,DEV_001623,True
BUYER_04079,DEV_000696,True
BUYER_04080,DEV_001948,True
BUYER_04081,DEV_000142,True
BUYER_04082,DEV_001928,True
BUYER_04083,DEV_001686,True
BUYER_04084,DEV_001074,True
BUYER_04085,DEV_002246,True
BUYER_04086,DEV_002429,True
BUYER_04087,DEV_000521,True
BUYER_04088,DEV_003633,True
BUYER_04089,DEV_002094,True
BUYER_04090,DEV_002167,True
BUYER_04091,DEV_001804,True
BUYER_04092,DEV_002480,True
BUYER_04093,DEV_003056,True
BUYER_04094,DEV_004650,True
BUYER_04095,DEV_004467,True
BUYER_04096,DEV_000297,True
BUYER_04097,DEV_002942,True
BUYER_04098,DEV_000809,True
BUYER_04099,DEV_002172,True
BUYER_04100,DEV_000767,True
BUYER_04101,DEV_001859,True
BUYER_04102,DEV_002356,True
BUYER_04103,DEV_001430,True
BUYER_04104,DEV_001042,True
BUYER_04105,DEV_003235,True
BUYER_04106,DEV_000635,True
BUYER_04107,DEV_003148,True
BUYER_04108,DEV_003905,True
BUYER_04109,DEV_002865,True
BUYER_04110,DEV_000338,True
BUYER_04111,DEV_001701,True
BUYER_04112,DEV_000273,True
BUYER_04113,DEV_003531,True
BUYER_04114,DEV_001673,True
BUYER_04115,DEV_002739,True
BUYER_04116,DEV_002563,True
BUYER_04117,DEV_003776,True
BUYER_04118,DEV_004592,True
BUYER_04119,DEV_001024,True
BUYER_04120,DEV_000690,True
BUYER_04121,DEV_002698,True
BUYER_04122,DEV_000414,True
BUYER_04123,DEV_004968,True
BUYER_04124,DEV_000852,True
BUYER_04125,DEV_002845,True
BUYER_04126,DEV_000020,True
BUYER_04127,DEV_000829,True
BUYER_04128,DEV_002243,True
BUYER_04129,DEV_001325,True
BUYER_04130,DEV_002788,True
BUYER_04131,DEV_003173,True
BUYER_04132,DEV_001974,True
BUYER_04133,DEV_003535,True
BUYER_04134,DEV_001301,True
BUYER_04135,DEV_004806,True
BUYER_04136,DEV_004469,True
BUYER_04137,DEV_003169,True
BUYER_04138,DEV_000950,True
BUYER_04139,DEV_003701,True
BUYER_04140,DEV_000029,True
BUYER_04141,DEV_003319,True
BUYER_04142,DEV_003449,True
BUYER_04143,DEV_001316,True
BUYER_04144,DEV_003755,True
BUYER_04145,DEV_003368,True
BUYER_04146,DEV_002165,True
BUYER_04147,DEV_001564,True
BUYER_04148,DEV_002249,True
BUYER_04149,DEV_003602,True
BUYER_04150,DEV_001123,True
BUYER_04151,DEV_000111,True
BUYER_04152,DEV_004669,True
BUYER_04153,DEV_004793,True
BUYER_04154,DEV_004381,True
BUYER_04155,DEV_003805,True
BUYER_04156,DEV_001280,True
BUYER_04157,DEV_000281,True
BUYER_04158,DEV_001729,True
BUYER_04159,DEV_003029,True
BUYER_04160,DEV_001714,True
BUYER_04161,DEV_001097,True
BUYER_04162,DEV_002355,True
BUYER_04163,DEV_004071,True
BUYER_04164,DEV_000466,True
BUYER_04165,DEV_003241,True
BUYER_04166,DEV_004455,True
BUYER_04167,DEV_004167,True
BUYER_04168,DEV_001958,True
BUYER_04169,DEV_002208,True
BUYER_04170,DEV_001361,True
BUYER_04171,DEV_003412,True
BUYER_04172,DEV_004254,True
BUYER_04173,DEV_000533,True
BUYER_04174,DEV_000329,True
BUYER_04175,DEV_002824,True
BUYER_04176,DEV_002932,True
BUYER_04177,DEV_003230,True
BUYER_04178,DEV_000908,True
BUYER_04179,DEV_003214,True
BUYER_04180,DEV_003195,True
BUYER_04181,DEV_000396,True
BUYER_04182,DEV_001698,True
BUYER_04183,DEV_004637,True
BUYER_04184,DEV_001223,True
BUYER_04185,DEV_002975,True
BUYER_04186,DEV_004856,True
BUYER_04187,DEV_003529,True
BUYER_04188,DEV_001037,True
BUYER_04189,DEV_000902,True
BUYER_04190,DEV_001744,True
BUYER_04191,DEV_002793,True
BUYER_04192,DEV_002087,True
BUYER_04193,DEV_000131,True
BUYER_04194,DEV_003606,True
BUYER_04195,DEV_000074,True
BUYER_04196,DEV_002528,True
BUYER_04197,DEV_000589,True
BUYER_04198,DEV_002125,True
BUYER_04199,DEV_000490,True
BUYER_04200,DEV_003011,True
BUYER_04201,DEV_001537,True
BUYER_04202,DEV_002457,True
BUYER_04203,DEV_002957,True
BUYER_04204,DEV_001669,True
BUYER_04205,DEV_002301,True
BUYER_04206,DEV_002195,True
BUYER_04207,DEV_000094,True
BUYER_04208,DEV_002072,True
BUYER_04209,DEV_004911,True
BUYER_04210,DEV_004565,True
BUYER_04211,DEV_003027,True
BUYER_04212,DEV_000791,True
BUYER_04213,DEV_001954,True
BUYER_04214,DEV_002796,True
BUYER_04215,DEV_004375,True
BUYER_04216,DEV_003608,True
BUYER_04217,DEV_002885,True
BUYER_04218,DEV_000887,True
BUYER_04219,DEV_002441,True
BUYER_04220,DEV_003705,True
BUYER_04221,DEV_002920,True
BUYER_04222,DEV_001359,True
BUYER_04223,DEV_002941,True
BUYER_04224,DEV_002214,True
BUYER_04225,DEV_004178,True
BUYER_04226,DEV_004815,True
BUYER_04227,DEV_002159,True
BUYER_04228,DEV_001418,True
BUYER_04229,DEV_001162,True
BUYER_04230,DEV_004230,True
BUYER_04231,DEV_001870,True
BUYER_04232,DEV_001939,True
BUYER_04233,DEV_004814,True
BUYER_04234,DEV_004325,True
BUYER_04235,DEV_000207,True
BUYER_04236,DEV_004598,True
BUYER_04237,DEV_001357,True
BUYER_04238,DEV_000685,True
BUYER_04239,DEV_000766,True
BUYER_04240,DEV_002128,True
BUYER_04241,DEV_000313,True
BUYER_04242,DEV_001370,True
BUYER_04243,DEV_000518,True
BUYER_04244,DEV_003044,True
BUYER_04245,DEV_001008,True
BUYER_04246,DEV_000618,True
BUYER_04247,DEV_000263,True
BUYER_04248,DEV_002710,True
BUYER_04249,DEV_000187,True
BUYER_04250,DEV_001016,True
BUYER_04251,DEV_004507,True
BUYER_04252,DEV_002354,True
BUYER_04253,DEV_001464,True
BUYER_04254,DEV_004712,True
BUYER_04255,DEV_003026,True
BUYER_04256,DEV_001869,True
BUYER_04257,DEV_001583,True
BUYER_04258,DEV_002756,True
BUYER_04259,DEV_000504,True
BUYER_04260,DEV_004873,True
BUYER_04261,DEV_000702,True
BUYER_04262,DEV_004066,True
BUYER_04263,DEV_000672,True
BUYER_04264,DEV_000025,True
BUYER_04265,DEV_003266,True
BUYER_04266,DEV_002271,True
BUYER_04267,DEV_004986,True
BUYER_04268,DEV_001288,True
BUYER_04269,DEV_004163,True
BUYER_04270,DEV_004491,True
BUYER_04271,DEV_003835,True
BUYER_04272,DEV_003223,True
BUYER_04273,DEV_000692,True
BUYER_04274,DEV_000693,True
BUYER_04275,DEV_002817,True
BUYER_04276,DEV_001225,True
BUYER_04277,DEV_004964,True
BUYER_04278,DEV_000820,True
BUYER_04279,DEV_004749,True
BUYER_04280,DEV_003533,True
BUYER_04281,DEV_001872,True
BUYER_04282,DEV_000931,True
BUYER_04283,DEV_002760,True
BUYER_04284,DEV_000279,True
BUYER_04285,DEV_000242,True
BUYER_04286,DEV_003021,True
BUYER_04287,DEV_000819,True
BUYER_04288,DEV_002895,True
BUYER_04289,DEV_004097,True
BUYER_04290,DEV_004799,True
BUYER_04291,DEV_001276,True
BUYER_04292,DEV_004501,True
BUYER_04293,DEV_000629,True
BUYER_04294,DEV_000049,True
BUYER_04295,DEV_001806,True
BUYER_04296,DEV_004586,True
BUYER_04297,DEV_004269,True
BUYER_04298,DEV_001879,True
BUYER_04299,DEV_003642,True
BUYER_04300,DEV_000159,True
BUYER_04301,DEV_002449,True
BUYER_04302,DEV_003064,True
BUYER_04303,DEV_000592,True
BUYER_04304,DEV_002620,True
BUYER_04305,DEV_004982,True
BUYER_04306,DEV_004093,True
BUYER_04307,DEV_003492,True
BUYER_04308,DEV_004200,True
BUYER_04309,DEV_000926,True
BUYER_04310,DEV_000479,True
BUYER_04311,DEV_002234,True
BUYER_04312,DEV_003637,True
BUYER_04313,DEV_001581,True
BUYER_04314,DEV_001149,True
BUYER_04315,DEV_004139,True
BUYER_04316,DEV_001778,True
BUYER_04317,DEV_001524,True
BUYER_04318,DEV_003594,True
BUYER_04319,DEV_004553,True
BUYER_04320,DEV_000611,True
BUYER_04321,DEV_000605,True
BUYER_04322,DEV_004668,True
BUYER_04323,DEV_002228,True
BUYER_04324,DEV_000988,True
BUYER_04325,DEV_004550,True
BUYER_04326,DEV_002286,True
BUYER_04327,DEV_002345,True
BUYER_04328,DEV_003783,True
BUYER_04329,DEV_001512,True
BUYER_04330,DEV_003571,True
BUYER_04331,DEV_000796,True
BUYER_04332,DEV_003231,True
BUYER_04333,DEV_000472,True
BUYER_04334,DEV_004205,True
BUYER_04335,DEV_000471,True
BUYER_04336,DEV_004275,True
BUYER_04337,DEV_004014,True
BUYER_04338,DEV_002715,True
BUYER_04339,DEV_001005,True
BUYER_04340,DEV_004529,True
BUYER_04341,DEV_000966,True
BUYER_04342,DEV_000095,True
BUYER_04343,DEV_003715,True
BUYER_04344,DEV_000698,True
BUYER_04345,DEV_003324,True
BUYER_04346,DEV_003114,True
BUYER_04347,DEV_003749,True
BUYER_04348,DEV_000646,True
BUYER_04349,DEV_003650,True
BUYER_04350,DEV_002958,True
BUYER_04351,DEV_003293,True
BUYER_04352,DEV_000218,True
BUYER_04353,DEV_003184,True
BUYER_04354,DEV_003639,True
BUYER_04355,DEV_003824,True
BUYER_04356,DEV_002475,True
BUYER_04357,DEV_000053,True
BUYER_04358,DEV_001435,True
BUYER_04359,DEV_004740,True
BUYER_04360,DEV_003636,True
BUYER_04361,DEV_000129,True
BUYER_04362,DEV_000579,True
BUYER_04363,DEV_002376,True
BUYER_04364,DEV_004124,True
BUYER_04365,DEV_004703,True
BUYER_04366,DEV_000007,True
BUYER_04367,DEV_004698,True
BUYER_04368,DEV_002375,True
BUYER_04369,DEV_002488,True
BUYER_04370,DEV_004107,True
BUYER_04371,DEV_000308,True
BUYER_04372,DEV_000573,True
BUYER_04373,DEV_000353,True
BUYER_04374,DEV_004780,True
BUYER_04375,DEV_004778,True
BUYER_04376,DEV_000017,True
BUYER_04377,DEV_000951,True
BUYER_04378,DEV_004458,True
BUYER_04379,DEV_000315,True
BUYER_04380,DEV_002352,True
BUYER_04381,DEV_001542,True
BUYER_04382,DEV_000785,True
BUYER_04383,DEV_003778,True
BUYER_04384,DEV_002875,True
BUYER_04385,DEV_000235,True
BUYER_04386,DEV_001558,True
BUYER_04387,DEV_000510,True
BUYER_04388,DEV_003454,True
BUYER_04389,DEV_004709,True
BUYER_04390,DEV_000075,True
BUYER_04391,DEV_003544,True
BUYER_04392,DEV_003572,True
BUYER_04393,DEV_004878,True
BUYER_04394,DEV_000540,True
BUYER_04395,DEV_003283,True
BUYER_04396,DEV_003426,True
BUYER_04397,DEV_004534,True
BUYER_04398,DEV_000267,True
BUYER_04399,DEV_001114,True
BUYER_04400,DEV_002472,True
BUYER_04401,DEV_002596,True
BUYER_04402,DEV_001737,True
BUYER_04403,DEV_004497,True
BUYER_04404,DEV_004515,True
BUYER_04405,DEV_004519,True
BUYER_04406,DEV_001530,True
BUYER_04407,DEV_000875,True
BUYER_04408,DEV_001001,True
BUYER_04409,DEV_000857,True
BUYER_04410,DEV_003963,True
BUYER_04411,DEV_003818,True
BUYER_04412,DEV_002676,True
BUYER_04413,DEV_001230,True
BUYER_04414,DEV_000365,True
BUYER_04415,DEV_004258,True
BUYER_04416,DEV_003635,True
BUYER_04417,DEV_001540,True
BUYER_04418,DEV_004938,True
BUYER_04419,DEV_000586,True
BUYER_04420,DEV_001934,True
BUYER_04421,DEV_001163,True
BUYER_04422,DEV_000184,True
BUYER_04423,DEV_004439,True
BUYER_04424,DEV_004378,True
BUYER_04425,DEV_002141,True
BUYER_04426,DEV_004114,True
BUYER_04427,DEV_001084,True
BUYER_04428,DEV_003352,True
BUYER_04429,DEV_002058,True
BUYER_04430,DEV_003630,True
BUYER_04431,DEV_001536,True
BUYER_04432,DEV_001591,True
BUYER_04433,DEV_001320,True
BUYER_04434,DEV_003759,True
BUYER_04435,DEV_003196,True
BUYER_04436,DEV_004981,True
BUYER_04437,DEV_003284,True
BUYER_04438,DEV_001750,True
BUYER_04439,DEV_004746,True
BUYER_04440,DEV_000228,True
BUYER_04441,DEV_003794,True
BUYER_04442,DEV_002451,True
BUYER_04443,DEV_001938,True
BUYER_04444,DEV_002729,True
BUYER_04445,DEV_000446,True
BUYER_04446,DEV_004817,True
BUYER_04447,DEV_000901,True
BUYER_04448,DEV_003006,True
BUYER_04449,DEV_002157,True
BUYER_04450,DEV_004073,True
BUYER_04451,DEV_003335,True
BUYER_04452,DEV_003732,True
BUYER_04453,DEV_003328,True
BUYER_04454,DEV_000420,True
BUYER_04455,DEV_000753,True
BUYER_04456,DEV_001790,True
BUYER_04457,DEV_004524,True
BUYER_04458,DEV_001309,True
BUYER_04459,DEV_002613,True
BUYER_04460,DEV_001847,True
BUYER_04461,DEV_002759,True
BUYER_04462,DEV_003889,True
BUYER_04463,DEV_003595,True
BUYER_04464,DEV_002358,True
BUYER_04465,DEV_000645,True
BUYER_04466,DEV_000914,True
BUYER_04467,DEV_003317,True
BUYER_04468,DEV_004593,True
BUYER_04469,DEV_003672,True
BUYER_04470,DEV_004929,True
BUYER_04471,DEV_002791,True
BUYER_04472,DEV_000146,True
BUYER_04473,DEV_001305,True
BUYER_04474,DEV_004397,True
BUYER_04475,DEV_001252,True
BUYER_04476,DEV_001901,True
BUYER_04477,DEV_000336,True
BUYER_04478,DEV_003093,True
BUYER_04479,DEV_002786,True
BUYER_04480,DEV_001563,True
BUYER_04481,DEV_001797,True
BUYER_04482,DEV_004920,True
BUYER_04483,DEV_004251,True
BUYER_04484,DEV_004448,True
BUYER_04485,DEV_001340,True
BUYER_04486,DEV_000428,True
BUYER_04487,DEV_003279,True
BUYER_04488,DEV_000082,True
BUYER_04489,DEV_000558,True
BUYER_04490,DEV_002021,True
BUYER_04491,DEV_004989,True
BUYER_04492,DEV_002212,True
BUYER_04493,DEV_002968,True
BUYER_04494,DEV_002101,True
BUYER_04495,DEV_004514,True
BUYER_04496,DEV_003885,True
BUYER_04497,DEV_003198,True
BUYER_04498,DEV_004886,True
BUYER_04499,DEV_000407,True
BUYER_04500,DEV_000841,True
BUYER_04501,DEV_001247,True
BUYER_04502,DEV_000437,True
BUYER_04503,DEV_001576,True
BUYER_04504,DEV_004990,True
BUYER_04505,DEV_000876,True
BUYER_04506,DEV_003726,True
BUYER_04507,DEV_001531,True
BUYER_04508,DEV_002598,True
BUYER_04509,DEV_002940,True
BUYER_04510,DEV_004192,True
BUYER_04511,DEV_002426,True
BUYER_04512,DEV_001584,True
BUYER_04513,DEV_004334,True
BUYER_04514,DEV_000136,True
BUYER_04515,DEV_001739,True
BUYER_04516,DEV_004868,True
BUYER_04517,DEV_003471,True
BUYER_04518,DEV_001826,True
BUYER_04519,DEV_002695,True
BUYER_04520,DEV_001177,True
BUYER_04521,DEV_000933,True
BUYER_04522,DEV_000205,True
BUYER_04523,DEV_004865,True
BUYER_04524,DEV_000603,True
BUYER_04525,DEV_001680,True
BUYER_04526,DEV_000000,True
BUYER_04527,DEV_001461,True
BUYER_04528,DEV_000246,True
BUYER_04529,DEV_000674,True
BUYER_04530,DEV_003442,True
BUYER_04531,DEV_001757,True
BUYER_04532,DEV_002022,True
BUYER_04533,DEV_003640,True
BUYER_04534,DEV_000971,True
BUYER_04535,DEV_002201,True
BUYER_04536,DEV_004747,True
BUYER_04537,DEV_001025,True
BUYER_04538,DEV_000138,True
BUYER_04539,DEV_002164,True
BUYER_04540,DEV_002373,True
BUYER_04541,DEV_004914,True
BUYER_04542,DEV_003842,True
BUYER_04543,DEV_000651,True
BUYER_04544,DEV_003656,True
BUYER_04545,DEV_001306,True
BUYER_04546,DEV_000703,True
BUYER_04547,DEV_001995,True
BUYER_04548,DEV_002876,True
BUYER_04549,DEV_004543,True
BUYER_04550,DEV_001906,True
BUYER_04551,DEV_002928,True
BUYER_04552,DEV_000364,True
BUYER_04553,DEV_001846,True
BUYER_04554,DEV_000738,True
BUYER_04555,DEV_003970,True
BUYER_04556,DEV_003937,True
BUYER_04557,DEV_004805,True
BUYER_04558,DEV_004881,True
BUYER_04559,DEV_003998,True
BUYER_04560,DEV_004743,True
BUYER_04561,DEV_003942,True
BUYER_04562,DEV_000716,True
BUYER_04563,DEV_002993,True
BUYER_04564,DEV_004538,True
BUYER_04565,DEV_004639,True
BUYER_04566,DEV_001856,True
BUYER_04567,DEV_002222,True
BUYER_04568,DEV_001343,True
BUYER_04569,DEV_004213,True
BUYER_04570,DEV_002951,True
BUYER_04571,DEV_002674,True
BUYER_04572,DEV_000555,True
BUYER_04573,DEV_003797,True
BUYER_04574,DEV_003376,True
BUYER_04575,DEV_000701,True
BUYER_04576,DEV_003764,True
BUYER_04577,DEV_001468,True
BUYER_04578,DEV_002983,True
BUYER_04579,DEV_000028,True
BUYER_04580,DEV_004716,True
BUYER_04581,DEV_004134,True
BUYER_04582,DEV_004767,True
BUYER_04583,DEV_002161,True
BUYER_04584,DEV_004160,True
BUYER_04585,DEV_002064,True
BUYER_04586,DEV_004730,True
BUYER_04587,DEV_002908,True
BUYER_04588,DEV_003427,True
BUYER_04589,DEV_000221,True
BUYER_04590,DEV_004404,True
BUYER_04591,DEV_000022,True
BUYER_04592,DEV_000607,True
BUYER_04593,DEV_000602,True
BUYER_04594,DEV_003300,True
BUYER_04595,DEV_000219,True
BUYER_04596,DEV_001942,True
BUYER_04597,DEV_001445,True
BUYER_04598,DEV_004871,True
BUYER_04599,DEV_004648,True
BUYER_04600,DEV_004100,True
BUYER_04601,DEV_000185,True
BUYER_04602,DEV_004197,True
BUYER_04603,DEV_001547,True
BUYER_04604,DEV_003513,True
BUYER_04605,DEV_003922,True
BUYER_04606,DEV_004733,True
BUYER_04607,DEV_000893,True
BUYER_04608,DEV_002127,True
BUYER_04609,DEV_004221,True
BUYER_04610,DEV_000916,True
BUYER_04611,DEV_001570,True
BUYER_04612,DEV_004558,True
BUYER_04613,DEV_004638,True
BUYER_04614,DEV_003446,True
BUYER_04615,DEV_002617,True
BUYER_04616,DEV_004217,True
BUYER_04617,DEV_002619,True
BUYER_04618,DEV_001347,True
BUYER_04619,DEV_004454,True
BUYER_04620,DEV_003894,True
BUYER_04621,DEV_003385,True
BUYER_04622,DEV_003234,True
BUYER_04623,DEV_004931,True
BUYER_04624,DEV_001086,True
BUYER_04625,DEV_002158,True
BUYER_04626,DEV_002374,True
BUYER_04627,DEV_004166,True
BUYER_04628,DEV_000850,True
BUYER_04629,DEV_003881,True
BUYER_04630,DEV_001182,True
BUYER_04631,DEV_003086,True
BUYER_04632,DEV_003240,True
BUYER_04633,DEV_001380,True
BUYER_04634,DEV_004216,True
BUYER_04635,DEV_000639,True
BUYER_04636,DEV_003323,True
BUYER_04637,DEV_000050,True
BUYER_04638,DEV_003292,True
BUYER_04639,DEV_001706,True
BUYER_04640,DEV_004022,True
BUYER_04641,DEV_004261,True
BUYER_04642,DEV_002615,True
BUYER_04643,DEV_001663,True
BUYER_04644,DEV_003158,True
BUYER_04645,DEV_000577,True
BUYER_04646,DEV_003551,True
BUYER_04647,DEV_001895,True
BUYER_04648,DEV_000842,True
BUYER_04649,DEV_003762,True
BUYER_04650,DEV_004016,True
BUYER_04651,DEV_004215,True
BUYER_04652,DEV_002763,True
BUYER_04653,DEV_004951,True
BUYER_04654,DEV_003627,True
BUYER_04655,DEV_004383,True
BUYER_04656,DEV_004625,True
BUYER_04657,DEV_000895,True
BUYER_04658,DEV_003898,True
BUYER_04659,DEV_001833,True
BUYER_04660,DEV_002662,True
BUYER_04661,DEV_000557,True
BUYER_04662,DEV_002753,True
BUYER_04663,DEV_003288,True
BUYER_04664,DEV_004573,True
BUYER_04665,DEV_001780,True
BUYER_04666,DEV_001281,True
BUYER_04667,DEV_003058,True
BUYER_04668,DEV_002857,True
BUYER_04669,DEV_000764,True
BUYER_04670,DEV_001070,True
BUYER_04671,DEV_001207,True
BUYER_04672,DEV_002609,True
BUYER_04673,DEV_003394,True
BUYER_04674,DEV_000283,True
BUYER_04675,DEV_004012,True
BUYER_04676,DEV_001968,True
BUYER_04677,DEV_002170,True
BUYER_04678,DEV_002872,True
BUYER_04679,DEV_000670,True
BUYER_04680,DEV_003242,True
BUYER_04681,DEV_003224,True
BUYER_04682,DEV_001134,True
BUYER_04683,DEV_001346,True
BUYER_04684,DEV_000689,True
BUYER_04685,DEV_002589,True
BUYER_04686,DEV_003721,True
BUYER_04687,DEV_002874,True
BUYER_04688,DEV_001648,True
BUYER_04689,DEV_002734,True
BUYER_04690,DEV_001085,True
BUYER_04691,DEV_004035,True
BUYER_04692,DEV_000921,True
BUYER_04693,DEV_001515,True
BUYER_04694,DEV_002573,True
BUYER_04695,DEV_001405,True
BUYER_04696,DEV_004036,True
BUYER_04697,DEV_002016,True
BUYER_04698,DEV_004956,True
BUYER_04699,DEV_003346,True
BUYER_04700,DEV_004322,True
BUYER_04701,DEV_002134,True
BUYER_04702,DEV_000177,True
BUYER_04703,DEV_004051,True
BUYER_04704,DEV_004679,True
BUYER_04705,DEV_000287,True
BUYER_04706,DEV_000411,True
BUYER_04707,DEV_002008,True
BUYER_04708,DEV_002225,True
BUYER_04709,DEV_003450,True
BUYER_04710,DEV_001867,True
BUYER_04711,DEV_001560,True
BUYER_04712,DEV_000660,True
BUYER_04713,DEV_000088,True
BUYER_04714,DEV_002469,True
BUYER_04715,DEV_003420,True
BUYER_04716,DEV_001933,True
BUYER_04717,DEV_002015,True
BUYER_04718,DEV_002833,True
BUYER_04719,DEV_002893,True
BUYER_04720,DEV_001503,True
BUYER_04721,DEV_001384,True
BUYER_04722,DEV_004818,True
BUYER_04723,DEV_003648,True
BUYER_04724,DEV_004156,True
BUYER_04725,DEV_004264,True
BUYER_04726,DEV_003652,True
BUYER_04727,DEV_003343,True
BUYER_04728,DEV_003607,True
BUYER_04729,DEV_003707,True
BUYER_04730,DEV_003801,True
BUYER_04731,DEV_003003,True
BUYER_04732,DEV_001222,True
BUYER_04733,DEV_002949,True
BUYER_04734,DEV_000749,True
BUYER_04735,DEV_003488,True
BUYER_04736,DEV_000554,True
BUYER_04737,DEV_003340,True
BUYER_04738,DEV_004671,True
BUYER_04739,DEV_001158,True
BUYER_04740,DEV_002305,True
BUYER_04741,DEV_004917,True
BUYER_04742,DEV_003337,True
BUYER_04743,DEV_000476,True
BUYER_04744,DEV_004912,True
BUYER_04745,DEV_000580,True
BUYER_04746,DEV_001976,True
BUYER_04747,DEV_002341,True
BUYER_04748,DEV_000134,True
BUYER_04749,DEV_004643,True
BUYER_04750,DEV_002297,True
BUYER_04751,DEV_003483,True
BUYER_04752,DEV_003796,True
BUYER_04753,DEV_002115,True
BUYER_04754,DEV_003131,True
BUYER_04755,DEV_004165,True
BUYER_04756,DEV_001293,True
BUYER_04757,DEV_001388,True
BUYER_04758,DEV_003205,True
BUYER_04759,DEV_000619,True
BUYER_04760,DEV_002153,True
BUYER_04761,DEV_002897,True
BUYER_04762,DEV_004101,True
BUYER_04763,DEV_003339,True
BUYER_04764,DEV_004346,True
BUYER_04765,DEV_003476,True
BUYER_04766,DEV_000104,True
BUYER_04767,DEV_000815,True
BUYER_04768,DEV_004151,True
BUYER_04769,DEV_004595,True
BUYER_04770,DEV_003657,True
BUYER_04771,DEV_003518,True
BUYER_04772,DEV_004779,True
BUYER_04773,DEV_000585,True
BUYER_04774,DEV_001416,True
BUYER_04775,DEV_001311,True
BUYER_04776,DEV_000513,True
BUYER_04777,DEV_000208,True
BUYER_04778,DEV_002924,True
BUYER_04779,DEV_004277,True
BUYER_04780,DEV_003172,True
BUYER_04781,DEV_000408,True
BUYER_04782,DEV_002037,True
BUYER_04783,DEV_002956,True
BUYER_04784,DEV_002367,True
BUYER_04785,DEV_002700,True
BUYER_04786,DEV_000616,True
BUYER_04787,DEV_003907,True
BUYER_04788,DEV_000528,True
BUYER_04789,DEV_002399,True
BUYER_04790,DEV_001556,True
BUYER_04791,DEV_003500,True
BUYER_04792,DEV_004984,True
BUYER_04793,DEV_002038,True
BUYER_04794,DEV_000745,True
BUYER_04795,DEV_004280,True
BUYER_04796,DEV_002253,True
BUYER_04797,DEV_004555,True
BUYER_04798,DEV_003517,True
BUYER_04799,DEV_001518,True
BUYER_04800,DEV_003550,True
BUYER_04801,DEV_001425,True
BUYER_04802,DEV_004855,True
BUYER_04803,DEV_003954,True
BUYER_04804,DEV_003501,True
BUYER_04805,DEV_004970,True
BUYER_04806,DEV_002372,True
BUYER_04807,DEV_003992,True
BUYER_04808,DEV_002204,True
BUYER_04809,DEV_003151,True
BUYER_04810,DEV_001273,True
BUYER_04811,DEV_004116,True
BUYER_04812,DEV_004488,True
BUYER_04813,DEV_001711,True
BUYER_04814,DEV_002129,True
BUYER_04815,DEV_000356,True
BUYER_04816,DEV_003204,True
BUYER_04817,DEV_001977,True
BUYER_04818,DEV_002091,True
BUYER_04819,DEV_003397,True
BUYER_04820,DEV_004623,True
BUYER_04821,DEV_003991,True
BUYER_04822,DEV_002849,True
BUYER_04823,DEV_002295,True
BUYER_04824,DEV_001527,True
BUYER_04825,DEV_004195,True
BUYER_04826,DEV_002092,True
BUYER_04827,DEV_001245,True
BUYER_04828,DEV_003285,True
BUYER_04829,DEV_004794,True
BUYER_04830,DEV_003225,True
BUYER_04831,DEV_000355,True
BUYER_04832,DEV_003582,True
BUYER_04833,DEV_004084,True
BUYER_04834,DEV_001287,True
BUYER_04835,DEV_004303,True
BUYER_04836,DEV_002275,True
BUYER_04837,DEV_003623,True
BUYER_04838,DEV_002582,True
BUYER_04839,DEV_001185,True
BUYER_04840,DEV_001365,True
BUYER_04841,DEV_001261,True
BUYER_04842,DEV_002861,True
BUYER_04843,DEV_001067,True
BUYER_04844,DEV_001190,True
BUYER_04845,DEV_004485,True
BUYER_04846,DEV_001209,True
BUYER_04847,DEV_001612,True
BUYER_04848,DEV_000363,True
BUYER_04849,DEV_004556,True
BUYER_04850,DEV_001465,True
BUYER_04851,DEV_002772,True
BUYER_04852,DEV_002693,True
BUYER_04853,DEV_000936,True
BUYER_04854,DEV_001937,True
BUYER_04855,DEV_003464,True
BUYER_04856,DEV_000550,True
BUYER_04857,DEV_002530,True
BUYER_04858,DEV_001056,True
BUYER_04859,DEV_004025,True
BUYER_04860,DEV_002096,True
BUYER_04861,DEV_004897,True
BUYER_04862,DEV_001227,True
BUYER_04863,DEV_002042,True
BUYER_04864,DEV_003600,True
BUYER_04865,DEV_004578,True
BUYER_04866,DEV_000958,True
BUYER_04867,DEV_002822,True
BUYER_04868,DEV_003521,True
BUYER_04869,DEV_002879,True
BUYER_04870,DEV_004449,True
BUYER_04871,DEV_004690,True
BUYER_04872,DEV_001478,True
BUYER_04873,DEV_003704,True
BUYER_04874,DEV_002166,True
BUYER_04875,DEV_004916,True
BUYER_04876,DEV_003104,True
BUYER_04877,DEV_003071,True
BUYER_04878,DEV_001687,True
BUYER_04879,DEV_002047,True
BUYER_04880,DEV_002133,True
BUYER_04881,DEV_001865,True
BUYER_04882,DEV_003861,True
BUYER_04883,DEV_002018,True
BUYER_04884,DEV_002487,True
BUYER_04885,DEV_003303,True
BUYER_04886,DEV_003410,True
BUYER_04887,DEV_002405,True
BUYER_04888,DEV_002622,True
BUYER_04889,DEV_000503,True
BUYER_04890,DEV_003736,True
BUYER_04891,DEV_001649,True
BUYER_04892,DEV_000042,True
BUYER_04893,DEV_003711,True
BUYER_04894,DEV_003785,True
BUYER_04895,DEV_001774,True
BUYER_04896,DEV_001914,True
BUYER_04897,DEV_003251,True
BUYER_04898,DEV_001830,True
BUYER_04899,DEV_001658,True
BUYER_04900,DEV_000084,True
BUYER_04901,DEV_002506,True
BUYER_04902,DEV_000564,True
BUYER_04903,DEV_004831,True
BUYER_04904,DEV_004296,True
BUYER_04905,DEV_001427,True
BUYER_04906,DEV_003916,True
BUYER_04907,DEV_002558,True
BUYER_04908,DEV_002464,True
BUYER_04909,DEV_003419,True
BUYER_04910,DEV_001748,True
BUYER_04911,DEV_004474,True
BUYER_04912,DEV_003440,True
BUYER_04913,DEV_000892,True
BUYER_04914,DEV_002735,True
BUYER_04915,DEV_003120,True
BUYER_04916,DEV_004385,True
BUYER_04917,DEV_003576,True
BUYER_04918,DEV_003816,True
BUYER_04919,DEV_000307,True
BUYER_04920,DEV_000188,True
BUYER_04921,DEV_000035,True
BUYER_04922,DEV_003105,True
BUYER_04923,DEV_000080,True
BUYER_04924,DEV_004589,True
BUYER_04925,DEV_004032,True
BUYER_04926,DEV_004347,True
BUYER_04927,DEV_001455,True
BUYER_04928,DEV_002543,True
BUYER_04929,DEV_003910,True
BUYER_04930,DEV_003827,True
BUYER_04931,DEV_000039,True
BUYER_04932,DEV_003841,True
BUYER_04933,DEV_001410,True
BUYER_04934,DEV_002905,True
BUYER_04935,DEV_002452,True
BUYER_04936,DEV_002380,True
BUYER_04937,DEV_002477,True
BUYER_04938,DEV_003418,True
BUYER_04939,DEV_003917,True
BUYER_04940,DEV_000648,True
BUYER_04941,DEV_000697,True
BUYER_04942,DEV_002024,True
BUYER_04943,DEV_001342,True
BUYER_04944,DEV_001107,True
BUYER_04945,DEV_001636,True
BUYER_04946,DEV_004725,True
BUYER_04947,DEV_002518,True
BUYER_04948,DEV_004013,True
BUYER_04949,DEV_000375,True
BUYER_04950,DEV_001254,True
BUYER_04951,DEV_002329,True
BUYER_04952,DEV_003773,True
BUYER_04953,DEV_002055,True
BUYER_04954,DEV_001655,True
BUYER_04955,DEV_000197,True
BUYER_04956,DEV_000376,True
BUYER_04957,DEV_004136,True
BUYER_04958,DEV_001885,True
BUYER_04959,DEV_003236,True
BUYER_04960,DEV_001946,True
BUYER_04961,DEV_004619,True
BUYER_04962,DEV_000981,True
BUYER_04963,DEV_001766,True
BUYER_04964,DEV_004274,True
BUYER_04965,DEV_004979,True
BUYER_04966,DEV_003290,True
BUYER_04967,DEV_001611,True
BUYER_04968,DEV_002142,True
BUYER_04969,DEV_001393,True
BUYER_04970,DEV_003082,True
BUYER_04971,DEV_001224,True
BUYER_04972,DEV_004117,True
BUYER_04973,DEV_002255,True
BUYER_04974,DEV_001210,True
BUYER_04975,DEV_003830,True
BUYER_04976,DEV_002078,True
BUYER_04977,DEV_004039,True
BUYER_04978,DEV_002349,True
BUYER_04979,DEV_003751,True
BUYER_04980,DEV_004229,True
BUYER_04981,DEV_002914,True
BUYER_04982,DEV_002067,True
BUYER_04983,DEV_002061,True
BUYER_04984,DEV_004172,True
BUYER_04985,DEV_004715,True
BUYER_04986,DEV_004208,True
BUYER_04987,DEV_000128,True
BUYER_04988,DEV_002807,True
BUYER_04989,DEV_000115,True
BUYER_04990,DEV_002178,True
BUYER_04991,DEV_003548,True
BUYER_04992,DEV_002056,True
BUYER_04993,DEV_001899,True
BUYER_04994,DEV_003150,True
BUYER_04995,DEV_000460,True
BUYER_04996,DEV_004613,True
BUYER_04997,DEV_000740,True
BUYER_04998,DEV_001113,True
BUYER_04999,DEV_001170,True
BUYER_02147,DEV_001298,False
BUYER_02349,DEV_004755,False
BUYER_01237,DEV_002238,False
BUYER_02108,DEV_001316,False
BUYER_04974,DEV_004757,False
BUYER_03682,DEV_004203,False
BUYER_02952,DEV_004588,False
BUYER_04284,DEV_002209,False
BUYER_03039,DEV_001820,False
BUYER_01643,DEV_000294,False
BUYER_03437,DEV_001473,False
BUYER_01282,DEV_000716,False
BUYER_02318,DEV_000985,False
BUYER_03254,DEV_001027,False
BUYER_00576,DEV_003872,False
BUYER_04777,DEV_003163,False
BUYER_04674,DEV_003561,False
BUYER_03395,DEV_002706,False
BUYER_00029,DEV_004820,False
BUYER_04096,DEV_000020,False
BUYER_04050,DEV_002652,False
BUYER_02867,DEV_003469,False
BUYER_04292,DEV_004033,False
BUYER_03625,DEV_001854,False
BUYER_00595,DEV_002315,False
BUYER_04036,DEV_004852,False
BUYER_00127,DEV_000323,False
BUYER_01378,DEV_001398,False
BUYER_04899,DEV_001977,False
BUYER_04140,DEV_001642,False
BUYER_02034,DEV_000136,False
BUYER_04771,DEV_004979,False
BUYER_03037,DEV_004420,False
BUYER_00376,DEV_000689,False
BUYER_03186,DEV_004721,False
BUYER_02617,DEV_001857,False
BUYER_04530,DEV_000729,False
BUYER_00186,DEV_004828,False
BUYER_02787,DEV_004816,False
BUYER_03968,DEV_003068,False
BUYER_04272,DEV_000278,False
BUYER_01187,DEV_002076,False
BUYER_01621,DEV_002919,False
BUYER_02529,DEV_002724,False
BUYER_03295,DEV_003572,False
BUYER_01524,DEV_004269,False
BUYER_00433,DEV_000683,False
BUYER_02879,DEV_002155,False
BUYER_00396,DEV_000624,False
BUYER_04263,DEV_000684,False
BUYER_00148,DEV_001611,False
BUYER_02443,DEV_002280,False
BUYER_00060,DEV_003204,False
BUYER_04508,DEV_001677,False
BUYER_03197,DEV_003299,False
BUYER_00902,DEV_001015,False
BUYER_01492,DEV_001179,False
BUYER_04007,DEV_001273,False
BUYER_02304,DEV_002492,False
BUYER_01132,DEV_003611,False
BUYER_03814,DEV_003748,False
BUYER_01167,DEV_000309,False
BUYER_00728,DEV_000192,False
BUYER_04690,DEV_000845,False
BUYER_01608,DEV_004359,False
BUYER_02963,DEV_004582,False
BUYER_03210,DEV_001539,False
BUYER_04459,DEV_003076,False
BUYER_03987,DEV_002842,False
BUYER_04727,DEV_004375,False
BUYER_03548,DEV_000260,False
BUYER_02931,DEV_002397,False
BUYER_02738,DEV_001396,False
BUYER_03408,DEV_000186,False
BUYER_03784,DEV_001585,False
BUYER_03249,DEV_000702,False
BUYER_00428,DEV_002199,False
BUYER_01614,DEV_001952,False
BUYER_01119,DEV_000722,False
BUYER_01902,DEV_003588,False
BUYER_01160,DEV_002171,False
BUYER_01604,DEV_001419,False
BUYER_03018,DEV_003071,False
BUYER_01274,DEV_002220,False
BUYER_01430,DEV_003717,False
BUYER_02885,DEV_001428,False
BUYER_04856,DEV_004874,False
BUYER_02720,DEV_002723,False
BUYER_02003,DEV_001210,False
BUYER_03834,DEV_001968,False
BUYER_01008,DEV_000360,False
BUYER_03742,DEV_003913,False
BUYER_03863,DEV_002222,False
BUYER_00406,DEV_001545,False
BUYER_02314,DEV_001725,False
BUYER_01395,DEV_000064,False
BUYER_02756,DEV_004258,False
BUYER_01706,DEV_003117,False
BUYER_02709,DEV_004265,False
BUYER_00237,DEV_000978,False
BUYER_02792,DEV_003537,False
BUYER_01050,DEV_004594,False
BUYER_02250,DEV_001917,False
BUYER_03953,DEV_000705,False
BUYER_03127,DEV_001632,False
BUYER_00403,DEV_000338,False
BUYER_03501,DEV_001047,False
BUYER_00878,DEV_004524,False
BUYER_01987,DEV_003543,False
BUYER_00732,DEV_001431,False
BUYER_01946,DEV_002530,False
BUYER_02014,DEV_003048,False
BUYER_00306,DEV_002499,False
BUYER_04070,DEV_002799,False
BUYER_01687,DEV_002079,False
BUYER_02625,DEV_001483,False
BUYER_03776,DEV_002228,False
BUYER_04575,DEV_004312,False
BUYER_04202,DEV_004173,False
BUYER_04921,DEV_004845,False
BUYER_02418,DEV_001349,False
BUYER_03086,DEV_003901,False
BUYER_04449,DEV_000720,False
BUYER_00130,DEV_000881,False
BUYER_03084,DEV_004263,False
BUYER_03824,DEV_003802,False
BUYER_00466,DEV_001215,False
BUYER_03358,DEV_001619,False
BUYER_00692,DEV_001609,False
BUYER_03933,DEV_003540,False
BUYER_04841,DEV_003238,False
BUYER_00835,DEV_004864,False
BUYER_04817,DEV_002738,False
BUYER_01711,DEV_001134,False
BUYER_02179,DEV_001034,False
BUYER_04252,DEV_000019,False
BUYER_04454,DEV_004967,False
BUYER_02646,DEV_003077,False
BUYER_02372,DEV_002769,False
BUYER_04112,DEV_003324,False
BUYER_03854,DEV_003161,False
BUYER_04864,DEV_003843,False
BUYER_04171,DEV_002998,False
BUYER_00298,DEV_000246,False
BUYER_03687,DEV_000270,False
BUYER_02884,DEV_000657,False
BUYER_04280,DEV_003276,False
BUYER_01324,DEV_000520,False
BUYER_04685,DEV_004487,False
BUYER_01489,DEV_003106,False
BUYER_04943,DEV_001154,False
BUYER_01265,DEV_000325,False
BUYER_04947,DEV_003415,False
BUYER_03595,DEV_002454,False
BUYER_01793,DEV_000023,False
BUYER_00457,DEV_002401,False
BUYER_03427,DEV_000548,False
BUYER_03955,DEV_000679,False
BUYER_04541,DEV_000570,False
BUYER_01611,DEV_000075,False
BUYER_04915,DEV_001906,False
BUYER_00137,DEV_003511,False
BUYER_00360,DEV_002519,False
BUYER_02297,DEV_002719,False
BUYER_03296,DEV_004287,False
BUYER_01046,DEV_000468,False
BUYER_03490,DEV_000791,False
BUYER_00202,DEV_003468,False
BUYER_02520,DEV_000034,False
BUYER_02006,DEV_002973,False
BUYER_00069,DEV_001882,False
BUYER_00792,DEV_004446,False
BUYER_04658,DEV_004387,False
BUYER_02249,DEV_003063,False
BUYER_03881,DEV_001129,False
BUYER_01350,DEV_000685,False
BUYER_03225,DEV_004370,False
BUYER_01629,DEV_004369,False
BUYER_01448,DEV_003451,False
BUYER_04745,DEV_004364,False
BUYER_03144,DEV_002186,False
BUYER_03162,DEV_000271,False
BUYER_02571,DEV_004225,False
BUYER_03447,DEV_002626,False
BUYER_01967,DEV_002042,False
BUYER_02050,DEV_001555,False
BUYER_02921,DEV_001758,False
BUYER_04663,DEV_001859,False
BUYER_00656,DEV_000111,False
BUYER_01417,DEV_000796,False
BUYER_00165,DEV_001243,False
BUYER_03401,DEV_001415,False
BUYER_00536,DEV_000349,False
BUYER_04092,DEV_002689,False
BUYER_01198,DEV_001808,False
BUYER_01071,DEV_002745,False
BUYER_02094,DEV_001165,False
BUYER_00888,DEV_001881,False
BUYER_00553,DEV_002636,False
BUYER_03894,DEV_004484,False
BUYER_01631,DEV_004914,False
BUYER_04327,DEV_003985,False
BUYER_00413,DEV_001914,False
BUYER_00495,DEV_002523,False
BUYER_02673,DEV_002591,False
BUYER_04619,DEV_000808,False
BUYER_00005,DEV_002934,False
BUYER_03461,DEV_000955,False
BUYER_03436,DEV_001504,False
BUYER_04653,DEV_004168,False
BUYER_03793,DEV_003031,False
BUYER_00908,DEV_003444,False
BUYER_04273,DEV_004815,False
BUYER_03610,DEV_003022,False
BUYER_02464,DEV_000680,False
BUYER_04824,DEV_004121,False
BUYER_02177,DEV_002303,False
BUYER_02243,DEV_000779,False
BUYER_02704,DEV_002832,False
BUYER_01210,DEV_001232,False
BUYER_04924,DEV_003726,False
BUYER_01695,DEV_001477,False
BUYER_03545,DEV_004477,False
BUYER_02425,DEV_004028,False
BUYER_04130,DEV_001315,False
BUYER_04983,DEV_001628,False
BUYER_02777,DEV_002698,False
BUYER_02912,DEV_002690,False
BUYER_03455,DEV_001467,False
BUYER_04579,DEV_001960,False
BUYER_02984,DEV_000417,False
BUYER_04528,DEV_004056,False
BUYER_03161,DEV_004172,False
BUYER_03155,DEV_003327,False
BUYER_03483,DEV_000713,False
BUYER_02255,DEV_004886,False
BUYER_03787,DEV_000890,False
BUYER_02824,DEV_001850,False
BUYER_03062,DEV_003616,False
BUYER_03839,DEV_000366,False
BUYER_02793,DEV_000821,False
BUYER_01014,DEV_004810,False
BUYER_00683,DEV_000299,False
BUYER_02960,DEV_000568,False
BUYER_04283,DEV_004959,False
BUYER_02914,DEV_000382,False
BUYER_04457,DEV_003958,False
BUYER_03943,DEV_004675,False
BUYER_03530,DEV_004272,False
BUYER_00068,DEV_003258,False
BUYER_02940,DEV_000513,False
BUYER_04573,DEV_004150,False
BUYER_04321,DEV_002801,False
BUYER_03790,DEV_000101,False
BUYER_02069,DEV_004397,False
BUYER_00155,DEV_001673,False
BUYER_03929,DEV_003722,False
BUYER_00826,DEV_000965,False
BUYER_02567,DEV_004708,False
BUYER_03573,DEV_004301,False
BUYER_04118,DEV_002937,False
BUYER_01353,DEV_001962,False
BUYER_03417,DEV_003290,False
BUYER_00979,DEV_004181,False
BUYER_04158,DEV_004616,False
BUYER_03669,DEV_003103,False
BUYER_00805,DEV_003386,False
BUYER_02622,DEV_001507,False
BUYER_04242,DEV_004837,False
BUYER_01289,DEV_003125,False
BUYER_01365,DEV_001806,False
BUYER_03829,DEV_000200,False
BUYER_02183,DEV_004422,False
BUYER_03505,DEV_002152,False
BUYER_03736,DEV_001663,False
BUYER_01847,DEV_004043,False
BUYER_04214,DEV_004910,False
BUYER_03795,DEV_000445,False
BUYER_02873,DEV_004792,False
BUYER_00008,DEV_000777,False
BUYER_01930,DEV_001578,False
BUYER_03485,DEV_001434,False
BUYER_03356,DEV_000866,False
BUYER_03717,DEV_001494,False
BUYER_03406,DEV_003206,False
BUYER_00003,DEV_002978,False
BUYER_02337,DEV_002619,False
BUYER_03803,DEV_004489,False
BUYER_01205,DEV_000290,False
BUYER_02336,DEV_002548,False
BUYER_00075,DEV_000697,False
BUYER_01594,DEV_000577,False
BUYER_02222,DEV_004015,False
BUYER_03078,DEV_000825,False
BUYER_02394,DEV_001524,False
BUYER_00504,DEV_002829,False
BUYER_03153,DEV_000141,False
BUYER_02227,DEV_003301,False
BUYER_00818,DEV_004808,False
BUYER_02608,DEV_001580,False
BUYER_03499,DEV_001976,False
BUYER_01773,DEV_004088,False
BUYER_03287,DEV_002024,False
BUYER_03884,DEV_001521,False
BUYER_02716,DEV_000625,False
BUYER_03317,DEV_001023,False
BUYER_01874,DEV_002635,False
BUYER_01683,DEV_001981,False
BUYER_00394,DEV_001238,False
BUYER_00028,DEV_004612,False
BUYER_02221,DEV_001264,False
BUYER_02036,DEV_004016,False
BUYER_00269,DEV_000096,False
BUYER_03377,DEV_004077,False
BUYER_00118,DEV_000146,False
BUYER_00616,DEV_002749,False
BUYER_04320,DEV_004149,False
BUYER_02535,DEV_002864,False
BUYER_04001,DEV_003376,False
BUYER_00681,DEV_003196,False
BUYER_02910,DEV_002782,False
BUYER_00156,DEV_003891,False
BUYER_01303,DEV_000578,False
BUYER_04235,DEV_001133,False
BUYER_04294,DEV_001392,False
BUYER_02347,DEV_001606,False
BUYER_02707,DEV_000065,False
BUYER_02813,DEV_002432,False
BUYER_00357,DEV_004208,False
BUYER_03734,DEV_002575,False
BUYER_04949,DEV_001535,False
BUYER_03044,DEV_002005,False
BUYER_00293,DEV_002172,False
BUYER_01641,DEV_003907,False
BUYER_04285,DEV_003319,False
BUYER_02675,DEV_004505,False
BUYER_04028,DEV_004829,False
BUYER_01542,DEV_000762,False
BUYER_04522,DEV_002337,False
BUYER_01443,DEV_000911,False
BUYER_01522,DEV_001814,False
BUYER_04986,DEV_004980,False
BUYER_04100,DEV_001225,False
BUYER_03985,DEV_003721,False
BUYER_00825,DEV_001519,False
BUYER_03025,DEV_004249,False
BUYER_00425,DEV_000615,False
BUYER_00661,DEV_000516,False
BUYER_02758,DEV_002107,False
BUYER_03373,DEV_000740,False
BUYER_02288,DEV_004435,False
BUYER_01345,DEV_002478,False
BUYER_02668,DEV_002911,False
BUYER_02809,DEV_000649,False
BUYER_00310,DEV_002726,False
BUYER_00176,DEV_002135,False
BUYER_02982,DEV_000878,False
BUYER_02415,DEV_003789,False
BUYER_03195,DEV_004293,False
BUYER_03816,DEV_001295,False
BUYER_00589,DEV_001099,False
BUYER_02925,DEV_003278,False
BUYER_04710,DEV_002587,False
BUYER_01458,DEV_004453,False
BUYER_00072,DEV_003680,False
BUYER_03725,DEV_003915,False
BUYER_02151,DEV_003503,False
BUYER_00177,DEV_003716,False
BUYER_03650,DEV_003004,False
BUYER_02729,DEV_004510,False
BUYER_02650,DEV_000666,False
BUYER_04065,DEV_000571,False
BUYER_01569,DEV_003795,False
BUYER_04485,DEV_002803,False
BUYER_02906,DEV_003441,False
BUYER_04769,DEV_001466,False
BUYER_02556,DEV_004144,False
BUYER_02642,DEV_002180,False
BUYER_00493,DEV_003805,False
BUYER_02751,DEV_004127,False
BUYER_00535,DEV_004998,False
BUYER_03275,DEV_004863,False
BUYER_04667,DEV_000894,False
BUYER_01197,DEV_002889,False
BUYER_03628,DEV_004313,False
BUYER_02672,DEV_000826,False
BUYER_04495,DEV_002570,False
BUYER_00988,DEV_001279,False
BUYER_01896,DEV_002328,False
BUYER_00341,DEV_002846,False
BUYER_01574,DEV_003268,False
BUYER_03893,DEV_004940,False
BUYER_04721,DEV_001633,False
BUYER_04295,DEV_001864,False
BUYER_02889,DEV_004975,False
BUYER_04896,DEV_003703,False
BUYER_01370,DEV_000352,False
BUYER_00816,DEV_002423,False
BUYER_04950,DEV_003120,False
BUYER_03337,DEV_002257,False
