fraud_ring_id,fraud_type,entity_type,entity_id
RING_FAKE_SELLER_00000,fake_listing,listing,LISTING_000000
RING_FAKE_SELLER_00000,fake_listing,listing,LISTING_000014
RING_FAKE_SELLER_00001,fake_listing,listing,LISTING_000033
RING_FAKE_SELLER_00001,fake_listing,listing,LISTING_000040
RING_FAKE_SELLER_00001,fake_listing,listing,LISTING_000044
RING_FAKE_SELLER_00001,fake_listing,listing,LISTING_000059
RING_FAKE_SELLER_00001,fake_listing,listing,LISTING_000066
RING_FAKE_SELLER_00007,fake_listing,listing,LISTING_000157
RING_FAKE_SELLER_00007,fake_listing,listing,LISTING_000166
RING_FAKE_SELLER_00010,fake_listing,listing,LISTING_000294
RING_FAKE_SELLER_00016,fake_listing,listing,LISTING_000623
RING_FAKE_SELLER_00016,fake_listing,listing,LISTING_000724
RING_FAKE_SELLER_00016,fake_listing,listing,LISTING_000745
RING_FAKE_SELLER_00018,fake_listing,listing,LISTING_000892
RING_FAKE_SELLER_00018,fake_listing,listing,LISTING_000896
RING_FAKE_SELLER_00018,fake_listing,listing,LISTING_000898
RING_FAKE_SELLER_00018,fake_listing,listing,LISTING_000899
RING_FAKE_SELLER_00021,fake_listing,listing,LISTING_001119
RING_FAKE_SELLER_00022,fake_listing,listing,LISTING_001128
RING_FAKE_SELLER_00022,fake_listing,listing,LISTING_001131
RING_FAKE_SELLER_00022,fake_listing,listing,LISTING_001132
RING_FAKE_SELLER_00022,fake_listing,listing,LISTING_001139
RING_FAKE_SELLER_00022,fake_listing,listing,LISTING_001140
RING_FAKE_SELLER_00022,fake_listing,listing,LISTING_001151
RING_FAKE_SELLER_00023,fake_listing,listing,LISTING_001165
RING_FAKE_SELLER_00023,fake_listing,listing,LISTING_001166
RING_FAKE_SELLER_00023,fake_listing,listing,LISTING_001171
RING_FAKE_SELLER_00023,fake_listing,listing,LISTING_001172
RING_FAKE_SELLER_00023,fake_listing,listing,LISTING_001186
RING_FAKE_SELLER_00023,fake_listing,listing,LISTING_001191
RING_FAKE_SELLER_00023,fake_listing,listing,LISTING_001193
RING_FAKE_SELLER_00024,fake_listing,listing,LISTING_001210
RING_FAKE_SELLER_00026,fake_listing,listing,LISTING_001409
RING_FAKE_SELLER_00032,fake_listing,listing,LISTING_001576
RING_FAKE_SELLER_00032,fake_listing,listing,LISTING_001586
RING_FAKE_SELLER_00032,fake_listing,listing,LISTING_001594
RING_FAKE_SELLER_00032,fake_listing,listing,LISTING_001604
RING_FAKE_SELLER_00032,fake_listing,listing,LISTING_001606
RING_FAKE_SELLER_00032,fake_listing,listing,LISTING_001607
RING_FAKE_SELLER_00032,fake_listing,listing,LISTING_001611
RING_FAKE_SELLER_00045,fake_listing,listing,LISTING_002009
RING_FAKE_SELLER_00046,fake_listing,listing,LISTING_002031
RING_FAKE_SELLER_00050,fake_listing,listing,LISTING_002241
RING_FAKE_SELLER_00051,fake_listing,listing,LISTING_002249
RING_FAKE_SELLER_00051,fake_listing,listing,LISTING_002252
RING_FAKE_SELLER_00051,fake_listing,listing,LISTING_002269
RING_FAKE_SELLER_00051,fake_listing,listing,LISTING_002275
RING_FAKE_SELLER_00054,fake_listing,listing,LISTING_002362
RING_FAKE_SELLER_00056,fake_listing,listing,LISTING_002407
RING_FAKE_SELLER_00056,fake_listing,listing,LISTING_002409
RING_FAKE_SELLER_00056,fake_listing,listing,LISTING_002414
RING_FAKE_SELLER_00056,fake_listing,listing,LISTING_002431
RING_FAKE_SELLER_00059,fake_listing,listing,LISTING_002530
RING_FAKE_SELLER_00059,fake_listing,listing,LISTING_002531
RING_FAKE_SELLER_00059,fake_listing,listing,LISTING_002532
RING_FAKE_SELLER_00059,fake_listing,listing,LISTING_002533
RING_FAKE_SELLER_00059,fake_listing,listing,LISTING_002536
RING_FAKE_SELLER_00062,fake_listing,listing,LISTING_002590
RING_FAKE_SELLER_00062,fake_listing,listing,LISTING_002592
RING_FAKE_SELLER_00062,fake_listing,listing,LISTING_002593
RING_FAKE_SELLER_00062,fake_listing,listing,LISTING_002597
RING_FAKE_SELLER_00062,fake_listing,listing,LISTING_002601
RING_FAKE_SELLER_00065,fake_listing,listing,LISTING_002729
RING_FAKE_SELLER_00066,fake_listing,listing,LISTING_002785
RING_FAKE_SELLER_00066,fake_listing,listing,LISTING_002787
RING_FAKE_SELLER_00066,fake_listing,listing,LISTING_002792
RING_FAKE_SELLER_00066,fake_listing,listing,LISTING_002805
RING_FAKE_SELLER_00066,fake_listing,listing,LISTING_002809
RING_FAKE_SELLER_00066,fake_listing,listing,LISTING_002814
RING_FAKE_SELLER_00066,fake_listing,listing,LISTING_002816
RING_FAKE_SELLER_00067,fake_listing,listing,LISTING_002856
RING_FAKE_SELLER_00067,fake_listing,listing,LISTING_002864
RING_FAKE_SELLER_00068,fake_listing,listing,LISTING_002876
RING_FAKE_SELLER_00068,fake_listing,listing,LISTING_002878
RING_FAKE_SELLER_00068,fake_listing,listing,LISTING_002883
RING_FAKE_SELLER_00068,fake_listing,listing,LISTING_002890
RING_FAKE_SELLER_00068,fake_listing,listing,LISTING_002901
RING_FAKE_SELLER_00069,fake_listing,listing,LISTING_002909
RING_FAKE_SELLER_00069,fake_listing,listing,LISTING_002928
RING_FAKE_SELLER_00069,fake_listing,listing,LISTING_002929
RING_FAKE_SELLER_00069,fake_listing,listing,LISTING_002930
RING_FAKE_SELLER_00073,fake_listing,listing,LISTING_003037
RING_FAKE_SELLER_00078,fake_listing,listing,LISTING_003193
RING_FAKE_SELLER_00078,fake_listing,listing,LISTING_003195
RING_FAKE_SELLER_00078,fake_listing,listing,LISTING_003197
RING_FAKE_SELLER_00078,fake_listing,listing,LISTING_003201
RING_FAKE_SELLER_00078,fake_listing,listing,LISTING_003216
RING_FAKE_SELLER_00078,fake_listing,listing,LISTING_003233
RING_FAKE_SELLER_00078,fake_listing,listing,LISTING_003240
RING_FAKE_SELLER_00078,fake_listing,listing,LISTING_003256
RING_FAKE_SELLER_00079,fake_listing,listing,LISTING_003257
RING_FAKE_SELLER_00079,fake_listing,listing,LISTING_003269
RING_FAKE_SELLER_00079,fake_listing,listing,LISTING_003277
RING_FAKE_SELLER_00079,fake_listing,listing,LISTING_003286
RING_FAKE_SELLER_00079,fake_listing,listing,LISTING_003290
RING_FAKE_SELLER_00079,fake_listing,listing,LISTING_003292
RING_FAKE_SELLER_00079,fake_listing,listing,LISTING_003305
RING_FAKE_SELLER_00090,fake_listing,listing,LISTING_003689
RING_FAKE_SELLER_00091,fake_listing,listing,LISTING_003709
RING_FAKE_SELLER_00091,fake_listing,listing,LISTING_003711
RING_FAKE_SELLER_00091,fake_listing,listing,LISTING_003715
RING_FAKE_SELLER_00091,fake_listing,listing,LISTING_003718
RING_FAKE_SELLER_00093,fake_listing,listing,LISTING_003793
RING_FAKE_SELLER_00093,fake_listing,listing,LISTING_003800
RING_FAKE_SELLER_00093,fake_listing,listing,LISTING_003803
RING_FAKE_SELLER_00093,fake_listing,listing,LISTING_003807
RING_FAKE_SELLER_00096,fake_listing,listing,LISTING_003890
RING_FAKE_SELLER_00101,fake_listing,listing,LISTING_004046
RING_FAKE_SELLER_00101,fake_listing,listing,LISTING_004059
RING_FAKE_SELLER_00102,fake_listing,listing,LISTING_004111
RING_FAKE_SELLER_00108,fake_listing,listing,LISTING_004227
RING_FAKE_SELLER_00108,fake_listing,listing,LISTING_004236
RING_FAKE_SELLER_00108,fake_listing,listing,LISTING_004250
RING_FAKE_SELLER_00108,fake_listing,listing,LISTING_004268
RING_FAKE_SELLER_00109,fake_listing,listing,LISTING_004285
RING_FAKE_SELLER_00110,fake_listing,listing,LISTING_004325
RING_FAKE_SELLER_00110,fake_listing,listing,LISTING_004326
RING_FAKE_SELLER_00115,fake_listing,listing,LISTING_004581
RING_FAKE_SELLER_00115,fake_listing,listing,LISTING_004587
RING_FAKE_SELLER_00116,fake_listing,listing,LISTING_004614
RING_FAKE_SELLER_00117,fake_listing,listing,LISTING_004637
RING_FAKE_SELLER_00119,fake_listing,listing,LISTING_004652
RING_FAKE_SELLER_00119,fake_listing,listing,LISTING_004657
RING_FAKE_SELLER_00121,fake_listing,listing,LISTING_004715
RING_FAKE_SELLER_00123,fake_listing,listing,LISTING_004952
RING_FAKE_SELLER_00123,fake_listing,listing,LISTING_005017
RING_FAKE_SELLER_00124,fake_listing,listing,LISTING_005026
RING_FAKE_SELLER_00124,fake_listing,listing,LISTING_005027
RING_FAKE_SELLER_00124,fake_listing,listing,LISTING_005038
RING_FAKE_SELLER_00124,fake_listing,listing,LISTING_005045
RING_FAKE_SELLER_00124,fake_listing,listing,LISTING_005051
RING_FAKE_SELLER_00125,fake_listing,listing,LISTING_005076
RING_FAKE_SELLER_00125,fake_listing,listing,LISTING_005083
RING_FAKE_SELLER_00125,fake_listing,listing,LISTING_005087
RING_FAKE_SELLER_00125,fake_listing,listing,LISTING_005088
RING_FAKE_SELLER_00125,fake_listing,listing,LISTING_005093
RING_FAKE_SELLER_00125,fake_listing,listing,LISTING_005095
RING_FAKE_SELLER_00127,fake_listing,listing,LISTING_005171
RING_FAKE_SELLER_00127,fake_listing,listing,LISTING_005173
RING_FAKE_SELLER_00128,fake_listing,listing,LISTING_005198
RING_FAKE_SELLER_00128,fake_listing,listing,LISTING_005199
RING_FAKE_SELLER_00128,fake_listing,listing,LISTING_005203
RING_FAKE_SELLER_00128,fake_listing,listing,LISTING_005204
RING_FAKE_SELLER_00128,fake_listing,listing,LISTING_005208
RING_FAKE_SELLER_00128,fake_listing,listing,LISTING_005219
RING_FAKE_SELLER_00128,fake_listing,listing,LISTING_005244
RING_FAKE_SELLER_00128,fake_listing,listing,LISTING_005250
RING_FAKE_SELLER_00128,fake_listing,listing,LISTING_005253
RING_FAKE_SELLER_00128,fake_listing,listing,LISTING_005265
RING_FAKE_SELLER_00131,fake_listing,listing,LISTING_005334
RING_FAKE_SELLER_00132,fake_listing,listing,LISTING_005343
RING_FAKE_SELLER_00136,fake_listing,listing,LISTING_005419
RING_FAKE_SELLER_00136,fake_listing,listing,LISTING_005423
RING_FAKE_SELLER_00136,fake_listing,listing,LISTING_005427
RING_FAKE_SELLER_00136,fake_listing,listing,LISTING_005430
RING_FAKE_SELLER_00136,fake_listing,listing,LISTING_005432
RING_FAKE_SELLER_00138,fake_listing,listing,LISTING_005474
RING_FAKE_SELLER_00138,fake_listing,listing,LISTING_005482
RING_FAKE_SELLER_00138,fake_listing,listing,LISTING_005483
RING_FAKE_SELLER_00143,fake_listing,listing,LISTING_005706
RING_FAKE_SELLER_00148,fake_listing,listing,LISTING_005919
RING_FAKE_SELLER_00148,fake_listing,listing,LISTING_005921
RING_FAKE_SELLER_00148,fake_listing,listing,LISTING_005933
RING_FAKE_SELLER_00148,fake_listing,listing,LISTING_005956
RING_FAKE_SELLER_00148,fake_listing,listing,LISTING_005958
RING_FAKE_SELLER_00148,fake_listing,listing,LISTING_005971
RING_FAKE_SELLER_00148,fake_listing,listing,LISTING_005974
RING_FAKE_SELLER_00150,fake_listing,listing,LISTING_005990
RING_FAKE_SELLER_00152,fake_listing,listing,LISTING_006103
RING_FAKE_SELLER_00153,fake_listing,listing,LISTING_006216
RING_FAKE_SELLER_00157,fake_listing,listing,LISTING_006415
RING_FAKE_SELLER_00158,fake_listing,listing,LISTING_006440
RING_FAKE_SELLER_00159,fake_listing,listing,LISTING_006454
RING_FAKE_SELLER_00159,fake_listing,listing,LISTING_006465
RING_FAKE_SELLER_00168,fake_listing,listing,LISTING_006783
RING_FAKE_SELLER_00172,fake_listing,listing,LISTING_006938
RING_FAKE_SELLER_00172,fake_listing,listing,LISTING_006998
RING_FAKE_SELLER_00175,fake_listing,listing,LISTING_007133
RING_FAKE_SELLER_00177,fake_listing,listing,LISTING_007220
RING_FAKE_SELLER_00177,fake_listing,listing,LISTING_007225
RING_FAKE_SELLER_00177,fake_listing,listing,LISTING_007232
RING_FAKE_SELLER_00177,fake_listing,listing,LISTING_007236
RING_FAKE_SELLER_00177,fake_listing,listing,LISTING_007238
RING_FAKE_SELLER_00177,fake_listing,listing,LISTING_007245
RING_FAKE_SELLER_00177,fake_listing,listing,LISTING_007262
RING_FAKE_SELLER_00177,fake_listing,listing,LISTING_007263
RING_FAKE_SELLER_00177,fake_listing,listing,LISTING_007268
RING_FAKE_SELLER_00178,fake_listing,listing,LISTING_007393
RING_FAKE_SELLER_00180,fake_listing,listing,LISTING_007451
RING_FAKE_SELLER_00180,fake_listing,listing,LISTING_007452
RING_FAKE_SELLER_00180,fake_listing,listing,LISTING_007453
RING_FAKE_SELLER_00180,fake_listing,listing,LISTING_007463
RING_FAKE_SELLER_00180,fake_listing,listing,LISTING_007471
RING_FAKE_SELLER_00180,fake_listing,listing,LISTING_007475
RING_FAKE_SELLER_00180,fake_listing,listing,LISTING_007482
RING_FAKE_SELLER_00180,fake_listing,listing,LISTING_007485
RING_FAKE_SELLER_00180,fake_listing,listing,LISTING_007492
RING_FAKE_SELLER_00180,fake_listing,listing,LISTING_007500
RING_FAKE_SELLER_00181,fake_listing,listing,LISTING_007505
RING_FAKE_SELLER_00181,fake_listing,listing,LISTING_007520
RING_FAKE_SELLER_00181,fake_listing,listing,LISTING_007524
RING_FAKE_SELLER_00181,fake_listing,listing,LISTING_007529
RING_FAKE_SELLER_00186,fake_listing,listing,LISTING_007850
RING_FAKE_SELLER_00190,fake_listing,listing,LISTING_008031
RING_FAKE_SELLER_00192,fake_listing,listing,LISTING_008134
RING_FAKE_SELLER_00193,fake_listing,listing,LISTING_008166
RING_FAKE_SELLER_00197,fake_listing,listing,LISTING_008252
RING_FAKE_SELLER_00197,fake_listing,listing,LISTING_008260
RING_FAKE_SELLER_00197,fake_listing,listing,LISTING_008266
RING_FAKE_SELLER_00197,fake_listing,listing,LISTING_008271
RING_FAKE_SELLER_00200,fake_listing,listing,LISTING_008486
RING_FAKE_SELLER_00204,fake_listing,listing,LISTING_008580
RING_FAKE_SELLER_00204,fake_listing,listing,LISTING_008598
RING_FAKE_SELLER_00204,fake_listing,listing,LISTING_008601
RING_FAKE_SELLER_00205,fake_listing,listing,LISTING_008609
RING_FAKE_SELLER_00205,fake_listing,listing,LISTING_008610
RING_FAKE_SELLER_00205,fake_listing,listing,LISTING_008613
RING_FAKE_SELLER_00207,fake_listing,listing,LISTING_008688
RING_FAKE_SELLER_00207,fake_listing,listing,LISTING_008689
RING_FAKE_SELLER_00207,fake_listing,listing,LISTING_008690
RING_FAKE_SELLER_00207,fake_listing,listing,LISTING_008697
RING_FAKE_SELLER_00212,fake_listing,listing,LISTING_008854
RING_FAKE_SELLER_00212,fake_listing,listing,LISTING_008856
RING_FAKE_SELLER_00212,fake_listing,listing,LISTING_008858
RING_FAKE_SELLER_00212,fake_listing,listing,LISTING_008860
RING_FAKE_SELLER_00212,fake_listing,listing,LISTING_008872
RING_FAKE_SELLER_00212,fake_listing,listing,LISTING_008873
RING_FAKE_SELLER_00212,fake_listing,listing,LISTING_008874
RING_FAKE_SELLER_00215,fake_listing,listing,LISTING_008982
RING_FAKE_SELLER_00228,fake_listing,listing,LISTING_009284
RING_FAKE_SELLER_00230,fake_listing,listing,LISTING_009326
RING_FAKE_SELLER_00235,fake_listing,listing,LISTING_009626
RING_FAKE_SELLER_00235,fake_listing,listing,LISTING_009629
RING_FAKE_SELLER_00235,fake_listing,listing,LISTING_009630
RING_FAKE_SELLER_00239,fake_listing,listing,LISTING_009836
RING_FAKE_SELLER_00239,fake_listing,listing,LISTING_009845
RING_FAKE_SELLER_00243,fake_listing,listing,LISTING_010012
RING_FAKE_SELLER_00244,fake_listing,listing,LISTING_010023
RING_FAKE_SELLER_00244,fake_listing,listing,LISTING_010028
RING_FAKE_SELLER_00244,fake_listing,listing,LISTING_010035
RING_FAKE_SELLER_00244,fake_listing,listing,LISTING_010041
RING_FAKE_SELLER_00244,fake_listing,listing,LISTING_010043
RING_FAKE_SELLER_00244,fake_listing,listing,LISTING_010047
RING_FAKE_SELLER_00244,fake_listing,listing,LISTING_010049
RING_FAKE_SELLER_00244,fake_listing,listing,LISTING_010055
RING_FAKE_SELLER_00244,fake_listing,listing,LISTING_010057
RING_FAKE_SELLER_00244,fake_listing,listing,LISTING_010058
RING_FAKE_SELLER_00244,fake_listing,listing,LISTING_010063
RING_FAKE_SELLER_00244,fake_listing,listing,LISTING_010069
RING_FAKE_SELLER_00244,fake_listing,listing,LISTING_010074
RING_FAKE_SELLER_00244,fake_listing,listing,LISTING_010079
RING_FAKE_SELLER_00244,fake_listing,listing,LISTING_010090
RING_FAKE_SELLER_00244,fake_listing,listing,LISTING_010099
RING_FAKE_SELLER_00244,fake_listing,listing,LISTING_010105
RING_FAKE_SELLER_00244,fake_listing,listing,LISTING_010111
RING_FAKE_SELLER_00246,fake_listing,listing,LISTING_010216
RING_FAKE_SELLER_00247,fake_listing,listing,LISTING_010221
RING_FAKE_SELLER_00247,fake_listing,listing,LISTING_010234
RING_FAKE_SELLER_00249,fake_listing,listing,LISTING_010310
RING_FAKE_SELLER_00252,fake_listing,listing,LISTING_010358
RING_FAKE_SELLER_00256,fake_listing,listing,LISTING_010457
RING_FAKE_SELLER_00258,fake_listing,listing,LISTING_010489
RING_FAKE_SELLER_00258,fake_listing,listing,LISTING_010497
RING_FAKE_SELLER_00258,fake_listing,listing,LISTING_010499
RING_FAKE_SELLER_00258,fake_listing,listing,LISTING_010507
RING_FAKE_SELLER_00258,fake_listing,listing,LISTING_010510
RING_FAKE_SELLER_00258,fake_listing,listing,LISTING_010512
RING_FAKE_SELLER_00258,fake_listing,listing,LISTING_010515
RING_FAKE_SELLER_00258,fake_listing,listing,LISTING_010518
RING_FAKE_SELLER_00258,fake_listing,listing,LISTING_010524
RING_FAKE_SELLER_00258,fake_listing,listing,LISTING_010527
RING_FAKE_SELLER_00271,fake_listing,listing,LISTING_010896
RING_FAKE_SELLER_00275,fake_listing,listing,LISTING_010968
RING_FAKE_SELLER_00275,fake_listing,listing,LISTING_010990
RING_FAKE_SELLER_00275,fake_listing,listing,LISTING_011004
RING_FAKE_SELLER_00275,fake_listing,listing,LISTING_011005
RING_FAKE_SELLER_00275,fake_listing,listing,LISTING_011010
RING_FAKE_SELLER_00275,fake_listing,listing,LISTING_011031
RING_FAKE_SELLER_00275,fake_listing,listing,LISTING_011034
RING_FAKE_SELLER_00275,fake_listing,listing,LISTING_011039
RING_FAKE_SELLER_00275,fake_listing,listing,LISTING_011052
RING_FAKE_SELLER_00275,fake_listing,listing,LISTING_011093
RING_FAKE_SELLER_00275,fake_listing,listing,LISTING_011095
RING_FAKE_SELLER_00275,fake_listing,listing,LISTING_011108
RING_FAKE_SELLER_00275,fake_listing,listing,LISTING_011121
RING_FAKE_SELLER_00275,fake_listing,listing,LISTING_011122
RING_FAKE_SELLER_00275,fake_listing,listing,LISTING_011142
RING_FAKE_SELLER_00275,fake_listing,listing,LISTING_011144
RING_FAKE_SELLER_00275,fake_listing,listing,LISTING_011156
RING_FAKE_SELLER_00275,fake_listing,listing,LISTING_011159
RING_FAKE_SELLER_00275,fake_listing,listing,LISTING_011164
RING_FAKE_SELLER_00275,fake_listing,listing,LISTING_011170
RING_FAKE_SELLER_00275,fake_listing,listing,LISTING_011183
RING_FAKE_SELLER_00275,fake_listing,listing,LISTING_011186
RING_FAKE_SELLER_00275,fake_listing,listing,LISTING_011188
RING_FAKE_SELLER_00275,fake_listing,listing,LISTING_011193
RING_FAKE_SELLER_00275,fake_listing,listing,LISTING_011199
RING_FAKE_SELLER_00275,fake_listing,listing,LISTING_011203
RING_FAKE_SELLER_00275,fake_listing,listing,LISTING_011206
RING_FAKE_SELLER_00276,fake_listing,listing,LISTING_011221
RING_FAKE_SELLER_00276,fake_listing,listing,LISTING_011223
RING_FAKE_SELLER_00276,fake_listing,listing,LISTING_011228
RING_FAKE_SELLER_00276,fake_listing,listing,LISTING_011229
RING_FAKE_SELLER_00276,fake_listing,listing,LISTING_011237
RING_FAKE_SELLER_00276,fake_listing,listing,LISTING_011246
RING_FAKE_SELLER_00276,fake_listing,listing,LISTING_011247
RING_FAKE_SELLER_00276,fake_listing,listing,LISTING_011254
RING_FAKE_SELLER_00289,fake_listing,listing,LISTING_011654
RING_FAKE_SELLER_00290,fake_listing,listing,LISTING_011726
RING_FAKE_SELLER_00292,fake_listing,listing,LISTING_011795
RING_FAKE_SELLER_00292,fake_listing,listing,LISTING_011804
RING_FAKE_SELLER_00292,fake_listing,listing,LISTING_011818
RING_FAKE_SELLER_00292,fake_listing,listing,LISTING_011822
RING_FAKE_SELLER_00297,fake_listing,listing,LISTING_011979
RING_FAKE_SELLER_00297,fake_listing,listing,LISTING_011981
RING_FAKE_SELLER_00297,fake_listing,listing,LISTING_011996
RING_FAKE_SELLER_00297,fake_listing,listing,LISTING_012002
RING_FAKE_SELLER_00297,fake_listing,listing,LISTING_012014
RING_FAKE_SELLER_00297,fake_listing,listing,LISTING_012018
RING_FAKE_SELLER_00297,fake_listing,listing,LISTING_012024
RING_FAKE_SELLER_00297,fake_listing,listing,LISTING_012025
RING_FAKE_SELLER_00297,fake_listing,listing,LISTING_012028
RING_FAKE_SELLER_00298,fake_listing,listing,LISTING_012038
RING_FAKE_SELLER_00299,fake_listing,listing,LISTING_012073
RING_FAKE_SELLER_00299,fake_listing,listing,LISTING_012087
RING_FAKE_SELLER_00299,fake_listing,listing,LISTING_012089
RING_FAKE_SELLER_00305,fake_listing,listing,LISTING_012238
RING_FAKE_SELLER_00305,fake_listing,listing,LISTING_012247
RING_FAKE_SELLER_00305,fake_listing,listing,LISTING_012250
RING_FAKE_SELLER_00305,fake_listing,listing,LISTING_012257
RING_FAKE_SELLER_00305,fake_listing,listing,LISTING_012262
RING_FAKE_SELLER_00305,fake_listing,listing,LISTING_012263
RING_FAKE_SELLER_00305,fake_listing,listing,LISTING_012265
RING_FAKE_SELLER_00305,fake_listing,listing,LISTING_012270
RING_FAKE_SELLER_00305,fake_listing,listing,LISTING_012282
RING_FAKE_SELLER_00305,fake_listing,listing,LISTING_012296
RING_FAKE_SELLER_00305,fake_listing,listing,LISTING_012303
RING_FAKE_SELLER_00305,fake_listing,listing,LISTING_012308
RING_FAKE_SELLER_00305,fake_listing,listing,LISTING_012313
RING_FAKE_SELLER_00306,fake_listing,listing,LISTING_012320
RING_FAKE_SELLER_00313,fake_listing,listing,LISTING_012589
RING_FAKE_SELLER_00315,fake_listing,listing,LISTING_012833
RING_FAKE_SELLER_00315,fake_listing,listing,LISTING_012839
RING_FAKE_SELLER_00322,fake_listing,listing,LISTING_013117
RING_FAKE_SELLER_00322,fake_listing,listing,LISTING_013120
RING_FAKE_SELLER_00326,fake_listing,listing,LISTING_013213
RING_FAKE_SELLER_00326,fake_listing,listing,LISTING_013242
RING_FAKE_SELLER_00329,fake_listing,listing,LISTING_013363
RING_FAKE_SELLER_00330,fake_listing,listing,LISTING_013370
RING_FAKE_SELLER_00331,fake_listing,listing,LISTING_013392
RING_FAKE_SELLER_00331,fake_listing,listing,LISTING_013398
RING_FAKE_SELLER_00331,fake_listing,listing,LISTING_013418
RING_FAKE_SELLER_00335,fake_listing,listing,LISTING_013521
RING_FAKE_SELLER_00335,fake_listing,listing,LISTING_013523
RING_FAKE_SELLER_00335,fake_listing,listing,LISTING_013529
RING_FAKE_SELLER_00335,fake_listing,listing,LISTING_013530
RING_FAKE_SELLER_00335,fake_listing,listing,LISTING_013532
RING_FAKE_SELLER_00335,fake_listing,listing,LISTING_013540
RING_FAKE_SELLER_00338,fake_listing,listing,LISTING_013576
RING_FAKE_SELLER_00342,fake_listing,listing,LISTING_013745
RING_FAKE_SELLER_00342,fake_listing,listing,LISTING_013754
RING_FAKE_SELLER_00344,fake_listing,listing,LISTING_013788
RING_FAKE_SELLER_00344,fake_listing,listing,LISTING_013807
RING_FAKE_SELLER_00344,fake_listing,listing,LISTING_013808
RING_FAKE_SELLER_00344,fake_listing,listing,LISTING_013810
RING_FAKE_SELLER_00344,fake_listing,listing,LISTING_013816
RING_FAKE_SELLER_00349,fake_listing,listing,LISTING_014000
RING_FAKE_SELLER_00349,fake_listing,listing,LISTING_014007
RING_FAKE_SELLER_00349,fake_listing,listing,LISTING_014013
RING_FAKE_SELLER_00349,fake_listing,listing,LISTING_014014
RING_FAKE_SELLER_00349,fake_listing,listing,LISTING_014027
RING_FAKE_SELLER_00349,fake_listing,listing,LISTING_014031
RING_FAKE_SELLER_00349,fake_listing,listing,LISTING_014042
RING_FAKE_SELLER_00352,fake_listing,listing,LISTING_014118
RING_FAKE_SELLER_00352,fake_listing,listing,LISTING_014124
RING_FAKE_SELLER_00352,fake_listing,listing,LISTING_014125
RING_FAKE_SELLER_00352,fake_listing,listing,LISTING_014130
RING_FAKE_SELLER_00352,fake_listing,listing,LISTING_014133
RING_FAKE_SELLER_00352,fake_listing,listing,LISTING_014139
RING_FAKE_SELLER_00352,fake_listing,listing,LISTING_014158
RING_FAKE_SELLER_00352,fake_listing,listing,LISTING_014159
RING_FAKE_SELLER_00354,fake_listing,listing,LISTING_014205
RING_FAKE_SELLER_00355,fake_listing,listing,LISTING_014271
RING_FAKE_SELLER_00355,fake_listing,listing,LISTING_014275
RING_FAKE_SELLER_00355,fake_listing,listing,LISTING_014277
RING_FAKE_SELLER_00355,fake_listing,listing,LISTING_014278
RING_FAKE_SELLER_00355,fake_listing,listing,LISTING_014282
RING_FAKE_SELLER_00357,fake_listing,listing,LISTING_014352
RING_FAKE_SELLER_00358,fake_listing,listing,LISTING_014381
RING_FAKE_SELLER_00358,fake_listing,listing,LISTING_014407
RING_FAKE_SELLER_00359,fake_listing,listing,LISTING_014437
RING_FAKE_SELLER_00360,fake_listing,listing,LISTING_014461
RING_FAKE_SELLER_00376,fake_listing,listing,LISTING_014898
RING_FAKE_SELLER_00376,fake_listing,listing,LISTING_014948
RING_FAKE_SELLER_00377,fake_listing,listing,LISTING_015097
RING_FAKE_SELLER_00377,fake_listing,listing,LISTING_015123
RING_FAKE_SELLER_00378,fake_listing,listing,LISTING_015182
RING_FAKE_SELLER_00386,fake_listing,listing,LISTING_015368
RING_FAKE_SELLER_00386,fake_listing,listing,LISTING_015370
RING_FAKE_SELLER_00386,fake_listing,listing,LISTING_015374
RING_FAKE_SELLER_00386,fake_listing,listing,LISTING_015377
RING_FAKE_SELLER_00386,fake_listing,listing,LISTING_015388
RING_FAKE_SELLER_00386,fake_listing,listing,LISTING_015395
RING_FAKE_SELLER_00386,fake_listing,listing,LISTING_015402
RING_FAKE_SELLER_00386,fake_listing,listing,LISTING_015408
RING_FAKE_SELLER_00386,fake_listing,listing,LISTING_015409
RING_FAKE_SELLER_00387,fake_listing,listing,LISTING_015477
RING_FAKE_SELLER_00393,fake_listing,listing,LISTING_015725
RING_FAKE_SELLER_00393,fake_listing,listing,LISTING_015726
RING_FAKE_SELLER_00393,fake_listing,listing,LISTING_015727
RING_FAKE_SELLER_00393,fake_listing,listing,LISTING_015756
RING_FAKE_SELLER_00393,fake_listing,listing,LISTING_015762
RING_FAKE_SELLER_00396,fake_listing,listing,LISTING_015801
RING_FAKE_SELLER_00396,fake_listing,listing,LISTING_015805
RING_FAKE_SELLER_00399,fake_listing,listing,LISTING_015839
RING_FAKE_SELLER_00409,fake_listing,listing,LISTING_016282
RING_FAKE_SELLER_00411,fake_listing,listing,LISTING_016319
RING_FAKE_SELLER_00411,fake_listing,listing,LISTING_016324
RING_FAKE_SELLER_00411,fake_listing,listing,LISTING_016334
RING_FAKE_SELLER_00411,fake_listing,listing,LISTING_016339
RING_FAKE_SELLER_00411,fake_listing,listing,LISTING_016343
RING_FAKE_SELLER_00411,fake_listing,listing,LISTING_016344
RING_FAKE_SELLER_00413,fake_listing,listing,LISTING_016432
RING_FAKE_SELLER_00415,fake_listing,listing,LISTING_016447
RING_FAKE_SELLER_00415,fake_listing,listing,LISTING_016453
RING_FAKE_SELLER_00415,fake_listing,listing,LISTING_016464
RING_FAKE_SELLER_00418,fake_listing,listing,LISTING_016562
RING_FAKE_SELLER_00419,fake_listing,listing,LISTING_016624
RING_FAKE_SELLER_00419,fake_listing,listing,LISTING_016625
RING_FAKE_SELLER_00419,fake_listing,listing,LISTING_016628
RING_FAKE_SELLER_00421,fake_listing,listing,LISTING_016656
RING_FAKE_SELLER_00421,fake_listing,listing,LISTING_016666
RING_FAKE_SELLER_00421,fake_listing,listing,LISTING_016679
RING_FAKE_SELLER_00421,fake_listing,listing,LISTING_016683
RING_FAKE_SELLER_00421,fake_listing,listing,LISTING_016685
RING_FAKE_SELLER_00421,fake_listing,listing,LISTING_016695
RING_FAKE_SELLER_00421,fake_listing,listing,LISTING_016707
RING_FAKE_SELLER_00421,fake_listing,listing,LISTING_016710
RING_FAKE_SELLER_00421,fake_listing,listing,LISTING_016713
RING_FAKE_SELLER_00423,fake_listing,listing,LISTING_016777
RING_FAKE_SELLER_00423,fake_listing,listing,LISTING_016799
RING_FAKE_SELLER_00424,fake_listing,listing,LISTING_016860
RING_FAKE_SELLER_00424,fake_listing,listing,LISTING_016876
RING_FAKE_SELLER_00424,fake_listing,listing,LISTING_016896
RING_FAKE_SELLER_00428,fake_listing,listing,LISTING_017031
RING_FAKE_SELLER_00428,fake_listing,listing,LISTING_017045
RING_FAKE_SELLER_00430,fake_listing,listing,LISTING_017096
RING_FAKE_SELLER_00436,fake_listing,listing,LISTING_017230
RING_FAKE_SELLER_00436,fake_listing,listing,LISTING_017236
RING_FAKE_SELLER_00436,fake_listing,listing,LISTING_017244
RING_FAKE_SELLER_00436,fake_listing,listing,LISTING_017246
RING_FAKE_SELLER_00436,fake_listing,listing,LISTING_017247
RING_FAKE_SELLER_00436,fake_listing,listing,LISTING_017251
RING_FAKE_SELLER_00436,fake_listing,listing,LISTING_017258
RING_FAKE_SELLER_00444,fake_listing,listing,LISTING_017668
RING_FAKE_SELLER_00449,fake_listing,listing,LISTING_017775
RING_FAKE_SELLER_00451,fake_listing,listing,LISTING_017857
RING_FAKE_SELLER_00451,fake_listing,listing,LISTING_017860
RING_FAKE_SELLER_00451,fake_listing,listing,LISTING_017876
RING_FAKE_SELLER_00451,fake_listing,listing,LISTING_017892
RING_FAKE_SELLER_00451,fake_listing,listing,LISTING_017908
RING_FAKE_SELLER_00451,fake_listing,listing,LISTING_017914
RING_FAKE_SELLER_00455,fake_listing,listing,LISTING_018101
RING_FAKE_SELLER_00460,fake_listing,listing,LISTING_018352
RING_FAKE_SELLER_00462,fake_listing,listing,LISTING_018455
RING_FAKE_SELLER_00463,fake_listing,listing,LISTING_018539
RING_FAKE_SELLER_00464,fake_listing,listing,LISTING_018626
RING_FAKE_SELLER_00464,fake_listing,listing,LISTING_018636
RING_FAKE_SELLER_00464,fake_listing,listing,LISTING_018641
RING_FAKE_SELLER_00466,fake_listing,listing,LISTING_018670
RING_FAKE_SELLER_00476,fake_listing,listing,LISTING_019210
RING_FAKE_SELLER_00476,fake_listing,listing,LISTING_019217
RING_FAKE_SELLER_00476,fake_listing,listing,LISTING_019235
RING_FAKE_SELLER_00477,fake_listing,listing,LISTING_019252
RING_FAKE_SELLER_00479,fake_listing,listing,LISTING_019336
RING_FAKE_SELLER_00479,fake_listing,listing,LISTING_019344
RING_FAKE_SELLER_00481,fake_listing,listing,LISTING_019368
RING_FAKE_SELLER_00481,fake_listing,listing,LISTING_019373
RING_FAKE_SELLER_00481,fake_listing,listing,LISTING_019383
RING_FAKE_SELLER_00481,fake_listing,listing,LISTING_019386
RING_FAKE_SELLER_00481,fake_listing,listing,LISTING_019387
RING_FAKE_SELLER_00481,fake_listing,listing,LISTING_019392
RING_FAKE_SELLER_00481,fake_listing,listing,LISTING_019395
RING_FAKE_SELLER_00481,fake_listing,listing,LISTING_019400
RING_FAKE_SELLER_00494,fake_listing,listing,LISTING_019784
RING_FAKE_SELLER_00494,fake_listing,listing,LISTING_019793
RING_FAKE_SELLER_00494,fake_listing,listing,LISTING_019800
RING_FAKE_SELLER_00494,fake_listing,listing,LISTING_019803
RING_FAKE_SELLER_00494,fake_listing,listing,LISTING_019813
RING_FAKE_SELLER_00494,fake_listing,listing,LISTING_019824
RING_FAKE_SELLER_00494,fake_listing,listing,LISTING_019829
RING_FAKE_SELLER_00495,fake_listing,listing,LISTING_019843
RING_FAKE_SELLER_00495,fake_listing,listing,LISTING_019848
RING_FAKE_SELLER_00495,fake_listing,listing,LISTING_019849
RING_FAKE_SELLER_00495,fake_listing,listing,LISTING_019853
RING_FAKE_SELLER_00495,fake_listing,listing,LISTING_019855
RING_FAKE_SELLER_00495,fake_listing,listing,LISTING_019859
RING_FAKE_SELLER_00495,fake_listing,listing,LISTING_019878
RING_FAKE_SELLER_00495,fake_listing,listing,LISTING_019879
RING_FAKE_SELLER_00495,fake_listing,listing,LISTING_019889
RING_ABUSE_BUYER_04981,return_abuse,buyer,BUYER_04981
RING_ABUSE_BUYER_03081,return_abuse,buyer,BUYER_03081
RING_ABUSE_BUYER_01889,return_abuse,buyer,BUYER_01889
RING_ABUSE_BUYER_00230,return_abuse,buyer,BUYER_00230
RING_ABUSE_BUYER_01303,return_abuse,buyer,BUYER_01303
RING_ABUSE_BUYER_04078,return_abuse,buyer,BUYER_04078
RING_ABUSE_BUYER_03239,return_abuse,buyer,BUYER_03239
RING_ABUSE_BUYER_02936,return_abuse,buyer,BUYER_02936
RING_ABUSE_BUYER_02310,return_abuse,buyer,BUYER_02310
RING_ABUSE_BUYER_04718,return_abuse,buyer,BUYER_04718
RING_ABUSE_BUYER_02387,return_abuse,buyer,BUYER_02387
RING_ABUSE_BUYER_04853,return_abuse,buyer,BUYER_04853
RING_ABUSE_BUYER_01092,return_abuse,buyer,BUYER_01092
RING_ABUSE_BUYER_00988,return_abuse,buyer,BUYER_00988
RING_ABUSE_BUYER_00433,return_abuse,buyer,BUYER_00433
RING_ABUSE_BUYER_02847,return_abuse,buyer,BUYER_02847
RING_ABUSE_BUYER_02131,return_abuse,buyer,BUYER_02131
RING_ABUSE_BUYER_04730,return_abuse,buyer,BUYER_04730
RING_ABUSE_BUYER_00727,return_abuse,buyer,BUYER_00727
RING_ABUSE_BUYER_01367,return_abuse,buyer,BUYER_01367
RING_ABUSE_BUYER_03888,return_abuse,buyer,BUYER_03888
RING_ABUSE_BUYER_03619,return_abuse,buyer,BUYER_03619
RING_ABUSE_BUYER_03831,return_abuse,buyer,BUYER_03831
RING_ABUSE_BUYER_04139,return_abuse,buyer,BUYER_04139
RING_ABUSE_BUYER_02424,return_abuse,buyer,BUYER_02424
RING_ABUSE_BUYER_00807,return_abuse,buyer,BUYER_00807
RING_ABUSE_BUYER_03387,return_abuse,buyer,BUYER_03387
RING_ABUSE_BUYER_01498,return_abuse,buyer,BUYER_01498
RING_ABUSE_BUYER_00649,return_abuse,buyer,BUYER_00649
RING_ABUSE_BUYER_02233,return_abuse,buyer,BUYER_02233
RING_ABUSE_BUYER_01464,return_abuse,buyer,BUYER_01464
RING_ABUSE_BUYER_01757,return_abuse,buyer,BUYER_01757
RING_ABUSE_BUYER_02895,return_abuse,buyer,BUYER_02895
RING_ABUSE_BUYER_01727,return_abuse,buyer,BUYER_01727
RING_ABUSE_BUYER_00359,return_abuse,buyer,BUYER_00359
RING_ABUSE_BUYER_04963,return_abuse,buyer,BUYER_04963
RING_ABUSE_BUYER_02786,return_abuse,buyer,BUYER_02786
RING_ABUSE_BUYER_04651,return_abuse,buyer,BUYER_04651
RING_ABUSE_BUYER_02772,return_abuse,buyer,BUYER_02772
RING_ABUSE_BUYER_00012,return_abuse,buyer,BUYER_00012
RING_ABUSE_BUYER_02904,return_abuse,buyer,BUYER_02904
RING_ABUSE_BUYER_04956,return_abuse,buyer,BUYER_04956
RING_ABUSE_BUYER_04414,return_abuse,buyer,BUYER_04414
RING_ABUSE_BUYER_02639,return_abuse,buyer,BUYER_02639
RING_ABUSE_BUYER_03899,return_abuse,buyer,BUYER_03899
RING_ABUSE_BUYER_04221,return_abuse,buyer,BUYER_04221
RING_ABUSE_BUYER_04213,return_abuse,buyer,BUYER_04213
RING_ABUSE_BUYER_02482,return_abuse,buyer,BUYER_02482
RING_ABUSE_BUYER_01632,return_abuse,buyer,BUYER_01632
RING_ABUSE_BUYER_03218,return_abuse,buyer,BUYER_03218
RING_ABUSE_BUYER_01364,return_abuse,buyer,BUYER_01364
RING_ABUSE_BUYER_01941,return_abuse,buyer,BUYER_01941
RING_ABUSE_BUYER_02896,return_abuse,buyer,BUYER_02896
RING_ABUSE_BUYER_04886,return_abuse,buyer,BUYER_04886
RING_ABUSE_BUYER_03474,return_abuse,buyer,BUYER_03474
RING_ABUSE_BUYER_00371,return_abuse,buyer,BUYER_00371
RING_ABUSE_BUYER_04031,return_abuse,buyer,BUYER_04031
RING_ABUSE_BUYER_03639,return_abuse,buyer,BUYER_03639
RING_ABUSE_BUYER_00041,return_abuse,buyer,BUYER_00041
RING_ABUSE_BUYER_02279,return_abuse,buyer,BUYER_02279
RING_ABUSE_BUYER_00398,return_abuse,buyer,BUYER_00398
RING_ABUSE_BUYER_01967,return_abuse,buyer,BUYER_01967
RING_ABUSE_BUYER_02150,return_abuse,buyer,BUYER_02150
RING_ABUSE_BUYER_00387,return_abuse,buyer,BUYER_00387
RING_ABUSE_BUYER_03676,return_abuse,buyer,BUYER_03676
RING_ABUSE_BUYER_00151,return_abuse,buyer,BUYER_00151
RING_ABUSE_BUYER_00775,return_abuse,buyer,BUYER_00775
RING_ABUSE_BUYER_02655,return_abuse,buyer,BUYER_02655
RING_ABUSE_BUYER_03197,return_abuse,buyer,BUYER_03197
RING_ABUSE_BUYER_00117,return_abuse,buyer,BUYER_00117
RING_ABUSE_BUYER_01559,return_abuse,buyer,BUYER_01559
RING_ABUSE_BUYER_02174,return_abuse,buyer,BUYER_02174
RING_ABUSE_BUYER_01516,return_abuse,buyer,BUYER_01516
RING_ABUSE_BUYER_01433,return_abuse,buyer,BUYER_01433
RING_ABUSE_BUYER_00451,return_abuse,buyer,BUYER_00451
RING_ABUSE_BUYER_02249,return_abuse,buyer,BUYER_02249
RING_ABUSE_BUYER_00668,return_abuse,buyer,BUYER_00668
RING_ABUSE_BUYER_00952,return_abuse,buyer,BUYER_00952
RING_ABUSE_BUYER_04219,return_abuse,buyer,BUYER_04219
RING_ABUSE_BUYER_03637,return_abuse,buyer,BUYER_03637
RING_ABUSE_BUYER_02967,return_abuse,buyer,BUYER_02967
RING_ABUSE_BUYER_02683,return_abuse,buyer,BUYER_02683
RING_ABUSE_BUYER_04835,return_abuse,buyer,BUYER_04835
RING_ABUSE_BUYER_00432,return_abuse,buyer,BUYER_00432
RING_ABUSE_BUYER_01535,return_abuse,buyer,BUYER_01535
RING_ABUSE_BUYER_03357,return_abuse,buyer,BUYER_03357
RING_ABUSE_BUYER_04904,return_abuse,buyer,BUYER_04904
RING_ABUSE_BUYER_02510,return_abuse,buyer,BUYER_02510
RING_ABUSE_BUYER_03895,return_abuse,buyer,BUYER_03895
RING_ABUSE_BUYER_00003,return_abuse,buyer,BUYER_00003
RING_ABUSE_BUYER_03344,return_abuse,buyer,BUYER_03344
RING_ABUSE_BUYER_00014,return_abuse,buyer,BUYER_00014
RING_ABUSE_BUYER_03170,return_abuse,buyer,BUYER_03170
RING_ABUSE_BUYER_01873,return_abuse,buyer,BUYER_01873
RING_ABUSE_BUYER_02152,return_abuse,buyer,BUYER_02152
RING_ABUSE_BUYER_01806,return_abuse,buyer,BUYER_01806
RING_ABUSE_BUYER_02810,return_abuse,buyer,BUYER_02810
RING_ABUSE_BUYER_02656,return_abuse,buyer,BUYER_02656
RING_ABUSE_BUYER_04786,return_abuse,buyer,BUYER_04786
RING_ABUSE_BUYER_01927,return_abuse,buyer,BUYER_01927
RING_ABUSE_BUYER_01073,return_abuse,buyer,BUYER_01073
RING_ABUSE_BUYER_04526,return_abuse,buyer,BUYER_04526
RING_ABUSE_BUYER_00043,return_abuse,buyer,BUYER_00043
RING_ABUSE_BUYER_04348,return_abuse,buyer,BUYER_04348
RING_ABUSE_BUYER_01935,return_abuse,buyer,BUYER_01935
RING_ABUSE_BUYER_03446,return_abuse,buyer,BUYER_03446
RING_ABUSE_BUYER_00829,return_abuse,buyer,BUYER_00829
RING_ABUSE_BUYER_04399,return_abuse,buyer,BUYER_04399
RING_ABUSE_BUYER_04999,return_abuse,buyer,BUYER_04999
RING_ABUSE_BUYER_00766,return_abuse,buyer,BUYER_00766
RING_ABUSE_BUYER_01791,return_abuse,buyer,BUYER_01791
RING_ABUSE_BUYER_03368,return_abuse,buyer,BUYER_03368
RING_ABUSE_BUYER_00894,return_abuse,buyer,BUYER_00894
RING_ABUSE_BUYER_00193,return_abuse,buyer,BUYER_00193
RING_ABUSE_BUYER_01925,return_abuse,buyer,BUYER_01925
RING_ABUSE_BUYER_03905,return_abuse,buyer,BUYER_03905
RING_ABUSE_BUYER_01245,return_abuse,buyer,BUYER_01245
RING_ABUSE_BUYER_01982,return_abuse,buyer,BUYER_01982
RING_ABUSE_BUYER_04576,return_abuse,buyer,BUYER_04576
RING_ABUSE_BUYER_04239,return_abuse,buyer,BUYER_04239
RING_ABUSE_BUYER_03821,return_abuse,buyer,BUYER_03821
RING_ABUSE_BUYER_03391,return_abuse,buyer,BUYER_03391
RING_ABUSE_BUYER_04459,return_abuse,buyer,BUYER_04459
RING_ABUSE_BUYER_02716,return_abuse,buyer,BUYER_02716
RING_ABUSE_BUYER_04809,return_abuse,buyer,BUYER_04809
RING_ABUSE_BUYER_03626,return_abuse,buyer,BUYER_03626
RING_ABUSE_BUYER_01540,return_abuse,buyer,BUYER_01540
RING_ABUSE_BUYER_00741,return_abuse,buyer,BUYER_00741
RING_ABUSE_BUYER_01411,return_abuse,buyer,BUYER_01411
RING_ABUSE_BUYER_02130,return_abuse,buyer,BUYER_02130
RING_ABUSE_BUYER_04929,return_abuse,buyer,BUYER_04929
RING_ABUSE_BUYER_01983,return_abuse,buyer,BUYER_01983
RING_ABUSE_BUYER_02000,return_abuse,buyer,BUYER_02000
RING_ABUSE_BUYER_04791,return_abuse,buyer,BUYER_04791
RING_ABUSE_BUYER_01007,return_abuse,buyer,BUYER_01007
RING_ABUSE_BUYER_02849,return_abuse,buyer,BUYER_02849
RING_ABUSE_BUYER_01546,return_abuse,buyer,BUYER_01546
RING_ABUSE_BUYER_01557,return_abuse,buyer,BUYER_01557
RING_ABUSE_BUYER_00007,return_abuse,buyer,BUYER_00007
RING_ABUSE_BUYER_00600,return_abuse,buyer,BUYER_00600
RING_ABUSE_BUYER_01962,return_abuse,buyer,BUYER_01962
RING_ABUSE_BUYER_03186,return_abuse,buyer,BUYER_03186
RING_ABUSE_BUYER_01599,return_abuse,buyer,BUYER_01599
RING_ABUSE_BUYER_04102,return_abuse,buyer,BUYER_04102
RING_ABUSE_BUYER_03037,return_abuse,buyer,BUYER_03037
RING_ABUSE_BUYER_02420,return_abuse,buyer,BUYER_02420
RING_ABUSE_BUYER_02172,return_abuse,buyer,BUYER_02172
RING_ABUSE_BUYER_04259,return_abuse,buyer,BUYER_04259
RING_ABUSE_BUYER_02846,return_abuse,buyer,BUYER_02846
RING_ABUSE_BUYER_00250,return_abuse,buyer,BUYER_00250
RING_ABUSE_BUYER_04660,return_abuse,buyer,BUYER_04660
RING_ABUSE_BUYER_02280,return_abuse,buyer,BUYER_02280
RING_ABUSE_BUYER_01376,return_abuse,buyer,BUYER_01376
RING_ABUSE_BUYER_02175,return_abuse,buyer,BUYER_02175
RING_ABUSE_BUYER_03038,return_abuse,buyer,BUYER_03038
RING_ABUSE_BUYER_03002,return_abuse,buyer,BUYER_03002
RING_ABUSE_BUYER_02557,return_abuse,buyer,BUYER_02557
RING_ABUSE_BUYER_03119,return_abuse,buyer,BUYER_03119
RING_ABUSE_BUYER_01854,return_abuse,buyer,BUYER_01854
RING_ABUSE_BUYER_01210,return_abuse,buyer,BUYER_01210
RING_ABUSE_BUYER_01634,return_abuse,buyer,BUYER_01634
RING_ABUSE_BUYER_01293,return_abuse,buyer,BUYER_01293
RING_ABUSE_BUYER_03246,return_abuse,buyer,BUYER_03246
RING_ABUSE_BUYER_01714,return_abuse,buyer,BUYER_01714
RING_ABUSE_BUYER_02888,return_abuse,buyer,BUYER_02888
RING_ABUSE_BUYER_01206,return_abuse,buyer,BUYER_01206
RING_ABUSE_BUYER_01812,return_abuse,buyer,BUYER_01812
RING_ABUSE_BUYER_02747,return_abuse,buyer,BUYER_02747
RING_ABUSE_BUYER_00657,return_abuse,buyer,BUYER_00657
RING_ABUSE_BUYER_04166,return_abuse,buyer,BUYER_04166
RING_ABUSE_BUYER_03458,return_abuse,buyer,BUYER_03458
RING_ABUSE_BUYER_02901,return_abuse,buyer,BUYER_02901
RING_ABUSE_BUYER_03861,return_abuse,buyer,BUYER_03861
RING_ABUSE_BUYER_03649,return_abuse,buyer,BUYER_03649
RING_ABUSE_BUYER_03953,return_abuse,buyer,BUYER_03953
RING_ABUSE_BUYER_00764,return_abuse,buyer,BUYER_00764
RING_ABUSE_BUYER_03140,return_abuse,buyer,BUYER_03140
RING_ABUSE_BUYER_04301,return_abuse,buyer,BUYER_04301
RING_ABUSE_BUYER_04613,return_abuse,buyer,BUYER_04613
RING_ABUSE_BUYER_04278,return_abuse,buyer,BUYER_04278
RING_ABUSE_BUYER_00237,return_abuse,buyer,BUYER_00237
RING_ABUSE_BUYER_02825,return_abuse,buyer,BUYER_02825
RING_ABUSE_BUYER_01530,return_abuse,buyer,BUYER_01530
RING_ABUSE_BUYER_01603,return_abuse,buyer,BUYER_01603
RING_ABUSE_BUYER_03353,return_abuse,buyer,BUYER_03353
RING_ABUSE_BUYER_02831,return_abuse,buyer,BUYER_02831
RING_ABUSE_BUYER_03759,return_abuse,buyer,BUYER_03759
RING_ABUSE_BUYER_01439,return_abuse,buyer,BUYER_01439
RING_ABUSE_BUYER_01396,return_abuse,buyer,BUYER_01396
RING_ABUSE_BUYER_01205,return_abuse,buyer,BUYER_01205
RING_ABUSE_BUYER_01629,return_abuse,buyer,BUYER_01629
RING_ABUSE_BUYER_00465,return_abuse,buyer,BUYER_00465
RING_ABUSE_BUYER_00389,return_abuse,buyer,BUYER_00389
RING_ABUSE_BUYER_03932,return_abuse,buyer,BUYER_03932
RING_ABUSE_BUYER_01430,return_abuse,buyer,BUYER_01430
RING_ABUSE_BUYER_02649,return_abuse,buyer,BUYER_02649
RING_ABUSE_BUYER_02512,return_abuse,buyer,BUYER_02512
RING_ABUSE_BUYER_03420,return_abuse,buyer,BUYER_03420
RING_ABUSE_BUYER_03512,return_abuse,buyer,BUYER_03512
RING_ABUSE_BUYER_03652,return_abuse,buyer,BUYER_03652
RING_ABUSE_BUYER_03269,return_abuse,buyer,BUYER_03269
RING_ABUSE_BUYER_01390,return_abuse,buyer,BUYER_01390
RING_ABUSE_BUYER_02624,return_abuse,buyer,BUYER_02624
RING_ABUSE_BUYER_03450,return_abuse,buyer,BUYER_03450
RING_ABUSE_BUYER_02635,return_abuse,buyer,BUYER_02635
RING_ABUSE_BUYER_02227,return_abuse,buyer,BUYER_02227
RING_ABUSE_BUYER_00224,return_abuse,buyer,BUYER_00224
RING_ABUSE_BUYER_03576,return_abuse,buyer,BUYER_03576
RING_ABUSE_BUYER_00858,return_abuse,buyer,BUYER_00858
RING_ABUSE_BUYER_00099,return_abuse,buyer,BUYER_00099
RING_ABUSE_BUYER_01796,return_abuse,buyer,BUYER_01796
RING_ABUSE_BUYER_03644,return_abuse,buyer,BUYER_03644
RING_ABUSE_BUYER_04133,return_abuse,buyer,BUYER_04133
RING_ABUSE_BUYER_03051,return_abuse,buyer,BUYER_03051
RING_ABUSE_BUYER_03805,return_abuse,buyer,BUYER_03805
RING_ABUSE_BUYER_00021,return_abuse,buyer,BUYER_00021
RING_ABUSE_BUYER_00713,return_abuse,buyer,BUYER_00713
RING_ABUSE_BUYER_01443,return_abuse,buyer,BUYER_01443
RING_ABUSE_BUYER_00470,return_abuse,buyer,BUYER_00470
RING_ABUSE_BUYER_02999,return_abuse,buyer,BUYER_02999
RING_ABUSE_BUYER_01084,return_abuse,buyer,BUYER_01084
RING_ABUSE_BUYER_03745,return_abuse,buyer,BUYER_03745
RING_ABUSE_BUYER_00087,return_abuse,buyer,BUYER_00087
RING_ABUSE_BUYER_04974,return_abuse,buyer,BUYER_04974
RING_ABUSE_BUYER_00588,return_abuse,buyer,BUYER_00588
RING_ABUSE_BUYER_02438,return_abuse,buyer,BUYER_02438
RING_ABUSE_BUYER_01135,return_abuse,buyer,BUYER_01135
RING_ABUSE_BUYER_04235,return_abuse,buyer,BUYER_04235
RING_ABUSE_BUYER_02066,return_abuse,buyer,BUYER_02066
RING_ABUSE_BUYER_04686,return_abuse,buyer,BUYER_04686
RING_ABUSE_BUYER_03377,return_abuse,buyer,BUYER_03377
RING_ABUSE_BUYER_03439,return_abuse,buyer,BUYER_03439
RING_ABUSE_BUYER_03688,return_abuse,buyer,BUYER_03688
RING_ABUSE_BUYER_03843,return_abuse,buyer,BUYER_03843
RING_ABUSE_BUYER_00443,return_abuse,buyer,BUYER_00443
RING_ABUSE_BUYER_02075,return_abuse,buyer,BUYER_02075
RING_ABUSE_BUYER_01381,return_abuse,buyer,BUYER_01381
RING_ABUSE_BUYER_02638,return_abuse,buyer,BUYER_02638
RING_ABUSE_BUYER_03011,return_abuse,buyer,BUYER_03011
RING_ABUSE_BUYER_02879,return_abuse,buyer,BUYER_02879
RING_ABUSE_BUYER_00835,return_abuse,buyer,BUYER_00835
RING_ABUSE_BUYER_04246,return_abuse,buyer,BUYER_04246
RING_ABUSE_BUYER_04442,return_abuse,buyer,BUYER_04442
RING_ABUSE_BUYER_01943,return_abuse,buyer,BUYER_01943
RING_ABUSE_BUYER_04340,return_abuse,buyer,BUYER_04340
RING_ABUSE_BUYER_03261,return_abuse,buyer,BUYER_03261
RING_ABUSE_BUYER_03868,return_abuse,buyer,BUYER_03868
RING_ABUSE_BUYER_02922,return_abuse,buyer,BUYER_02922
RING_ABUSE_BUYER_00357,return_abuse,buyer,BUYER_00357
RING_ABUSE_BUYER_02244,return_abuse,buyer,BUYER_02244
RING_ABUSE_BUYER_01009,return_abuse,buyer,BUYER_01009
RING_ABUSE_BUYER_02240,return_abuse,buyer,BUYER_02240
RING_ABUSE_BUYER_04128,return_abuse,buyer,BUYER_04128
RING_ABUSE_BUYER_00310,return_abuse,buyer,BUYER_00310
RING_ABUSE_BUYER_03788,return_abuse,buyer,BUYER_03788
RING_ABUSE_BUYER_01671,return_abuse,buyer,BUYER_01671
RING_ABUSE_BUYER_04625,return_abuse,buyer,BUYER_04625
RING_ABUSE_BUYER_03855,return_abuse,buyer,BUYER_03855
RING_ABUSE_BUYER_02842,return_abuse,buyer,BUYER_02842
RING_ABUSE_BUYER_01458,return_abuse,buyer,BUYER_01458
RING_ABUSE_BUYER_03567,return_abuse,buyer,BUYER_03567
RING_ABUSE_BUYER_04137,return_abuse,buyer,BUYER_04137
RING_ABUSE_BUYER_04492,return_abuse,buyer,BUYER_04492
RING_ABUSE_BUYER_01297,return_abuse,buyer,BUYER_01297
RING_ABUSE_BUYER_00120,return_abuse,buyer,BUYER_00120
RING_ABUSE_BUYER_00563,return_abuse,buyer,BUYER_00563
RING_ABUSE_BUYER_03527,return_abuse,buyer,BUYER_03527
RING_ABUSE_BUYER_01860,return_abuse,buyer,BUYER_01860
RING_ABUSE_BUYER_03008,return_abuse,buyer,BUYER_03008
RING_ABUSE_BUYER_03500,return_abuse,buyer,BUYER_03500
RING_ABUSE_BUYER_00469,return_abuse,buyer,BUYER_00469
RING_ABUSE_BUYER_01086,return_abuse,buyer,BUYER_01086
RING_ABUSE_BUYER_04325,return_abuse,buyer,BUYER_04325
RING_ABUSE_BUYER_01324,return_abuse,buyer,BUYER_01324
RING_ABUSE_BUYER_04192,return_abuse,buyer,BUYER_04192
RING_ABUSE_BUYER_02866,return_abuse,buyer,BUYER_02866
RING_ABUSE_BUYER_00758,return_abuse,buyer,BUYER_00758
RING_ABUSE_BUYER_00113,return_abuse,buyer,BUYER_00113
RING_ABUSE_BUYER_03880,return_abuse,buyer,BUYER_03880
RING_ABUSE_BUYER_01570,return_abuse,buyer,BUYER_01570
RING_ABUSE_BUYER_04714,return_abuse,buyer,BUYER_04714
RING_ABUSE_BUYER_01513,return_abuse,buyer,BUYER_01513
RING_ABUSE_BUYER_00709,return_abuse,buyer,BUYER_00709
RING_ABUSE_BUYER_00380,return_abuse,buyer,BUYER_00380
RING_ABUSE_BUYER_03939,return_abuse,buyer,BUYER_03939
RING_ABUSE_BUYER_01741,return_abuse,buyer,BUYER_01741
RING_ABUSE_BUYER_01911,return_abuse,buyer,BUYER_01911
RING_ABUSE_BUYER_00669,return_abuse,buyer,BUYER_00669
RING_ABUSE_BUYER_02920,return_abuse,buyer,BUYER_02920
RING_ABUSE_BUYER_03471,return_abuse,buyer,BUYER_03471
RING_ABUSE_BUYER_01107,return_abuse,buyer,BUYER_01107
RING_ABUSE_BUYER_03422,return_abuse,buyer,BUYER_03422
RING_ABUSE_BUYER_04434,return_abuse,buyer,BUYER_04434
RING_ABUSE_BUYER_04879,return_abuse,buyer,BUYER_04879
RING_ABUSE_BUYER_01152,return_abuse,buyer,BUYER_01152
RING_ABUSE_BUYER_01187,return_abuse,buyer,BUYER_01187
RING_ABUSE_BUYER_03120,return_abuse,buyer,BUYER_03120
RING_ABUSE_BUYER_00105,return_abuse,buyer,BUYER_00105
RING_ABUSE_BUYER_04703,return_abuse,buyer,BUYER_04703
RING_ABUSE_BUYER_02352,return_abuse,buyer,BUYER_02352
RING_ABUSE_BUYER_03232,return_abuse,buyer,BUYER_03232
RING_ABUSE_BUYER_01953,return_abuse,buyer,BUYER_01953
RING_ABUSE_BUYER_01015,return_abuse,buyer,BUYER_01015
RING_ABUSE_BUYER_00900,return_abuse,buyer,BUYER_00900
RING_ABUSE_BUYER_02060,return_abuse,buyer,BUYER_02060
RING_ABUSE_BUYER_03205,return_abuse,buyer,BUYER_03205
RING_ABUSE_BUYER_01379,return_abuse,buyer,BUYER_01379
RING_ABUSE_BUYER_02303,return_abuse,buyer,BUYER_02303
RING_ABUSE_BUYER_02951,return_abuse,buyer,BUYER_02951
RING_ABUSE_BUYER_02259,return_abuse,buyer,BUYER_02259
RING_ABUSE_BUYER_04642,return_abuse,buyer,BUYER_04642
RING_ABUSE_BUYER_02464,return_abuse,buyer,BUYER_02464
RING_ABUSE_BUYER_04636,return_abuse,buyer,BUYER_04636
RING_ABUSE_BUYER_03818,return_abuse,buyer,BUYER_03818
RING_ABUSE_BUYER_03096,return_abuse,buyer,BUYER_03096
RING_ABUSE_BUYER_01976,return_abuse,buyer,BUYER_01976
RING_ABUSE_BUYER_04761,return_abuse,buyer,BUYER_04761
RING_ABUSE_BUYER_02221,return_abuse,buyer,BUYER_02221
RING_ABUSE_BUYER_03107,return_abuse,buyer,BUYER_03107
RING_ABUSE_BUYER_04832,return_abuse,buyer,BUYER_04832
RING_ABUSE_BUYER_00964,return_abuse,buyer,BUYER_00964
RING_ABUSE_BUYER_04083,return_abuse,buyer,BUYER_04083
RING_ABUSE_BUYER_04424,return_abuse,buyer,BUYER_04424
RING_ABUSE_BUYER_01554,return_abuse,buyer,BUYER_01554
RING_ABUSE_BUYER_02474,return_abuse,buyer,BUYER_02474
RING_ABUSE_BUYER_02771,return_abuse,buyer,BUYER_02771
RING_ABUSE_BUYER_02389,return_abuse,buyer,BUYER_02389
RING_ABUSE_BUYER_03085,return_abuse,buyer,BUYER_03085
RING_ABUSE_BUYER_03104,return_abuse,buyer,BUYER_03104
RING_ABUSE_BUYER_01062,return_abuse,buyer,BUYER_01062
RING_ABUSE_BUYER_00612,return_abuse,buyer,BUYER_00612
RING_ABUSE_BUYER_02246,return_abuse,buyer,BUYER_02246
RING_ABUSE_BUYER_00560,return_abuse,buyer,BUYER_00560
RING_ABUSE_BUYER_04729,return_abuse,buyer,BUYER_04729
RING_ABUSE_BUYER_02169,return_abuse,buyer,BUYER_02169
RING_ABUSE_BUYER_02173,return_abuse,buyer,BUYER_02173
RING_ABUSE_BUYER_01229,return_abuse,buyer,BUYER_01229
RING_ABUSE_BUYER_00772,return_abuse,buyer,BUYER_00772
RING_ABUSE_BUYER_04345,return_abuse,buyer,BUYER_04345
RING_ABUSE_BUYER_02835,return_abuse,buyer,BUYER_02835
RING_ABUSE_BUYER_02764,return_abuse,buyer,BUYER_02764
RING_ABUSE_BUYER_01639,return_abuse,buyer,BUYER_01639
RING_ABUSE_BUYER_04342,return_abuse,buyer,BUYER_04342
RING_ABUSE_BUYER_03157,return_abuse,buyer,BUYER_03157
RING_ABUSE_BUYER_03388,return_abuse,buyer,BUYER_03388
RING_ABUSE_BUYER_00484,return_abuse,buyer,BUYER_00484
RING_ABUSE_BUYER_01387,return_abuse,buyer,BUYER_01387
RING_ABUSE_BUYER_04737,return_abuse,buyer,BUYER_04737
RING_ABUSE_BUYER_01881,return_abuse,buyer,BUYER_01881
RING_ABUSE_BUYER_04151,return_abuse,buyer,BUYER_04151
RING_ABUSE_BUYER_00659,return_abuse,buyer,BUYER_00659
RING_ABUSE_BUYER_04310,return_abuse,buyer,BUYER_04310
RING_ABUSE_BUYER_04057,return_abuse,buyer,BUYER_04057
RING_ABUSE_BUYER_04609,return_abuse,buyer,BUYER_04609
RING_ABUSE_BUYER_02694,return_abuse,buyer,BUYER_02694
RING_ABUSE_BUYER_01742,return_abuse,buyer,BUYER_01742
RING_ABUSE_BUYER_01072,return_abuse,buyer,BUYER_01072
RING_ABUSE_BUYER_01690,return_abuse,buyer,BUYER_01690
RING_ABUSE_BUYER_03569,return_abuse,buyer,BUYER_03569
RING_ABUSE_BUYER_01080,return_abuse,buyer,BUYER_01080
RING_ABUSE_BUYER_00490,return_abuse,buyer,BUYER_00490
RING_ABUSE_BUYER_04721,return_abuse,buyer,BUYER_04721
RING_ABUSE_BUYER_00825,return_abuse,buyer,BUYER_00825
RING_ABUSE_BUYER_01886,return_abuse,buyer,BUYER_01886
RING_ABUSE_BUYER_03174,return_abuse,buyer,BUYER_03174
RING_ABUSE_BUYER_03553,return_abuse,buyer,BUYER_03553
RING_ABUSE_BUYER_04702,return_abuse,buyer,BUYER_04702
RING_ABUSE_BUYER_04006,return_abuse,buyer,BUYER_04006
RING_ABUSE_BUYER_04169,return_abuse,buyer,BUYER_04169
RING_ABUSE_BUYER_02672,return_abuse,buyer,BUYER_02672
RING_ABUSE_BUYER_03274,return_abuse,buyer,BUYER_03274
RING_ABUSE_BUYER_04907,return_abuse,buyer,BUYER_04907
RING_ABUSE_BUYER_02548,return_abuse,buyer,BUYER_02548
RING_ABUSE_BUYER_03052,return_abuse,buyer,BUYER_03052
RING_ABUSE_BUYER_04803,return_abuse,buyer,BUYER_04803
RING_ABUSE_BUYER_04180,return_abuse,buyer,BUYER_04180
RING_ABUSE_BUYER_00351,return_abuse,buyer,BUYER_00351
RING_ABUSE_BUYER_00928,return_abuse,buyer,BUYER_00928
RING_ABUSE_BUYER_01172,return_abuse,buyer,BUYER_01172
RING_ABUSE_BUYER_02139,return_abuse,buyer,BUYER_02139
RING_ABUSE_BUYER_01692,return_abuse,buyer,BUYER_01692
RING_ABUSE_BUYER_02591,return_abuse,buyer,BUYER_02591
RING_ABUSE_BUYER_01342,return_abuse,buyer,BUYER_01342
RING_ABUSE_BUYER_00445,return_abuse,buyer,BUYER_00445
RING_ABUSE_BUYER_01089,return_abuse,buyer,BUYER_01089
RING_ABUSE_BUYER_01695,return_abuse,buyer,BUYER_01695
RING_ABUSE_BUYER_03250,return_abuse,buyer,BUYER_03250
RING_ABUSE_BUYER_00177,return_abuse,buyer,BUYER_00177
RING_ABUSE_BUYER_02560,return_abuse,buyer,BUYER_02560
RING_ABUSE_BUYER_04033,return_abuse,buyer,BUYER_04033
RING_ABUSE_BUYER_02661,return_abuse,buyer,BUYER_02661
RING_ABUSE_BUYER_04371,return_abuse,buyer,BUYER_04371
RING_ABUSE_BUYER_04224,return_abuse,buyer,BUYER_04224
RING_ABUSE_BUYER_00827,return_abuse,buyer,BUYER_00827
RING_ABUSE_BUYER_00618,return_abuse,buyer,BUYER_00618
RING_ABUSE_BUYER_02779,return_abuse,buyer,BUYER_02779
RING_COORD_BUYER_03761,coordinated_fraud,buyer,BUYER_03761
RING_COORD_BUYER_03761,coordinated_fraud,buyer,BUYER_03968
RING_COORD_BUYER_01987,coordinated_fraud,buyer,BUYER_01987
RING_COORD_BUYER_01987,coordinated_fraud,buyer,BUYER_04067
RING_COORD_BUYER_02704,coordinated_fraud,buyer,BUYER_02704
RING_COORD_BUYER_02704,coordinated_fraud,buyer,BUYER_03159
RING_COORD_BUYER_00341,coordinated_fraud,buyer,BUYER_00341
RING_COORD_BUYER_00341,coordinated_fraud,buyer,BUYER_02324
RING_COORD_BUYER_03270,coordinated_fraud,buyer,BUYER_03270
RING_COORD_BUYER_03270,coordinated_fraud,buyer,BUYER_04158
RING_COORD_BUYER_03877,coordinated_fraud,buyer,BUYER_03877
RING_COORD_BUYER_03877,coordinated_fraud,buyer,BUYER_04943
RING_COORD_BUYER_01458,coordinated_fraud,buyer,BUYER_01458
RING_COORD_BUYER_01458,coordinated_fraud,buyer,BUYER_03226
RING_COORD_BUYER_02990,coordinated_fraud,buyer,BUYER_02990
RING_COORD_BUYER_02990,coordinated_fraud,buyer,BUYER_04070
RING_COORD_BUYER_01706,coordinated_fraud,buyer,BUYER_01706
RING_COORD_BUYER_01706,coordinated_fraud,buyer,BUYER_01775
RING_COORD_BUYER_01862,coordinated_fraud,buyer,BUYER_01862
RING_COORD_BUYER_01862,coordinated_fraud,buyer,BUYER_02709
RING_COORD_BUYER_00377,coordinated_fraud,buyer,BUYER_00377
RING_COORD_BUYER_00377,coordinated_fraud,buyer,BUYER_00792
RING_COORD_BUYER_00377,coordinated_fraud,buyer,BUYER_00908
RING_COORD_BUYER_00195,coordinated_fraud,buyer,BUYER_00195
RING_COORD_BUYER_00195,coordinated_fraud,buyer,BUYER_01160
RING_COORD_BUYER_00821,coordinated_fraud,buyer,BUYER_00821
RING_COORD_BUYER_00821,coordinated_fraud,buyer,BUYER_02758
RING_COORD_BUYER_00979,coordinated_fraud,buyer,BUYER_00979
RING_COORD_BUYER_00979,coordinated_fraud,buyer,BUYER_03095
RING_COORD_BUYER_03776,coordinated_fraud,buyer,BUYER_03776
RING_COORD_BUYER_03776,coordinated_fraud,buyer,BUYER_04323
RING_COORD_BUYER_00396,coordinated_fraud,buyer,BUYER_00396
RING_COORD_BUYER_00396,coordinated_fraud,buyer,BUYER_01405
RING_COORD_BUYER_00669,coordinated_fraud,buyer,BUYER_00669
RING_COORD_BUYER_00669,coordinated_fraud,buyer,BUYER_03505
RING_COORD_BUYER_00394,coordinated_fraud,buyer,BUYER_00394
RING_COORD_BUYER_00394,coordinated_fraud,buyer,BUYER_01690
RING_COORD_BUYER_03610,coordinated_fraud,buyer,BUYER_03610
RING_COORD_BUYER_03610,coordinated_fraud,buyer,BUYER_03987
RING_COORD_BUYER_02500,coordinated_fraud,buyer,BUYER_02500
RING_COORD_BUYER_02500,coordinated_fraud,buyer,BUYER_02982
RING_COORD_BUYER_03417,coordinated_fraud,buyer,BUYER_03417
RING_COORD_BUYER_03417,coordinated_fraud,buyer,BUYER_04966
RING_COORD_BUYER_01210,coordinated_fraud,buyer,BUYER_01210
RING_COORD_BUYER_01210,coordinated_fraud,buyer,BUYER_01746
RING_COORD_BUYER_01745,coordinated_fraud,buyer,BUYER_01745
RING_COORD_BUYER_01745,coordinated_fraud,buyer,BUYER_03717
RING_COORD_BUYER_02346,coordinated_fraud,buyer,BUYER_02346
RING_COORD_BUYER_02346,coordinated_fraud,buyer,BUYER_03455
RING_COORD_BUYER_00403,coordinated_fraud,buyer,BUYER_00403
RING_COORD_BUYER_00403,coordinated_fraud,buyer,BUYER_04110
RING_COORD_BUYER_02349,coordinated_fraud,buyer,BUYER_02349
RING_COORD_BUYER_02349,coordinated_fraud,buyer,BUYER_03946
RING_COORD_BUYER_00824,coordinated_fraud,buyer,BUYER_00824
RING_COORD_BUYER_00824,coordinated_fraud,buyer,BUYER_02179
RING_COORD_BUYER_00584,coordinated_fraud,buyer,BUYER_00584
RING_COORD_BUYER_00584,coordinated_fraud,buyer,BUYER_02885
RING_COORD_BUYER_01345,coordinated_fraud,buyer,BUYER_01345
RING_COORD_BUYER_01345,coordinated_fraud,buyer,BUYER_02383
RING_COORD_BUYER_00177,coordinated_fraud,buyer,BUYER_00177
RING_COORD_BUYER_00177,coordinated_fraud,buyer,BUYER_03804
RING_COORD_BUYER_01418,coordinated_fraud,buyer,BUYER_01418
RING_COORD_BUYER_01418,coordinated_fraud,buyer,BUYER_02183
RING_COORD_BUYER_01542,coordinated_fraud,buyer,BUYER_01542
RING_COORD_BUYER_01542,coordinated_fraud,buyer,BUYER_03183
RING_COORD_BUYER_02067,coordinated_fraud,buyer,BUYER_02067
RING_COORD_BUYER_02067,coordinated_fraud,buyer,BUYER_04485
RING_COORD_BUYER_00522,coordinated_fraud,buyer,BUYER_00522
RING_COORD_BUYER_00522,coordinated_fraud,buyer,BUYER_01902
RING_COORD_BUYER_00008,coordinated_fraud,buyer,BUYER_00008
RING_COORD_BUYER_00008,coordinated_fraud,buyer,BUYER_01932
RING_COORD_BUYER_02001,coordinated_fraud,buyer,BUYER_02001
RING_COORD_BUYER_02001,coordinated_fraud,buyer,BUYER_04769
RING_COORD_BUYER_01492,coordinated_fraud,buyer,BUYER_01492
RING_COORD_BUYER_01492,coordinated_fraud,buyer,BUYER_02994
RING_COORD_BUYER_03249,coordinated_fraud,buyer,BUYER_03249
RING_COORD_BUYER_03249,coordinated_fraud,buyer,BUYER_04261
RING_COORD_BUYER_01604,coordinated_fraud,buyer,BUYER_01604
RING_COORD_BUYER_01604,coordinated_fraud,buyer,BUYER_01910
RING_COORD_BUYER_01851,coordinated_fraud,buyer,BUYER_01851
RING_COORD_BUYER_01851,coordinated_fraud,buyer,BUYER_02729
RING_COORD_BUYER_01945,coordinated_fraud,buyer,BUYER_01945
RING_COORD_BUYER_01945,coordinated_fraud,buyer,BUYER_02418
RING_COORD_BUYER_01289,coordinated_fraud,buyer,BUYER_01289
RING_COORD_BUYER_01289,coordinated_fraud,buyer,BUYER_01369
RING_COORD_BUYER_02004,coordinated_fraud,buyer,BUYER_02004
RING_COORD_BUYER_02004,coordinated_fraud,buyer,BUYER_02443
RING_COORD_BUYER_00005,coordinated_fraud,buyer,BUYER_00005
RING_COORD_BUYER_00005,coordinated_fraud,buyer,BUYER_00038
RING_COORD_BUYER_00705,coordinated_fraud,buyer,BUYER_00705
RING_COORD_BUYER_00705,coordinated_fraud,buyer,BUYER_02910
RING_COORD_BUYER_00624,coordinated_fraud,buyer,BUYER_00624
RING_COORD_BUYER_00624,coordinated_fraud,buyer,BUYER_03953
RING_COORD_BUYER_01489,coordinated_fraud,buyer,BUYER_01489
RING_COORD_BUYER_01489,coordinated_fraud,buyer,BUYER_03773
RING_COORD_BUYER_00923,coordinated_fraud,buyer,BUYER_00923
RING_COORD_BUYER_00923,coordinated_fraud,buyer,BUYER_04710
RING_COORD_BUYER_00060,coordinated_fraud,buyer,BUYER_00060
RING_COORD_BUYER_00060,coordinated_fraud,buyer,BUYER_04816
RING_COORD_BUYER_00683,coordinated_fraud,buyer,BUYER_00683
RING_COORD_BUYER_00683,coordinated_fraud,buyer,BUYER_00726
RING_COORD_BUYER_02710,coordinated_fraud,buyer,BUYER_02710
RING_COORD_BUYER_02710,coordinated_fraud,buyer,BUYER_04522
RING_COORD_BUYER_03411,coordinated_fraud,buyer,BUYER_03411
RING_COORD_BUYER_03411,coordinated_fraud,buyer,BUYER_03501
RING_COORD_BUYER_03028,coordinated_fraud,buyer,BUYER_03028
RING_COORD_BUYER_03028,coordinated_fraud,buyer,BUYER_03254
RING_COORD_BUYER_00310,coordinated_fraud,buyer,BUYER_00310
RING_COORD_BUYER_00310,coordinated_fraud,buyer,BUYER_03048
RING_COORD_BUYER_01739,coordinated_fraud,buyer,BUYER_01739
RING_COORD_BUYER_01739,coordinated_fraud,buyer,BUYER_02535
RING_COORD_BUYER_00047,coordinated_fraud,buyer,BUYER_00047
RING_COORD_BUYER_00047,coordinated_fraud,buyer,BUYER_00433
RING_COORD_BUYER_03736,coordinated_fraud,buyer,BUYER_03736
RING_COORD_BUYER_03736,coordinated_fraud,buyer,BUYER_04643
RING_COORD_BUYER_01252,coordinated_fraud,buyer,BUYER_01252
RING_COORD_BUYER_01252,coordinated_fraud,buyer,BUYER_02556
RING_COORD_BUYER_00028,coordinated_fraud,buyer,BUYER_00028
RING_COORD_BUYER_00028,coordinated_fraud,buyer,BUYER_01592
RING_COORD_BUYER_00757,coordinated_fraud,buyer,BUYER_00757
RING_COORD_BUYER_00757,coordinated_fraud,buyer,BUYER_01574
RING_COORD_BUYER_01632,coordinated_fraud,buyer,BUYER_01632
RING_COORD_BUYER_01632,coordinated_fraud,buyer,BUYER_04579
RING_COORD_BUYER_00176,coordinated_fraud,buyer,BUYER_00176
RING_COORD_BUYER_00176,coordinated_fraud,buyer,BUYER_02697
RING_COORD_BUYER_03162,coordinated_fraud,buyer,BUYER_03162
RING_COORD_BUYER_03162,coordinated_fraud,buyer,BUYER_03224
RING_COORD_BUYER_01414,coordinated_fraud,buyer,BUYER_01414
RING_COORD_BUYER_01414,coordinated_fraud,buyer,BUYER_04974
RING_COORD_BUYER_01525,coordinated_fraud,buyer,BUYER_01525
RING_COORD_BUYER_01525,coordinated_fraud,buyer,BUYER_03548
RING_COORD_BUYER_02571,coordinated_fraud,buyer,BUYER_02571
RING_COORD_BUYER_02571,coordinated_fraud,buyer,BUYER_02813
RING_COORD_BUYER_03679,coordinated_fraud,buyer,BUYER_03679
RING_COORD_BUYER_03679,coordinated_fraud,buyer,BUYER_03933
RING_COORD_BUYER_03287,coordinated_fraud,buyer,BUYER_03287
RING_COORD_BUYER_03287,coordinated_fraud,buyer,BUYER_04942
RING_COORD_BUYER_00136,coordinated_fraud,buyer,BUYER_00136
RING_COORD_BUYER_00136,coordinated_fraud,buyer,BUYER_00888
RING_COORD_BUYER_02143,coordinated_fraud,buyer,BUYER_02143
RING_COORD_BUYER_02143,coordinated_fraud,buyer,BUYER_03427
RING_COORD_BUYER_00075,coordinated_fraud,buyer,BUYER_00075
RING_COORD_BUYER_00075,coordinated_fraud,buyer,BUYER_03483
RING_COORD_BUYER_00553,coordinated_fraud,buyer,BUYER_00553
RING_COORD_BUYER_00553,coordinated_fraud,buyer,BUYER_02300
RING_COORD_BUYER_02036,coordinated_fraud,buyer,BUYER_02036
RING_COORD_BUYER_02036,coordinated_fraud,buyer,BUYER_04650
RING_COORD_BUYER_01438,coordinated_fraud,buyer,BUYER_01438
RING_COORD_BUYER_01438,coordinated_fraud,buyer,BUYER_04050
RING_COORD_BUYER_02787,coordinated_fraud,buyer,BUYER_02787
RING_COORD_BUYER_02787,coordinated_fraud,buyer,BUYER_02914
RING_COORD_BUYER_04215,coordinated_fraud,buyer,BUYER_04215
RING_COORD_BUYER_04215,coordinated_fraud,buyer,BUYER_04727
RING_COORD_BUYER_03584,coordinated_fraud,buyer,BUYER_03584
RING_COORD_BUYER_03584,coordinated_fraud,buyer,BUYER_04721
RING_COORD_BUYER_00490,coordinated_fraud,buyer,BUYER_00490
RING_COORD_BUYER_00490,coordinated_fraud,buyer,BUYER_01378
RING_COORD_BUYER_03406,coordinated_fraud,buyer,BUYER_03406
RING_COORD_BUYER_03406,coordinated_fraud,buyer,BUYER_03824
RING_COORD_BUYER_03406,coordinated_fraud,buyer,BUYER_04040
RING_COORD_BUYER_01949,coordinated_fraud,buyer,BUYER_01949
RING_COORD_BUYER_01949,coordinated_fraud,buyer,BUYER_02867
RING_COORD_BUYER_03863,coordinated_fraud,buyer,BUYER_03863
RING_COORD_BUYER_03863,coordinated_fraud,buyer,BUYER_04567
RING_COORD_BUYER_01132,coordinated_fraud,buyer,BUYER_01132
RING_COORD_BUYER_01132,coordinated_fraud,buyer,BUYER_01766
RING_COORD_BUYER_03490,coordinated_fraud,buyer,BUYER_03490
RING_COORD_BUYER_03490,coordinated_fraud,buyer,BUYER_04212
RING_COORD_BUYER_02537,coordinated_fraud,buyer,BUYER_02537
RING_COORD_BUYER_02537,coordinated_fraud,buyer,BUYER_04292
RING_COORD_BUYER_00130,coordinated_fraud,buyer,BUYER_00130
RING_COORD_BUYER_00130,coordinated_fraud,buyer,BUYER_04037
RING_COORD_BUYER_03066,coordinated_fraud,buyer,BUYER_03066
RING_COORD_BUYER_03066,coordinated_fraud,buyer,BUYER_03839
RING_COORD_BUYER_01046,coordinated_fraud,buyer,BUYER_01046
RING_COORD_BUYER_01046,coordinated_fraud,buyer,BUYER_01270
RING_COORD_BUYER_02372,coordinated_fraud,buyer,BUYER_02372
RING_COORD_BUYER_02372,coordinated_fraud,buyer,BUYER_02746
RING_COORD_BUYER_02963,coordinated_fraud,buyer,BUYER_02963
RING_COORD_BUYER_02963,coordinated_fraud,buyer,BUYER_03109
RING_COORD_BUYER_01050,coordinated_fraud,buyer,BUYER_01050
RING_COORD_BUYER_01050,coordinated_fraud,buyer,BUYER_02889
RING_COORD_BUYER_01050,coordinated_fraud,buyer,BUYER_02978
RING_COORD_BUYER_01198,coordinated_fraud,buyer,BUYER_01198
RING_COORD_BUYER_01198,coordinated_fraud,buyer,BUYER_03875
RING_COORD_BUYER_02444,coordinated_fraud,buyer,BUYER_02444
RING_COORD_BUYER_02444,coordinated_fraud,buyer,BUYER_04495
RING_COORD_BUYER_02307,coordinated_fraud,buyer,BUYER_02307
RING_COORD_BUYER_02307,coordinated_fraud,buyer,BUYER_03337
RING_COORD_BUYER_00639,coordinated_fraud,buyer,BUYER_00639
RING_COORD_BUYER_00639,coordinated_fraud,buyer,BUYER_04272
RING_COORD_BUYER_01641,coordinated_fraud,buyer,BUYER_01641
RING_COORD_BUYER_01641,coordinated_fraud,buyer,BUYER_04787
RING_COORD_BUYER_00835,coordinated_fraud,buyer,BUYER_00835
RING_COORD_BUYER_00835,coordinated_fraud,buyer,BUYER_03027
RING_COORD_BUYER_01073,coordinated_fraud,buyer,BUYER_01073
RING_COORD_BUYER_01073,coordinated_fraud,buyer,BUYER_02227
RING_COORD_BUYER_00808,coordinated_fraud,buyer,BUYER_00808
RING_COORD_BUYER_00808,coordinated_fraud,buyer,BUYER_04667
RING_COORD_BUYER_00343,coordinated_fraud,buyer,BUYER_00343
RING_COORD_BUYER_00343,coordinated_fraud,buyer,BUYER_01187
RING_COORD_BUYER_04038,coordinated_fraud,buyer,BUYER_04038
RING_COORD_BUYER_04038,coordinated_fraud,buyer,BUYER_04658
RING_COORD_BUYER_01443,coordinated_fraud,buyer,BUYER_01443
RING_COORD_BUYER_01443,coordinated_fraud,buyer,BUYER_04019
RING_COORD_BUYER_01930,coordinated_fraud,buyer,BUYER_01930
RING_COORD_BUYER_01930,coordinated_fraud,buyer,BUYER_02681
RING_COORD_BUYER_04100,coordinated_fraud,buyer,BUYER_04100
RING_COORD_BUYER_04100,coordinated_fraud,buyer,BUYER_04276
RING_COORD_BUYER_03531,coordinated_fraud,buyer,BUYER_03531
RING_COORD_BUYER_03531,coordinated_fraud,buyer,BUYER_04065
RING_COORD_BUYER_00746,coordinated_fraud,buyer,BUYER_00746
RING_COORD_BUYER_00746,coordinated_fraud,buyer,BUYER_01643
RING_COORD_BUYER_01353,coordinated_fraud,buyer,BUYER_01353
RING_COORD_BUYER_01353,coordinated_fraud,buyer,BUYER_03662
RING_COORD_BUYER_01081,coordinated_fraud,buyer,BUYER_01081
RING_COORD_BUYER_01081,coordinated_fraud,buyer,BUYER_03044
RING_COORD_BUYER_00664,coordinated_fraud,buyer,BUYER_00664
RING_COORD_BUYER_00664,coordinated_fraud,buyer,BUYER_04508
RING_COORD_BUYER_02415,coordinated_fraud,buyer,BUYER_02415
RING_COORD_BUYER_02415,coordinated_fraud,buyer,BUYER_03771
RING_COORD_BUYER_02094,coordinated_fraud,buyer,BUYER_02094
RING_COORD_BUYER_02094,coordinated_fraud,buyer,BUYER_02313
RING_COORD_BUYER_01611,coordinated_fraud,buyer,BUYER_01611
RING_COORD_BUYER_01611,coordinated_fraud,buyer,BUYER_04390
RING_COORD_BUYER_01687,coordinated_fraud,buyer,BUYER_01687
RING_COORD_BUYER_01687,coordinated_fraud,buyer,BUYER_03902
RING_COORD_BUYER_00600,coordinated_fraud,buyer,BUYER_00600
RING_COORD_BUYER_00600,coordinated_fraud,buyer,BUYER_04745
RING_COORD_BUYER_03810,coordinated_fraud,buyer,BUYER_03810
RING_COORD_BUYER_03810,coordinated_fraud,buyer,BUYER_04242
RING_COORD_BUYER_02675,coordinated_fraud,buyer,BUYER_02675
RING_COORD_BUYER_02675,coordinated_fraud,buyer,BUYER_03995
RING_COORD_BUYER_03161,coordinated_fraud,buyer,BUYER_03161
RING_COORD_BUYER_03161,coordinated_fraud,buyer,BUYER_04984
RING_COORD_BUYER_02835,coordinated_fraud,buyer,BUYER_02835
RING_COORD_BUYER_02835,coordinated_fraud,buyer,BUYER_04575
RING_COORD_BUYER_00237,coordinated_fraud,buyer,BUYER_00237
RING_COORD_BUYER_00237,coordinated_fraud,buyer,BUYER_02977
RING_COORD_BUYER_00678,coordinated_fraud,buyer,BUYER_00678
RING_COORD_BUYER_00678,coordinated_fraud,buyer,BUYER_03377
RING_COORD_BUYER_04001,coordinated_fraud,buyer,BUYER_04001
RING_COORD_BUYER_04001,coordinated_fraud,buyer,BUYER_04574
RING_COORD_BUYER_03955,coordinated_fraud,buyer,BUYER_03955
RING_COORD_BUYER_03955,coordinated_fraud,buyer,BUYER_03975
RING_COORD_BUYER_01167,coordinated_fraud,buyer,BUYER_01167
RING_COORD_BUYER_01167,coordinated_fraud,buyer,BUYER_03463
RING_COORD_BUYER_00320,coordinated_fraud,buyer,BUYER_00320
RING_COORD_BUYER_00320,coordinated_fraud,buyer,BUYER_01430
RING_COORD_BUYER_00320,coordinated_fraud,buyer,BUYER_04284
RING_COORD_BUYER_02748,coordinated_fraud,buyer,BUYER_02748
RING_COORD_BUYER_02748,coordinated_fraud,buyer,BUYER_02906
RING_COORD_BUYER_00589,coordinated_fraud,buyer,BUYER_00589
RING_COORD_BUYER_00589,coordinated_fraud,buyer,BUYER_02600
RING_COORD_BUYER_02069,coordinated_fraud,buyer,BUYER_02069
RING_COORD_BUYER_02069,coordinated_fraud,buyer,BUYER_04474
RING_COORD_BUYER_03040,coordinated_fraud,buyer,BUYER_03040
RING_COORD_BUYER_03040,coordinated_fraud,buyer,BUYER_03881
RING_COORD_BUYER_00269,coordinated_fraud,buyer,BUYER_00269
RING_COORD_BUYER_00269,coordinated_fraud,buyer,BUYER_02671
RING_COORD_BUYER_00492,coordinated_fraud,buyer,BUYER_00492
RING_COORD_BUYER_00492,coordinated_fraud,buyer,BUYER_02050
RING_COORD_BUYER_03571,coordinated_fraud,buyer,BUYER_03571
RING_COORD_BUYER_03571,coordinated_fraud,buyer,BUYER_04817
RING_COORD_BUYER_03571,coordinated_fraud,buyer,BUYER_04899
RING_COORD_BUYER_00003,coordinated_fraud,buyer,BUYER_00003
RING_COORD_BUYER_00003,coordinated_fraud,buyer,BUYER_03783
RING_COORD_BUYER_01705,coordinated_fraud,buyer,BUYER_01705
RING_COORD_BUYER_01705,coordinated_fraud,buyer,BUYER_03210
RING_COORD_BUYER_01145,coordinated_fraud,buyer,BUYER_01145
RING_COORD_BUYER_01145,coordinated_fraud,buyer,BUYER_02314
RING_COORD_BUYER_00069,coordinated_fraud,buyer,BUYER_00069
RING_COORD_BUYER_00069,coordinated_fraud,buyer,BUYER_00776
RING_COORD_BUYER_02425,coordinated_fraud,buyer,BUYER_02425
RING_COORD_BUYER_02425,coordinated_fraud,buyer,BUYER_02767
RING_COORD_BUYER_02245,coordinated_fraud,buyer,BUYER_02245
RING_COORD_BUYER_02245,coordinated_fraud,buyer,BUYER_02912
RING_COORD_BUYER_02824,coordinated_fraud,buyer,BUYER_02824
RING_COORD_BUYER_02824,coordinated_fraud,buyer,BUYER_03268
RING_COORD_BUYER_00493,coordinated_fraud,buyer,BUYER_00493
RING_COORD_BUYER_00493,coordinated_fraud,buyer,BUYER_04155
RING_COORD_BUYER_00500,coordinated_fraud,buyer,BUYER_00500
RING_COORD_BUYER_00500,coordinated_fraud,buyer,BUYER_04283
RING_COORD_BUYER_02777,coordinated_fraud,buyer,BUYER_02777
RING_COORD_BUYER_02777,coordinated_fraud,buyer,BUYER_04121
RING_COORD_BUYER_04112,coordinated_fraud,buyer,BUYER_04112
RING_COORD_BUYER_04112,coordinated_fraud,buyer,BUYER_04345
RING_COORD_BUYER_01468,coordinated_fraud,buyer,BUYER_01468
RING_COORD_BUYER_01468,coordinated_fraud,buyer,BUYER_02250
RING_COORD_BUYER_02716,coordinated_fraud,buyer,BUYER_02716
RING_COORD_BUYER_02716,coordinated_fraud,buyer,BUYER_03852
RING_COORD_BUYER_00536,coordinated_fraud,buyer,BUYER_00536
RING_COORD_BUYER_00536,coordinated_fraud,buyer,BUYER_02608
RING_COORD_BUYER_01317,coordinated_fraud,buyer,BUYER_01317
RING_COORD_BUYER_01317,coordinated_fraud,buyer,BUYER_01522
RING_COORD_BUYER_00077,coordinated_fraud,buyer,BUYER_00077
RING_COORD_BUYER_00077,coordinated_fraud,buyer,BUYER_04653
RING_COORD_BUYER_00972,coordinated_fraud,buyer,BUYER_00972
RING_COORD_BUYER_00972,coordinated_fraud,buyer,BUYER_03687
RING_COORD_BUYER_00357,coordinated_fraud,buyer,BUYER_00357
RING_COORD_BUYER_00357,coordinated_fraud,buyer,BUYER_01958
RING_COORD_BUYER_00357,coordinated_fraud,buyer,BUYER_04986
RING_COORD_BUYER_00118,coordinated_fraud,buyer,BUYER_00118
RING_COORD_BUYER_00118,coordinated_fraud,buyer,BUYER_04472
RING_COORD_BUYER_00717,coordinated_fraud,buyer,BUYER_00717
RING_COORD_BUYER_00717,coordinated_fraud,buyer,BUYER_01695
RING_COORD_BUYER_02363,coordinated_fraud,buyer,BUYER_02363
RING_COORD_BUYER_02363,coordinated_fraud,buyer,BUYER_03225
RING_COORD_BUYER_01047,coordinated_fraud,buyer,BUYER_01047
RING_COORD_BUYER_01047,coordinated_fraud,buyer,BUYER_04252
RING_COORD_BUYER_01629,coordinated_fraud,buyer,BUYER_01629
RING_COORD_BUYER_01629,coordinated_fraud,buyer,BUYER_02177
RING_COORD_BUYER_01006,coordinated_fraud,buyer,BUYER_01006
RING_COORD_BUYER_01006,coordinated_fraud,buyer,BUYER_01324
RING_COORD_BUYER_01006,coordinated_fraud,buyer,BUYER_03078
RING_COORD_BUYER_01350,coordinated_fraud,buyer,BUYER_01350
RING_COORD_BUYER_01350,coordinated_fraud,buyer,BUYER_04238
RING_COORD_BUYER_00535,coordinated_fraud,buyer,BUYER_00535
RING_COORD_BUYER_00535,coordinated_fraud,buyer,BUYER_04016
RING_COORD_BUYER_00298,coordinated_fraud,buyer,BUYER_00298
RING_COORD_BUYER_00298,coordinated_fraud,buyer,BUYER_02900
RING_COORD_BUYER_00298,coordinated_fraud,buyer,BUYER_04528
RING_COORD_BUYER_00495,coordinated_fraud,buyer,BUYER_00495
RING_COORD_BUYER_00495,coordinated_fraud,buyer,BUYER_02283
RING_COORD_BUYER_01119,coordinated_fraud,buyer,BUYER_01119
RING_COORD_BUYER_01119,coordinated_fraud,buyer,BUYER_02369
RING_COORD_BUYER_04101,coordinated_fraud,buyer,BUYER_04101
RING_COORD_BUYER_04101,coordinated_fraud,buyer,BUYER_04663
RING_COORD_BUYER_01969,coordinated_fraud,buyer,BUYER_01969
RING_COORD_BUYER_01969,coordinated_fraud,buyer,BUYER_03725
RING_COORD_BUYER_00504,coordinated_fraud,buyer,BUYER_00504
RING_COORD_BUYER_00504,coordinated_fraud,buyer,BUYER_00672
RING_COORD_BUYER_02297,coordinated_fraud,buyer,BUYER_02297
RING_COORD_BUYER_02297,coordinated_fraud,buyer,BUYER_03119
RING_COORD_BUYER_01610,coordinated_fraud,buyer,BUYER_01610
RING_COORD_BUYER_01610,coordinated_fraud,buyer,BUYER_02792
RING_COORD_BUYER_03625,coordinated_fraud,buyer,BUYER_03625
RING_COORD_BUYER_03625,coordinated_fraud,buyer,BUYER_03795
RING_COORD_BUYER_01711,coordinated_fraud,buyer,BUYER_01711
RING_COORD_BUYER_01711,coordinated_fraud,buyer,BUYER_04682
RING_COORD_BUYER_03018,coordinated_fraud,buyer,BUYER_03018
RING_COORD_BUYER_03018,coordinated_fraud,buyer,BUYER_04877
RING_COORD_BUYER_03011,coordinated_fraud,buyer,BUYER_03011
RING_COORD_BUYER_03011,coordinated_fraud,buyer,BUYER_04263
RING_COORD_BUYER_01778,coordinated_fraud,buyer,BUYER_01778
RING_COORD_BUYER_01778,coordinated_fraud,buyer,BUYER_01896
RING_COORD_BUYER_00825,coordinated_fraud,buyer,BUYER_00825
RING_COORD_BUYER_00825,coordinated_fraud,buyer,BUYER_03366
RING_COORD_BUYER_00636,coordinated_fraud,buyer,BUYER_00636
RING_COORD_BUYER_00636,coordinated_fraud,buyer,BUYER_03395
RING_COORD_BUYER_03447,coordinated_fraud,buyer,BUYER_03447
RING_COORD_BUYER_03447,coordinated_fraud,buyer,BUYER_03665
RING_COORD_BUYER_02288,coordinated_fraud,buyer,BUYER_02288
RING_COORD_BUYER_02288,coordinated_fraud,buyer,BUYER_02567
RING_COORD_BUYER_02464,coordinated_fraud,buyer,BUYER_02464
RING_COORD_BUYER_02464,coordinated_fraud,buyer,BUYER_03514
RING_COORD_BUYER_00444,coordinated_fraud,buyer,BUYER_00444
RING_COORD_BUYER_00444,coordinated_fraud,buyer,BUYER_03595
RING_COORD_BUYER_03169,coordinated_fraud,buyer,BUYER_03169
RING_COORD_BUYER_03169,coordinated_fraud,buyer,BUYER_03829
RING_COORD_BUYER_02668,coordinated_fraud,buyer,BUYER_02668
RING_COORD_BUYER_02668,coordinated_fraud,buyer,BUYER_03991
RING_COORD_BUYER_02409,coordinated_fraud,buyer,BUYER_02409
RING_COORD_BUYER_02409,coordinated_fraud,buyer,BUYER_04690
RING_COORD_BUYER_00779,coordinated_fraud,buyer,BUYER_00779
RING_COORD_BUYER_00779,coordinated_fraud,buyer,BUYER_01014
RING_COORD_BUYER_00575,coordinated_fraud,buyer,BUYER_00575
RING_COORD_BUYER_00575,coordinated_fraud,buyer,BUYER_03155
RING_COORD_BUYER_03317,coordinated_fraud,buyer,BUYER_03317
RING_COORD_BUYER_03317,coordinated_fraud,buyer,BUYER_03663
RING_COORD_BUYER_01526,coordinated_fraud,buyer,BUYER_01526
RING_COORD_BUYER_01526,coordinated_fraud,buyer,BUYER_04130
RING_COORD_BUYER_01904,coordinated_fraud,buyer,BUYER_01904
RING_COORD_BUYER_01904,coordinated_fraud,buyer,BUYER_04140
RING_COORD_BUYER_04007,coordinated_fraud,buyer,BUYER_04007
RING_COORD_BUYER_04007,coordinated_fraud,buyer,BUYER_04810
RING_COORD_BUYER_00878,coordinated_fraud,buyer,BUYER_00878
RING_COORD_BUYER_00878,coordinated_fraud,buyer,BUYER_04457
RING_COORD_BUYER_01417,coordinated_fraud,buyer,BUYER_01417
RING_COORD_BUYER_01417,coordinated_fraud,buyer,BUYER_04331
RING_COORD_BUYER_01395,coordinated_fraud,buyer,BUYER_01395
RING_COORD_BUYER_01395,coordinated_fraud,buyer,BUYER_02123
RING_COORD_BUYER_01248,coordinated_fraud,buyer,BUYER_01248
RING_COORD_BUYER_01248,coordinated_fraud,buyer,BUYER_03086
RING_COORD_BUYER_00674,coordinated_fraud,buyer,BUYER_00674
RING_COORD_BUYER_00674,coordinated_fraud,buyer,BUYER_03854
RING_COORD_BUYER_02931,coordinated_fraud,buyer,BUYER_02931
RING_COORD_BUYER_02931,coordinated_fraud,buyer,BUYER_02935
RING_COORD_BUYER_00358,coordinated_fraud,buyer,BUYER_00358
RING_COORD_BUYER_00358,coordinated_fraud,buyer,BUYER_01237
RING_COORD_BUYER_01427,coordinated_fraud,buyer,BUYER_01427
RING_COORD_BUYER_01427,coordinated_fraud,buyer,BUYER_03296
RING_COLLUSION_SELLER_00443,seller_buyer_collusion,seller,SELLER_00443
RING_COLLUSION_SELLER_00443,seller_buyer_collusion,buyer,BUYER_01546
RING_COLLUSION_SELLER_00443,seller_buyer_collusion,buyer,BUYER_03022
RING_COLLUSION_SELLER_00443,seller_buyer_collusion,buyer,BUYER_02770
RING_COLLUSION_SELLER_00443,seller_buyer_collusion,buyer,BUYER_00779
RING_COLLUSION_SELLER_00443,seller_buyer_collusion,buyer,BUYER_02358
RING_COLLUSION_SELLER_00269,seller_buyer_collusion,seller,SELLER_00269
RING_COLLUSION_SELLER_00269,seller_buyer_collusion,buyer,BUYER_03761
RING_COLLUSION_SELLER_00269,seller_buyer_collusion,buyer,BUYER_00883
RING_COLLUSION_SELLER_00269,seller_buyer_collusion,buyer,BUYER_02781
RING_COLLUSION_SELLER_00269,seller_buyer_collusion,buyer,BUYER_03304
RING_COLLUSION_SELLER_00269,seller_buyer_collusion,buyer,BUYER_04830
RING_COLLUSION_SELLER_00156,seller_buyer_collusion,seller,SELLER_00156
RING_COLLUSION_SELLER_00156,seller_buyer_collusion,buyer,BUYER_01694
RING_COLLUSION_SELLER_00156,seller_buyer_collusion,buyer,BUYER_02830
RING_COLLUSION_SELLER_00156,seller_buyer_collusion,buyer,BUYER_00037
RING_COLLUSION_SELLER_00156,seller_buyer_collusion,buyer,BUYER_00579
RING_COLLUSION_SELLER_00156,seller_buyer_collusion,buyer,BUYER_00940
RING_COLLUSION_SELLER_00156,seller_buyer_collusion,buyer,BUYER_02318
RING_COLLUSION_SELLER_00267,seller_buyer_collusion,seller,SELLER_00267
RING_COLLUSION_SELLER_00267,seller_buyer_collusion,buyer,BUYER_03575
RING_COLLUSION_SELLER_00267,seller_buyer_collusion,buyer,BUYER_03220
RING_COLLUSION_SELLER_00267,seller_buyer_collusion,buyer,BUYER_00275
RING_COLLUSION_SELLER_00267,seller_buyer_collusion,buyer,BUYER_04391
RING_COLLUSION_SELLER_00267,seller_buyer_collusion,buyer,BUYER_04422
RING_COLLUSION_SELLER_00267,seller_buyer_collusion,buyer,BUYER_03038
RING_COLLUSION_SELLER_00187,seller_buyer_collusion,seller,SELLER_00187
RING_COLLUSION_SELLER_00187,seller_buyer_collusion,buyer,BUYER_02599
RING_COLLUSION_SELLER_00187,seller_buyer_collusion,buyer,BUYER_04969
RING_COLLUSION_SELLER_00187,seller_buyer_collusion,buyer,BUYER_02919
RING_COLLUSION_SELLER_00187,seller_buyer_collusion,buyer,BUYER_04254
RING_COLLUSION_SELLER_00187,seller_buyer_collusion,buyer,BUYER_01456
RING_COLLUSION_SELLER_00187,seller_buyer_collusion,buyer,BUYER_04679
RING_COLLUSION_SELLER_00139,seller_buyer_collusion,seller,SELLER_00139
RING_COLLUSION_SELLER_00139,seller_buyer_collusion,buyer,BUYER_01448
RING_COLLUSION_SELLER_00139,seller_buyer_collusion,buyer,BUYER_03138
RING_COLLUSION_SELLER_00139,seller_buyer_collusion,buyer,BUYER_04317
RING_COLLUSION_SELLER_00485,seller_buyer_collusion,seller,SELLER_00485
RING_COLLUSION_SELLER_00485,seller_buyer_collusion,buyer,BUYER_00534
RING_COLLUSION_SELLER_00485,seller_buyer_collusion,buyer,BUYER_03348
RING_COLLUSION_SELLER_00485,seller_buyer_collusion,buyer,BUYER_03778
RING_COLLUSION_SELLER_00485,seller_buyer_collusion,buyer,BUYER_03235
RING_COLLUSION_SELLER_00485,seller_buyer_collusion,buyer,BUYER_00375
RING_COLLUSION_SELLER_00485,seller_buyer_collusion,buyer,BUYER_03427
RING_COLLUSION_SELLER_00399,seller_buyer_collusion,seller,SELLER_00399
RING_COLLUSION_SELLER_00399,seller_buyer_collusion,buyer,BUYER_02738
RING_COLLUSION_SELLER_00399,seller_buyer_collusion,buyer,BUYER_00263
RING_COLLUSION_SELLER_00399,seller_buyer_collusion,buyer,BUYER_04760
RING_COLLUSION_SELLER_00399,seller_buyer_collusion,buyer,BUYER_04483
RING_COLLUSION_SELLER_00131,seller_buyer_collusion,seller,SELLER_00131
RING_COLLUSION_SELLER_00131,seller_buyer_collusion,buyer,BUYER_04069
RING_COLLUSION_SELLER_00131,seller_buyer_collusion,buyer,BUYER_00082
RING_COLLUSION_SELLER_00131,seller_buyer_collusion,buyer,BUYER_00215
RING_COLLUSION_SELLER_00102,seller_buyer_collusion,seller,SELLER_00102
RING_COLLUSION_SELLER_00102,seller_buyer_collusion,buyer,BUYER_01561
RING_COLLUSION_SELLER_00102,seller_buyer_collusion,buyer,BUYER_04582
RING_COLLUSION_SELLER_00102,seller_buyer_collusion,buyer,BUYER_00053
RING_COLLUSION_SELLER_00078,seller_buyer_collusion,seller,SELLER_00078
RING_COLLUSION_SELLER_00078,seller_buyer_collusion,buyer,BUYER_01947
RING_COLLUSION_SELLER_00078,seller_buyer_collusion,buyer,BUYER_04489
RING_COLLUSION_SELLER_00078,seller_buyer_collusion,buyer,BUYER_03591
RING_COLLUSION_SELLER_00078,seller_buyer_collusion,buyer,BUYER_04063
RING_COLLUSION_SELLER_00287,seller_buyer_collusion,seller,SELLER_00287
RING_COLLUSION_SELLER_00287,seller_buyer_collusion,buyer,BUYER_02044
RING_COLLUSION_SELLER_00287,seller_buyer_collusion,buyer,BUYER_02010
RING_COLLUSION_SELLER_00287,seller_buyer_collusion,buyer,BUYER_03826
RING_COLLUSION_SELLER_00287,seller_buyer_collusion,buyer,BUYER_00649
RING_COLLUSION_SELLER_00287,seller_buyer_collusion,buyer,BUYER_03924
RING_COLLUSION_SELLER_00287,seller_buyer_collusion,buyer,BUYER_00655
RING_COLLUSION_SELLER_00127,seller_buyer_collusion,seller,SELLER_00127
RING_COLLUSION_SELLER_00127,seller_buyer_collusion,buyer,BUYER_00832
RING_COLLUSION_SELLER_00127,seller_buyer_collusion,buyer,BUYER_01390
RING_COLLUSION_SELLER_00127,seller_buyer_collusion,buyer,BUYER_02325
RING_COLLUSION_SELLER_00127,seller_buyer_collusion,buyer,BUYER_03267
RING_COLLUSION_SELLER_00403,seller_buyer_collusion,seller,SELLER_00403
RING_COLLUSION_SELLER_00403,seller_buyer_collusion,buyer,BUYER_00536
RING_COLLUSION_SELLER_00403,seller_buyer_collusion,buyer,BUYER_04852
RING_COLLUSION_SELLER_00403,seller_buyer_collusion,buyer,BUYER_03779
RING_COLLUSION_SELLER_00343,seller_buyer_collusion,seller,SELLER_00343
RING_COLLUSION_SELLER_00343,seller_buyer_collusion,buyer,BUYER_02710
RING_COLLUSION_SELLER_00343,seller_buyer_collusion,buyer,BUYER_04746
RING_COLLUSION_SELLER_00343,seller_buyer_collusion,buyer,BUYER_04069
RING_COLLUSION_SELLER_00343,seller_buyer_collusion,buyer,BUYER_02173
RING_COLLUSION_SELLER_00343,seller_buyer_collusion,buyer,BUYER_04092
RING_COLLUSION_SELLER_00014,seller_buyer_collusion,seller,SELLER_00014
RING_COLLUSION_SELLER_00014,seller_buyer_collusion,buyer,BUYER_00268
RING_COLLUSION_SELLER_00014,seller_buyer_collusion,buyer,BUYER_03552
RING_COLLUSION_SELLER_00014,seller_buyer_collusion,buyer,BUYER_03634
RING_COLLUSION_SELLER_00036,seller_buyer_collusion,seller,SELLER_00036
RING_COLLUSION_SELLER_00036,seller_buyer_collusion,buyer,BUYER_00307
RING_COLLUSION_SELLER_00036,seller_buyer_collusion,buyer,BUYER_02530
RING_COLLUSION_SELLER_00036,seller_buyer_collusion,buyer,BUYER_01985
RING_COLLUSION_SELLER_00278,seller_buyer_collusion,seller,SELLER_00278
RING_COLLUSION_SELLER_00278,seller_buyer_collusion,buyer,BUYER_04123
RING_COLLUSION_SELLER_00278,seller_buyer_collusion,buyer,BUYER_04625
RING_COLLUSION_SELLER_00278,seller_buyer_collusion,buyer,BUYER_04750
RING_COLLUSION_SELLER_00278,seller_buyer_collusion,buyer,BUYER_00902
RING_COLLUSION_SELLER_00457,seller_buyer_collusion,seller,SELLER_00457
RING_COLLUSION_SELLER_00457,seller_buyer_collusion,buyer,BUYER_03026
RING_COLLUSION_SELLER_00457,seller_buyer_collusion,buyer,BUYER_03194
RING_COLLUSION_SELLER_00457,seller_buyer_collusion,buyer,BUYER_00185
RING_COLLUSION_SELLER_00457,seller_buyer_collusion,buyer,BUYER_02455
RING_COLLUSION_SELLER_00457,seller_buyer_collusion,buyer,BUYER_04608
RING_COLLUSION_SELLER_00457,seller_buyer_collusion,buyer,BUYER_04624
RING_COLLUSION_SELLER_00244,seller_buyer_collusion,seller,SELLER_00244
RING_COLLUSION_SELLER_00244,seller_buyer_collusion,buyer,BUYER_03358
RING_COLLUSION_SELLER_00244,seller_buyer_collusion,buyer,BUYER_02664
RING_COLLUSION_SELLER_00244,seller_buyer_collusion,buyer,BUYER_00872
RING_COLLUSION_SELLER_00210,seller_buyer_collusion,seller,SELLER_00210
RING_COLLUSION_SELLER_00210,seller_buyer_collusion,buyer,BUYER_02507
RING_COLLUSION_SELLER_00210,seller_buyer_collusion,buyer,BUYER_00080
RING_COLLUSION_SELLER_00210,seller_buyer_collusion,buyer,BUYER_00115
RING_COLLUSION_SELLER_00209,seller_buyer_collusion,seller,SELLER_00209
RING_COLLUSION_SELLER_00209,seller_buyer_collusion,buyer,BUYER_00414
RING_COLLUSION_SELLER_00209,seller_buyer_collusion,buyer,BUYER_02487
RING_COLLUSION_SELLER_00209,seller_buyer_collusion,buyer,BUYER_04775
RING_COLLUSION_SELLER_00225,seller_buyer_collusion,seller,SELLER_00225
RING_COLLUSION_SELLER_00225,seller_buyer_collusion,buyer,BUYER_04990
RING_COLLUSION_SELLER_00225,seller_buyer_collusion,buyer,BUYER_02821
RING_COLLUSION_SELLER_00225,seller_buyer_collusion,buyer,BUYER_00674
RING_COLLUSION_SELLER_00445,seller_buyer_collusion,seller,SELLER_00445
RING_COLLUSION_SELLER_00445,seller_buyer_collusion,buyer,BUYER_02238
RING_COLLUSION_SELLER_00445,seller_buyer_collusion,buyer,BUYER_01967
RING_COLLUSION_SELLER_00445,seller_buyer_collusion,buyer,BUYER_00481
RING_COLLUSION_SELLER_00445,seller_buyer_collusion,buyer,BUYER_04090
RING_COLLUSION_SELLER_00117,seller_buyer_collusion,seller,SELLER_00117
RING_COLLUSION_SELLER_00117,seller_buyer_collusion,buyer,BUYER_00615
RING_COLLUSION_SELLER_00117,seller_buyer_collusion,buyer,BUYER_01580
RING_COLLUSION_SELLER_00117,seller_buyer_collusion,buyer,BUYER_03787
RING_COLLUSION_SELLER_00117,seller_buyer_collusion,buyer,BUYER_01750
RING_COLLUSION_SELLER_00228,seller_buyer_collusion,seller,SELLER_00228
RING_COLLUSION_SELLER_00228,seller_buyer_collusion,buyer,BUYER_01984
RING_COLLUSION_SELLER_00228,seller_buyer_collusion,buyer,BUYER_04167
RING_COLLUSION_SELLER_00228,seller_buyer_collusion,buyer,BUYER_03817
RING_COLLUSION_SELLER_00228,seller_buyer_collusion,buyer,BUYER_00176
RING_COLLUSION_SELLER_00146,seller_buyer_collusion,seller,SELLER_00146
RING_COLLUSION_SELLER_00146,seller_buyer_collusion,buyer,BUYER_04583
RING_COLLUSION_SELLER_00146,seller_buyer_collusion,buyer,BUYER_00720
RING_COLLUSION_SELLER_00146,seller_buyer_collusion,buyer,BUYER_01460
RING_COLLUSION_SELLER_00146,seller_buyer_collusion,buyer,BUYER_02589
RING_COLLUSION_SELLER_00382,seller_buyer_collusion,seller,SELLER_00382
RING_COLLUSION_SELLER_00382,seller_buyer_collusion,buyer,BUYER_03158
RING_COLLUSION_SELLER_00382,seller_buyer_collusion,buyer,BUYER_00867
RING_COLLUSION_SELLER_00382,seller_buyer_collusion,buyer,BUYER_01271
RING_COLLUSION_SELLER_00382,seller_buyer_collusion,buyer,BUYER_04662
RING_COLLUSION_SELLER_00043,seller_buyer_collusion,seller,SELLER_00043
RING_COLLUSION_SELLER_00043,seller_buyer_collusion,buyer,BUYER_00796
RING_COLLUSION_SELLER_00043,seller_buyer_collusion,buyer,BUYER_03245
RING_COLLUSION_SELLER_00043,seller_buyer_collusion,buyer,BUYER_02897
RING_COLLUSION_SELLER_00043,seller_buyer_collusion,buyer,BUYER_04238
RING_COLLUSION_SELLER_00421,seller_buyer_collusion,seller,SELLER_00421
RING_COLLUSION_SELLER_00421,seller_buyer_collusion,buyer,BUYER_02267
RING_COLLUSION_SELLER_00421,seller_buyer_collusion,buyer,BUYER_03094
RING_COLLUSION_SELLER_00421,seller_buyer_collusion,buyer,BUYER_03680
RING_COLLUSION_SELLER_00327,seller_buyer_collusion,seller,SELLER_00327
RING_COLLUSION_SELLER_00327,seller_buyer_collusion,buyer,BUYER_02052
RING_COLLUSION_SELLER_00327,seller_buyer_collusion,buyer,BUYER_03079
RING_COLLUSION_SELLER_00327,seller_buyer_collusion,buyer,BUYER_00305
RING_COLLUSION_SELLER_00327,seller_buyer_collusion,buyer,BUYER_02070
RING_COLLUSION_SELLER_00221,seller_buyer_collusion,seller,SELLER_00221
RING_COLLUSION_SELLER_00221,seller_buyer_collusion,buyer,BUYER_01124
RING_COLLUSION_SELLER_00221,seller_buyer_collusion,buyer,BUYER_03677
RING_COLLUSION_SELLER_00221,seller_buyer_collusion,buyer,BUYER_04758
RING_COLLUSION_SELLER_00221,seller_buyer_collusion,buyer,BUYER_02140
RING_COLLUSION_SELLER_00337,seller_buyer_collusion,seller,SELLER_00337
RING_COLLUSION_SELLER_00337,seller_buyer_collusion,buyer,BUYER_00885
RING_COLLUSION_SELLER_00337,seller_buyer_collusion,buyer,BUYER_04993
RING_COLLUSION_SELLER_00337,seller_buyer_collusion,buyer,BUYER_02530
RING_COLLUSION_SELLER_00337,seller_buyer_collusion,buyer,BUYER_00380
RING_COLLUSION_SELLER_00231,seller_buyer_collusion,seller,SELLER_00231
RING_COLLUSION_SELLER_00231,seller_buyer_collusion,buyer,BUYER_03667
RING_COLLUSION_SELLER_00231,seller_buyer_collusion,buyer,BUYER_04562
RING_COLLUSION_SELLER_00231,seller_buyer_collusion,buyer,BUYER_04173
RING_COLLUSION_SELLER_00231,seller_buyer_collusion,buyer,BUYER_04437
RING_COLLUSION_SELLER_00069,seller_buyer_collusion,seller,SELLER_00069
RING_COLLUSION_SELLER_00069,seller_buyer_collusion,buyer,BUYER_03647
RING_COLLUSION_SELLER_00069,seller_buyer_collusion,buyer,BUYER_02281
RING_COLLUSION_SELLER_00069,seller_buyer_collusion,buyer,BUYER_02570
RING_COLLUSION_SELLER_00069,seller_buyer_collusion,buyer,BUYER_03991
RING_COLLUSION_SELLER_00025,seller_buyer_collusion,seller,SELLER_00025
RING_COLLUSION_SELLER_00025,seller_buyer_collusion,buyer,BUYER_00526
RING_COLLUSION_SELLER_00025,seller_buyer_collusion,buyer,BUYER_04646
RING_COLLUSION_SELLER_00025,seller_buyer_collusion,buyer,BUYER_03972
RING_COLLUSION_SELLER_00025,seller_buyer_collusion,buyer,BUYER_01053
RING_COLLUSION_SELLER_00025,seller_buyer_collusion,buyer,BUYER_01347
RING_COLLUSION_SELLER_00186,seller_buyer_collusion,seller,SELLER_00186
RING_COLLUSION_SELLER_00186,seller_buyer_collusion,buyer,BUYER_01613
RING_COLLUSION_SELLER_00186,seller_buyer_collusion,buyer,BUYER_03197
RING_COLLUSION_SELLER_00186,seller_buyer_collusion,buyer,BUYER_03129
RING_COLLUSION_SELLER_00186,seller_buyer_collusion,buyer,BUYER_04342
RING_COLLUSION_SELLER_00141,seller_buyer_collusion,seller,SELLER_00141
RING_COLLUSION_SELLER_00141,seller_buyer_collusion,buyer,BUYER_01586
RING_COLLUSION_SELLER_00141,seller_buyer_collusion,buyer,BUYER_01356
RING_COLLUSION_SELLER_00141,seller_buyer_collusion,buyer,BUYER_00575
RING_COLLUSION_SELLER_00199,seller_buyer_collusion,seller,SELLER_00199
RING_COLLUSION_SELLER_00199,seller_buyer_collusion,buyer,BUYER_00379
RING_COLLUSION_SELLER_00199,seller_buyer_collusion,buyer,BUYER_01852
RING_COLLUSION_SELLER_00199,seller_buyer_collusion,buyer,BUYER_03094
RING_COLLUSION_SELLER_00433,seller_buyer_collusion,seller,SELLER_00433
RING_COLLUSION_SELLER_00433,seller_buyer_collusion,buyer,BUYER_01923
RING_COLLUSION_SELLER_00433,seller_buyer_collusion,buyer,BUYER_04551
RING_COLLUSION_SELLER_00433,seller_buyer_collusion,buyer,BUYER_00305
RING_COLLUSION_SELLER_00389,seller_buyer_collusion,seller,SELLER_00389
RING_COLLUSION_SELLER_00389,seller_buyer_collusion,buyer,BUYER_04487
RING_COLLUSION_SELLER_00389,seller_buyer_collusion,buyer,BUYER_03297
RING_COLLUSION_SELLER_00389,seller_buyer_collusion,buyer,BUYER_01495
RING_COLLUSION_SELLER_00389,seller_buyer_collusion,buyer,BUYER_01701
RING_COLLUSION_SELLER_00389,seller_buyer_collusion,buyer,BUYER_02262
RING_COLLUSION_SELLER_00189,seller_buyer_collusion,seller,SELLER_00189
RING_COLLUSION_SELLER_00189,seller_buyer_collusion,buyer,BUYER_04823
RING_COLLUSION_SELLER_00189,seller_buyer_collusion,buyer,BUYER_03955
RING_COLLUSION_SELLER_00189,seller_buyer_collusion,buyer,BUYER_03384
RING_COLLUSION_SELLER_00189,seller_buyer_collusion,buyer,BUYER_00599
RING_COLLUSION_SELLER_00189,seller_buyer_collusion,buyer,BUYER_04661
RING_COLLUSION_SELLER_00189,seller_buyer_collusion,buyer,BUYER_03968
RING_COLLUSION_SELLER_00363,seller_buyer_collusion,seller,SELLER_00363
RING_COLLUSION_SELLER_00363,seller_buyer_collusion,buyer,BUYER_00980
RING_COLLUSION_SELLER_00363,seller_buyer_collusion,buyer,BUYER_00103
RING_COLLUSION_SELLER_00363,seller_buyer_collusion,buyer,BUYER_00520
RING_COLLUSION_SELLER_00363,seller_buyer_collusion,buyer,BUYER_04055
RING_COLLUSION_SELLER_00363,seller_buyer_collusion,buyer,BUYER_01182
RING_COLLUSION_SELLER_00363,seller_buyer_collusion,buyer,BUYER_00938
RING_COLLUSION_SELLER_00232,seller_buyer_collusion,seller,SELLER_00232
RING_COLLUSION_SELLER_00232,seller_buyer_collusion,buyer,BUYER_03054
RING_COLLUSION_SELLER_00232,seller_buyer_collusion,buyer,BUYER_02184
RING_COLLUSION_SELLER_00232,seller_buyer_collusion,buyer,BUYER_04387
RING_COLLUSION_SELLER_00232,seller_buyer_collusion,buyer,BUYER_01036
RING_COLLUSION_SELLER_00292,seller_buyer_collusion,seller,SELLER_00292
RING_COLLUSION_SELLER_00292,seller_buyer_collusion,buyer,BUYER_00269
RING_COLLUSION_SELLER_00292,seller_buyer_collusion,buyer,BUYER_03879
RING_COLLUSION_SELLER_00292,seller_buyer_collusion,buyer,BUYER_00145
RING_COLLUSION_SELLER_00292,seller_buyer_collusion,buyer,BUYER_04752
RING_COLLUSION_SELLER_00292,seller_buyer_collusion,buyer,BUYER_04318
RING_COLLUSION_SELLER_00292,seller_buyer_collusion,buyer,BUYER_04347
RING_COLLUSION_SELLER_00407,seller_buyer_collusion,seller,SELLER_00407
RING_COLLUSION_SELLER_00407,seller_buyer_collusion,buyer,BUYER_02875
RING_COLLUSION_SELLER_00407,seller_buyer_collusion,buyer,BUYER_03714
RING_COLLUSION_SELLER_00407,seller_buyer_collusion,buyer,BUYER_02088
RING_COLLUSION_SELLER_00486,seller_buyer_collusion,seller,SELLER_00486
RING_COLLUSION_SELLER_00486,seller_buyer_collusion,buyer,BUYER_03174
RING_COLLUSION_SELLER_00486,seller_buyer_collusion,buyer,BUYER_03263
RING_COLLUSION_SELLER_00486,seller_buyer_collusion,buyer,BUYER_03345
RING_COLLUSION_SELLER_00438,seller_buyer_collusion,seller,SELLER_00438
RING_COLLUSION_SELLER_00438,seller_buyer_collusion,buyer,BUYER_04437
RING_COLLUSION_SELLER_00438,seller_buyer_collusion,buyer,BUYER_01345
RING_COLLUSION_SELLER_00438,seller_buyer_collusion,buyer,BUYER_00439
RING_COLLUSION_SELLER_00438,seller_buyer_collusion,buyer,BUYER_01380
RING_COLLUSION_SELLER_00438,seller_buyer_collusion,buyer,BUYER_04796
RING_COLLUSION_SELLER_00438,seller_buyer_collusion,buyer,BUYER_04717
RING_COLLUSION_SELLER_00254,seller_buyer_collusion,seller,SELLER_00254
RING_COLLUSION_SELLER_00254,seller_buyer_collusion,buyer,BUYER_02698
RING_COLLUSION_SELLER_00254,seller_buyer_collusion,buyer,BUYER_02673
RING_COLLUSION_SELLER_00254,seller_buyer_collusion,buyer,BUYER_04209
RING_COLLUSION_SELLER_00254,seller_buyer_collusion,buyer,BUYER_01739
RING_COLLUSION_SELLER_00254,seller_buyer_collusion,buyer,BUYER_00903
RING_COLLUSION_SELLER_00212,seller_buyer_collusion,seller,SELLER_00212
RING_COLLUSION_SELLER_00212,seller_buyer_collusion,buyer,BUYER_01880
RING_COLLUSION_SELLER_00212,seller_buyer_collusion,buyer,BUYER_03099
RING_COLLUSION_SELLER_00212,seller_buyer_collusion,buyer,BUYER_04394
RING_COLLUSION_SELLER_00212,seller_buyer_collusion,buyer,BUYER_04000
RING_COLLUSION_SELLER_00323,seller_buyer_collusion,seller,SELLER_00323
RING_COLLUSION_SELLER_00323,seller_buyer_collusion,buyer,BUYER_03849
RING_COLLUSION_SELLER_00323,seller_buyer_collusion,buyer,BUYER_04114
RING_COLLUSION_SELLER_00323,seller_buyer_collusion,buyer,BUYER_04933
RING_COLLUSION_SELLER_00465,seller_buyer_collusion,seller,SELLER_00465
RING_COLLUSION_SELLER_00465,seller_buyer_collusion,buyer,BUYER_03197
RING_COLLUSION_SELLER_00465,seller_buyer_collusion,buyer,BUYER_03049
RING_COLLUSION_SELLER_00465,seller_buyer_collusion,buyer,BUYER_03075
RING_COLLUSION_SELLER_00465,seller_buyer_collusion,buyer,BUYER_01720
RING_COLLUSION_SELLER_00491,seller_buyer_collusion,seller,SELLER_00491
RING_COLLUSION_SELLER_00491,seller_buyer_collusion,buyer,BUYER_01451
RING_COLLUSION_SELLER_00491,seller_buyer_collusion,buyer,BUYER_03999
RING_COLLUSION_SELLER_00491,seller_buyer_collusion,buyer,BUYER_00228
RING_COLLUSION_SELLER_00491,seller_buyer_collusion,buyer,BUYER_04939
RING_COLLUSION_SELLER_00491,seller_buyer_collusion,buyer,BUYER_03924
RING_COLLUSION_SELLER_00491,seller_buyer_collusion,buyer,BUYER_03397
RING_COLLUSION_SELLER_00011,seller_buyer_collusion,seller,SELLER_00011
RING_COLLUSION_SELLER_00011,seller_buyer_collusion,buyer,BUYER_01281
RING_COLLUSION_SELLER_00011,seller_buyer_collusion,buyer,BUYER_00276
RING_COLLUSION_SELLER_00011,seller_buyer_collusion,buyer,BUYER_01380
RING_COLLUSION_SELLER_00362,seller_buyer_collusion,seller,SELLER_00362
RING_COLLUSION_SELLER_00362,seller_buyer_collusion,buyer,BUYER_02402
RING_COLLUSION_SELLER_00362,seller_buyer_collusion,buyer,BUYER_01849
RING_COLLUSION_SELLER_00362,seller_buyer_collusion,buyer,BUYER_02710
RING_COLLUSION_SELLER_00362,seller_buyer_collusion,buyer,BUYER_01961
RING_COLLUSION_SELLER_00255,seller_buyer_collusion,seller,SELLER_00255
RING_COLLUSION_SELLER_00255,seller_buyer_collusion,buyer,BUYER_02718
RING_COLLUSION_SELLER_00255,seller_buyer_collusion,buyer,BUYER_03037
RING_COLLUSION_SELLER_00255,seller_buyer_collusion,buyer,BUYER_03355
RING_COLLUSION_SELLER_00255,seller_buyer_collusion,buyer,BUYER_01267
RING_COLLUSION_SELLER_00255,seller_buyer_collusion,buyer,BUYER_02993
RING_COLLUSION_SELLER_00376,seller_buyer_collusion,seller,SELLER_00376
RING_COLLUSION_SELLER_00376,seller_buyer_collusion,buyer,BUYER_01212
RING_COLLUSION_SELLER_00376,seller_buyer_collusion,buyer,BUYER_00816
RING_COLLUSION_SELLER_00376,seller_buyer_collusion,buyer,BUYER_04448
RING_COLLUSION_SELLER_00376,seller_buyer_collusion,buyer,BUYER_02324
RING_COLLUSION_SELLER_00135,seller_buyer_collusion,seller,SELLER_00135
RING_COLLUSION_SELLER_00135,seller_buyer_collusion,buyer,BUYER_02010
RING_COLLUSION_SELLER_00135,seller_buyer_collusion,buyer,BUYER_00103
RING_COLLUSION_SELLER_00135,seller_buyer_collusion,buyer,BUYER_03228
RING_COLLUSION_SELLER_00135,seller_buyer_collusion,buyer,BUYER_01155
RING_COLLUSION_SELLER_00135,seller_buyer_collusion,buyer,BUYER_03992
RING_COLLUSION_SELLER_00135,seller_buyer_collusion,buyer,BUYER_03096
RING_COLLUSION_SELLER_00253,seller_buyer_collusion,seller,SELLER_00253
RING_COLLUSION_SELLER_00253,seller_buyer_collusion,buyer,BUYER_00714
RING_COLLUSION_SELLER_00253,seller_buyer_collusion,buyer,BUYER_00937
RING_COLLUSION_SELLER_00253,seller_buyer_collusion,buyer,BUYER_03728
RING_COLLUSION_SELLER_00253,seller_buyer_collusion,buyer,BUYER_00018
RING_COLLUSION_SELLER_00253,seller_buyer_collusion,buyer,BUYER_00857
RING_COLLUSION_SELLER_00253,seller_buyer_collusion,buyer,BUYER_03221
RING_COLLUSION_SELLER_00412,seller_buyer_collusion,seller,SELLER_00412
RING_COLLUSION_SELLER_00412,seller_buyer_collusion,buyer,BUYER_03494
RING_COLLUSION_SELLER_00412,seller_buyer_collusion,buyer,BUYER_03685
RING_COLLUSION_SELLER_00412,seller_buyer_collusion,buyer,BUYER_03094
RING_COLLUSION_SELLER_00412,seller_buyer_collusion,buyer,BUYER_02255
RING_COLLUSION_SELLER_00121,seller_buyer_collusion,seller,SELLER_00121
RING_COLLUSION_SELLER_00121,seller_buyer_collusion,buyer,BUYER_00488
RING_COLLUSION_SELLER_00121,seller_buyer_collusion,buyer,BUYER_02670
RING_COLLUSION_SELLER_00121,seller_buyer_collusion,buyer,BUYER_01578
RING_COLLUSION_SELLER_00121,seller_buyer_collusion,buyer,BUYER_04380
RING_COLLUSION_SELLER_00196,seller_buyer_collusion,seller,SELLER_00196
RING_COLLUSION_SELLER_00196,seller_buyer_collusion,buyer,BUYER_01624
RING_COLLUSION_SELLER_00196,seller_buyer_collusion,buyer,BUYER_01268
RING_COLLUSION_SELLER_00196,seller_buyer_collusion,buyer,BUYER_04546
RING_COLLUSION_SELLER_00033,seller_buyer_collusion,seller,SELLER_00033
RING_COLLUSION_SELLER_00033,seller_buyer_collusion,buyer,BUYER_00606
RING_COLLUSION_SELLER_00033,seller_buyer_collusion,buyer,BUYER_02107
RING_COLLUSION_SELLER_00033,seller_buyer_collusion,buyer,BUYER_04563
RING_COLLUSION_SELLER_00033,seller_buyer_collusion,buyer,BUYER_02628
RING_COLLUSION_SELLER_00033,seller_buyer_collusion,buyer,BUYER_00181
RING_COLLUSION_SELLER_00175,seller_buyer_collusion,seller,SELLER_00175
RING_COLLUSION_SELLER_00175,seller_buyer_collusion,buyer,BUYER_01865
RING_COLLUSION_SELLER_00175,seller_buyer_collusion,buyer,BUYER_01108
RING_COLLUSION_SELLER_00175,seller_buyer_collusion,buyer,BUYER_00670
RING_COLLUSION_SELLER_00175,seller_buyer_collusion,buyer,BUYER_03071
RING_COLLUSION_SELLER_00021,seller_buyer_collusion,seller,SELLER_00021
RING_COLLUSION_SELLER_00021,seller_buyer_collusion,buyer,BUYER_04742
RING_COLLUSION_SELLER_00021,seller_buyer_collusion,buyer,BUYER_02010
RING_COLLUSION_SELLER_00021,seller_buyer_collusion,buyer,BUYER_01352
RING_COLLUSION_SELLER_00047,seller_buyer_collusion,seller,SELLER_00047
RING_COLLUSION_SELLER_00047,seller_buyer_collusion,buyer,BUYER_04269
RING_COLLUSION_SELLER_00047,seller_buyer_collusion,buyer,BUYER_04942
RING_COLLUSION_SELLER_00047,seller_buyer_collusion,buyer,BUYER_03845
RING_COLLUSION_SELLER_00047,seller_buyer_collusion,buyer,BUYER_02751
RING_COLLUSION_SELLER_00047,seller_buyer_collusion,buyer,BUYER_01322
RING_COLLUSION_SELLER_00452,seller_buyer_collusion,seller,SELLER_00452
RING_COLLUSION_SELLER_00452,seller_buyer_collusion,buyer,BUYER_03425
RING_COLLUSION_SELLER_00452,seller_buyer_collusion,buyer,BUYER_04452
RING_COLLUSION_SELLER_00452,seller_buyer_collusion,buyer,BUYER_01394
RING_COLLUSION_SELLER_00452,seller_buyer_collusion,buyer,BUYER_00134
RING_COLLUSION_SELLER_00132,seller_buyer_collusion,seller,SELLER_00132
RING_COLLUSION_SELLER_00132,seller_buyer_collusion,buyer,BUYER_00997
RING_COLLUSION_SELLER_00132,seller_buyer_collusion,buyer,BUYER_00142
RING_COLLUSION_SELLER_00132,seller_buyer_collusion,buyer,BUYER_03063
RING_COLLUSION_SELLER_00132,seller_buyer_collusion,buyer,BUYER_02269
RING_COLLUSION_SELLER_00383,seller_buyer_collusion,seller,SELLER_00383
RING_COLLUSION_SELLER_00383,seller_buyer_collusion,buyer,BUYER_04566
RING_COLLUSION_SELLER_00383,seller_buyer_collusion,buyer,BUYER_00444
RING_COLLUSION_SELLER_00383,seller_buyer_collusion,buyer,BUYER_02534
RING_COLLUSION_SELLER_00378,seller_buyer_collusion,seller,SELLER_00378
RING_COLLUSION_SELLER_00378,seller_buyer_collusion,buyer,BUYER_02168
RING_COLLUSION_SELLER_00378,seller_buyer_collusion,buyer,BUYER_01425
RING_COLLUSION_SELLER_00378,seller_buyer_collusion,buyer,BUYER_04822
RING_COLLUSION_SELLER_00378,seller_buyer_collusion,buyer,BUYER_00067
RING_COLLUSION_SELLER_00378,seller_buyer_collusion,buyer,BUYER_00855
RING_COLLUSION_SELLER_00118,seller_buyer_collusion,seller,SELLER_00118
RING_COLLUSION_SELLER_00118,seller_buyer_collusion,buyer,BUYER_02354
RING_COLLUSION_SELLER_00118,seller_buyer_collusion,buyer,BUYER_04322
RING_COLLUSION_SELLER_00118,seller_buyer_collusion,buyer,BUYER_02631
RING_COLLUSION_SELLER_00118,seller_buyer_collusion,buyer,BUYER_03295
RING_COLLUSION_SELLER_00118,seller_buyer_collusion,buyer,BUYER_00712
RING_COLLUSION_SELLER_00118,seller_buyer_collusion,buyer,BUYER_01740
RING_COLLUSION_SELLER_00143,seller_buyer_collusion,seller,SELLER_00143
RING_COLLUSION_SELLER_00143,seller_buyer_collusion,buyer,BUYER_03188
RING_COLLUSION_SELLER_00143,seller_buyer_collusion,buyer,BUYER_02950
RING_COLLUSION_SELLER_00143,seller_buyer_collusion,buyer,BUYER_03974
RING_COLLUSION_SELLER_00143,seller_buyer_collusion,buyer,BUYER_01139
RING_COLLUSION_SELLER_00489,seller_buyer_collusion,seller,SELLER_00489
RING_COLLUSION_SELLER_00489,seller_buyer_collusion,buyer,BUYER_04406
RING_COLLUSION_SELLER_00489,seller_buyer_collusion,buyer,BUYER_02642
RING_COLLUSION_SELLER_00489,seller_buyer_collusion,buyer,BUYER_03950
RING_COLLUSION_SELLER_00489,seller_buyer_collusion,buyer,BUYER_02030
RING_COLLUSION_SELLER_00489,seller_buyer_collusion,buyer,BUYER_00843
RING_COLLUSION_SELLER_00420,seller_buyer_collusion,seller,SELLER_00420
RING_COLLUSION_SELLER_00420,seller_buyer_collusion,buyer,BUYER_02836
RING_COLLUSION_SELLER_00420,seller_buyer_collusion,buyer,BUYER_00591
RING_COLLUSION_SELLER_00420,seller_buyer_collusion,buyer,BUYER_01327
RING_COLLUSION_SELLER_00420,seller_buyer_collusion,buyer,BUYER_01622
RING_COLLUSION_SELLER_00365,seller_buyer_collusion,seller,SELLER_00365
RING_COLLUSION_SELLER_00365,seller_buyer_collusion,buyer,BUYER_02205
RING_COLLUSION_SELLER_00365,seller_buyer_collusion,buyer,BUYER_00574
RING_COLLUSION_SELLER_00365,seller_buyer_collusion,buyer,BUYER_01506
RING_COLLUSION_SELLER_00365,seller_buyer_collusion,buyer,BUYER_04668
RING_COLLUSION_SELLER_00365,seller_buyer_collusion,buyer,BUYER_00661
RING_COLLUSION_SELLER_00113,seller_buyer_collusion,seller,SELLER_00113
RING_COLLUSION_SELLER_00113,seller_buyer_collusion,buyer,BUYER_01319
RING_COLLUSION_SELLER_00113,seller_buyer_collusion,buyer,BUYER_01457
RING_COLLUSION_SELLER_00113,seller_buyer_collusion,buyer,BUYER_02457
RING_COLLUSION_SELLER_00113,seller_buyer_collusion,buyer,BUYER_02195
RING_COLLUSION_SELLER_00113,seller_buyer_collusion,buyer,BUYER_02210
RING_COLLUSION_SELLER_00113,seller_buyer_collusion,buyer,BUYER_00560
RING_COLLUSION_SELLER_00019,seller_buyer_collusion,seller,SELLER_00019
RING_COLLUSION_SELLER_00019,seller_buyer_collusion,buyer,BUYER_02769
RING_COLLUSION_SELLER_00019,seller_buyer_collusion,buyer,BUYER_04846
RING_COLLUSION_SELLER_00019,seller_buyer_collusion,buyer,BUYER_03839
RING_COLLUSION_SELLER_00019,seller_buyer_collusion,buyer,BUYER_02421
RING_COLLUSION_SELLER_00019,seller_buyer_collusion,buyer,BUYER_00379
RING_COLLUSION_SELLER_00028,seller_buyer_collusion,seller,SELLER_00028
RING_COLLUSION_SELLER_00028,seller_buyer_collusion,buyer,BUYER_01614
RING_COLLUSION_SELLER_00028,seller_buyer_collusion,buyer,BUYER_01137
RING_COLLUSION_SELLER_00028,seller_buyer_collusion,buyer,BUYER_03873
RING_COLLUSION_SELLER_00028,seller_buyer_collusion,buyer,BUYER_02088
RING_COLLUSION_SELLER_00028,seller_buyer_collusion,buyer,BUYER_02561
RING_COLLUSION_SELLER_00411,seller_buyer_collusion,seller,SELLER_00411
RING_COLLUSION_SELLER_00411,seller_buyer_collusion,buyer,BUYER_01911
RING_COLLUSION_SELLER_00411,seller_buyer_collusion,buyer,BUYER_03223
RING_COLLUSION_SELLER_00411,seller_buyer_collusion,buyer,BUYER_03403
RING_COLLUSION_SELLER_00411,seller_buyer_collusion,buyer,BUYER_04747
RING_COLLUSION_SELLER_00411,seller_buyer_collusion,buyer,BUYER_04525
RING_COLLUSION_SELLER_00411,seller_buyer_collusion,buyer,BUYER_03375
RING_COLLUSION_SELLER_00206,seller_buyer_collusion,seller,SELLER_00206
RING_COLLUSION_SELLER_00206,seller_buyer_collusion,buyer,BUYER_03639
RING_COLLUSION_SELLER_00206,seller_buyer_collusion,buyer,BUYER_03419
RING_COLLUSION_SELLER_00206,seller_buyer_collusion,buyer,BUYER_01497
RING_COLLUSION_SELLER_00206,seller_buyer_collusion,buyer,BUYER_03468
RING_COLLUSION_SELLER_00206,seller_buyer_collusion,buyer,BUYER_03287
RING_COLLUSION_SELLER_00154,seller_buyer_collusion,seller,SELLER_00154
RING_COLLUSION_SELLER_00154,seller_buyer_collusion,buyer,BUYER_01071
RING_COLLUSION_SELLER_00154,seller_buyer_collusion,buyer,BUYER_03873
RING_COLLUSION_SELLER_00154,seller_buyer_collusion,buyer,BUYER_03156
RING_COLLUSION_SELLER_00154,seller_buyer_collusion,buyer,BUYER_00759
RING_COLLUSION_SELLER_00147,seller_buyer_collusion,seller,SELLER_00147
RING_COLLUSION_SELLER_00147,seller_buyer_collusion,buyer,BUYER_03289
RING_COLLUSION_SELLER_00147,seller_buyer_collusion,buyer,BUYER_00101
RING_COLLUSION_SELLER_00147,seller_buyer_collusion,buyer,BUYER_00159
RING_COLLUSION_SELLER_00230,seller_buyer_collusion,seller,SELLER_00230
RING_COLLUSION_SELLER_00230,seller_buyer_collusion,buyer,BUYER_02271
RING_COLLUSION_SELLER_00230,seller_buyer_collusion,buyer,BUYER_01770
RING_COLLUSION_SELLER_00230,seller_buyer_collusion,buyer,BUYER_04954
RING_COLLUSION_SELLER_00230,seller_buyer_collusion,buyer,BUYER_03754
RING_COLLUSION_SELLER_00230,seller_buyer_collusion,buyer,BUYER_00449
RING_COLLUSION_SELLER_00294,seller_buyer_collusion,seller,SELLER_00294
RING_COLLUSION_SELLER_00294,seller_buyer_collusion,buyer,BUYER_03566
RING_COLLUSION_SELLER_00294,seller_buyer_collusion,buyer,BUYER_03684
RING_COLLUSION_SELLER_00294,seller_buyer_collusion,buyer,BUYER_01916
RING_COLLUSION_SELLER_00294,seller_buyer_collusion,buyer,BUYER_00940
RING_COLLUSION_SELLER_00294,seller_buyer_collusion,buyer,BUYER_00466
RING_COLLUSION_SELLER_00294,seller_buyer_collusion,buyer,BUYER_03164
RING_COLLUSION_SELLER_00136,seller_buyer_collusion,seller,SELLER_00136
RING_COLLUSION_SELLER_00136,seller_buyer_collusion,buyer,BUYER_04160
RING_COLLUSION_SELLER_00136,seller_buyer_collusion,buyer,BUYER_00805
RING_COLLUSION_SELLER_00136,seller_buyer_collusion,buyer,BUYER_02987
RING_COLLUSION_SELLER_00136,seller_buyer_collusion,buyer,BUYER_03245
RING_COLLUSION_SELLER_00136,seller_buyer_collusion,buyer,BUYER_04818
RING_COLLUSION_SELLER_00045,seller_buyer_collusion,seller,SELLER_00045
RING_COLLUSION_SELLER_00045,seller_buyer_collusion,buyer,BUYER_04438
RING_COLLUSION_SELLER_00045,seller_buyer_collusion,buyer,BUYER_04082
RING_COLLUSION_SELLER_00045,seller_buyer_collusion,buyer,BUYER_03698
RING_COLLUSION_SELLER_00045,seller_buyer_collusion,buyer,BUYER_00138
RING_COLLUSION_SELLER_00045,seller_buyer_collusion,buyer,BUYER_03945
RING_COLLUSION_SELLER_00045,seller_buyer_collusion,buyer,BUYER_02207
RING_COLLUSION_SELLER_00373,seller_buyer_collusion,seller,SELLER_00373
RING_COLLUSION_SELLER_00373,seller_buyer_collusion,buyer,BUYER_02087
RING_COLLUSION_SELLER_00373,seller_buyer_collusion,buyer,BUYER_03854
RING_COLLUSION_SELLER_00373,seller_buyer_collusion,buyer,BUYER_01132
RING_COLLUSION_SELLER_00373,seller_buyer_collusion,buyer,BUYER_00100
RING_COLLUSION_SELLER_00128,seller_buyer_collusion,seller,SELLER_00128
RING_COLLUSION_SELLER_00128,seller_buyer_collusion,buyer,BUYER_03695
RING_COLLUSION_SELLER_00128,seller_buyer_collusion,buyer,BUYER_01026
RING_COLLUSION_SELLER_00128,seller_buyer_collusion,buyer,BUYER_01946
RING_COLLUSION_SELLER_00128,seller_buyer_collusion,buyer,BUYER_04837
RING_COLLUSION_SELLER_00128,seller_buyer_collusion,buyer,BUYER_04008
RING_COLLUSION_SELLER_00128,seller_buyer_collusion,buyer,BUYER_02855
RING_COLLUSION_SELLER_00153,seller_buyer_collusion,seller,SELLER_00153
RING_COLLUSION_SELLER_00153,seller_buyer_collusion,buyer,BUYER_04143
RING_COLLUSION_SELLER_00153,seller_buyer_collusion,buyer,BUYER_03593
RING_COLLUSION_SELLER_00153,seller_buyer_collusion,buyer,BUYER_00028
RING_COLLUSION_SELLER_00153,seller_buyer_collusion,buyer,BUYER_03754
RING_COLLUSION_SELLER_00153,seller_buyer_collusion,buyer,BUYER_00424
RING_COLLUSION_SELLER_00153,seller_buyer_collusion,buyer,BUYER_02837
RING_COLLUSION_SELLER_00214,seller_buyer_collusion,seller,SELLER_00214
RING_COLLUSION_SELLER_00214,seller_buyer_collusion,buyer,BUYER_04220
RING_COLLUSION_SELLER_00214,seller_buyer_collusion,buyer,BUYER_04560
RING_COLLUSION_SELLER_00214,seller_buyer_collusion,buyer,BUYER_02781
RING_COLLUSION_SELLER_00167,seller_buyer_collusion,seller,SELLER_00167
RING_COLLUSION_SELLER_00167,seller_buyer_collusion,buyer,BUYER_03705
RING_COLLUSION_SELLER_00167,seller_buyer_collusion,buyer,BUYER_04506
RING_COLLUSION_SELLER_00167,seller_buyer_collusion,buyer,BUYER_03316
RING_COLLUSION_SELLER_00167,seller_buyer_collusion,buyer,BUYER_00796
RING_COLLUSION_SELLER_00167,seller_buyer_collusion,buyer,BUYER_01714
RING_COLLUSION_SELLER_00111,seller_buyer_collusion,seller,SELLER_00111
RING_COLLUSION_SELLER_00111,seller_buyer_collusion,buyer,BUYER_03675
RING_COLLUSION_SELLER_00111,seller_buyer_collusion,buyer,BUYER_02877
RING_COLLUSION_SELLER_00111,seller_buyer_collusion,buyer,BUYER_04056
RING_COLLUSION_SELLER_00111,seller_buyer_collusion,buyer,BUYER_00522
RING_COLLUSION_SELLER_00111,seller_buyer_collusion,buyer,BUYER_04788
RING_COLLUSION_SELLER_00105,seller_buyer_collusion,seller,SELLER_00105
RING_COLLUSION_SELLER_00105,seller_buyer_collusion,buyer,BUYER_00531
RING_COLLUSION_SELLER_00105,seller_buyer_collusion,buyer,BUYER_04403
RING_COLLUSION_SELLER_00105,seller_buyer_collusion,buyer,BUYER_03101
RING_COLLUSION_SELLER_00105,seller_buyer_collusion,buyer,BUYER_04776
RING_COLLUSION_SELLER_00105,seller_buyer_collusion,buyer,BUYER_00924
RING_COLLUSION_SELLER_00050,seller_buyer_collusion,seller,SELLER_00050
RING_COLLUSION_SELLER_00050,seller_buyer_collusion,buyer,BUYER_03117
RING_COLLUSION_SELLER_00050,seller_buyer_collusion,buyer,BUYER_00360
RING_COLLUSION_SELLER_00050,seller_buyer_collusion,buyer,BUYER_04322
RING_COLLUSION_SELLER_00050,seller_buyer_collusion,buyer,BUYER_04626
RING_COLLUSION_SELLER_00371,seller_buyer_collusion,seller,SELLER_00371
RING_COLLUSION_SELLER_00371,seller_buyer_collusion,buyer,BUYER_01076
RING_COLLUSION_SELLER_00371,seller_buyer_collusion,buyer,BUYER_04047
RING_COLLUSION_SELLER_00371,seller_buyer_collusion,buyer,BUYER_02466
RING_COLLUSION_SELLER_00371,seller_buyer_collusion,buyer,BUYER_04219
RING_COLLUSION_SELLER_00371,seller_buyer_collusion,buyer,BUYER_04189
RING_COLLUSION_SELLER_00439,seller_buyer_collusion,seller,SELLER_00439
RING_COLLUSION_SELLER_00439,seller_buyer_collusion,buyer,BUYER_00678
RING_COLLUSION_SELLER_00439,seller_buyer_collusion,buyer,BUYER_04948
RING_COLLUSION_SELLER_00439,seller_buyer_collusion,buyer,BUYER_03609
RING_COLLUSION_SELLER_00439,seller_buyer_collusion,buyer,BUYER_02527
RING_COLLUSION_SELLER_00148,seller_buyer_collusion,seller,SELLER_00148
RING_COLLUSION_SELLER_00148,seller_buyer_collusion,buyer,BUYER_01079
RING_COLLUSION_SELLER_00148,seller_buyer_collusion,buyer,BUYER_04468
RING_COLLUSION_SELLER_00148,seller_buyer_collusion,buyer,BUYER_04610
RING_COLLUSION_SELLER_00148,seller_buyer_collusion,buyer,BUYER_03629
RING_COLLUSION_SELLER_00370,seller_buyer_collusion,seller,SELLER_00370
RING_COLLUSION_SELLER_00370,seller_buyer_collusion,buyer,BUYER_01422
RING_COLLUSION_SELLER_00370,seller_buyer_collusion,buyer,BUYER_00276
RING_COLLUSION_SELLER_00370,seller_buyer_collusion,buyer,BUYER_04580
RING_COLLUSION_SELLER_00370,seller_buyer_collusion,buyer,BUYER_04763
RING_COLLUSION_SELLER_00377,seller_buyer_collusion,seller,SELLER_00377
RING_COLLUSION_SELLER_00377,seller_buyer_collusion,buyer,BUYER_04080
RING_COLLUSION_SELLER_00377,seller_buyer_collusion,buyer,BUYER_03663
RING_COLLUSION_SELLER_00377,seller_buyer_collusion,buyer,BUYER_02297
RING_COLLUSION_SELLER_00114,seller_buyer_collusion,seller,SELLER_00114
RING_COLLUSION_SELLER_00114,seller_buyer_collusion,buyer,BUYER_02495
RING_COLLUSION_SELLER_00114,seller_buyer_collusion,buyer,BUYER_02640
RING_COLLUSION_SELLER_00114,seller_buyer_collusion,buyer,BUYER_00408
RING_COLLUSION_SELLER_00114,seller_buyer_collusion,buyer,BUYER_00491
RING_COLLUSION_SELLER_00484,seller_buyer_collusion,seller,SELLER_00484
RING_COLLUSION_SELLER_00484,seller_buyer_collusion,buyer,BUYER_03447
RING_COLLUSION_SELLER_00484,seller_buyer_collusion,buyer,BUYER_04249
RING_COLLUSION_SELLER_00484,seller_buyer_collusion,buyer,BUYER_04733
RING_COLLUSION_SELLER_00484,seller_buyer_collusion,buyer,BUYER_04187
RING_COLLUSION_SELLER_00484,seller_buyer_collusion,buyer,BUYER_04378
RING_COLLUSION_SELLER_00357,seller_buyer_collusion,seller,SELLER_00357
RING_COLLUSION_SELLER_00357,seller_buyer_collusion,buyer,BUYER_04666
RING_COLLUSION_SELLER_00357,seller_buyer_collusion,buyer,BUYER_03724
RING_COLLUSION_SELLER_00357,seller_buyer_collusion,buyer,BUYER_02454
RING_COLLUSION_SELLER_00357,seller_buyer_collusion,buyer,BUYER_02884
RING_COLLUSION_SELLER_00177,seller_buyer_collusion,seller,SELLER_00177
RING_COLLUSION_SELLER_00177,seller_buyer_collusion,buyer,BUYER_04138
RING_COLLUSION_SELLER_00177,seller_buyer_collusion,buyer,BUYER_03412
RING_COLLUSION_SELLER_00177,seller_buyer_collusion,buyer,BUYER_04403
RING_COLLUSION_SELLER_00177,seller_buyer_collusion,buyer,BUYER_00796
RING_COLLUSION_SELLER_00177,seller_buyer_collusion,buyer,BUYER_01906
RING_COLLUSION_SELLER_00177,seller_buyer_collusion,buyer,BUYER_02860
RING_COLLUSION_SELLER_00405,seller_buyer_collusion,seller,SELLER_00405
RING_COLLUSION_SELLER_00405,seller_buyer_collusion,buyer,BUYER_04919
RING_COLLUSION_SELLER_00405,seller_buyer_collusion,buyer,BUYER_03242
RING_COLLUSION_SELLER_00405,seller_buyer_collusion,buyer,BUYER_00897
RING_COLLUSION_SELLER_00405,seller_buyer_collusion,buyer,BUYER_01850
RING_COLLUSION_SELLER_00137,seller_buyer_collusion,seller,SELLER_00137
RING_COLLUSION_SELLER_00137,seller_buyer_collusion,buyer,BUYER_04413
RING_COLLUSION_SELLER_00137,seller_buyer_collusion,buyer,BUYER_01185
RING_COLLUSION_SELLER_00137,seller_buyer_collusion,buyer,BUYER_00199
RING_COLLUSION_SELLER_00137,seller_buyer_collusion,buyer,BUYER_04972
RING_COLLUSION_SELLER_00341,seller_buyer_collusion,seller,SELLER_00341
RING_COLLUSION_SELLER_00341,seller_buyer_collusion,buyer,BUYER_04305
RING_COLLUSION_SELLER_00341,seller_buyer_collusion,buyer,BUYER_03738
RING_COLLUSION_SELLER_00341,seller_buyer_collusion,buyer,BUYER_03834
RING_COLLUSION_SELLER_00482,seller_buyer_collusion,seller,SELLER_00482
RING_COLLUSION_SELLER_00482,seller_buyer_collusion,buyer,BUYER_01103
RING_COLLUSION_SELLER_00482,seller_buyer_collusion,buyer,BUYER_02420
RING_COLLUSION_SELLER_00482,seller_buyer_collusion,buyer,BUYER_03606
RING_COLLUSION_SELLER_00482,seller_buyer_collusion,buyer,BUYER_03091
RING_COLLUSION_SELLER_00482,seller_buyer_collusion,buyer,BUYER_03239
RING_COLLUSION_SELLER_00279,seller_buyer_collusion,seller,SELLER_00279
RING_COLLUSION_SELLER_00279,seller_buyer_collusion,buyer,BUYER_02004
RING_COLLUSION_SELLER_00279,seller_buyer_collusion,buyer,BUYER_00300
RING_COLLUSION_SELLER_00279,seller_buyer_collusion,buyer,BUYER_01016
RING_COLLUSION_SELLER_00468,seller_buyer_collusion,seller,SELLER_00468
RING_COLLUSION_SELLER_00468,seller_buyer_collusion,buyer,BUYER_00413
RING_COLLUSION_SELLER_00468,seller_buyer_collusion,buyer,BUYER_01218
RING_COLLUSION_SELLER_00468,seller_buyer_collusion,buyer,BUYER_00116
RING_COLLUSION_SELLER_00468,seller_buyer_collusion,buyer,BUYER_02261
RING_COLLUSION_SELLER_00468,seller_buyer_collusion,buyer,BUYER_03899
RING_COLLUSION_SELLER_00217,seller_buyer_collusion,seller,SELLER_00217
RING_COLLUSION_SELLER_00217,seller_buyer_collusion,buyer,BUYER_04457
RING_COLLUSION_SELLER_00217,seller_buyer_collusion,buyer,BUYER_03482
RING_COLLUSION_SELLER_00217,seller_buyer_collusion,buyer,BUYER_01139
RING_COLLUSION_SELLER_00217,seller_buyer_collusion,buyer,BUYER_01079
RING_COLLUSION_SELLER_00217,seller_buyer_collusion,buyer,BUYER_02759
RING_COLLUSION_SELLER_00351,seller_buyer_collusion,seller,SELLER_00351
RING_COLLUSION_SELLER_00351,seller_buyer_collusion,buyer,BUYER_04829
RING_COLLUSION_SELLER_00351,seller_buyer_collusion,buyer,BUYER_00540
RING_COLLUSION_SELLER_00351,seller_buyer_collusion,buyer,BUYER_00111
RING_COLLUSION_SELLER_00089,seller_buyer_collusion,seller,SELLER_00089
RING_COLLUSION_SELLER_00089,seller_buyer_collusion,buyer,BUYER_02579
RING_COLLUSION_SELLER_00089,seller_buyer_collusion,buyer,BUYER_01898
RING_COLLUSION_SELLER_00089,seller_buyer_collusion,buyer,BUYER_03245
RING_COLLUSION_SELLER_00089,seller_buyer_collusion,buyer,BUYER_03228
RING_COLLUSION_SELLER_00002,seller_buyer_collusion,seller,SELLER_00002
RING_COLLUSION_SELLER_00002,seller_buyer_collusion,buyer,BUYER_03696
RING_COLLUSION_SELLER_00002,seller_buyer_collusion,buyer,BUYER_02495
RING_COLLUSION_SELLER_00002,seller_buyer_collusion,buyer,BUYER_03817
RING_COLLUSION_SELLER_00122,seller_buyer_collusion,seller,SELLER_00122
RING_COLLUSION_SELLER_00122,seller_buyer_collusion,buyer,BUYER_04024
RING_COLLUSION_SELLER_00122,seller_buyer_collusion,buyer,BUYER_01687
RING_COLLUSION_SELLER_00122,seller_buyer_collusion,buyer,BUYER_03938
RING_COLLUSION_SELLER_00122,seller_buyer_collusion,buyer,BUYER_02923
RING_COLLUSION_SELLER_00122,seller_buyer_collusion,buyer,BUYER_02211
RING_COLLUSION_SELLER_00422,seller_buyer_collusion,seller,SELLER_00422
RING_COLLUSION_SELLER_00422,seller_buyer_collusion,buyer,BUYER_03828
RING_COLLUSION_SELLER_00422,seller_buyer_collusion,buyer,BUYER_03104
RING_COLLUSION_SELLER_00422,seller_buyer_collusion,buyer,BUYER_03005
RING_COLLUSION_SELLER_00422,seller_buyer_collusion,buyer,BUYER_03797
RING_COLLUSION_SELLER_00406,seller_buyer_collusion,seller,SELLER_00406
RING_COLLUSION_SELLER_00406,seller_buyer_collusion,buyer,BUYER_02526
RING_COLLUSION_SELLER_00406,seller_buyer_collusion,buyer,BUYER_04644
RING_COLLUSION_SELLER_00406,seller_buyer_collusion,buyer,BUYER_03337
RING_COLLUSION_SELLER_00406,seller_buyer_collusion,buyer,BUYER_04424
RING_COLLUSION_SELLER_00406,seller_buyer_collusion,buyer,BUYER_00565
RING_COLLUSION_SELLER_00406,seller_buyer_collusion,buyer,BUYER_04830
RING_COLLUSION_SELLER_00008,seller_buyer_collusion,seller,SELLER_00008
RING_COLLUSION_SELLER_00008,seller_buyer_collusion,buyer,BUYER_00601
RING_COLLUSION_SELLER_00008,seller_buyer_collusion,buyer,BUYER_04842
RING_COLLUSION_SELLER_00008,seller_buyer_collusion,buyer,BUYER_03979
RING_COLLUSION_SELLER_00008,seller_buyer_collusion,buyer,BUYER_04073
RING_COLLUSION_SELLER_00008,seller_buyer_collusion,buyer,BUYER_02341
RING_COLLUSION_SELLER_00008,seller_buyer_collusion,buyer,BUYER_02133
RING_COLLUSION_SELLER_00115,seller_buyer_collusion,seller,SELLER_00115
RING_COLLUSION_SELLER_00115,seller_buyer_collusion,buyer,BUYER_01991
RING_COLLUSION_SELLER_00115,seller_buyer_collusion,buyer,BUYER_00023
RING_COLLUSION_SELLER_00115,seller_buyer_collusion,buyer,BUYER_02521
RING_COLLUSION_SELLER_00115,seller_buyer_collusion,buyer,BUYER_00620
RING_COLLUSION_SELLER_00115,seller_buyer_collusion,buyer,BUYER_01121
RING_COLLUSION_SELLER_00115,seller_buyer_collusion,buyer,BUYER_01802
RING_COLLUSION_SELLER_00261,seller_buyer_collusion,seller,SELLER_00261
RING_COLLUSION_SELLER_00261,seller_buyer_collusion,buyer,BUYER_04565
RING_COLLUSION_SELLER_00261,seller_buyer_collusion,buyer,BUYER_02294
RING_COLLUSION_SELLER_00261,seller_buyer_collusion,buyer,BUYER_04622
RING_COLLUSION_SELLER_00261,seller_buyer_collusion,buyer,BUYER_00767
RING_COLLUSION_SELLER_00261,seller_buyer_collusion,buyer,BUYER_01232
RING_COLLUSION_SELLER_00261,seller_buyer_collusion,buyer,BUYER_04027
RING_COLLUSION_SELLER_00235,seller_buyer_collusion,seller,SELLER_00235
RING_COLLUSION_SELLER_00235,seller_buyer_collusion,buyer,BUYER_01984
RING_COLLUSION_SELLER_00235,seller_buyer_collusion,buyer,BUYER_00134
RING_COLLUSION_SELLER_00235,seller_buyer_collusion,buyer,BUYER_04290
RING_COLLUSION_SELLER_00235,seller_buyer_collusion,buyer,BUYER_01450
RING_COLLUSION_SELLER_00235,seller_buyer_collusion,buyer,BUYER_01227
RING_COLLUSION_SELLER_00026,seller_buyer_collusion,seller,SELLER_00026
RING_COLLUSION_SELLER_00026,seller_buyer_collusion,buyer,BUYER_00955
RING_COLLUSION_SELLER_00026,seller_buyer_collusion,buyer,BUYER_00814
RING_COLLUSION_SELLER_00026,seller_buyer_collusion,buyer,BUYER_04005
RING_COLLUSION_SELLER_00026,seller_buyer_collusion,buyer,BUYER_00962
RING_COLLUSION_SELLER_00026,seller_buyer_collusion,buyer,BUYER_01446
RING_COLLUSION_SELLER_00436,seller_buyer_collusion,seller,SELLER_00436
RING_COLLUSION_SELLER_00436,seller_buyer_collusion,buyer,BUYER_02285
RING_COLLUSION_SELLER_00436,seller_buyer_collusion,buyer,BUYER_03861
RING_COLLUSION_SELLER_00436,seller_buyer_collusion,buyer,BUYER_01280
RING_COLLUSION_SELLER_00248,seller_buyer_collusion,seller,SELLER_00248
RING_COLLUSION_SELLER_00248,seller_buyer_collusion,buyer,BUYER_04295
RING_COLLUSION_SELLER_00248,seller_buyer_collusion,buyer,BUYER_00333
RING_COLLUSION_SELLER_00248,seller_buyer_collusion,buyer,BUYER_01692
RING_COLLUSION_SELLER_00248,seller_buyer_collusion,buyer,BUYER_00140
RING_COLLUSION_SELLER_00090,seller_buyer_collusion,seller,SELLER_00090
RING_COLLUSION_SELLER_00090,seller_buyer_collusion,buyer,BUYER_03417
RING_COLLUSION_SELLER_00090,seller_buyer_collusion,buyer,BUYER_04297
RING_COLLUSION_SELLER_00090,seller_buyer_collusion,buyer,BUYER_04139
RING_COLLUSION_SELLER_00090,seller_buyer_collusion,buyer,BUYER_02295
RING_COLLUSION_SELLER_00090,seller_buyer_collusion,buyer,BUYER_01292
RING_COLLUSION_SELLER_00090,seller_buyer_collusion,buyer,BUYER_00163
RING_COLLUSION_SELLER_00171,seller_buyer_collusion,seller,SELLER_00171
RING_COLLUSION_SELLER_00171,seller_buyer_collusion,buyer,BUYER_01722
RING_COLLUSION_SELLER_00171,seller_buyer_collusion,buyer,BUYER_00781
RING_COLLUSION_SELLER_00171,seller_buyer_collusion,buyer,BUYER_03528
RING_COLLUSION_SELLER_00171,seller_buyer_collusion,buyer,BUYER_00888
RING_COLLUSION_SELLER_00222,seller_buyer_collusion,seller,SELLER_00222
RING_COLLUSION_SELLER_00222,seller_buyer_collusion,buyer,BUYER_04869
RING_COLLUSION_SELLER_00222,seller_buyer_collusion,buyer,BUYER_01177
RING_COLLUSION_SELLER_00222,seller_buyer_collusion,buyer,BUYER_02525
RING_COLLUSION_SELLER_00432,seller_buyer_collusion,seller,SELLER_00432
RING_COLLUSION_SELLER_00432,seller_buyer_collusion,buyer,BUYER_03813
RING_COLLUSION_SELLER_00432,seller_buyer_collusion,buyer,BUYER_01978
RING_COLLUSION_SELLER_00432,seller_buyer_collusion,buyer,BUYER_03853
RING_COLLUSION_SELLER_00432,seller_buyer_collusion,buyer,BUYER_00402
RING_COLLUSION_SELLER_00319,seller_buyer_collusion,seller,SELLER_00319
RING_COLLUSION_SELLER_00319,seller_buyer_collusion,buyer,BUYER_00139
RING_COLLUSION_SELLER_00319,seller_buyer_collusion,buyer,BUYER_00429
RING_COLLUSION_SELLER_00319,seller_buyer_collusion,buyer,BUYER_03484
RING_COLLUSION_SELLER_00319,seller_buyer_collusion,buyer,BUYER_01017
RING_COLLUSION_SELLER_00374,seller_buyer_collusion,seller,SELLER_00374
RING_COLLUSION_SELLER_00374,seller_buyer_collusion,buyer,BUYER_00139
RING_COLLUSION_SELLER_00374,seller_buyer_collusion,buyer,BUYER_03735
RING_COLLUSION_SELLER_00374,seller_buyer_collusion,buyer,BUYER_01874
RING_COLLUSION_SELLER_00155,seller_buyer_collusion,seller,SELLER_00155
RING_COLLUSION_SELLER_00155,seller_buyer_collusion,buyer,BUYER_04646
RING_COLLUSION_SELLER_00155,seller_buyer_collusion,buyer,BUYER_00830
RING_COLLUSION_SELLER_00155,seller_buyer_collusion,buyer,BUYER_01037
RING_COLLUSION_SELLER_00041,seller_buyer_collusion,seller,SELLER_00041
RING_COLLUSION_SELLER_00041,seller_buyer_collusion,buyer,BUYER_03103
RING_COLLUSION_SELLER_00041,seller_buyer_collusion,buyer,BUYER_00787
RING_COLLUSION_SELLER_00041,seller_buyer_collusion,buyer,BUYER_01724
RING_COLLUSION_SELLER_00041,seller_buyer_collusion,buyer,BUYER_04455
RING_COLLUSION_SELLER_00041,seller_buyer_collusion,buyer,BUYER_01918
RING_COLLUSION_SELLER_00234,seller_buyer_collusion,seller,SELLER_00234
RING_COLLUSION_SELLER_00234,seller_buyer_collusion,buyer,BUYER_02051
RING_COLLUSION_SELLER_00234,seller_buyer_collusion,buyer,BUYER_02132
RING_COLLUSION_SELLER_00234,seller_buyer_collusion,buyer,BUYER_01962
RING_COLLUSION_SELLER_00234,seller_buyer_collusion,buyer,BUYER_04980
RING_COLLUSION_SELLER_00364,seller_buyer_collusion,seller,SELLER_00364
RING_COLLUSION_SELLER_00364,seller_buyer_collusion,buyer,BUYER_00109
RING_COLLUSION_SELLER_00364,seller_buyer_collusion,buyer,BUYER_01816
RING_COLLUSION_SELLER_00364,seller_buyer_collusion,buyer,BUYER_04540
RING_COLLUSION_SELLER_00364,seller_buyer_collusion,buyer,BUYER_00531
RING_COLLUSION_SELLER_00203,seller_buyer_collusion,seller,SELLER_00203
RING_COLLUSION_SELLER_00203,seller_buyer_collusion,buyer,BUYER_03233
RING_COLLUSION_SELLER_00203,seller_buyer_collusion,buyer,BUYER_01866
RING_COLLUSION_SELLER_00203,seller_buyer_collusion,buyer,BUYER_03404
RING_COLLUSION_SELLER_00203,seller_buyer_collusion,buyer,BUYER_04775
RING_COLLUSION_SELLER_00203,seller_buyer_collusion,buyer,BUYER_04141
RING_COLLUSION_SELLER_00203,seller_buyer_collusion,buyer,BUYER_01512
RING_COLLUSION_SELLER_00434,seller_buyer_collusion,seller,SELLER_00434
RING_COLLUSION_SELLER_00434,seller_buyer_collusion,buyer,BUYER_01110
RING_COLLUSION_SELLER_00434,seller_buyer_collusion,buyer,BUYER_03255
RING_COLLUSION_SELLER_00434,seller_buyer_collusion,buyer,BUYER_04765
RING_COLLUSION_SELLER_00022,seller_buyer_collusion,seller,SELLER_00022
RING_COLLUSION_SELLER_00022,seller_buyer_collusion,buyer,BUYER_00617
RING_COLLUSION_SELLER_00022,seller_buyer_collusion,buyer,BUYER_03345
RING_COLLUSION_SELLER_00022,seller_buyer_collusion,buyer,BUYER_03316
RING_COLLUSION_SELLER_00022,seller_buyer_collusion,buyer,BUYER_02689
RING_COLLUSION_SELLER_00022,seller_buyer_collusion,buyer,BUYER_02507
RING_COLLUSION_SELLER_00142,seller_buyer_collusion,seller,SELLER_00142
RING_COLLUSION_SELLER_00142,seller_buyer_collusion,buyer,BUYER_00415
RING_COLLUSION_SELLER_00142,seller_buyer_collusion,buyer,BUYER_03960
RING_COLLUSION_SELLER_00142,seller_buyer_collusion,buyer,BUYER_03729
RING_COLLUSION_SELLER_00142,seller_buyer_collusion,buyer,BUYER_00848
RING_COLLUSION_SELLER_00367,seller_buyer_collusion,seller,SELLER_00367
RING_COLLUSION_SELLER_00367,seller_buyer_collusion,buyer,BUYER_01361
RING_COLLUSION_SELLER_00367,seller_buyer_collusion,buyer,BUYER_03091
RING_COLLUSION_SELLER_00367,seller_buyer_collusion,buyer,BUYER_01545
RING_COLLUSION_SELLER_00367,seller_buyer_collusion,buyer,BUYER_03754
RING_COLLUSION_SELLER_00386,seller_buyer_collusion,seller,SELLER_00386
RING_COLLUSION_SELLER_00386,seller_buyer_collusion,buyer,BUYER_02597
RING_COLLUSION_SELLER_00386,seller_buyer_collusion,buyer,BUYER_02830
RING_COLLUSION_SELLER_00386,seller_buyer_collusion,buyer,BUYER_04131
RING_COLLUSION_SELLER_00386,seller_buyer_collusion,buyer,BUYER_03929
RING_COLLUSION_SELLER_00498,seller_buyer_collusion,seller,SELLER_00498
RING_COLLUSION_SELLER_00498,seller_buyer_collusion,buyer,BUYER_04142
RING_COLLUSION_SELLER_00498,seller_buyer_collusion,buyer,BUYER_04552
RING_COLLUSION_SELLER_00498,seller_buyer_collusion,buyer,BUYER_01821
RING_COLLUSION_SELLER_00498,seller_buyer_collusion,buyer,BUYER_00675
RING_COLLUSION_SELLER_00498,seller_buyer_collusion,buyer,BUYER_02337
RING_COLLUSION_SELLER_00431,seller_buyer_collusion,seller,SELLER_00431
RING_COLLUSION_SELLER_00431,seller_buyer_collusion,buyer,BUYER_03325
RING_COLLUSION_SELLER_00431,seller_buyer_collusion,buyer,BUYER_00901
RING_COLLUSION_SELLER_00431,seller_buyer_collusion,buyer,BUYER_01606
RING_COLLUSION_SELLER_00242,seller_buyer_collusion,seller,SELLER_00242
RING_COLLUSION_SELLER_00242,seller_buyer_collusion,buyer,BUYER_00214
RING_COLLUSION_SELLER_00242,seller_buyer_collusion,buyer,BUYER_03126
RING_COLLUSION_SELLER_00242,seller_buyer_collusion,buyer,BUYER_00115
RING_COLLUSION_SELLER_00242,seller_buyer_collusion,buyer,BUYER_03326
RING_COLLUSION_SELLER_00242,seller_buyer_collusion,buyer,BUYER_02061
RING_COLLUSION_SELLER_00242,seller_buyer_collusion,buyer,BUYER_04479
RING_COLLUSION_SELLER_00042,seller_buyer_collusion,seller,SELLER_00042
RING_COLLUSION_SELLER_00042,seller_buyer_collusion,buyer,BUYER_03739
RING_COLLUSION_SELLER_00042,seller_buyer_collusion,buyer,BUYER_02304
RING_COLLUSION_SELLER_00042,seller_buyer_collusion,buyer,BUYER_02595
RING_COLLUSION_SELLER_00042,seller_buyer_collusion,buyer,BUYER_00011
RING_COLLUSION_SELLER_00042,seller_buyer_collusion,buyer,BUYER_02398
RING_COLLUSION_SELLER_00467,seller_buyer_collusion,seller,SELLER_00467
RING_COLLUSION_SELLER_00467,seller_buyer_collusion,buyer,BUYER_04487
RING_COLLUSION_SELLER_00467,seller_buyer_collusion,buyer,BUYER_04979
RING_COLLUSION_SELLER_00467,seller_buyer_collusion,buyer,BUYER_04220
RING_COLLUSION_SELLER_00467,seller_buyer_collusion,buyer,BUYER_03005
RING_COLLUSION_SELLER_00467,seller_buyer_collusion,buyer,BUYER_00061
RING_COLLUSION_SELLER_00467,seller_buyer_collusion,buyer,BUYER_04226
RING_COLLUSION_SELLER_00180,seller_buyer_collusion,seller,SELLER_00180
RING_COLLUSION_SELLER_00180,seller_buyer_collusion,buyer,BUYER_04802
RING_COLLUSION_SELLER_00180,seller_buyer_collusion,buyer,BUYER_03094
RING_COLLUSION_SELLER_00180,seller_buyer_collusion,buyer,BUYER_04387
RING_COLLUSION_SELLER_00180,seller_buyer_collusion,buyer,BUYER_04062
RING_COLLUSION_SELLER_00180,seller_buyer_collusion,buyer,BUYER_03817
RING_COLLUSION_SELLER_00342,seller_buyer_collusion,seller,SELLER_00342
RING_COLLUSION_SELLER_00342,seller_buyer_collusion,buyer,BUYER_04644
RING_COLLUSION_SELLER_00342,seller_buyer_collusion,buyer,BUYER_00010
RING_COLLUSION_SELLER_00342,seller_buyer_collusion,buyer,BUYER_01290
RING_COLLUSION_SELLER_00342,seller_buyer_collusion,buyer,BUYER_02025
RING_COLLUSION_SELLER_00342,seller_buyer_collusion,buyer,BUYER_00646
RING_COLLUSION_SELLER_00342,seller_buyer_collusion,buyer,BUYER_04663
RING_COLLUSION_SELLER_00226,seller_buyer_collusion,seller,SELLER_00226
RING_COLLUSION_SELLER_00226,seller_buyer_collusion,buyer,BUYER_03525
RING_COLLUSION_SELLER_00226,seller_buyer_collusion,buyer,BUYER_03994
RING_COLLUSION_SELLER_00226,seller_buyer_collusion,buyer,BUYER_00637
RING_COLLUSION_SELLER_00226,seller_buyer_collusion,buyer,BUYER_00544
RING_COLLUSION_SELLER_00226,seller_buyer_collusion,buyer,BUYER_00488
RING_COLLUSION_SELLER_00414,seller_buyer_collusion,seller,SELLER_00414
RING_COLLUSION_SELLER_00414,seller_buyer_collusion,buyer,BUYER_00778
RING_COLLUSION_SELLER_00414,seller_buyer_collusion,buyer,BUYER_02229
RING_COLLUSION_SELLER_00414,seller_buyer_collusion,buyer,BUYER_03277
RING_COLLUSION_SELLER_00414,seller_buyer_collusion,buyer,BUYER_02390
RING_COLLUSION_SELLER_00414,seller_buyer_collusion,buyer,BUYER_01828
RING_COLLUSION_SELLER_00077,seller_buyer_collusion,seller,SELLER_00077
RING_COLLUSION_SELLER_00077,seller_buyer_collusion,buyer,BUYER_01286
RING_COLLUSION_SELLER_00077,seller_buyer_collusion,buyer,BUYER_03742
RING_COLLUSION_SELLER_00077,seller_buyer_collusion,buyer,BUYER_02841
RING_COLLUSION_SELLER_00077,seller_buyer_collusion,buyer,BUYER_02181
RING_COLLUSION_SELLER_00077,seller_buyer_collusion,buyer,BUYER_01439
RING_COLLUSION_SELLER_00479,seller_buyer_collusion,seller,SELLER_00479
RING_COLLUSION_SELLER_00479,seller_buyer_collusion,buyer,BUYER_04487
RING_COLLUSION_SELLER_00479,seller_buyer_collusion,buyer,BUYER_04308
RING_COLLUSION_SELLER_00479,seller_buyer_collusion,buyer,BUYER_00698
RING_COLLUSION_SELLER_00313,seller_buyer_collusion,seller,SELLER_00313
RING_COLLUSION_SELLER_00313,seller_buyer_collusion,buyer,BUYER_03531
RING_COLLUSION_SELLER_00313,seller_buyer_collusion,buyer,BUYER_04528
RING_COLLUSION_SELLER_00313,seller_buyer_collusion,buyer,BUYER_03652
RING_COLLUSION_SELLER_00324,seller_buyer_collusion,seller,SELLER_00324
RING_COLLUSION_SELLER_00324,seller_buyer_collusion,buyer,BUYER_04820
RING_COLLUSION_SELLER_00324,seller_buyer_collusion,buyer,BUYER_03223
RING_COLLUSION_SELLER_00324,seller_buyer_collusion,buyer,BUYER_00817
RING_COLLUSION_SELLER_00324,seller_buyer_collusion,buyer,BUYER_01126
RING_COLLUSION_SELLER_00324,seller_buyer_collusion,buyer,BUYER_03919
RING_COLLUSION_SELLER_00395,seller_buyer_collusion,seller,SELLER_00395
RING_COLLUSION_SELLER_00395,seller_buyer_collusion,buyer,BUYER_04583
RING_COLLUSION_SELLER_00395,seller_buyer_collusion,buyer,BUYER_04104
RING_COLLUSION_SELLER_00395,seller_buyer_collusion,buyer,BUYER_01087
RING_COLLUSION_SELLER_00395,seller_buyer_collusion,buyer,BUYER_03771
RING_COLLUSION_SELLER_00395,seller_buyer_collusion,buyer,BUYER_00532
RING_COLLUSION_SELLER_00395,seller_buyer_collusion,buyer,BUYER_00970
RING_COLLUSION_SELLER_00099,seller_buyer_collusion,seller,SELLER_00099
RING_COLLUSION_SELLER_00099,seller_buyer_collusion,buyer,BUYER_02740
RING_COLLUSION_SELLER_00099,seller_buyer_collusion,buyer,BUYER_01267
RING_COLLUSION_SELLER_00099,seller_buyer_collusion,buyer,BUYER_03869
RING_COLLUSION_SELLER_00099,seller_buyer_collusion,buyer,BUYER_03762
RING_COLLUSION_SELLER_00099,seller_buyer_collusion,buyer,BUYER_04965
RING_COLLUSION_SELLER_00099,seller_buyer_collusion,buyer,BUYER_03473
RING_COLLUSION_SELLER_00220,seller_buyer_collusion,seller,SELLER_00220
RING_COLLUSION_SELLER_00220,seller_buyer_collusion,buyer,BUYER_04042
RING_COLLUSION_SELLER_00220,seller_buyer_collusion,buyer,BUYER_03893
RING_COLLUSION_SELLER_00220,seller_buyer_collusion,buyer,BUYER_04563
RING_COLLUSION_SELLER_00220,seller_buyer_collusion,buyer,BUYER_03807
RING_COLLUSION_SELLER_00241,seller_buyer_collusion,seller,SELLER_00241
RING_COLLUSION_SELLER_00241,seller_buyer_collusion,buyer,BUYER_02059
RING_COLLUSION_SELLER_00241,seller_buyer_collusion,buyer,BUYER_02569
RING_COLLUSION_SELLER_00241,seller_buyer_collusion,buyer,BUYER_01965
RING_COLLUSION_SELLER_00030,seller_buyer_collusion,seller,SELLER_00030
RING_COLLUSION_SELLER_00030,seller_buyer_collusion,buyer,BUYER_04275
RING_COLLUSION_SELLER_00030,seller_buyer_collusion,buyer,BUYER_01354
RING_COLLUSION_SELLER_00030,seller_buyer_collusion,buyer,BUYER_00331
RING_COLLUSION_SELLER_00030,seller_buyer_collusion,buyer,BUYER_02035
RING_COLLUSION_SELLER_00030,seller_buyer_collusion,buyer,BUYER_01482
RING_COLLUSION_SELLER_00030,seller_buyer_collusion,buyer,BUYER_03846
RING_COLLUSION_SELLER_00170,seller_buyer_collusion,seller,SELLER_00170
RING_COLLUSION_SELLER_00170,seller_buyer_collusion,buyer,BUYER_00448
RING_COLLUSION_SELLER_00170,seller_buyer_collusion,buyer,BUYER_00091
RING_COLLUSION_SELLER_00170,seller_buyer_collusion,buyer,BUYER_03859
RING_COLLUSION_SELLER_00092,seller_buyer_collusion,seller,SELLER_00092
RING_COLLUSION_SELLER_00092,seller_buyer_collusion,buyer,BUYER_00515
RING_COLLUSION_SELLER_00092,seller_buyer_collusion,buyer,BUYER_00671
RING_COLLUSION_SELLER_00092,seller_buyer_collusion,buyer,BUYER_02935
RING_COLLUSION_SELLER_00092,seller_buyer_collusion,buyer,BUYER_04052
RING_COLLUSION_SELLER_00092,seller_buyer_collusion,buyer,BUYER_00449
RING_COLLUSION_SELLER_00092,seller_buyer_collusion,buyer,BUYER_02031
