return_id,order_id,buyer_id,seller_id,return_date,reason,status,is_fraudulent,fraud_type
RETURN_000000,ORDER_000023,BUYER_00001,SELLER_00404,2025-12-31,defective,approved,False,
RETURN_000001,ORDER_000025,BUYER_00001,SELLER_00472,2025-12-22,defective,approved,False,
RETURN_000002,ORDER_000034,BUYER_00002,SELLER_00042,2025-10-30,wrong_item_received,approved,False,
RETURN_000003,ORDER_000045,BUYER_00003,SELLER_00317,2025-09-24,changed_mind,approved,False,
RETURN_000004,ORDER_000049,BUYER_00003,SELLER_00377,2025-08-04,defective,approved,False,
RETURN_000005,ORDER_000072,BUYER_00005,SELLER_00251,2025-09-18,defective,approved,False,
RETURN_000006,ORDER_000099,BUYER_00008,SELLER_00378,2025-10-09,wrong_item_received,approved,False,
RETURN_000007,ORDER_000100,BUYER_00008,SELLER_00213,2025-10-21,size_issue,approved,False,
RETURN_000008,ORDER_000111,BUYER_00010,SELLER_00185,2025-06-30,wrong_item_received,approved,False,
RETURN_000009,ORDER_000133,BUYER_00012,SELLER_00001,2025-10-12,changed_mind,approved,False,
RETURN_000010,ORDER_000135,BUYER_00013,SELLER_00387,2025-09-03,changed_mind,approved,False,
RETURN_000011,ORDER_000138,BUYER_00013,SELLER_00151,2025-11-10,changed_mind,approved,False,
RETURN_000012,ORDER_000140,BUYER_00013,SELLER_00376,2025-10-29,defective,approved,False,
RETURN_000013,ORDER_000141,BUYER_00013,SELLER_00070,2025-08-24,defective,approved,False,
RETURN_000014,ORDER_000143,BUYER_00013,SELLER_00347,2025-07-11,changed_mind,approved,False,
RETURN_000015,ORDER_000181,BUYER_00018,SELLER_00368,2025-12-01,defective,approved,False,
RETURN_000016,ORDER_000186,BUYER_00018,SELLER_00016,2025-12-16,defective,approved,False,
RETURN_000017,ORDER_000188,BUYER_00018,SELLER_00237,2025-12-11,defective,approved,False,
RETURN_000018,ORDER_000195,BUYER_00019,SELLER_00472,2025-12-19,size_issue,approved,False,
RETURN_000019,ORDER_000280,BUYER_00028,SELLER_00084,2025-08-16,defective,approved,False,
RETURN_000020,ORDER_000283,BUYER_00029,SELLER_00423,2025-05-15,changed_mind,approved,False,
RETURN_000021,ORDER_000330,BUYER_00035,SELLER_00366,2025-04-22,changed_mind,approved,False,
RETURN_000022,ORDER_000338,BUYER_00035,SELLER_00167,2025-12-05,changed_mind,approved,False,
RETURN_000023,ORDER_000361,BUYER_00036,SELLER_00403,2025-09-23,defective,approved,False,
RETURN_000024,ORDER_000367,BUYER_00036,SELLER_00156,2025-09-15,defective,approved,False,
RETURN_000025,ORDER_000371,BUYER_00036,SELLER_00427,2025-11-26,defective,approved,False,
RETURN_000026,ORDER_000373,BUYER_00036,SELLER_00124,2025-12-16,defective,approved,False,
RETURN_000027,ORDER_000375,BUYER_00037,SELLER_00065,2025-06-08,changed_mind,approved,False,
RETURN_000028,ORDER_000379,BUYER_00037,SELLER_00374,2025-07-31,changed_mind,approved,False,
RETURN_000029,ORDER_000380,BUYER_00037,SELLER_00290,2025-11-20,size_issue,approved,False,
RETURN_000030,ORDER_000382,BUYER_00037,SELLER_00472,2025-11-07,changed_mind,approved,False,
RETURN_000031,ORDER_000394,BUYER_00039,SELLER_00120,2025-12-20,changed_mind,approved,False,
RETURN_000032,ORDER_000409,BUYER_00040,SELLER_00316,2025-08-26,defective,approved,False,
RETURN_000033,ORDER_000457,BUYER_00044,SELLER_00163,2025-08-31,changed_mind,approved,False,
RETURN_000034,ORDER_000497,BUYER_00048,SELLER_00462,2025-11-30,wrong_item_received,approved,False,
RETURN_000035,ORDER_000523,BUYER_00051,SELLER_00450,2025-05-21,wrong_item_received,approved,False,
RETURN_000036,ORDER_000557,BUYER_00056,SELLER_00460,2025-09-25,changed_mind,approved,False,
RETURN_000037,ORDER_000558,BUYER_00056,SELLER_00246,2025-07-15,defective,approved,False,
RETURN_000038,ORDER_000560,BUYER_00056,SELLER_00174,2025-07-29,defective,approved,False,
RETURN_000039,ORDER_000561,BUYER_00056,SELLER_00112,2025-11-30,wrong_item_received,approved,False,
RETURN_000040,ORDER_000573,BUYER_00058,SELLER_00009,2025-11-11,wrong_item_received,approved,False,
RETURN_000041,ORDER_000584,BUYER_00060,SELLER_00185,2025-12-31,wrong_item_received,approved,False,
RETURN_000042,ORDER_000585,BUYER_00060,SELLER_00148,2025-12-12,changed_mind,approved,False,
RETURN_000043,ORDER_000592,BUYER_00060,SELLER_00300,2025-12-18,changed_mind,approved,False,
RETURN_000044,ORDER_000596,BUYER_00060,SELLER_00443,2025-12-19,size_issue,approved,False,
RETURN_000045,ORDER_000597,BUYER_00060,SELLER_00113,2025-12-25,size_issue,approved,False,
RETURN_000046,ORDER_000601,BUYER_00060,SELLER_00472,2025-12-19,size_issue,approved,False,
RETURN_000047,ORDER_000602,BUYER_00060,SELLER_00169,2025-12-19,changed_mind,approved,False,
RETURN_000048,ORDER_000604,BUYER_00060,SELLER_00120,2025-12-04,changed_mind,approved,False,
RETURN_000049,ORDER_000608,BUYER_00060,SELLER_00496,2025-12-31,defective,approved,False,
RETURN_000050,ORDER_000609,BUYER_00060,SELLER_00471,2025-12-21,size_issue,approved,False,
RETURN_000051,ORDER_000615,BUYER_00061,SELLER_00058,2025-08-14,size_issue,approved,False,
RETURN_000052,ORDER_000616,BUYER_00061,SELLER_00011,2025-11-10,wrong_item_received,approved,False,
RETURN_000053,ORDER_000618,BUYER_00061,SELLER_00330,2025-05-22,size_issue,approved,False,
RETURN_000054,ORDER_000619,BUYER_00061,SELLER_00185,2025-07-19,size_issue,approved,False,
RETURN_000055,ORDER_000621,BUYER_00061,SELLER_00245,2025-12-29,defective,approved,False,
RETURN_000056,ORDER_000623,BUYER_00061,SELLER_00423,2025-08-05,wrong_item_received,approved,False,
RETURN_000057,ORDER_000624,BUYER_00061,SELLER_00143,2025-07-10,changed_mind,approved,False,
RETURN_000058,ORDER_000628,BUYER_00061,SELLER_00113,2025-12-27,defective,approved,False,
RETURN_000059,ORDER_000660,BUYER_00064,SELLER_00206,2025-12-07,wrong_item_received,approved,False,
RETURN_000060,ORDER_000676,BUYER_00065,SELLER_00202,2025-11-22,defective,approved,False,
RETURN_000061,ORDER_000689,BUYER_00067,SELLER_00111,2025-12-11,size_issue,approved,False,
RETURN_000062,ORDER_000695,BUYER_00068,SELLER_00206,2025-10-27,changed_mind,approved,False,
RETURN_000063,ORDER_000703,BUYER_00068,SELLER_00446,2025-10-14,size_issue,approved,False,
RETURN_000064,ORDER_000708,BUYER_00068,SELLER_00043,2025-11-07,changed_mind,approved,False,
RETURN_000065,ORDER_000724,BUYER_00070,SELLER_00333,2025-11-11,defective,approved,False,
RETURN_000066,ORDER_000730,BUYER_00071,SELLER_00043,2025-12-15,defective,approved,False,
RETURN_000067,ORDER_000738,BUYER_00072,SELLER_00472,2025-08-15,changed_mind,approved,False,
RETURN_000068,ORDER_000748,BUYER_00074,SELLER_00460,2025-08-22,wrong_item_received,approved,False,
RETURN_000069,ORDER_000750,BUYER_00074,SELLER_00026,2025-07-26,defective,approved,False,
RETURN_000070,ORDER_000756,BUYER_00075,SELLER_00169,2025-10-24,size_issue,approved,False,
RETURN_000071,ORDER_000767,BUYER_00076,SELLER_00066,2025-09-26,wrong_item_received,approved,False,
RETURN_000072,ORDER_000797,BUYER_00078,SELLER_00123,2025-12-06,wrong_item_received,approved,False,
RETURN_000073,ORDER_000805,BUYER_00079,SELLER_00155,2025-10-02,changed_mind,approved,False,
RETURN_000074,ORDER_000808,BUYER_00079,SELLER_00077,2025-07-16,defective,approved,False,
RETURN_000075,ORDER_000836,BUYER_00082,SELLER_00138,2025-12-08,wrong_item_received,approved,False,
RETURN_000076,ORDER_000848,BUYER_00084,SELLER_00183,2025-11-11,changed_mind,approved,False,
RETURN_000077,ORDER_000849,BUYER_00084,SELLER_00166,2025-03-06,defective,approved,False,
RETURN_000078,ORDER_000951,BUYER_00094,SELLER_00468,2025-05-05,wrong_item_received,approved,False,
RETURN_000079,ORDER_000952,BUYER_00094,SELLER_00275,2025-11-17,changed_mind,approved,False,
RETURN_000080,ORDER_000953,BUYER_00094,SELLER_00251,2025-06-11,defective,approved,False,
RETURN_000081,ORDER_000954,BUYER_00094,SELLER_00173,2025-08-27,defective,approved,False,
RETURN_000082,ORDER_000955,BUYER_00094,SELLER_00365,2025-07-16,size_issue,approved,False,
RETURN_000083,ORDER_000963,BUYER_00095,SELLER_00283,2025-01-30,changed_mind,approved,False,
RETURN_000084,ORDER_000982,BUYER_00095,SELLER_00368,2025-07-23,defective,approved,False,
RETURN_000085,ORDER_000985,BUYER_00095,SELLER_00283,2025-12-31,changed_mind,approved,False,
RETURN_000086,ORDER_000996,BUYER_00096,SELLER_00379,2025-09-29,wrong_item_received,approved,False,
RETURN_000087,ORDER_001005,BUYER_00098,SELLER_00116,2025-12-10,defective,approved,False,
RETURN_000088,ORDER_001017,BUYER_00099,SELLER_00074,2025-10-25,size_issue,approved,False,
RETURN_000089,ORDER_001062,BUYER_00104,SELLER_00295,2025-10-04,defective,approved,False,
RETURN_000090,ORDER_001070,BUYER_00106,SELLER_00199,2025-11-12,changed_mind,approved,False,
RETURN_000091,ORDER_001078,BUYER_00109,SELLER_00243,2025-08-09,changed_mind,approved,False,
RETURN_000092,ORDER_001080,BUYER_00109,SELLER_00477,2025-09-30,defective,approved,False,
RETURN_000093,ORDER_001081,BUYER_00109,SELLER_00242,2025-07-19,changed_mind,approved,False,
RETURN_000094,ORDER_001085,BUYER_00109,SELLER_00376,2025-12-08,changed_mind,approved,False,
RETURN_000095,ORDER_001086,BUYER_00109,SELLER_00454,2025-06-22,changed_mind,approved,False,
RETURN_000096,ORDER_001089,BUYER_00109,SELLER_00430,2025-07-10,changed_mind,approved,False,
RETURN_000097,ORDER_001090,BUYER_00109,SELLER_00233,2025-10-31,changed_mind,approved,False,
RETURN_000098,ORDER_001094,BUYER_00109,SELLER_00378,2025-07-19,changed_mind,approved,False,
RETURN_000099,ORDER_001095,BUYER_00109,SELLER_00344,2025-07-01,size_issue,approved,False,
RETURN_000100,ORDER_001100,BUYER_00109,SELLER_00427,2025-06-23,defective,approved,False,
RETURN_000101,ORDER_001101,BUYER_00109,SELLER_00280,2025-11-20,changed_mind,approved,False,
RETURN_000102,ORDER_001102,BUYER_00109,SELLER_00218,2025-12-31,changed_mind,approved,False,
RETURN_000103,ORDER_001108,BUYER_00109,SELLER_00073,2025-10-24,changed_mind,approved,False,
RETURN_000104,ORDER_001147,BUYER_00115,SELLER_00098,2025-11-19,size_issue,approved,False,
RETURN_000105,ORDER_001153,BUYER_00115,SELLER_00174,2025-10-25,wrong_item_received,approved,False,
RETURN_000106,ORDER_001157,BUYER_00115,SELLER_00438,2025-11-21,defective,approved,False,
RETURN_000107,ORDER_001173,BUYER_00117,SELLER_00153,2025-12-19,size_issue,approved,False,
RETURN_000108,ORDER_001176,BUYER_00117,SELLER_00244,2025-12-14,defective,approved,False,
RETURN_000109,ORDER_001212,BUYER_00119,SELLER_00109,2025-12-15,size_issue,approved,False,
RETURN_000110,ORDER_001247,BUYER_00122,SELLER_00069,2025-07-21,changed_mind,approved,False,
RETURN_000111,ORDER_001266,BUYER_00125,SELLER_00283,2025-12-11,changed_mind,approved,False,
RETURN_000112,ORDER_001270,BUYER_00126,SELLER_00496,2025-11-12,defective,approved,False,
RETURN_000113,ORDER_001272,BUYER_00126,SELLER_00019,2025-12-22,changed_mind,approved,False,
RETURN_000114,ORDER_001276,BUYER_00126,SELLER_00233,2025-12-31,size_issue,approved,False,
RETURN_000115,ORDER_001303,BUYER_00128,SELLER_00079,2025-10-24,defective,approved,False,
RETURN_000116,ORDER_001332,BUYER_00130,SELLER_00199,2025-11-17,defective,approved,False,
RETURN_000117,ORDER_001347,BUYER_00133,SELLER_00458,2025-06-19,defective,approved,False,
RETURN_000118,ORDER_001349,BUYER_00133,SELLER_00366,2025-08-13,changed_mind,approved,False,
RETURN_000119,ORDER_001377,BUYER_00134,SELLER_00122,2025-07-18,changed_mind,approved,False,
RETURN_000120,ORDER_001381,BUYER_00134,SELLER_00309,2025-10-24,wrong_item_received,approved,False,
RETURN_000121,ORDER_001387,BUYER_00134,SELLER_00381,2025-03-23,changed_mind,approved,False,
RETURN_000122,ORDER_001401,BUYER_00134,SELLER_00114,2025-12-26,defective,approved,False,
RETURN_000123,ORDER_001420,BUYER_00134,SELLER_00231,2025-05-10,changed_mind,approved,False,
RETURN_000124,ORDER_001447,BUYER_00136,SELLER_00387,2025-10-24,defective,approved,False,
RETURN_000125,ORDER_001452,BUYER_00136,SELLER_00284,2025-06-28,defective,approved,False,
RETURN_000126,ORDER_001459,BUYER_00138,SELLER_00178,2025-12-27,size_issue,approved,False,
RETURN_000127,ORDER_001473,BUYER_00138,SELLER_00354,2025-12-15,defective,approved,False,
RETURN_000128,ORDER_001493,BUYER_00139,SELLER_00368,2025-07-12,changed_mind,approved,False,
RETURN_000129,ORDER_001494,BUYER_00139,SELLER_00354,2025-07-02,defective,approved,False,
RETURN_000130,ORDER_001497,BUYER_00139,SELLER_00100,2025-12-19,changed_mind,approved,False,
RETURN_000131,ORDER_001540,BUYER_00141,SELLER_00323,2025-03-04,defective,approved,False,
RETURN_000132,ORDER_001546,BUYER_00141,SELLER_00427,2025-07-26,defective,approved,False,
RETURN_000133,ORDER_001550,BUYER_00141,SELLER_00455,2025-03-04,size_issue,approved,False,
RETURN_000134,ORDER_001556,BUYER_00142,SELLER_00206,2025-08-08,changed_mind,approved,False,
RETURN_000135,ORDER_001576,BUYER_00143,SELLER_00483,2025-04-17,changed_mind,approved,False,
RETURN_000136,ORDER_001578,BUYER_00143,SELLER_00145,2025-11-05,wrong_item_received,approved,False,
RETURN_000137,ORDER_001584,BUYER_00143,SELLER_00241,2025-08-05,defective,approved,False,
RETURN_000138,ORDER_001592,BUYER_00145,SELLER_00294,2025-11-10,defective,approved,False,
RETURN_000139,ORDER_001621,BUYER_00146,SELLER_00313,2025-07-05,changed_mind,approved,False,
RETURN_000140,ORDER_001624,BUYER_00146,SELLER_00219,2025-05-30,changed_mind,approved,False,
RETURN_000141,ORDER_001632,BUYER_00146,SELLER_00258,2025-07-20,changed_mind,approved,False,
RETURN_000142,ORDER_001636,BUYER_00147,SELLER_00054,2025-10-10,defective,approved,False,
RETURN_000143,ORDER_001637,BUYER_00147,SELLER_00087,2025-09-27,changed_mind,approved,False,
RETURN_000144,ORDER_001663,BUYER_00151,SELLER_00073,2025-07-10,changed_mind,approved,True,return_abuse
RETURN_000145,ORDER_001664,BUYER_00152,SELLER_00401,2025-05-29,changed_mind,approved,False,
RETURN_000146,ORDER_001665,BUYER_00152,SELLER_00198,2025-05-30,changed_mind,approved,False,
RETURN_000147,ORDER_001727,BUYER_00159,SELLER_00283,2025-11-01,defective,approved,False,
RETURN_000148,ORDER_001730,BUYER_00159,SELLER_00016,2025-08-05,size_issue,approved,False,
RETURN_000149,ORDER_001735,BUYER_00160,SELLER_00294,2025-12-16,defective,approved,False,
RETURN_000150,ORDER_001736,BUYER_00160,SELLER_00066,2025-11-16,wrong_item_received,approved,False,
RETURN_000151,ORDER_001754,BUYER_00162,SELLER_00298,2025-08-21,changed_mind,approved,False,
RETURN_000152,ORDER_001760,BUYER_00163,SELLER_00277,2025-12-01,changed_mind,approved,False,
RETURN_000153,ORDER_001764,BUYER_00163,SELLER_00302,2025-08-27,defective,approved,False,
RETURN_000154,ORDER_001779,BUYER_00165,SELLER_00006,2025-09-24,defective,approved,False,
RETURN_000155,ORDER_001783,BUYER_00165,SELLER_00309,2025-08-18,changed_mind,approved,False,
RETURN_000156,ORDER_001797,BUYER_00167,SELLER_00352,2025-11-08,defective,approved,False,
RETURN_000157,ORDER_001806,BUYER_00168,SELLER_00175,2025-08-21,wrong_item_received,approved,False,
RETURN_000158,ORDER_001818,BUYER_00170,SELLER_00123,2025-12-15,defective,approved,False,
RETURN_000159,ORDER_001825,BUYER_00171,SELLER_00339,2025-09-28,defective,approved,False,
RETURN_000160,ORDER_001850,BUYER_00174,SELLER_00241,2025-12-10,size_issue,approved,False,
RETURN_000161,ORDER_001864,BUYER_00176,SELLER_00326,2025-08-10,changed_mind,approved,False,
RETURN_000162,ORDER_001869,BUYER_00176,SELLER_00338,2025-06-06,changed_mind,approved,False,
RETURN_000163,ORDER_001873,BUYER_00176,SELLER_00430,2025-04-20,changed_mind,approved,False,
RETURN_000164,ORDER_001880,BUYER_00176,SELLER_00049,2025-09-13,defective,approved,False,
RETURN_000165,ORDER_001881,BUYER_00176,SELLER_00174,2025-07-20,changed_mind,approved,False,
RETURN_000166,ORDER_001884,BUYER_00176,SELLER_00013,2025-05-30,defective,approved,False,
RETURN_000167,ORDER_001885,BUYER_00176,SELLER_00475,2025-03-24,defective,approved,False,
RETURN_000168,ORDER_001888,BUYER_00176,SELLER_00125,2025-09-14,size_issue,approved,False,
RETURN_000169,ORDER_001892,BUYER_00176,SELLER_00277,2025-03-29,changed_mind,approved,False,
RETURN_000170,ORDER_001894,BUYER_00176,SELLER_00467,2025-08-22,defective,approved,False,
RETURN_000171,ORDER_001896,BUYER_00176,SELLER_00152,2025-10-04,changed_mind,approved,False,
RETURN_000172,ORDER_001898,BUYER_00176,SELLER_00016,2025-08-26,changed_mind,approved,False,
RETURN_000173,ORDER_001907,BUYER_00176,SELLER_00020,2025-05-29,size_issue,approved,False,
RETURN_000174,ORDER_001912,BUYER_00176,SELLER_00232,2025-09-19,defective,approved,False,
RETURN_000175,ORDER_001919,BUYER_00176,SELLER_00152,2025-09-16,wrong_item_received,approved,False,
RETURN_000176,ORDER_001924,BUYER_00176,SELLER_00109,2025-06-08,defective,approved,False,
RETURN_000177,ORDER_001925,BUYER_00176,SELLER_00309,2025-12-30,changed_mind,approved,False,
RETURN_000178,ORDER_001957,BUYER_00180,SELLER_00423,2025-09-03,changed_mind,approved,False,
RETURN_000179,ORDER_001964,BUYER_00180,SELLER_00107,2025-12-31,changed_mind,approved,False,
RETURN_000180,ORDER_001968,BUYER_00180,SELLER_00472,2025-12-31,changed_mind,approved,False,
RETURN_000181,ORDER_001984,BUYER_00181,SELLER_00112,2025-09-29,changed_mind,approved,False,
RETURN_000182,ORDER_002005,BUYER_00182,SELLER_00064,2025-09-07,defective,approved,False,
RETURN_000183,ORDER_002015,BUYER_00183,SELLER_00080,2025-03-04,changed_mind,approved,False,
RETURN_000184,ORDER_002025,BUYER_00184,SELLER_00292,2025-10-16,defective,approved,False,
RETURN_000185,ORDER_002026,BUYER_00184,SELLER_00022,2025-12-11,defective,approved,False,
RETURN_000186,ORDER_002028,BUYER_00184,SELLER_00113,2025-11-09,wrong_item_received,approved,False,
RETURN_000187,ORDER_002029,BUYER_00184,SELLER_00078,2025-12-11,defective,approved,False,
RETURN_000188,ORDER_002033,BUYER_00184,SELLER_00256,2025-10-11,defective,approved,False,
RETURN_000189,ORDER_002035,BUYER_00184,SELLER_00260,2025-11-03,size_issue,approved,False,
RETURN_000190,ORDER_002064,BUYER_00190,SELLER_00449,2025-12-24,size_issue,approved,False,
RETURN_000191,ORDER_002080,BUYER_00191,SELLER_00207,2025-08-02,wrong_item_received,approved,False,
RETURN_000192,ORDER_002094,BUYER_00192,SELLER_00019,2025-08-04,changed_mind,approved,False,
RETURN_000193,ORDER_002095,BUYER_00192,SELLER_00206,2025-08-12,size_issue,approved,False,
RETURN_000194,ORDER_002097,BUYER_00193,SELLER_00316,2025-06-07,size_issue,approved,False,
RETURN_000195,ORDER_002135,BUYER_00199,SELLER_00165,2025-06-18,changed_mind,approved,False,
RETURN_000196,ORDER_002154,BUYER_00200,SELLER_00206,2025-12-13,defective,approved,False,
RETURN_000197,ORDER_002178,BUYER_00203,SELLER_00476,2025-06-20,changed_mind,approved,False,
RETURN_000198,ORDER_002232,BUYER_00209,SELLER_00237,2025-11-19,wrong_item_received,approved,False,
RETURN_000199,ORDER_002253,BUYER_00210,SELLER_00263,2025-11-28,defective,approved,False,
RETURN_000200,ORDER_002254,BUYER_00210,SELLER_00154,2025-12-03,size_issue,approved,False,
RETURN_000201,ORDER_002265,BUYER_00212,SELLER_00275,2025-11-11,defective,approved,False,
RETURN_000202,ORDER_002273,BUYER_00213,SELLER_00172,2025-10-26,size_issue,approved,False,
RETURN_000203,ORDER_002276,BUYER_00213,SELLER_00066,2025-12-19,defective,approved,False,
RETURN_000204,ORDER_002280,BUYER_00214,SELLER_00021,2025-09-15,defective,approved,False,
RETURN_000205,ORDER_002287,BUYER_00214,SELLER_00020,2025-07-23,changed_mind,approved,False,
RETURN_000206,ORDER_002288,BUYER_00214,SELLER_00219,2025-08-03,defective,approved,False,
RETURN_000207,ORDER_002306,BUYER_00215,SELLER_00221,2025-09-21,defective,approved,False,
RETURN_000208,ORDER_002312,BUYER_00215,SELLER_00167,2025-11-20,size_issue,approved,False,
RETURN_000209,ORDER_002323,BUYER_00217,SELLER_00021,2025-08-25,wrong_item_received,approved,False,
RETURN_000210,ORDER_002326,BUYER_00217,SELLER_00187,2025-08-11,defective,approved,False,
RETURN_000211,ORDER_002327,BUYER_00217,SELLER_00211,2025-12-18,defective,approved,False,
RETURN_000212,ORDER_002328,BUYER_00217,SELLER_00263,2025-12-16,changed_mind,approved,False,
RETURN_000213,ORDER_002331,BUYER_00217,SELLER_00200,2025-09-20,wrong_item_received,approved,False,
RETURN_000214,ORDER_002337,BUYER_00218,SELLER_00003,2025-02-21,size_issue,approved,False,
RETURN_000215,ORDER_002338,BUYER_00218,SELLER_00310,2025-11-22,defective,approved,False,
RETURN_000216,ORDER_002346,BUYER_00219,SELLER_00164,2025-09-16,size_issue,approved,False,
RETURN_000217,ORDER_002355,BUYER_00219,SELLER_00316,2025-06-09,defective,approved,False,
RETURN_000218,ORDER_002360,BUYER_00219,SELLER_00016,2025-07-19,changed_mind,approved,False,
RETURN_000219,ORDER_002371,BUYER_00220,SELLER_00289,2025-08-02,wrong_item_received,approved,False,
RETURN_000220,ORDER_002432,BUYER_00226,SELLER_00101,2025-12-07,changed_mind,approved,False,
RETURN_000221,ORDER_002440,BUYER_00227,SELLER_00069,2025-10-21,wrong_item_received,approved,False,
RETURN_000222,ORDER_002446,BUYER_00227,SELLER_00246,2025-06-20,defective,approved,False,
RETURN_000223,ORDER_002448,BUYER_00227,SELLER_00399,2025-12-06,size_issue,approved,False,
RETURN_000224,ORDER_002450,BUYER_00227,SELLER_00174,2025-05-25,size_issue,approved,False,
RETURN_000225,ORDER_002460,BUYER_00229,SELLER_00213,2025-10-09,size_issue,approved,False,
RETURN_000226,ORDER_002462,BUYER_00229,SELLER_00033,2025-12-03,size_issue,approved,False,
RETURN_000227,ORDER_002465,BUYER_00229,SELLER_00368,2025-11-23,size_issue,approved,False,
RETURN_000228,ORDER_002466,BUYER_00229,SELLER_00195,2025-10-11,defective,approved,False,
RETURN_000229,ORDER_002468,BUYER_00229,SELLER_00439,2025-12-22,changed_mind,approved,False,
RETURN_000230,ORDER_002472,BUYER_00229,SELLER_00426,2025-11-02,defective,approved,False,
RETURN_000231,ORDER_002485,BUYER_00232,SELLER_00109,2025-09-17,changed_mind,approved,False,
RETURN_000232,ORDER_002500,BUYER_00235,SELLER_00343,2025-02-22,wrong_item_received,approved,False,
RETURN_000233,ORDER_002502,BUYER_00235,SELLER_00416,2025-03-27,size_issue,approved,False,
RETURN_000234,ORDER_002541,BUYER_00239,SELLER_00300,2025-11-17,defective,approved,False,
RETURN_000235,ORDER_002556,BUYER_00240,SELLER_00455,2025-12-31,changed_mind,approved,False,
RETURN_000236,ORDER_002562,BUYER_00241,SELLER_00039,2025-12-24,defective,approved,False,
RETURN_000237,ORDER_002568,BUYER_00241,SELLER_00066,2025-12-02,defective,approved,False,
RETURN_000238,ORDER_002570,BUYER_00241,SELLER_00473,2025-12-06,defective,approved,False,
RETURN_000239,ORDER_002571,BUYER_00241,SELLER_00438,2025-11-29,size_issue,approved,False,
RETURN_000240,ORDER_002573,BUYER_00241,SELLER_00096,2025-12-08,defective,approved,False,
RETURN_000241,ORDER_002577,BUYER_00242,SELLER_00077,2025-12-05,defective,approved,False,
RETURN_000242,ORDER_002616,BUYER_00246,SELLER_00170,2025-05-19,wrong_item_received,approved,False,
RETURN_000243,ORDER_002624,BUYER_00246,SELLER_00185,2025-07-26,wrong_item_received,approved,False,
RETURN_000244,ORDER_002625,BUYER_00246,SELLER_00016,2025-06-02,size_issue,approved,False,
RETURN_000245,ORDER_002626,BUYER_00246,SELLER_00140,2025-05-31,defective,approved,False,
RETURN_000246,ORDER_002627,BUYER_00246,SELLER_00206,2025-12-03,defective,approved,False,
RETURN_000247,ORDER_002632,BUYER_00246,SELLER_00427,2025-09-30,changed_mind,approved,False,
RETURN_000248,ORDER_002637,BUYER_00247,SELLER_00438,2025-08-05,wrong_item_received,approved,False,
RETURN_000249,ORDER_002647,BUYER_00249,SELLER_00277,2025-11-12,changed_mind,approved,False,
RETURN_000250,ORDER_002651,BUYER_00250,SELLER_00081,2025-02-22,size_issue,approved,False,
RETURN_000251,ORDER_002657,BUYER_00250,SELLER_00294,2025-02-10,defective,approved,True,return_abuse
RETURN_000252,ORDER_002659,BUYER_00250,SELLER_00423,2025-11-19,size_issue,approved,False,
RETURN_000253,ORDER_002671,BUYER_00250,SELLER_00223,2025-02-14,changed_mind,approved,True,return_abuse
RETURN_000254,ORDER_002692,BUYER_00253,SELLER_00237,2025-02-03,wrong_item_received,approved,False,
RETURN_000255,ORDER_002726,BUYER_00256,SELLER_00007,2025-10-31,defective,approved,False,
RETURN_000256,ORDER_002731,BUYER_00258,SELLER_00165,2025-10-01,changed_mind,approved,False,
RETURN_000257,ORDER_002737,BUYER_00258,SELLER_00438,2025-02-05,defective,approved,False,
RETURN_000258,ORDER_002749,BUYER_00259,SELLER_00072,2025-05-10,defective,approved,False,
RETURN_000259,ORDER_002765,BUYER_00261,SELLER_00255,2025-11-24,defective,approved,False,
RETURN_000260,ORDER_002775,BUYER_00262,SELLER_00049,2025-12-17,changed_mind,approved,False,
RETURN_000261,ORDER_002800,BUYER_00265,SELLER_00347,2025-10-06,changed_mind,approved,False,
RETURN_000262,ORDER_002822,BUYER_00268,SELLER_00021,2025-10-05,defective,approved,False,
RETURN_000263,ORDER_002845,BUYER_00271,SELLER_00433,2025-03-29,changed_mind,approved,False,
RETURN_000264,ORDER_002853,BUYER_00272,SELLER_00231,2025-08-15,defective,approved,False,
RETURN_000265,ORDER_002858,BUYER_00273,SELLER_00423,2025-04-14,changed_mind,approved,False,
RETURN_000266,ORDER_002861,BUYER_00273,SELLER_00258,2025-10-08,defective,approved,False,
RETURN_000267,ORDER_002863,BUYER_00273,SELLER_00345,2025-12-26,defective,approved,False,
RETURN_000268,ORDER_002864,BUYER_00273,SELLER_00141,2025-08-01,defective,approved,False,
RETURN_000269,ORDER_002866,BUYER_00273,SELLER_00409,2025-04-04,defective,approved,False,
RETURN_000270,ORDER_002867,BUYER_00273,SELLER_00447,2025-10-05,wrong_item_received,approved,False,
RETURN_000271,ORDER_002873,BUYER_00273,SELLER_00492,2025-05-08,defective,approved,False,
RETURN_000272,ORDER_002903,BUYER_00277,SELLER_00392,2025-11-15,changed_mind,approved,False,
RETURN_000273,ORDER_002924,BUYER_00277,SELLER_00388,2025-12-23,changed_mind,approved,False,
RETURN_000274,ORDER_002925,BUYER_00277,SELLER_00289,2025-11-11,wrong_item_received,approved,False,
RETURN_000275,ORDER_002941,BUYER_00279,SELLER_00170,2025-10-30,defective,approved,False,
RETURN_000276,ORDER_002964,BUYER_00280,SELLER_00352,2025-11-28,changed_mind,approved,False,
RETURN_000277,ORDER_002975,BUYER_00283,SELLER_00438,2025-09-30,defective,approved,False,
RETURN_000278,ORDER_002979,BUYER_00284,SELLER_00338,2025-12-28,defective,approved,False,
RETURN_000279,ORDER_002980,BUYER_00284,SELLER_00340,2025-11-02,size_issue,approved,False,
RETURN_000280,ORDER_002986,BUYER_00284,SELLER_00018,2025-10-09,defective,approved,False,
RETURN_000281,ORDER_003007,BUYER_00287,SELLER_00074,2025-12-30,defective,approved,False,
RETURN_000282,ORDER_003010,BUYER_00287,SELLER_00259,2025-12-29,changed_mind,approved,False,
RETURN_000283,ORDER_003026,BUYER_00289,SELLER_00221,2025-12-21,wrong_item_received,approved,False,
RETURN_000284,ORDER_003027,BUYER_00289,SELLER_00271,2025-11-27,changed_mind,approved,False,
RETURN_000285,ORDER_003029,BUYER_00289,SELLER_00376,2025-08-14,wrong_item_received,approved,False,
RETURN_000286,ORDER_003050,BUYER_00290,SELLER_00231,2025-05-14,wrong_item_received,approved,False,
RETURN_000287,ORDER_003092,BUYER_00294,SELLER_00066,2025-09-30,defective,approved,False,
RETURN_000288,ORDER_003101,BUYER_00295,SELLER_00382,2025-06-01,defective,approved,False,
RETURN_000289,ORDER_003102,BUYER_00295,SELLER_00021,2025-08-07,changed_mind,approved,False,
RETURN_000290,ORDER_003103,BUYER_00295,SELLER_00170,2025-12-22,size_issue,approved,False,
RETURN_000291,ORDER_003106,BUYER_00295,SELLER_00013,2025-10-19,wrong_item_received,approved,False,
RETURN_000292,ORDER_003108,BUYER_00295,SELLER_00399,2025-11-22,size_issue,approved,False,
RETURN_000293,ORDER_003142,BUYER_00299,SELLER_00314,2025-06-27,changed_mind,approved,False,
RETURN_000294,ORDER_003158,BUYER_00302,SELLER_00204,2025-11-30,defective,approved,False,
RETURN_000295,ORDER_003162,BUYER_00302,SELLER_00186,2025-12-20,defective,approved,False,
RETURN_000296,ORDER_003166,BUYER_00302,SELLER_00321,2025-12-08,changed_mind,approved,False,
RETURN_000297,ORDER_003169,BUYER_00302,SELLER_00181,2025-12-31,defective,approved,False,
RETURN_000298,ORDER_003194,BUYER_00304,SELLER_00179,2025-12-29,defective,approved,False,
RETURN_000299,ORDER_003225,BUYER_00306,SELLER_00010,2025-07-27,size_issue,approved,False,
RETURN_000300,ORDER_003232,BUYER_00306,SELLER_00218,2025-08-21,size_issue,approved,False,
RETURN_000301,ORDER_003319,BUYER_00317,SELLER_00077,2025-06-19,wrong_item_received,approved,False,
RETURN_000302,ORDER_003351,BUYER_00320,SELLER_00124,2025-12-22,defective,approved,False,
RETURN_000303,ORDER_003356,BUYER_00320,SELLER_00254,2025-10-25,size_issue,approved,False,
RETURN_000304,ORDER_003371,BUYER_00321,SELLER_00387,2025-10-20,changed_mind,approved,False,
RETURN_000305,ORDER_003372,BUYER_00321,SELLER_00441,2025-10-28,defective,approved,False,
RETURN_000306,ORDER_003376,BUYER_00323,SELLER_00112,2025-11-25,changed_mind,approved,False,
RETURN_000307,ORDER_003435,BUYER_00331,SELLER_00265,2025-08-26,changed_mind,approved,False,
RETURN_000308,ORDER_003437,BUYER_00331,SELLER_00290,2025-09-05,changed_mind,approved,False,
RETURN_000309,ORDER_003473,BUYER_00335,SELLER_00487,2025-08-07,defective,approved,False,
RETURN_000310,ORDER_003475,BUYER_00335,SELLER_00468,2025-12-31,wrong_item_received,approved,False,
RETURN_000311,ORDER_003514,BUYER_00338,SELLER_00024,2025-08-10,defective,approved,False,
RETURN_000312,ORDER_003525,BUYER_00339,SELLER_00037,2025-08-07,size_issue,approved,False,
RETURN_000313,ORDER_003527,BUYER_00339,SELLER_00470,2025-11-14,changed_mind,approved,False,
RETURN_000314,ORDER_003535,BUYER_00340,SELLER_00381,2025-11-23,wrong_item_received,approved,False,
RETURN_000315,ORDER_003546,BUYER_00340,SELLER_00288,2025-12-31,changed_mind,approved,False,
RETURN_000316,ORDER_003558,BUYER_00340,SELLER_00482,2025-05-02,size_issue,approved,False,
RETURN_000317,ORDER_003579,BUYER_00340,SELLER_00472,2025-06-06,wrong_item_received,approved,False,
RETURN_000318,ORDER_003580,BUYER_00340,SELLER_00399,2025-11-17,size_issue,approved,False,
RETURN_000319,ORDER_003592,BUYER_00340,SELLER_00021,2025-08-16,changed_mind,approved,False,
RETURN_000320,ORDER_003596,BUYER_00340,SELLER_00226,2025-08-17,changed_mind,approved,False,
RETURN_000321,ORDER_003607,BUYER_00342,SELLER_00324,2025-06-22,defective,approved,False,
RETURN_000322,ORDER_003609,BUYER_00342,SELLER_00178,2025-11-17,changed_mind,approved,False,
RETURN_000323,ORDER_003635,BUYER_00343,SELLER_00366,2025-12-30,changed_mind,approved,False,
RETURN_000324,ORDER_003644,BUYER_00344,SELLER_00195,2025-10-07,wrong_item_received,approved,False,
RETURN_000325,ORDER_003651,BUYER_00345,SELLER_00058,2025-12-29,wrong_item_received,approved,False,
RETURN_000326,ORDER_003654,BUYER_00345,SELLER_00036,2025-11-10,changed_mind,approved,False,
RETURN_000327,ORDER_003669,BUYER_00347,SELLER_00314,2025-10-05,defective,approved,False,
RETURN_000328,ORDER_003676,BUYER_00348,SELLER_00427,2025-12-17,defective,approved,False,
RETURN_000329,ORDER_003691,BUYER_00352,SELLER_00113,2025-12-31,defective,approved,False,
RETURN_000330,ORDER_003700,BUYER_00352,SELLER_00494,2025-11-28,size_issue,approved,False,
RETURN_000331,ORDER_003708,BUYER_00353,SELLER_00036,2025-12-17,size_issue,approved,False,
RETURN_000332,ORDER_003722,BUYER_00355,SELLER_00019,2025-08-30,changed_mind,approved,False,
RETURN_000333,ORDER_003749,BUYER_00358,SELLER_00115,2025-12-23,changed_mind,approved,False,
RETURN_000334,ORDER_003752,BUYER_00358,SELLER_00145,2025-10-25,changed_mind,approved,False,
RETURN_000335,ORDER_003770,BUYER_00360,SELLER_00408,2025-12-16,size_issue,approved,False,
RETURN_000336,ORDER_003778,BUYER_00360,SELLER_00438,2025-11-09,changed_mind,approved,False,
RETURN_000337,ORDER_003798,BUYER_00362,SELLER_00200,2025-09-11,changed_mind,approved,False,
RETURN_000338,ORDER_003801,BUYER_00362,SELLER_00494,2025-10-20,wrong_item_received,approved,False,
RETURN_000339,ORDER_003805,BUYER_00362,SELLER_00319,2025-09-02,wrong_item_received,approved,False,
RETURN_000340,ORDER_003809,BUYER_00362,SELLER_00049,2025-10-11,defective,approved,False,
RETURN_000341,ORDER_003810,BUYER_00362,SELLER_00075,2025-12-05,defective,approved,False,
RETURN_000342,ORDER_003813,BUYER_00363,SELLER_00153,2025-10-18,defective,approved,False,
RETURN_000343,ORDER_003825,BUYER_00365,SELLER_00490,2025-08-26,wrong_item_received,approved,False,
RETURN_000344,ORDER_003826,BUYER_00366,SELLER_00459,2025-09-28,defective,approved,False,
RETURN_000345,ORDER_003828,BUYER_00366,SELLER_00483,2025-03-11,changed_mind,approved,False,
RETURN_000346,ORDER_003848,BUYER_00368,SELLER_00190,2025-07-24,changed_mind,approved,False,
RETURN_000347,ORDER_003853,BUYER_00369,SELLER_00438,2025-12-10,defective,approved,False,
RETURN_000348,ORDER_003870,BUYER_00370,SELLER_00010,2025-09-12,defective,approved,False,
RETURN_000349,ORDER_003874,BUYER_00371,SELLER_00468,2025-09-12,changed_mind,approved,False,
RETURN_000350,ORDER_003898,BUYER_00373,SELLER_00423,2025-11-20,changed_mind,approved,False,
RETURN_000351,ORDER_003899,BUYER_00373,SELLER_00204,2025-11-16,size_issue,approved,False,
RETURN_000352,ORDER_003907,BUYER_00375,SELLER_00413,2025-05-28,wrong_item_received,approved,False,
RETURN_000353,ORDER_003943,BUYER_00379,SELLER_00486,2025-07-28,size_issue,approved,False,
RETURN_000354,ORDER_003958,BUYER_00380,SELLER_00488,2025-12-11,wrong_item_received,approved,False,
RETURN_000355,ORDER_003981,BUYER_00381,SELLER_00393,2025-12-31,changed_mind,approved,False,
RETURN_000356,ORDER_003990,BUYER_00383,SELLER_00196,2025-11-12,wrong_item_received,approved,False,
RETURN_000357,ORDER_003991,BUYER_00383,SELLER_00468,2025-06-07,defective,approved,False,
RETURN_000358,ORDER_004011,BUYER_00386,SELLER_00105,2025-06-06,wrong_item_received,approved,False,
RETURN_000359,ORDER_004027,BUYER_00388,SELLER_00275,2025-11-03,size_issue,approved,False,
RETURN_000360,ORDER_004033,BUYER_00388,SELLER_00471,2025-11-25,changed_mind,approved,False,
RETURN_000361,ORDER_004036,BUYER_00388,SELLER_00438,2025-10-19,defective,approved,False,
RETURN_000362,ORDER_004041,BUYER_00388,SELLER_00021,2025-11-28,changed_mind,approved,False,
RETURN_000363,ORDER_004042,BUYER_00388,SELLER_00091,2025-12-05,size_issue,approved,False,
RETURN_000364,ORDER_004043,BUYER_00388,SELLER_00221,2025-10-23,defective,approved,False,
RETURN_000365,ORDER_004045,BUYER_00388,SELLER_00462,2025-11-28,changed_mind,approved,False,
RETURN_000366,ORDER_004046,BUYER_00389,SELLER_00487,2025-10-13,defective,approved,False,
RETURN_000367,ORDER_004059,BUYER_00389,SELLER_00128,2025-10-08,changed_mind,approved,True,return_abuse
RETURN_000368,ORDER_004062,BUYER_00389,SELLER_00062,2025-11-09,changed_mind,approved,False,
RETURN_000369,ORDER_004072,BUYER_00390,SELLER_00327,2025-11-03,defective,approved,False,
RETURN_000370,ORDER_004085,BUYER_00391,SELLER_00044,2025-11-01,changed_mind,approved,False,
RETURN_000371,ORDER_004086,BUYER_00391,SELLER_00016,2025-10-29,changed_mind,approved,False,
RETURN_000372,ORDER_004119,BUYER_00397,SELLER_00036,2025-12-31,wrong_item_received,approved,False,
RETURN_000373,ORDER_004124,BUYER_00397,SELLER_00455,2025-10-01,defective,approved,False,
RETURN_000374,ORDER_004125,BUYER_00397,SELLER_00453,2025-10-06,defective,approved,False,
RETURN_000375,ORDER_004127,BUYER_00397,SELLER_00093,2025-12-31,changed_mind,approved,False,
RETURN_000376,ORDER_004151,BUYER_00400,SELLER_00334,2025-07-19,wrong_item_received,approved,False,
RETURN_000377,ORDER_004155,BUYER_00400,SELLER_00143,2025-07-09,defective,approved,False,
RETURN_000378,ORDER_004156,BUYER_00400,SELLER_00198,2025-12-31,changed_mind,approved,False,
RETURN_000379,ORDER_004158,BUYER_00400,SELLER_00061,2025-09-19,size_issue,approved,False,
RETURN_000380,ORDER_004182,BUYER_00402,SELLER_00016,2025-12-12,defective,approved,False,
RETURN_000381,ORDER_004207,BUYER_00404,SELLER_00423,2025-10-25,defective,approved,False,
RETURN_000382,ORDER_004208,BUYER_00404,SELLER_00135,2025-10-10,size_issue,approved,False,
RETURN_000383,ORDER_004209,BUYER_00405,SELLER_00042,2025-09-24,defective,approved,False,
RETURN_000384,ORDER_004210,BUYER_00405,SELLER_00442,2025-09-19,changed_mind,approved,False,
RETURN_000385,ORDER_004215,BUYER_00405,SELLER_00358,2025-09-27,defective,approved,False,
RETURN_000386,ORDER_004216,BUYER_00405,SELLER_00324,2025-10-02,size_issue,approved,False,
RETURN_000387,ORDER_004217,BUYER_00405,SELLER_00486,2025-12-11,size_issue,approved,False,
RETURN_000388,ORDER_004218,BUYER_00405,SELLER_00268,2025-10-14,size_issue,approved,False,
RETURN_000389,ORDER_004241,BUYER_00408,SELLER_00297,2025-12-31,defective,approved,False,
RETURN_000390,ORDER_004242,BUYER_00408,SELLER_00393,2025-12-15,defective,approved,False,
RETURN_000391,ORDER_004248,BUYER_00408,SELLER_00107,2025-12-22,changed_mind,approved,False,
RETURN_000392,ORDER_004257,BUYER_00408,SELLER_00225,2025-12-29,defective,approved,False,
RETURN_000393,ORDER_004259,BUYER_00408,SELLER_00046,2025-12-31,changed_mind,approved,False,
RETURN_000394,ORDER_004263,BUYER_00409,SELLER_00190,2025-10-25,defective,approved,False,
RETURN_000395,ORDER_004270,BUYER_00410,SELLER_00016,2025-12-06,defective,approved,False,
RETURN_000396,ORDER_004271,BUYER_00410,SELLER_00091,2025-11-17,changed_mind,approved,False,
RETURN_000397,ORDER_004274,BUYER_00411,SELLER_00192,2025-12-31,wrong_item_received,approved,False,
RETURN_000398,ORDER_004282,BUYER_00412,SELLER_00491,2025-12-20,defective,approved,False,
RETURN_000399,ORDER_004285,BUYER_00412,SELLER_00036,2025-11-30,defective,approved,False,
RETURN_000400,ORDER_004298,BUYER_00413,SELLER_00173,2025-10-03,size_issue,approved,False,
RETURN_000401,ORDER_004320,BUYER_00414,SELLER_00351,2025-08-02,changed_mind,approved,False,
RETURN_000402,ORDER_004323,BUYER_00414,SELLER_00399,2025-07-21,size_issue,approved,False,
RETURN_000403,ORDER_004356,BUYER_00417,SELLER_00297,2025-08-09,changed_mind,approved,False,
RETURN_000404,ORDER_004358,BUYER_00417,SELLER_00183,2025-06-18,size_issue,approved,False,
RETURN_000405,ORDER_004381,BUYER_00419,SELLER_00387,2025-06-28,defective,approved,False,
RETURN_000406,ORDER_004383,BUYER_00419,SELLER_00104,2025-07-29,defective,approved,False,
RETURN_000407,ORDER_004384,BUYER_00419,SELLER_00166,2025-11-13,defective,approved,False,
RETURN_000408,ORDER_004385,BUYER_00419,SELLER_00291,2025-11-26,wrong_item_received,approved,False,
RETURN_000409,ORDER_004409,BUYER_00422,SELLER_00433,2025-09-09,defective,approved,False,
RETURN_000410,ORDER_004430,BUYER_00425,SELLER_00102,2025-03-21,wrong_item_received,approved,False,
RETURN_000411,ORDER_004441,BUYER_00427,SELLER_00169,2025-06-26,changed_mind,approved,False,
RETURN_000412,ORDER_004443,BUYER_00427,SELLER_00178,2025-07-29,size_issue,approved,False,
RETURN_000413,ORDER_004456,BUYER_00428,SELLER_00313,2025-09-05,size_issue,approved,False,
RETURN_000414,ORDER_004459,BUYER_00428,SELLER_00387,2025-10-02,wrong_item_received,approved,False,
RETURN_000415,ORDER_004476,BUYER_00430,SELLER_00160,2025-10-12,changed_mind,approved,False,
RETURN_000416,ORDER_004501,BUYER_00432,SELLER_00381,2025-12-15,size_issue,approved,True,return_abuse
RETURN_000417,ORDER_004506,BUYER_00433,SELLER_00459,2025-10-03,size_issue,approved,True,return_abuse
RETURN_000418,ORDER_004524,BUYER_00435,SELLER_00481,2025-12-13,changed_mind,approved,False,
RETURN_000419,ORDER_004560,BUYER_00438,SELLER_00157,2025-10-05,size_issue,approved,False,
RETURN_000420,ORDER_004598,BUYER_00441,SELLER_00056,2025-10-28,changed_mind,approved,False,
RETURN_000421,ORDER_004616,BUYER_00442,SELLER_00016,2025-08-13,changed_mind,approved,False,
RETURN_000422,ORDER_004648,BUYER_00444,SELLER_00237,2025-12-02,size_issue,approved,False,
RETURN_000423,ORDER_004654,BUYER_00444,SELLER_00012,2025-10-31,defective,approved,False,
RETURN_000424,ORDER_004673,BUYER_00446,SELLER_00062,2025-12-31,changed_mind,approved,False,
RETURN_000425,ORDER_004700,BUYER_00448,SELLER_00341,2025-08-19,wrong_item_received,approved,False,
RETURN_000426,ORDER_004705,BUYER_00449,SELLER_00423,2025-10-11,size_issue,approved,False,
RETURN_000427,ORDER_004736,BUYER_00451,SELLER_00271,2025-08-09,defective,approved,False,
RETURN_000428,ORDER_004744,BUYER_00452,SELLER_00206,2025-08-01,changed_mind,approved,False,
RETURN_000429,ORDER_004747,BUYER_00452,SELLER_00200,2025-02-06,size_issue,approved,False,
RETURN_000430,ORDER_004753,BUYER_00453,SELLER_00341,2025-11-05,defective,approved,False,
RETURN_000431,ORDER_004788,BUYER_00460,SELLER_00354,2025-09-27,wrong_item_received,approved,False,
RETURN_000432,ORDER_004789,BUYER_00460,SELLER_00376,2025-11-26,size_issue,approved,False,
RETURN_000433,ORDER_004801,BUYER_00462,SELLER_00246,2025-10-21,defective,approved,False,
RETURN_000434,ORDER_004802,BUYER_00462,SELLER_00409,2025-11-25,defective,approved,False,
RETURN_000435,ORDER_004804,BUYER_00462,SELLER_00206,2025-11-24,defective,approved,False,
RETURN_000436,ORDER_004832,BUYER_00466,SELLER_00316,2025-12-28,defective,approved,False,
RETURN_000437,ORDER_004849,BUYER_00467,SELLER_00092,2025-07-23,changed_mind,approved,False,
RETURN_000438,ORDER_004851,BUYER_00467,SELLER_00157,2025-11-16,changed_mind,approved,False,
RETURN_000439,ORDER_004854,BUYER_00468,SELLER_00304,2025-09-12,changed_mind,approved,False,
RETURN_000440,ORDER_004875,BUYER_00469,SELLER_00337,2025-09-27,defective,approved,True,return_abuse
RETURN_000441,ORDER_004909,BUYER_00472,SELLER_00283,2025-12-01,changed_mind,approved,False,
RETURN_000442,ORDER_004912,BUYER_00472,SELLER_00206,2025-12-04,defective,approved,False,
RETURN_000443,ORDER_004934,BUYER_00475,SELLER_00378,2025-12-31,size_issue,approved,False,
RETURN_000444,ORDER_004947,BUYER_00477,SELLER_00376,2025-06-17,wrong_item_received,approved,False,
RETURN_000445,ORDER_004968,BUYER_00481,SELLER_00213,2025-04-24,changed_mind,approved,False,
RETURN_000446,ORDER_004981,BUYER_00483,SELLER_00185,2025-06-20,size_issue,approved,False,
RETURN_000447,ORDER_004985,BUYER_00483,SELLER_00058,2025-06-14,wrong_item_received,approved,False,
RETURN_000448,ORDER_005000,BUYER_00486,SELLER_00024,2025-07-02,changed_mind,approved,False,
RETURN_000449,ORDER_005068,BUYER_00494,SELLER_00424,2025-11-20,changed_mind,approved,False,
RETURN_000450,ORDER_005069,BUYER_00494,SELLER_00275,2025-10-10,defective,approved,False,
RETURN_000451,ORDER_005080,BUYER_00495,SELLER_00468,2025-12-07,wrong_item_received,approved,False,
RETURN_000452,ORDER_005087,BUYER_00495,SELLER_00368,2025-11-29,changed_mind,approved,False,
RETURN_000453,ORDER_005095,BUYER_00496,SELLER_00285,2025-09-03,size_issue,approved,False,
RETURN_000454,ORDER_005112,BUYER_00499,SELLER_00033,2025-12-10,changed_mind,approved,False,
RETURN_000455,ORDER_005114,BUYER_00499,SELLER_00357,2025-11-12,size_issue,approved,False,
RETURN_000456,ORDER_005117,BUYER_00499,SELLER_00491,2025-10-16,changed_mind,approved,False,
RETURN_000457,ORDER_005134,BUYER_00501,SELLER_00255,2025-08-27,wrong_item_received,approved,False,
RETURN_000458,ORDER_005135,BUYER_00501,SELLER_00117,2025-12-03,size_issue,approved,False,
RETURN_000459,ORDER_005141,BUYER_00502,SELLER_00143,2025-12-13,wrong_item_received,approved,False,
RETURN_000460,ORDER_005144,BUYER_00503,SELLER_00143,2025-10-14,changed_mind,approved,False,
RETURN_000461,ORDER_005145,BUYER_00504,SELLER_00144,2025-11-28,wrong_item_received,approved,False,
RETURN_000462,ORDER_005156,BUYER_00505,SELLER_00038,2025-12-15,size_issue,approved,False,
RETURN_000463,ORDER_005177,BUYER_00508,SELLER_00200,2025-12-29,changed_mind,approved,False,
RETURN_000464,ORDER_005190,BUYER_00509,SELLER_00049,2025-02-11,defective,approved,False,
RETURN_000465,ORDER_005216,BUYER_00510,SELLER_00269,2025-12-29,changed_mind,approved,False,
RETURN_000466,ORDER_005220,BUYER_00511,SELLER_00447,2025-08-07,size_issue,approved,False,
RETURN_000467,ORDER_005222,BUYER_00511,SELLER_00314,2025-04-22,changed_mind,approved,False,
RETURN_000468,ORDER_005224,BUYER_00511,SELLER_00024,2025-05-14,wrong_item_received,approved,False,
RETURN_000469,ORDER_005233,BUYER_00513,SELLER_00472,2025-08-04,changed_mind,approved,False,
RETURN_000470,ORDER_005239,BUYER_00513,SELLER_00378,2025-09-11,size_issue,approved,False,
RETURN_000471,ORDER_005246,BUYER_00514,SELLER_00316,2025-11-14,changed_mind,approved,False,
RETURN_000472,ORDER_005255,BUYER_00515,SELLER_00277,2025-12-08,defective,approved,False,
RETURN_000473,ORDER_005257,BUYER_00515,SELLER_00476,2025-12-04,defective,approved,False,
RETURN_000474,ORDER_005259,BUYER_00515,SELLER_00051,2025-12-27,changed_mind,approved,False,
RETURN_000475,ORDER_005261,BUYER_00515,SELLER_00277,2025-12-10,size_issue,approved,False,
RETURN_000476,ORDER_005266,BUYER_00517,SELLER_00313,2025-11-02,defective,approved,False,
RETURN_000477,ORDER_005282,BUYER_00520,SELLER_00192,2025-07-03,changed_mind,approved,False,
RETURN_000478,ORDER_005320,BUYER_00523,SELLER_00164,2025-08-31,size_issue,approved,False,
RETURN_000479,ORDER_005340,BUYER_00525,SELLER_00148,2025-07-24,defective,approved,False,
RETURN_000480,ORDER_005352,BUYER_00526,SELLER_00371,2025-12-28,wrong_item_received,approved,False,
RETURN_000481,ORDER_005354,BUYER_00527,SELLER_00086,2025-01-24,size_issue,approved,False,
RETURN_000482,ORDER_005367,BUYER_00529,SELLER_00260,2025-11-23,wrong_item_received,approved,False,
RETURN_000483,ORDER_005389,BUYER_00531,SELLER_00237,2025-09-25,changed_mind,approved,False,
RETURN_000484,ORDER_005433,BUYER_00536,SELLER_00466,2025-08-16,wrong_item_received,approved,False,
RETURN_000485,ORDER_005460,BUYER_00538,SELLER_00233,2025-07-01,changed_mind,approved,False,
RETURN_000486,ORDER_005461,BUYER_00538,SELLER_00084,2025-08-01,changed_mind,approved,False,
RETURN_000487,ORDER_005462,BUYER_00538,SELLER_00341,2025-09-15,defective,approved,False,
RETURN_000488,ORDER_005463,BUYER_00538,SELLER_00161,2025-08-26,changed_mind,approved,False,
RETURN_000489,ORDER_005464,BUYER_00538,SELLER_00455,2025-11-30,wrong_item_received,approved,False,
RETURN_000490,ORDER_005468,BUYER_00539,SELLER_00495,2025-09-28,defective,approved,False,
RETURN_000491,ORDER_005481,BUYER_00540,SELLER_00080,2025-11-30,changed_mind,approved,False,
RETURN_000492,ORDER_005483,BUYER_00540,SELLER_00022,2025-11-27,size_issue,approved,False,
RETURN_000493,ORDER_005501,BUYER_00542,SELLER_00246,2025-06-10,defective,approved,False,
RETURN_000494,ORDER_005503,BUYER_00542,SELLER_00478,2025-07-06,size_issue,approved,False,
RETURN_000495,ORDER_005514,BUYER_00544,SELLER_00237,2025-12-22,wrong_item_received,approved,False,
RETURN_000496,ORDER_005532,BUYER_00544,SELLER_00083,2025-04-18,wrong_item_received,approved,False,
RETURN_000497,ORDER_005540,BUYER_00545,SELLER_00354,2025-12-12,size_issue,approved,False,
RETURN_000498,ORDER_005542,BUYER_00546,SELLER_00054,2025-09-07,wrong_item_received,approved,False,
RETURN_000499,ORDER_005560,BUYER_00547,SELLER_00016,2025-11-01,defective,approved,False,
RETURN_000500,ORDER_005571,BUYER_00547,SELLER_00347,2025-08-19,wrong_item_received,approved,False,
RETURN_000501,ORDER_005589,BUYER_00549,SELLER_00240,2025-11-05,defective,approved,False,
RETURN_000502,ORDER_005602,BUYER_00550,SELLER_00289,2025-08-20,size_issue,approved,False,
RETURN_000503,ORDER_005603,BUYER_00550,SELLER_00399,2025-07-15,size_issue,approved,False,
RETURN_000504,ORDER_005608,BUYER_00550,SELLER_00123,2025-07-17,changed_mind,approved,False,
RETURN_000505,ORDER_005611,BUYER_00550,SELLER_00354,2025-06-16,wrong_item_received,approved,False,
RETURN_000506,ORDER_005614,BUYER_00550,SELLER_00150,2025-05-29,size_issue,approved,False,
RETURN_000507,ORDER_005615,BUYER_00550,SELLER_00040,2025-11-25,defective,approved,False,
RETURN_000508,ORDER_005617,BUYER_00550,SELLER_00313,2025-08-07,size_issue,approved,False,
RETURN_000509,ORDER_005619,BUYER_00550,SELLER_00199,2025-09-23,wrong_item_received,approved,False,
RETURN_000510,ORDER_005621,BUYER_00551,SELLER_00255,2025-03-25,defective,approved,False,
RETURN_000511,ORDER_005626,BUYER_00551,SELLER_00316,2025-08-02,defective,approved,False,
RETURN_000512,ORDER_005628,BUYER_00552,SELLER_00122,2025-12-21,wrong_item_received,approved,False,
RETURN_000513,ORDER_005630,BUYER_00552,SELLER_00114,2025-12-14,changed_mind,approved,False,
RETURN_000514,ORDER_005665,BUYER_00555,SELLER_00459,2025-10-18,defective,approved,False,
RETURN_000515,ORDER_005666,BUYER_00555,SELLER_00210,2025-09-24,defective,approved,False,
RETURN_000516,ORDER_005675,BUYER_00555,SELLER_00183,2025-12-09,wrong_item_received,approved,False,
RETURN_000517,ORDER_005678,BUYER_00556,SELLER_00421,2025-12-22,defective,approved,False,
RETURN_000518,ORDER_005680,BUYER_00556,SELLER_00167,2025-12-26,defective,approved,False,
RETURN_000519,ORDER_005691,BUYER_00556,SELLER_00243,2025-12-31,changed_mind,approved,False,
RETURN_000520,ORDER_005692,BUYER_00556,SELLER_00143,2025-12-31,changed_mind,approved,False,
RETURN_000521,ORDER_005694,BUYER_00556,SELLER_00065,2025-12-24,changed_mind,approved,False,
RETURN_000522,ORDER_005695,BUYER_00556,SELLER_00113,2025-12-29,changed_mind,approved,False,
RETURN_000523,ORDER_005709,BUYER_00557,SELLER_00173,2025-12-31,defective,approved,False,
RETURN_000524,ORDER_005737,BUYER_00561,SELLER_00425,2025-03-16,size_issue,approved,False,
RETURN_000525,ORDER_005743,BUYER_00562,SELLER_00093,2025-12-25,changed_mind,approved,False,
RETURN_000526,ORDER_005744,BUYER_00562,SELLER_00260,2025-10-31,size_issue,approved,False,
RETURN_000527,ORDER_005745,BUYER_00562,SELLER_00072,2025-10-16,size_issue,approved,False,
RETURN_000528,ORDER_005758,BUYER_00564,SELLER_00075,2025-08-11,changed_mind,approved,False,
RETURN_000529,ORDER_005772,BUYER_00565,SELLER_00388,2025-12-31,defective,approved,False,
RETURN_000530,ORDER_005785,BUYER_00566,SELLER_00267,2025-10-10,changed_mind,approved,False,
RETURN_000531,ORDER_005838,BUYER_00573,SELLER_00081,2025-05-16,defective,approved,False,
RETURN_000532,ORDER_005841,BUYER_00573,SELLER_00313,2025-06-15,defective,approved,False,
RETURN_000533,ORDER_005862,BUYER_00575,SELLER_00099,2025-11-23,wrong_item_received,approved,False,
RETURN_000534,ORDER_005899,BUYER_00578,SELLER_00481,2025-12-31,changed_mind,approved,False,
RETURN_000535,ORDER_005904,BUYER_00578,SELLER_00069,2025-12-06,size_issue,approved,False,
RETURN_000536,ORDER_005908,BUYER_00578,SELLER_00243,2025-09-17,changed_mind,approved,False,
RETURN_000537,ORDER_005913,BUYER_00578,SELLER_00376,2025-09-05,changed_mind,approved,False,
RETURN_000538,ORDER_005914,BUYER_00578,SELLER_00199,2025-07-03,size_issue,approved,False,
RETURN_000539,ORDER_005916,BUYER_00578,SELLER_00412,2025-10-11,wrong_item_received,approved,False,
RETURN_000540,ORDER_005917,BUYER_00578,SELLER_00427,2025-05-06,defective,approved,False,
RETURN_000541,ORDER_005923,BUYER_00578,SELLER_00246,2025-08-27,size_issue,approved,False,
RETURN_000542,ORDER_005926,BUYER_00578,SELLER_00455,2025-05-08,changed_mind,approved,False,
RETURN_000543,ORDER_005928,BUYER_00578,SELLER_00459,2025-09-09,size_issue,approved,False,
RETURN_000544,ORDER_005959,BUYER_00582,SELLER_00090,2025-09-04,changed_mind,approved,False,
RETURN_000545,ORDER_005960,BUYER_00582,SELLER_00026,2025-08-12,defective,approved,False,
RETURN_000546,ORDER_005961,BUYER_00583,SELLER_00326,2025-12-31,wrong_item_received,approved,False,
RETURN_000547,ORDER_005982,BUYER_00585,SELLER_00164,2025-08-24,wrong_item_received,approved,False,
RETURN_000548,ORDER_006000,BUYER_00588,SELLER_00404,2025-12-10,size_issue,approved,True,return_abuse
RETURN_000549,ORDER_006005,BUYER_00588,SELLER_00428,2025-12-09,defective,approved,True,return_abuse
RETURN_000550,ORDER_006013,BUYER_00588,SELLER_00146,2025-12-03,changed_mind,approved,True,return_abuse
RETURN_000551,ORDER_006040,BUYER_00589,SELLER_00376,2025-10-30,defective,approved,False,
RETURN_000552,ORDER_006069,BUYER_00592,SELLER_00444,2025-10-28,changed_mind,approved,False,
RETURN_000553,ORDER_006075,BUYER_00593,SELLER_00224,2025-11-14,changed_mind,approved,False,
RETURN_000554,ORDER_006102,BUYER_00596,SELLER_00188,2025-12-31,changed_mind,approved,False,
RETURN_000555,ORDER_006108,BUYER_00597,SELLER_00423,2025-09-28,changed_mind,approved,False,
RETURN_000556,ORDER_006144,BUYER_00600,SELLER_00326,2025-10-17,changed_mind,approved,True,return_abuse
RETURN_000557,ORDER_006148,BUYER_00601,SELLER_00187,2025-12-14,changed_mind,approved,False,
RETURN_000558,ORDER_006149,BUYER_00601,SELLER_00221,2025-05-14,defective,approved,False,
RETURN_000559,ORDER_006166,BUYER_00603,SELLER_00237,2025-08-04,wrong_item_received,approved,False,
RETURN_000560,ORDER_006198,BUYER_00606,SELLER_00155,2025-12-03,defective,approved,False,
RETURN_000561,ORDER_006217,BUYER_00608,SELLER_00393,2025-05-18,size_issue,approved,False,
RETURN_000562,ORDER_006226,BUYER_00610,SELLER_00049,2025-01-18,changed_mind,approved,False,
RETURN_000563,ORDER_006242,BUYER_00612,SELLER_00243,2025-06-20,defective,approved,True,return_abuse
RETURN_000564,ORDER_006248,BUYER_00612,SELLER_00455,2025-03-04,defective,approved,True,return_abuse
RETURN_000565,ORDER_006277,BUYER_00615,SELLER_00482,2025-10-14,size_issue,approved,False,
RETURN_000566,ORDER_006314,BUYER_00618,SELLER_00001,2025-12-31,changed_mind,approved,False,
RETURN_000567,ORDER_006315,BUYER_00618,SELLER_00150,2025-12-14,defective,approved,True,return_abuse
RETURN_000568,ORDER_006320,BUYER_00618,SELLER_00459,2025-12-24,defective,approved,False,
RETURN_000569,ORDER_006372,BUYER_00623,SELLER_00347,2025-12-31,defective,approved,False,
RETURN_000570,ORDER_006384,BUYER_00625,SELLER_00047,2025-12-31,defective,approved,False,
RETURN_000571,ORDER_006398,BUYER_00626,SELLER_00316,2025-05-02,defective,approved,False,
RETURN_000572,ORDER_006413,BUYER_00626,SELLER_00017,2025-03-07,changed_mind,approved,False,
RETURN_000573,ORDER_006415,BUYER_00626,SELLER_00192,2025-07-31,size_issue,approved,False,
RETURN_000574,ORDER_006439,BUYER_00629,SELLER_00170,2025-07-20,changed_mind,approved,False,
RETURN_000575,ORDER_006441,BUYER_00629,SELLER_00141,2025-06-30,changed_mind,approved,False,
RETURN_000576,ORDER_006446,BUYER_00629,SELLER_00052,2025-06-27,size_issue,approved,False,
RETURN_000577,ORDER_006448,BUYER_00630,SELLER_00277,2025-06-23,wrong_item_received,approved,False,
RETURN_000578,ORDER_006452,BUYER_00631,SELLER_00388,2025-12-24,defective,approved,False,
RETURN_000579,ORDER_006455,BUYER_00631,SELLER_00314,2025-08-09,size_issue,approved,False,
RETURN_000580,ORDER_006456,BUYER_00632,SELLER_00462,2025-09-01,size_issue,approved,False,
RETURN_000581,ORDER_006457,BUYER_00632,SELLER_00478,2025-08-19,wrong_item_received,approved,False,
RETURN_000582,ORDER_006459,BUYER_00632,SELLER_00016,2025-07-31,size_issue,approved,False,
RETURN_000583,ORDER_006483,BUYER_00635,SELLER_00080,2025-12-31,changed_mind,approved,False,
RETURN_000584,ORDER_006490,BUYER_00635,SELLER_00289,2025-06-26,changed_mind,approved,False,
RETURN_000585,ORDER_006492,BUYER_00636,SELLER_00218,2025-12-25,defective,approved,False,
RETURN_000586,ORDER_006493,BUYER_00636,SELLER_00110,2025-11-15,changed_mind,approved,False,
RETURN_000587,ORDER_006507,BUYER_00638,SELLER_00433,2025-12-16,defective,approved,False,
RETURN_000588,ORDER_006522,BUYER_00639,SELLER_00016,2025-11-27,size_issue,approved,False,
RETURN_000589,ORDER_006534,BUYER_00641,SELLER_00241,2025-12-19,wrong_item_received,approved,False,
RETURN_000590,ORDER_006548,BUYER_00642,SELLER_00096,2025-04-27,changed_mind,approved,False,
RETURN_000591,ORDER_006575,BUYER_00646,SELLER_00493,2025-12-10,defective,approved,False,
RETURN_000592,ORDER_006594,BUYER_00649,SELLER_00094,2025-12-01,wrong_item_received,approved,False,
RETURN_000593,ORDER_006622,BUYER_00651,SELLER_00044,2025-09-08,size_issue,approved,False,
RETURN_000594,ORDER_006623,BUYER_00651,SELLER_00460,2025-05-28,defective,approved,False,
RETURN_000595,ORDER_006624,BUYER_00651,SELLER_00116,2025-07-23,wrong_item_received,approved,False,
RETURN_000596,ORDER_006633,BUYER_00652,SELLER_00468,2025-08-30,changed_mind,approved,False,
RETURN_000597,ORDER_006637,BUYER_00652,SELLER_00170,2025-09-03,size_issue,approved,False,
RETURN_000598,ORDER_006638,BUYER_00652,SELLER_00275,2025-09-21,defective,approved,False,
RETURN_000599,ORDER_006639,BUYER_00652,SELLER_00040,2025-11-09,changed_mind,approved,False,
RETURN_000600,ORDER_006642,BUYER_00652,SELLER_00034,2025-09-29,defective,approved,False,
RETURN_000601,ORDER_006665,BUYER_00654,SELLER_00461,2025-09-29,size_issue,approved,False,
RETURN_000602,ORDER_006677,BUYER_00657,SELLER_00417,2025-09-12,defective,approved,False,
RETURN_000603,ORDER_006707,BUYER_00658,SELLER_00387,2025-12-31,wrong_item_received,approved,False,
RETURN_000604,ORDER_006721,BUYER_00659,SELLER_00438,2025-04-09,defective,approved,True,return_abuse
RETURN_000605,ORDER_006731,BUYER_00659,SELLER_00021,2025-11-03,wrong_item_received,approved,True,return_abuse
RETURN_000606,ORDER_006735,BUYER_00659,SELLER_00071,2025-03-25,defective,approved,False,
RETURN_000607,ORDER_006741,BUYER_00659,SELLER_00086,2025-01-26,defective,approved,False,
RETURN_000608,ORDER_006744,BUYER_00659,SELLER_00199,2025-12-30,defective,approved,True,return_abuse
RETURN_000609,ORDER_006750,BUYER_00660,SELLER_00123,2025-12-31,defective,approved,False,
RETURN_000610,ORDER_006751,BUYER_00660,SELLER_00213,2025-12-27,changed_mind,approved,False,
RETURN_000611,ORDER_006758,BUYER_00660,SELLER_00018,2025-12-25,changed_mind,approved,False,
RETURN_000612,ORDER_006760,BUYER_00660,SELLER_00495,2025-12-31,wrong_item_received,approved,False,
RETURN_000613,ORDER_006764,BUYER_00660,SELLER_00067,2025-12-31,changed_mind,approved,False,
RETURN_000614,ORDER_006766,BUYER_00660,SELLER_00255,2025-12-31,changed_mind,approved,False,
RETURN_000615,ORDER_006808,BUYER_00665,SELLER_00044,2025-09-27,size_issue,approved,False,
RETURN_000616,ORDER_006811,BUYER_00665,SELLER_00390,2025-09-10,wrong_item_received,approved,False,
RETURN_000617,ORDER_006813,BUYER_00665,SELLER_00215,2025-11-23,wrong_item_received,approved,False,
RETURN_000618,ORDER_006814,BUYER_00665,SELLER_00191,2025-11-04,defective,approved,False,
RETURN_000619,ORDER_006824,BUYER_00667,SELLER_00175,2025-12-05,changed_mind,approved,False,
RETURN_000620,ORDER_006825,BUYER_00667,SELLER_00408,2025-11-19,wrong_item_received,approved,False,
RETURN_000621,ORDER_006830,BUYER_00667,SELLER_00130,2025-12-31,changed_mind,approved,False,
RETURN_000622,ORDER_006855,BUYER_00669,SELLER_00153,2025-10-16,defective,approved,False,
RETURN_000623,ORDER_006864,BUYER_00669,SELLER_00092,2025-12-20,changed_mind,approved,True,return_abuse
RETURN_000624,ORDER_006883,BUYER_00671,SELLER_00123,2025-11-03,defective,approved,False,
RETURN_000625,ORDER_006899,BUYER_00671,SELLER_00206,2025-11-04,defective,approved,False,
RETURN_000626,ORDER_006920,BUYER_00673,SELLER_00299,2025-10-17,defective,approved,False,
RETURN_000627,ORDER_006921,BUYER_00673,SELLER_00271,2025-10-03,wrong_item_received,approved,False,
RETURN_000628,ORDER_006929,BUYER_00673,SELLER_00316,2025-05-20,wrong_item_received,approved,False,
RETURN_000629,ORDER_006931,BUYER_00673,SELLER_00430,2025-02-21,wrong_item_received,approved,False,
RETURN_000630,ORDER_006936,BUYER_00673,SELLER_00185,2025-10-12,wrong_item_received,approved,False,
RETURN_000631,ORDER_006939,BUYER_00673,SELLER_00450,2025-03-04,wrong_item_received,approved,False,
RETURN_000632,ORDER_006958,BUYER_00675,SELLER_00148,2025-08-09,defective,approved,False,
RETURN_000633,ORDER_006968,BUYER_00676,SELLER_00032,2025-12-09,changed_mind,approved,False,
RETURN_000634,ORDER_007001,BUYER_00679,SELLER_00010,2025-11-23,changed_mind,approved,False,
RETURN_000635,ORDER_007005,BUYER_00679,SELLER_00036,2025-09-13,changed_mind,approved,False,
RETURN_000636,ORDER_007006,BUYER_00679,SELLER_00387,2025-09-19,changed_mind,approved,False,
RETURN_000637,ORDER_007010,BUYER_00679,SELLER_00176,2025-11-28,wrong_item_received,approved,False,
RETURN_000638,ORDER_007046,BUYER_00683,SELLER_00036,2025-05-19,defective,approved,False,
RETURN_000639,ORDER_007051,BUYER_00685,SELLER_00470,2025-07-25,wrong_item_received,approved,False,
RETURN_000640,ORDER_007055,BUYER_00685,SELLER_00455,2025-08-31,size_issue,approved,False,
RETURN_000641,ORDER_007057,BUYER_00685,SELLER_00024,2025-11-25,defective,approved,False,
RETURN_000642,ORDER_007060,BUYER_00685,SELLER_00498,2025-08-12,defective,approved,False,
RETURN_000643,ORDER_007061,BUYER_00685,SELLER_00167,2025-12-31,defective,approved,False,
RETURN_000644,ORDER_007062,BUYER_00685,SELLER_00381,2025-12-22,wrong_item_received,approved,False,
RETURN_000645,ORDER_007069,BUYER_00686,SELLER_00291,2025-04-03,changed_mind,approved,False,
RETURN_000646,ORDER_007098,BUYER_00689,SELLER_00405,2025-12-30,defective,approved,False,
RETURN_000647,ORDER_007122,BUYER_00691,SELLER_00114,2025-12-31,wrong_item_received,approved,False,
RETURN_000648,ORDER_007153,BUYER_00694,SELLER_00113,2025-08-21,defective,approved,False,
RETURN_000649,ORDER_007154,BUYER_00694,SELLER_00026,2025-06-17,defective,approved,False,
RETURN_000650,ORDER_007155,BUYER_00694,SELLER_00344,2025-09-16,changed_mind,approved,False,
RETURN_000651,ORDER_007176,BUYER_00697,SELLER_00329,2025-09-19,defective,approved,False,
RETURN_000652,ORDER_007177,BUYER_00697,SELLER_00138,2025-12-31,defective,approved,False,
RETURN_000653,ORDER_007183,BUYER_00699,SELLER_00083,2025-12-22,size_issue,approved,False,
RETURN_000654,ORDER_007185,BUYER_00699,SELLER_00233,2025-12-22,wrong_item_received,approved,False,
RETURN_000655,ORDER_007187,BUYER_00699,SELLER_00047,2025-12-25,changed_mind,approved,False,
RETURN_000656,ORDER_007192,BUYER_00699,SELLER_00393,2025-12-31,size_issue,approved,False,
RETURN_000657,ORDER_007197,BUYER_00700,SELLER_00137,2025-06-09,defective,approved,False,
RETURN_000658,ORDER_007201,BUYER_00701,SELLER_00229,2025-08-27,size_issue,approved,False,
RETURN_000659,ORDER_007210,BUYER_00702,SELLER_00225,2025-09-06,size_issue,approved,False,
RETURN_000660,ORDER_007213,BUYER_00702,SELLER_00388,2025-11-12,defective,approved,False,
RETURN_000661,ORDER_007218,BUYER_00702,SELLER_00438,2025-06-02,size_issue,approved,False,
RETURN_000662,ORDER_007229,BUYER_00703,SELLER_00471,2025-09-05,changed_mind,approved,False,
RETURN_000663,ORDER_007256,BUYER_00704,SELLER_00020,2025-07-09,size_issue,approved,False,
RETURN_000664,ORDER_007270,BUYER_00707,SELLER_00171,2025-10-04,wrong_item_received,approved,False,
RETURN_000665,ORDER_007290,BUYER_00709,SELLER_00438,2025-03-25,wrong_item_received,approved,False,
RETURN_000666,ORDER_007298,BUYER_00709,SELLER_00173,2025-11-16,size_issue,approved,False,
RETURN_000667,ORDER_007314,BUYER_00711,SELLER_00475,2025-10-15,size_issue,approved,False,
RETURN_000668,ORDER_007317,BUYER_00711,SELLER_00167,2025-12-16,defective,approved,False,
RETURN_000669,ORDER_007318,BUYER_00711,SELLER_00491,2025-10-08,defective,approved,False,
RETURN_000670,ORDER_007319,BUYER_00711,SELLER_00042,2025-05-22,changed_mind,approved,False,
RETURN_000671,ORDER_007328,BUYER_00712,SELLER_00445,2025-10-03,changed_mind,approved,False,
RETURN_000672,ORDER_007365,BUYER_00717,SELLER_00471,2025-06-23,size_issue,approved,False,
RETURN_000673,ORDER_007368,BUYER_00717,SELLER_00368,2025-07-01,defective,approved,False,
RETURN_000674,ORDER_007373,BUYER_00718,SELLER_00077,2025-12-31,changed_mind,approved,False,
RETURN_000675,ORDER_007380,BUYER_00718,SELLER_00320,2025-12-31,changed_mind,approved,False,
RETURN_000676,ORDER_007383,BUYER_00719,SELLER_00436,2025-12-08,size_issue,approved,False,
RETURN_000677,ORDER_007438,BUYER_00722,SELLER_00472,2025-12-05,defective,approved,False,
RETURN_000678,ORDER_007465,BUYER_00725,SELLER_00166,2025-12-05,wrong_item_received,approved,False,
RETURN_000679,ORDER_007475,BUYER_00725,SELLER_00149,2025-12-23,size_issue,approved,False,
RETURN_000680,ORDER_007485,BUYER_00725,SELLER_00204,2025-11-06,defective,approved,False,
RETURN_000681,ORDER_007506,BUYER_00727,SELLER_00195,2025-05-15,changed_mind,approved,False,
RETURN_000682,ORDER_007516,BUYER_00729,SELLER_00067,2025-12-28,changed_mind,approved,False,
RETURN_000683,ORDER_007517,BUYER_00729,SELLER_00391,2025-12-31,changed_mind,approved,False,
RETURN_000684,ORDER_007521,BUYER_00729,SELLER_00120,2025-12-31,size_issue,approved,False,
RETURN_000685,ORDER_007524,BUYER_00729,SELLER_00316,2025-12-31,wrong_item_received,approved,False,
RETURN_000686,ORDER_007525,BUYER_00729,SELLER_00008,2025-12-31,changed_mind,approved,False,
RETURN_000687,ORDER_007528,BUYER_00730,SELLER_00209,2025-12-09,wrong_item_received,approved,False,
RETURN_000688,ORDER_007533,BUYER_00730,SELLER_00313,2025-12-31,changed_mind,approved,False,
RETURN_000689,ORDER_007534,BUYER_00730,SELLER_00340,2025-12-30,changed_mind,approved,False,
RETURN_000690,ORDER_007539,BUYER_00731,SELLER_00101,2025-11-29,changed_mind,approved,False,
RETURN_000691,ORDER_007549,BUYER_00732,SELLER_00259,2025-11-12,defective,approved,False,
RETURN_000692,ORDER_007562,BUYER_00736,SELLER_00054,2025-11-12,defective,approved,False,
RETURN_000693,ORDER_007566,BUYER_00738,SELLER_00309,2025-12-02,defective,approved,False,
RETURN_000694,ORDER_007571,BUYER_00738,SELLER_00467,2025-12-29,changed_mind,approved,False,
RETURN_000695,ORDER_007582,BUYER_00740,SELLER_00423,2025-06-24,defective,approved,False,
RETURN_000696,ORDER_007583,BUYER_00740,SELLER_00148,2025-07-01,changed_mind,approved,False,
RETURN_000697,ORDER_007584,BUYER_00740,SELLER_00433,2025-09-03,size_issue,approved,False,
RETURN_000698,ORDER_007587,BUYER_00740,SELLER_00132,2025-08-31,size_issue,approved,False,
RETURN_000699,ORDER_007588,BUYER_00740,SELLER_00491,2025-10-22,wrong_item_received,approved,False,
RETURN_000700,ORDER_007589,BUYER_00740,SELLER_00176,2025-06-18,defective,approved,False,
RETURN_000701,ORDER_007593,BUYER_00741,SELLER_00421,2025-09-07,defective,approved,True,return_abuse
RETURN_000702,ORDER_007627,BUYER_00744,SELLER_00351,2025-12-23,size_issue,approved,False,
RETURN_000703,ORDER_007650,BUYER_00747,SELLER_00289,2025-12-17,size_issue,approved,False,
RETURN_000704,ORDER_007661,BUYER_00748,SELLER_00430,2025-06-11,changed_mind,approved,False,
RETURN_000705,ORDER_007662,BUYER_00748,SELLER_00243,2025-06-19,size_issue,approved,False,
RETURN_000706,ORDER_007664,BUYER_00748,SELLER_00395,2025-08-15,changed_mind,approved,False,
RETURN_000707,ORDER_007671,BUYER_00748,SELLER_00065,2025-07-09,changed_mind,approved,False,
RETURN_000708,ORDER_007685,BUYER_00751,SELLER_00387,2025-03-17,changed_mind,approved,False,
RETURN_000709,ORDER_007707,BUYER_00753,SELLER_00218,2025-04-22,changed_mind,approved,False,
RETURN_000710,ORDER_007710,BUYER_00754,SELLER_00185,2025-05-16,changed_mind,approved,False,
RETURN_000711,ORDER_007756,BUYER_00759,SELLER_00185,2025-09-18,changed_mind,approved,False,
RETURN_000712,ORDER_007757,BUYER_00759,SELLER_00251,2025-03-23,wrong_item_received,approved,False,
RETURN_000713,ORDER_007766,BUYER_00759,SELLER_00200,2025-02-06,size_issue,approved,False,
RETURN_000714,ORDER_007773,BUYER_00759,SELLER_00478,2025-04-04,changed_mind,approved,False,
RETURN_000715,ORDER_007775,BUYER_00759,SELLER_00450,2025-02-02,defective,approved,False,
RETURN_000716,ORDER_007790,BUYER_00761,SELLER_00091,2025-12-07,defective,approved,False,
RETURN_000717,ORDER_007813,BUYER_00763,SELLER_00185,2025-10-17,changed_mind,approved,False,
RETURN_000718,ORDER_007827,BUYER_00765,SELLER_00361,2025-07-15,changed_mind,approved,False,
RETURN_000719,ORDER_007870,BUYER_00771,SELLER_00367,2025-09-08,defective,approved,False,
RETURN_000720,ORDER_007871,BUYER_00771,SELLER_00263,2025-05-25,defective,approved,False,
RETURN_000721,ORDER_007873,BUYER_00771,SELLER_00109,2025-05-07,wrong_item_received,approved,False,
RETURN_000722,ORDER_007878,BUYER_00771,SELLER_00448,2025-11-05,defective,approved,False,
RETURN_000723,ORDER_007879,BUYER_00771,SELLER_00316,2025-09-19,size_issue,approved,False,
RETURN_000724,ORDER_007882,BUYER_00771,SELLER_00281,2025-10-04,size_issue,approved,False,
RETURN_000725,ORDER_007903,BUYER_00774,SELLER_00171,2025-03-03,defective,approved,False,
RETURN_000726,ORDER_007921,BUYER_00776,SELLER_00486,2025-08-27,size_issue,approved,False,
RETURN_000727,ORDER_007948,BUYER_00778,SELLER_00383,2025-08-14,size_issue,approved,False,
RETURN_000728,ORDER_007959,BUYER_00778,SELLER_00200,2025-08-27,defective,approved,False,
RETURN_000729,ORDER_007968,BUYER_00778,SELLER_00058,2025-11-17,wrong_item_received,approved,False,
RETURN_000730,ORDER_007977,BUYER_00779,SELLER_00077,2025-06-18,changed_mind,approved,False,
RETURN_000731,ORDER_007990,BUYER_00780,SELLER_00036,2025-12-03,size_issue,approved,False,
RETURN_000732,ORDER_007996,BUYER_00780,SELLER_00191,2025-08-20,size_issue,approved,False,
RETURN_000733,ORDER_007999,BUYER_00780,SELLER_00366,2025-08-06,defective,approved,False,
RETURN_000734,ORDER_008000,BUYER_00780,SELLER_00016,2025-07-30,changed_mind,approved,False,
RETURN_000735,ORDER_008002,BUYER_00780,SELLER_00237,2025-12-14,defective,approved,False,
RETURN_000736,ORDER_008014,BUYER_00781,SELLER_00423,2025-12-31,changed_mind,approved,False,
RETURN_000737,ORDER_008020,BUYER_00781,SELLER_00316,2025-12-17,changed_mind,approved,False,
RETURN_000738,ORDER_008049,BUYER_00784,SELLER_00316,2025-07-04,wrong_item_received,approved,False,
RETURN_000739,ORDER_008051,BUYER_00784,SELLER_00175,2025-07-07,defective,approved,False,
RETURN_000740,ORDER_008075,BUYER_00787,SELLER_00367,2025-11-12,wrong_item_received,approved,False,
RETURN_000741,ORDER_008077,BUYER_00787,SELLER_00026,2025-10-07,wrong_item_received,approved,False,
RETURN_000742,ORDER_008105,BUYER_00787,SELLER_00095,2025-12-16,size_issue,approved,False,
RETURN_000743,ORDER_008123,BUYER_00787,SELLER_00148,2025-11-16,wrong_item_received,approved,False,
RETURN_000744,ORDER_008150,BUYER_00788,SELLER_00425,2025-12-02,changed_mind,approved,False,
RETURN_000745,ORDER_008175,BUYER_00792,SELLER_00356,2025-12-08,changed_mind,approved,False,
RETURN_000746,ORDER_008184,BUYER_00793,SELLER_00237,2025-05-29,wrong_item_received,approved,False,
RETURN_000747,ORDER_008197,BUYER_00794,SELLER_00227,2025-03-09,defective,approved,False,
RETURN_000748,ORDER_008203,BUYER_00795,SELLER_00001,2025-12-23,size_issue,approved,False,
RETURN_000749,ORDER_008270,BUYER_00799,SELLER_00477,2025-10-20,size_issue,approved,False,
RETURN_000750,ORDER_008273,BUYER_00800,SELLER_00071,2025-11-03,size_issue,approved,False,
RETURN_000751,ORDER_008284,BUYER_00802,SELLER_00457,2025-09-17,changed_mind,approved,False,
RETURN_000752,ORDER_008286,BUYER_00802,SELLER_00231,2025-11-20,wrong_item_received,approved,False,
RETURN_000753,ORDER_008293,BUYER_00803,SELLER_00041,2025-03-26,defective,approved,False,
RETURN_000754,ORDER_008298,BUYER_00804,SELLER_00461,2025-11-06,changed_mind,approved,False,
RETURN_000755,ORDER_008343,BUYER_00808,SELLER_00231,2025-12-31,changed_mind,approved,False,
RETURN_000756,ORDER_008362,BUYER_00811,SELLER_00210,2025-10-07,changed_mind,approved,False,
RETURN_000757,ORDER_008391,BUYER_00813,SELLER_00345,2025-10-30,defective,approved,False,
RETURN_000758,ORDER_008394,BUYER_00813,SELLER_00148,2025-10-20,changed_mind,approved,False,
RETURN_000759,ORDER_008449,BUYER_00816,SELLER_00164,2025-07-27,size_issue,approved,False,
RETURN_000760,ORDER_008450,BUYER_00816,SELLER_00472,2025-10-10,size_issue,approved,False,
RETURN_000761,ORDER_008496,BUYER_00819,SELLER_00284,2025-12-31,changed_mind,approved,False,
RETURN_000762,ORDER_008590,BUYER_00826,SELLER_00326,2025-10-13,size_issue,approved,False,
RETURN_000763,ORDER_008612,BUYER_00827,SELLER_00200,2025-12-19,size_issue,approved,False,
RETURN_000764,ORDER_008650,BUYER_00831,SELLER_00092,2025-11-02,defective,approved,False,
RETURN_000765,ORDER_008657,BUYER_00832,SELLER_00313,2025-12-13,changed_mind,approved,False,
RETURN_000766,ORDER_008658,BUYER_00832,SELLER_00185,2025-12-08,defective,approved,False,
RETURN_000767,ORDER_008661,BUYER_00833,SELLER_00233,2025-07-04,changed_mind,approved,False,
RETURN_000768,ORDER_008665,BUYER_00833,SELLER_00076,2025-07-22,changed_mind,approved,False,
RETURN_000769,ORDER_008686,BUYER_00836,SELLER_00367,2025-08-28,changed_mind,approved,False,
RETURN_000770,ORDER_008727,BUYER_00841,SELLER_00232,2025-10-06,changed_mind,approved,False,
RETURN_000771,ORDER_008735,BUYER_00841,SELLER_00026,2025-02-07,defective,approved,False,
RETURN_000772,ORDER_008736,BUYER_00841,SELLER_00470,2025-10-18,size_issue,approved,False,
RETURN_000773,ORDER_008739,BUYER_00841,SELLER_00219,2025-03-24,wrong_item_received,approved,False,
RETURN_000774,ORDER_008744,BUYER_00841,SELLER_00026,2025-02-20,size_issue,approved,False,
RETURN_000775,ORDER_008747,BUYER_00842,SELLER_00454,2025-12-19,defective,approved,False,
RETURN_000776,ORDER_008757,BUYER_00843,SELLER_00418,2025-06-19,changed_mind,approved,False,
RETURN_000777,ORDER_008766,BUYER_00845,SELLER_00199,2025-11-20,defective,approved,False,
RETURN_000778,ORDER_008768,BUYER_00845,SELLER_00251,2025-05-30,changed_mind,approved,False,
RETURN_000779,ORDER_008769,BUYER_00845,SELLER_00259,2025-11-30,size_issue,approved,False,
RETURN_000780,ORDER_008772,BUYER_00845,SELLER_00135,2025-10-02,changed_mind,approved,False,
RETURN_000781,ORDER_008773,BUYER_00845,SELLER_00154,2025-08-19,defective,approved,False,
RETURN_000782,ORDER_008779,BUYER_00846,SELLER_00114,2025-12-02,changed_mind,approved,False,
RETURN_000783,ORDER_008808,BUYER_00849,SELLER_00294,2025-05-01,changed_mind,approved,False,
RETURN_000784,ORDER_008815,BUYER_00849,SELLER_00475,2025-04-01,defective,approved,False,
RETURN_000785,ORDER_008830,BUYER_00850,SELLER_00354,2025-12-11,size_issue,approved,False,
RETURN_000786,ORDER_008831,BUYER_00851,SELLER_00036,2025-10-30,size_issue,approved,False,
RETURN_000787,ORDER_008834,BUYER_00851,SELLER_00038,2025-11-18,defective,approved,False,
RETURN_000788,ORDER_008846,BUYER_00853,SELLER_00082,2025-10-19,defective,approved,False,
RETURN_000789,ORDER_008848,BUYER_00853,SELLER_00217,2025-07-25,defective,approved,False,
RETURN_000790,ORDER_008850,BUYER_00854,SELLER_00018,2025-07-09,changed_mind,approved,False,
RETURN_000791,ORDER_008869,BUYER_00855,SELLER_00080,2025-12-30,changed_mind,approved,False,
RETURN_000792,ORDER_008903,BUYER_00858,SELLER_00468,2025-09-03,changed_mind,approved,True,return_abuse
RETURN_000793,ORDER_008930,BUYER_00863,SELLER_00170,2025-07-01,changed_mind,approved,False,
RETURN_000794,ORDER_008935,BUYER_00864,SELLER_00157,2025-12-03,defective,approved,False,
RETURN_000795,ORDER_008963,BUYER_00866,SELLER_00190,2025-10-13,changed_mind,approved,False,
RETURN_000796,ORDER_008977,BUYER_00869,SELLER_00426,2025-12-21,changed_mind,approved,False,
RETURN_000797,ORDER_008989,BUYER_00870,SELLER_00183,2025-12-03,wrong_item_received,approved,False,
RETURN_000798,ORDER_008990,BUYER_00870,SELLER_00371,2025-12-19,size_issue,approved,False,
RETURN_000799,ORDER_008992,BUYER_00870,SELLER_00491,2025-12-15,defective,approved,False,
RETURN_000800,ORDER_008996,BUYER_00871,SELLER_00432,2025-12-24,defective,approved,False,
RETURN_000801,ORDER_009019,BUYER_00873,SELLER_00091,2025-09-24,defective,approved,False,
RETURN_000802,ORDER_009021,BUYER_00873,SELLER_00123,2025-07-25,changed_mind,approved,False,
RETURN_000803,ORDER_009022,BUYER_00873,SELLER_00126,2025-07-06,changed_mind,approved,False,
RETURN_000804,ORDER_009034,BUYER_00875,SELLER_00191,2025-09-22,changed_mind,approved,False,
RETURN_000805,ORDER_009094,BUYER_00882,SELLER_00088,2025-12-13,wrong_item_received,approved,False,
RETURN_000806,ORDER_009095,BUYER_00882,SELLER_00464,2025-12-10,wrong_item_received,approved,False,
RETURN_000807,ORDER_009101,BUYER_00882,SELLER_00376,2025-12-12,size_issue,approved,False,
RETURN_000808,ORDER_009105,BUYER_00882,SELLER_00036,2025-11-30,size_issue,approved,False,
RETURN_000809,ORDER_009114,BUYER_00882,SELLER_00010,2025-11-30,defective,approved,False,
RETURN_000810,ORDER_009120,BUYER_00883,SELLER_00164,2025-12-18,defective,approved,False,
RETURN_000811,ORDER_009122,BUYER_00884,SELLER_00087,2025-07-25,wrong_item_received,approved,False,
RETURN_000812,ORDER_009131,BUYER_00884,SELLER_00100,2025-02-21,changed_mind,approved,False,
RETURN_000813,ORDER_009133,BUYER_00884,SELLER_00221,2025-09-12,wrong_item_received,approved,False,
RETURN_000814,ORDER_009143,BUYER_00885,SELLER_00209,2025-07-02,changed_mind,approved,False,
RETURN_000815,ORDER_009157,BUYER_00885,SELLER_00450,2025-12-10,size_issue,approved,False,
RETURN_000816,ORDER_009164,BUYER_00885,SELLER_00267,2025-08-09,changed_mind,approved,False,
RETURN_000817,ORDER_009171,BUYER_00886,SELLER_00107,2025-10-01,size_issue,approved,False,
RETURN_000818,ORDER_009172,BUYER_00886,SELLER_00354,2025-04-03,wrong_item_received,approved,False,
RETURN_000819,ORDER_009192,BUYER_00888,SELLER_00075,2025-09-27,size_issue,approved,False,
RETURN_000820,ORDER_009204,BUYER_00890,SELLER_00048,2025-10-15,size_issue,approved,False,
RETURN_000821,ORDER_009268,BUYER_00897,SELLER_00221,2025-11-08,defective,approved,False,
RETURN_000822,ORDER_009276,BUYER_00899,SELLER_00233,2025-12-26,wrong_item_received,approved,False,
RETURN_000823,ORDER_009303,BUYER_00903,SELLER_00317,2025-11-17,changed_mind,approved,False,
RETURN_000824,ORDER_009304,BUYER_00903,SELLER_00316,2025-06-14,size_issue,approved,False,
RETURN_000825,ORDER_009306,BUYER_00903,SELLER_00167,2025-12-16,size_issue,approved,False,
RETURN_000826,ORDER_009310,BUYER_00903,SELLER_00459,2025-05-11,changed_mind,approved,False,
RETURN_000827,ORDER_009313,BUYER_00903,SELLER_00476,2025-10-12,size_issue,approved,False,
RETURN_000828,ORDER_009315,BUYER_00903,SELLER_00210,2025-08-06,changed_mind,approved,False,
RETURN_000829,ORDER_009327,BUYER_00904,SELLER_00009,2025-12-17,changed_mind,approved,False,
RETURN_000830,ORDER_009342,BUYER_00906,SELLER_00064,2025-08-10,size_issue,approved,False,
RETURN_000831,ORDER_009368,BUYER_00908,SELLER_00167,2025-11-05,defective,approved,False,
RETURN_000832,ORDER_009372,BUYER_00909,SELLER_00481,2025-11-21,wrong_item_received,approved,False,
RETURN_000833,ORDER_009392,BUYER_00911,SELLER_00418,2025-10-24,size_issue,approved,False,
RETURN_000834,ORDER_009444,BUYER_00918,SELLER_00346,2025-12-06,defective,approved,False,
RETURN_000835,ORDER_009445,BUYER_00918,SELLER_00440,2025-10-26,changed_mind,approved,False,
RETURN_000836,ORDER_009446,BUYER_00918,SELLER_00436,2025-12-24,defective,approved,False,
RETURN_000837,ORDER_009447,BUYER_00918,SELLER_00173,2025-12-30,changed_mind,approved,False,
RETURN_000838,ORDER_009450,BUYER_00918,SELLER_00019,2025-11-10,wrong_item_received,approved,False,
RETURN_000839,ORDER_009451,BUYER_00918,SELLER_00187,2025-12-27,wrong_item_received,approved,False,
RETURN_000840,ORDER_009456,BUYER_00918,SELLER_00332,2025-12-27,wrong_item_received,approved,False,
RETURN_000841,ORDER_009462,BUYER_00919,SELLER_00350,2025-10-30,size_issue,approved,False,
RETURN_000842,ORDER_009464,BUYER_00920,SELLER_00313,2025-11-22,defective,approved,False,
RETURN_000843,ORDER_009472,BUYER_00921,SELLER_00420,2025-02-03,changed_mind,approved,False,
RETURN_000844,ORDER_009474,BUYER_00921,SELLER_00130,2025-07-21,wrong_item_received,approved,False,
RETURN_000845,ORDER_009479,BUYER_00921,SELLER_00387,2025-07-06,changed_mind,approved,False,
RETURN_000846,ORDER_009492,BUYER_00923,SELLER_00429,2025-11-13,wrong_item_received,approved,False,
RETURN_000847,ORDER_009500,BUYER_00924,SELLER_00417,2025-10-03,defective,approved,False,
RETURN_000848,ORDER_009520,BUYER_00926,SELLER_00183,2025-09-08,defective,approved,False,
RETURN_000849,ORDER_009551,BUYER_00930,SELLER_00157,2025-12-31,wrong_item_received,approved,False,
RETURN_000850,ORDER_009559,BUYER_00932,SELLER_00152,2025-10-03,changed_mind,approved,False,
RETURN_000851,ORDER_009560,BUYER_00932,SELLER_00210,2025-11-22,defective,approved,False,
RETURN_000852,ORDER_009562,BUYER_00932,SELLER_00021,2025-10-26,size_issue,approved,False,
RETURN_000853,ORDER_009564,BUYER_00932,SELLER_00033,2025-12-16,wrong_item_received,approved,False,
RETURN_000854,ORDER_009571,BUYER_00933,SELLER_00084,2025-09-18,defective,approved,False,
RETURN_000855,ORDER_009621,BUYER_00938,SELLER_00398,2025-04-01,changed_mind,approved,False,
RETURN_000856,ORDER_009667,BUYER_00941,SELLER_00035,2025-10-28,wrong_item_received,approved,False,
RETURN_000857,ORDER_009670,BUYER_00941,SELLER_00164,2025-09-15,changed_mind,approved,False,
RETURN_000858,ORDER_009683,BUYER_00942,SELLER_00432,2025-05-13,defective,approved,False,
RETURN_000859,ORDER_009699,BUYER_00943,SELLER_00263,2025-12-19,defective,approved,False,
RETURN_000860,ORDER_009727,BUYER_00946,SELLER_00065,2025-08-29,changed_mind,approved,False,
RETURN_000861,ORDER_009744,BUYER_00948,SELLER_00438,2025-10-16,defective,approved,False,
RETURN_000862,ORDER_009747,BUYER_00948,SELLER_00077,2025-11-16,changed_mind,approved,False,
RETURN_000863,ORDER_009748,BUYER_00948,SELLER_00103,2025-11-25,size_issue,approved,False,
RETURN_000864,ORDER_009751,BUYER_00948,SELLER_00354,2025-10-21,changed_mind,approved,False,
RETURN_000865,ORDER_009766,BUYER_00951,SELLER_00197,2025-11-05,defective,approved,False,
RETURN_000866,ORDER_009767,BUYER_00951,SELLER_00107,2025-10-05,wrong_item_received,approved,False,
RETURN_000867,ORDER_009773,BUYER_00951,SELLER_00052,2025-10-30,changed_mind,approved,False,
RETURN_000868,ORDER_009776,BUYER_00951,SELLER_00068,2025-09-30,defective,approved,False,
RETURN_000869,ORDER_009793,BUYER_00953,SELLER_00112,2025-11-29,size_issue,approved,False,
RETURN_000870,ORDER_009814,BUYER_00955,SELLER_00316,2025-10-28,wrong_item_received,approved,False,
RETURN_000871,ORDER_009833,BUYER_00957,SELLER_00024,2025-11-12,defective,approved,False,
RETURN_000872,ORDER_009834,BUYER_00957,SELLER_00036,2025-05-29,changed_mind,approved,False,
RETURN_000873,ORDER_009840,BUYER_00957,SELLER_00347,2025-07-06,size_issue,approved,False,
RETURN_000874,ORDER_009856,BUYER_00958,SELLER_00380,2025-12-11,changed_mind,approved,False,
RETURN_000875,ORDER_009869,BUYER_00960,SELLER_00288,2025-07-21,size_issue,approved,False,
RETURN_000876,ORDER_009870,BUYER_00961,SELLER_00467,2025-04-01,size_issue,approved,False,
RETURN_000877,ORDER_009883,BUYER_00962,SELLER_00123,2025-12-05,defective,approved,False,
RETURN_000878,ORDER_009906,BUYER_00967,SELLER_00122,2025-12-04,wrong_item_received,approved,False,
RETURN_000879,ORDER_009910,BUYER_00968,SELLER_00428,2025-09-02,defective,approved,False,
RETURN_000880,ORDER_009913,BUYER_00968,SELLER_00185,2025-08-13,changed_mind,approved,False,
RETURN_000881,ORDER_009914,BUYER_00968,SELLER_00275,2025-11-09,size_issue,approved,False,
RETURN_000882,ORDER_009924,BUYER_00970,SELLER_00123,2025-12-14,size_issue,approved,False,
RETURN_000883,ORDER_009958,BUYER_00973,SELLER_00480,2025-11-18,wrong_item_received,approved,False,
RETURN_000884,ORDER_009967,BUYER_00974,SELLER_00438,2025-12-16,defective,approved,False,
RETURN_000885,ORDER_009980,BUYER_00976,SELLER_00388,2025-12-27,defective,approved,False,
RETURN_000886,ORDER_010009,BUYER_00979,SELLER_00183,2025-09-07,size_issue,approved,False,
RETURN_000887,ORDER_010011,BUYER_00979,SELLER_00354,2025-08-11,changed_mind,approved,False,
RETURN_000888,ORDER_010020,BUYER_00980,SELLER_00148,2025-11-01,size_issue,approved,False,
RETURN_000889,ORDER_010021,BUYER_00980,SELLER_00063,2025-07-26,defective,approved,False,
RETURN_000890,ORDER_010032,BUYER_00981,SELLER_00478,2025-12-31,defective,approved,False,
RETURN_000891,ORDER_010034,BUYER_00981,SELLER_00177,2025-12-31,defective,approved,False,
RETURN_000892,ORDER_010051,BUYER_00983,SELLER_00309,2025-09-14,defective,approved,False,
RETURN_000893,ORDER_010066,BUYER_00986,SELLER_00199,2025-10-18,changed_mind,approved,False,
RETURN_000894,ORDER_010086,BUYER_00987,SELLER_00455,2025-12-16,changed_mind,approved,False,
RETURN_000895,ORDER_010094,BUYER_00988,SELLER_00270,2025-06-26,defective,approved,False,
RETURN_000896,ORDER_010120,BUYER_00992,SELLER_00232,2025-12-31,size_issue,approved,False,
RETURN_000897,ORDER_010123,BUYER_00992,SELLER_00413,2025-11-04,changed_mind,approved,False,
RETURN_000898,ORDER_010124,BUYER_00992,SELLER_00157,2025-11-10,defective,approved,False,
RETURN_000899,ORDER_010125,BUYER_00992,SELLER_00066,2025-11-04,changed_mind,approved,False,
RETURN_000900,ORDER_010181,BUYER_00997,SELLER_00376,2025-12-20,changed_mind,approved,False,
RETURN_000901,ORDER_010182,BUYER_00997,SELLER_00271,2025-12-05,changed_mind,approved,False,
RETURN_000902,ORDER_010186,BUYER_00997,SELLER_00387,2025-12-01,size_issue,approved,False,
RETURN_000903,ORDER_010189,BUYER_00997,SELLER_00173,2025-12-30,defective,approved,False,
RETURN_000904,ORDER_010200,BUYER_00998,SELLER_00296,2025-11-16,changed_mind,approved,False,
RETURN_000905,ORDER_010203,BUYER_00999,SELLER_00454,2025-10-11,size_issue,approved,False,
RETURN_000906,ORDER_010206,BUYER_00999,SELLER_00285,2025-10-27,defective,approved,False,
RETURN_000907,ORDER_010228,BUYER_01002,SELLER_00154,2025-11-07,defective,approved,False,
RETURN_000908,ORDER_010267,BUYER_01003,SELLER_00038,2025-11-22,wrong_item_received,approved,False,
RETURN_000909,ORDER_010280,BUYER_01004,SELLER_00424,2025-05-07,changed_mind,approved,False,
RETURN_000910,ORDER_010282,BUYER_01004,SELLER_00153,2025-02-11,defective,approved,False,
RETURN_000911,ORDER_010287,BUYER_01004,SELLER_00225,2025-05-24,wrong_item_received,approved,False,
RETURN_000912,ORDER_010289,BUYER_01004,SELLER_00297,2025-10-09,defective,approved,False,
RETURN_000913,ORDER_010291,BUYER_01004,SELLER_00258,2025-12-31,changed_mind,approved,False,
RETURN_000914,ORDER_010298,BUYER_01004,SELLER_00351,2025-05-25,wrong_item_received,approved,False,
RETURN_000915,ORDER_010299,BUYER_01004,SELLER_00036,2025-11-20,defective,approved,False,
RETURN_000916,ORDER_010300,BUYER_01004,SELLER_00369,2025-03-29,size_issue,approved,False,
RETURN_000917,ORDER_010302,BUYER_01004,SELLER_00076,2025-03-01,wrong_item_received,approved,False,
RETURN_000918,ORDER_010328,BUYER_01009,SELLER_00302,2025-12-21,wrong_item_received,approved,False,
RETURN_000919,ORDER_010364,BUYER_01014,SELLER_00166,2025-02-16,size_issue,approved,False,
RETURN_000920,ORDER_010366,BUYER_01014,SELLER_00309,2025-04-23,changed_mind,approved,False,
RETURN_000921,ORDER_010371,BUYER_01015,SELLER_00438,2025-06-19,changed_mind,approved,False,
RETURN_000922,ORDER_010395,BUYER_01018,SELLER_00112,2025-07-26,wrong_item_received,approved,False,
RETURN_000923,ORDER_010400,BUYER_01019,SELLER_00314,2025-09-03,size_issue,approved,False,
RETURN_000924,ORDER_010408,BUYER_01019,SELLER_00285,2025-12-07,defective,approved,False,
RETURN_000925,ORDER_010415,BUYER_01019,SELLER_00413,2025-09-07,defective,approved,False,
RETURN_000926,ORDER_010424,BUYER_01021,SELLER_00341,2025-12-16,changed_mind,approved,False,
RETURN_000927,ORDER_010431,BUYER_01022,SELLER_00426,2025-12-06,changed_mind,approved,False,
RETURN_000928,ORDER_010438,BUYER_01023,SELLER_00313,2025-08-09,wrong_item_received,approved,False,
RETURN_000929,ORDER_010439,BUYER_01023,SELLER_00166,2025-10-08,changed_mind,approved,False,
RETURN_000930,ORDER_010467,BUYER_01027,SELLER_00313,2025-10-06,size_issue,approved,False,
RETURN_000931,ORDER_010478,BUYER_01028,SELLER_00101,2025-09-21,size_issue,approved,False,
RETURN_000932,ORDER_010484,BUYER_01029,SELLER_00356,2025-10-26,wrong_item_received,approved,False,
RETURN_000933,ORDER_010522,BUYER_01031,SELLER_00020,2025-04-21,changed_mind,approved,False,
RETURN_000934,ORDER_010535,BUYER_01032,SELLER_00271,2025-08-15,size_issue,approved,False,
RETURN_000935,ORDER_010547,BUYER_01033,SELLER_00021,2025-07-03,changed_mind,approved,False,
RETURN_000936,ORDER_010562,BUYER_01034,SELLER_00055,2025-09-11,defective,approved,False,
RETURN_000937,ORDER_010575,BUYER_01035,SELLER_00313,2025-11-01,size_issue,approved,False,
RETURN_000938,ORDER_010580,BUYER_01036,SELLER_00340,2025-07-29,size_issue,approved,False,
RETURN_000939,ORDER_010584,BUYER_01036,SELLER_00246,2025-10-29,changed_mind,approved,False,
RETURN_000940,ORDER_010613,BUYER_01038,SELLER_00122,2025-02-10,changed_mind,approved,False,
RETURN_000941,ORDER_010633,BUYER_01039,SELLER_00155,2025-07-28,defective,approved,False,
RETURN_000942,ORDER_010646,BUYER_01040,SELLER_00085,2025-12-26,changed_mind,approved,False,
RETURN_000943,ORDER_010667,BUYER_01043,SELLER_00283,2025-08-19,size_issue,approved,False,
RETURN_000944,ORDER_010673,BUYER_01044,SELLER_00498,2025-12-31,changed_mind,approved,False,
RETURN_000945,ORDER_010676,BUYER_01044,SELLER_00192,2025-12-17,changed_mind,approved,False,
RETURN_000946,ORDER_010687,BUYER_01045,SELLER_00297,2025-03-27,size_issue,approved,False,
RETURN_000947,ORDER_010689,BUYER_01046,SELLER_00366,2025-05-19,defective,approved,False,
RETURN_000948,ORDER_010703,BUYER_01047,SELLER_00368,2025-12-04,defective,approved,False,
RETURN_000949,ORDER_010728,BUYER_01048,SELLER_00243,2025-05-07,changed_mind,approved,False,
RETURN_000950,ORDER_010736,BUYER_01050,SELLER_00471,2025-09-28,size_issue,approved,False,
RETURN_000951,ORDER_010760,BUYER_01053,SELLER_00026,2025-11-28,changed_mind,approved,False,
RETURN_000952,ORDER_010762,BUYER_01054,SELLER_00442,2025-09-11,changed_mind,approved,False,
RETURN_000953,ORDER_010791,BUYER_01058,SELLER_00313,2025-02-16,size_issue,approved,False,
RETURN_000954,ORDER_010798,BUYER_01059,SELLER_00455,2025-08-15,defective,approved,False,
RETURN_000955,ORDER_010806,BUYER_01061,SELLER_00288,2025-10-13,changed_mind,approved,False,
RETURN_000956,ORDER_010811,BUYER_01061,SELLER_00021,2025-08-27,defective,approved,False,
RETURN_000957,ORDER_010825,BUYER_01062,SELLER_00272,2025-11-13,defective,approved,True,return_abuse
RETURN_000958,ORDER_010829,BUYER_01063,SELLER_00178,2025-12-31,size_issue,approved,False,
RETURN_000959,ORDER_010832,BUYER_01063,SELLER_00170,2025-10-21,defective,approved,False,
RETURN_000960,ORDER_010838,BUYER_01064,SELLER_00180,2025-07-12,size_issue,approved,False,
RETURN_000961,ORDER_010860,BUYER_01067,SELLER_00237,2025-09-07,changed_mind,approved,False,
RETURN_000962,ORDER_010862,BUYER_01067,SELLER_00416,2025-04-11,changed_mind,approved,False,
RETURN_000963,ORDER_010921,BUYER_01075,SELLER_00141,2025-09-13,wrong_item_received,approved,False,
RETURN_000964,ORDER_010923,BUYER_01075,SELLER_00084,2025-11-22,changed_mind,approved,False,
RETURN_000965,ORDER_010925,BUYER_01076,SELLER_00152,2025-12-05,size_issue,approved,False,
RETURN_000966,ORDER_010928,BUYER_01077,SELLER_00347,2025-10-24,wrong_item_received,approved,False,
RETURN_000967,ORDER_010930,BUYER_01077,SELLER_00148,2025-08-26,wrong_item_received,approved,False,
RETURN_000968,ORDER_010935,BUYER_01077,SELLER_00168,2025-11-24,changed_mind,approved,False,
RETURN_000969,ORDER_010944,BUYER_01078,SELLER_00102,2025-10-21,size_issue,approved,False,
RETURN_000970,ORDER_010955,BUYER_01078,SELLER_00329,2025-12-07,defective,approved,False,
RETURN_000971,ORDER_010960,BUYER_01079,SELLER_00178,2025-07-31,wrong_item_received,approved,False,
RETURN_000972,ORDER_010980,BUYER_01082,SELLER_00324,2025-08-18,size_issue,approved,False,
RETURN_000973,ORDER_010982,BUYER_01082,SELLER_00494,2025-10-22,defective,approved,False,
RETURN_000974,ORDER_010984,BUYER_01082,SELLER_00175,2025-12-26,defective,approved,False,
RETURN_000975,ORDER_010989,BUYER_01082,SELLER_00473,2025-09-04,size_issue,approved,False,
RETURN_000976,ORDER_010996,BUYER_01084,SELLER_00384,2025-10-15,changed_mind,approved,True,return_abuse
RETURN_000977,ORDER_010998,BUYER_01085,SELLER_00258,2025-06-26,defective,approved,False,
RETURN_000978,ORDER_010999,BUYER_01085,SELLER_00395,2025-08-07,size_issue,approved,False,
RETURN_000979,ORDER_011007,BUYER_01086,SELLER_00134,2025-09-14,changed_mind,approved,True,return_abuse
RETURN_000980,ORDER_011025,BUYER_01087,SELLER_00237,2025-07-08,size_issue,approved,False,
RETURN_000981,ORDER_011041,BUYER_01088,SELLER_00089,2025-07-01,defective,approved,False,
RETURN_000982,ORDER_011048,BUYER_01089,SELLER_00478,2025-08-13,defective,approved,True,return_abuse
RETURN_000983,ORDER_011052,BUYER_01089,SELLER_00021,2025-05-17,defective,approved,False,
RETURN_000984,ORDER_011065,BUYER_01090,SELLER_00174,2025-03-23,defective,approved,False,
RETURN_000985,ORDER_011074,BUYER_01091,SELLER_00298,2025-08-10,size_issue,approved,False,
RETURN_000986,ORDER_011079,BUYER_01092,SELLER_00021,2025-07-21,changed_mind,approved,True,return_abuse
RETURN_000987,ORDER_011094,BUYER_01095,SELLER_00399,2025-08-19,defective,approved,False,
RETURN_000988,ORDER_011095,BUYER_01095,SELLER_00313,2025-12-28,defective,approved,False,
RETURN_000989,ORDER_011099,BUYER_01096,SELLER_00478,2025-03-25,changed_mind,approved,False,
RETURN_000990,ORDER_011135,BUYER_01100,SELLER_00388,2025-12-31,defective,approved,False,
RETURN_000991,ORDER_011144,BUYER_01101,SELLER_00450,2025-10-12,defective,approved,False,
RETURN_000992,ORDER_011147,BUYER_01101,SELLER_00242,2025-10-13,defective,approved,False,
RETURN_000993,ORDER_011154,BUYER_01101,SELLER_00002,2025-10-26,wrong_item_received,approved,False,
RETURN_000994,ORDER_011162,BUYER_01101,SELLER_00422,2025-03-28,defective,approved,False,
RETURN_000995,ORDER_011165,BUYER_01101,SELLER_00420,2025-02-23,size_issue,approved,False,
RETURN_000996,ORDER_011169,BUYER_01101,SELLER_00227,2025-12-31,defective,approved,False,
RETURN_000997,ORDER_011174,BUYER_01102,SELLER_00003,2025-12-02,changed_mind,approved,False,
RETURN_000998,ORDER_011205,BUYER_01105,SELLER_00094,2025-09-19,wrong_item_received,approved,False,
RETURN_000999,ORDER_011221,BUYER_01108,SELLER_00462,2025-10-18,changed_mind,approved,False,
RETURN_001000,ORDER_011222,BUYER_01108,SELLER_00164,2025-11-22,changed_mind,approved,False,
RETURN_001001,ORDER_011250,BUYER_01110,SELLER_00341,2025-07-01,changed_mind,approved,False,
RETURN_001002,ORDER_011256,BUYER_01110,SELLER_00349,2025-11-06,wrong_item_received,approved,False,
RETURN_001003,ORDER_011271,BUYER_01111,SELLER_00191,2025-10-30,wrong_item_received,approved,False,
RETURN_001004,ORDER_011301,BUYER_01113,SELLER_00128,2025-11-12,size_issue,approved,False,
RETURN_001005,ORDER_011314,BUYER_01114,SELLER_00180,2025-09-15,changed_mind,approved,False,
RETURN_001006,ORDER_011323,BUYER_01116,SELLER_00233,2025-12-26,size_issue,approved,False,
RETURN_001007,ORDER_011324,BUYER_01116,SELLER_00399,2025-12-31,defective,approved,False,
RETURN_001008,ORDER_011328,BUYER_01116,SELLER_00488,2025-12-25,defective,approved,False,
RETURN_001009,ORDER_011331,BUYER_01117,SELLER_00472,2025-10-28,changed_mind,approved,False,
RETURN_001010,ORDER_011340,BUYER_01120,SELLER_00272,2025-09-15,wrong_item_received,approved,False,
RETURN_001011,ORDER_011342,BUYER_01120,SELLER_00026,2025-11-28,wrong_item_received,approved,False,
RETURN_001012,ORDER_011352,BUYER_01121,SELLER_00277,2025-12-31,defective,approved,False,
RETURN_001013,ORDER_011354,BUYER_01121,SELLER_00036,2025-12-31,changed_mind,approved,False,
RETURN_001014,ORDER_011356,BUYER_01122,SELLER_00183,2025-10-30,changed_mind,approved,False,
RETURN_001015,ORDER_011363,BUYER_01122,SELLER_00415,2025-12-31,defective,approved,False,
RETURN_001016,ORDER_011364,BUYER_01123,SELLER_00243,2025-10-02,changed_mind,approved,False,
RETURN_001017,ORDER_011373,BUYER_01123,SELLER_00196,2025-11-22,size_issue,approved,False,
RETURN_001018,ORDER_011382,BUYER_01124,SELLER_00430,2025-04-22,changed_mind,approved,False,
RETURN_001019,ORDER_011386,BUYER_01125,SELLER_00308,2025-12-04,size_issue,approved,False,
RETURN_001020,ORDER_011389,BUYER_01125,SELLER_00100,2025-09-17,defective,approved,False,
RETURN_001021,ORDER_011406,BUYER_01127,SELLER_00141,2025-08-04,changed_mind,approved,False,
RETURN_001022,ORDER_011409,BUYER_01128,SELLER_00173,2025-12-26,changed_mind,approved,False,
RETURN_001023,ORDER_011414,BUYER_01129,SELLER_00155,2025-12-30,wrong_item_received,approved,False,
RETURN_001024,ORDER_011421,BUYER_01131,SELLER_00463,2025-06-16,changed_mind,approved,False,
RETURN_001025,ORDER_011472,BUYER_01137,SELLER_00148,2025-10-29,defective,approved,False,
RETURN_001026,ORDER_011477,BUYER_01138,SELLER_00054,2025-08-15,defective,approved,False,
RETURN_001027,ORDER_011482,BUYER_01139,SELLER_00237,2025-09-25,changed_mind,approved,False,
RETURN_001028,ORDER_011484,BUYER_01139,SELLER_00065,2025-09-26,defective,approved,False,
RETURN_001029,ORDER_011507,BUYER_01142,SELLER_00123,2025-08-28,changed_mind,approved,False,
RETURN_001030,ORDER_011508,BUYER_01142,SELLER_00490,2025-07-14,defective,approved,False,
RETURN_001031,ORDER_011519,BUYER_01144,SELLER_00060,2025-07-31,defective,approved,False,
RETURN_001032,ORDER_011543,BUYER_01149,SELLER_00495,2025-07-29,defective,approved,False,
RETURN_001033,ORDER_011552,BUYER_01150,SELLER_00024,2025-07-11,defective,approved,False,
RETURN_001034,ORDER_011560,BUYER_01150,SELLER_00367,2025-07-15,wrong_item_received,approved,False,
RETURN_001035,ORDER_011564,BUYER_01150,SELLER_00180,2025-08-07,changed_mind,approved,False,
RETURN_001036,ORDER_011580,BUYER_01152,SELLER_00246,2025-12-11,changed_mind,approved,False,
RETURN_001037,ORDER_011603,BUYER_01154,SELLER_00218,2025-12-04,defective,approved,False,
RETURN_001038,ORDER_011606,BUYER_01155,SELLER_00367,2025-12-31,wrong_item_received,approved,False,
RETURN_001039,ORDER_011610,BUYER_01155,SELLER_00376,2025-11-19,size_issue,approved,False,
RETURN_001040,ORDER_011645,BUYER_01160,SELLER_00277,2025-12-10,defective,approved,False,
RETURN_001041,ORDER_011646,BUYER_01160,SELLER_00331,2025-12-22,defective,approved,False,
RETURN_001042,ORDER_011648,BUYER_01160,SELLER_00347,2025-11-25,changed_mind,approved,False,
RETURN_001043,ORDER_011651,BUYER_01160,SELLER_00124,2025-12-26,changed_mind,approved,False,
RETURN_001044,ORDER_011653,BUYER_01160,SELLER_00430,2025-12-31,changed_mind,approved,False,
RETURN_001045,ORDER_011655,BUYER_01160,SELLER_00406,2025-11-26,defective,approved,False,
RETURN_001046,ORDER_011657,BUYER_01160,SELLER_00119,2025-12-19,changed_mind,approved,False,
RETURN_001047,ORDER_011660,BUYER_01160,SELLER_00141,2025-11-26,defective,approved,False,
RETURN_001048,ORDER_011661,BUYER_01161,SELLER_00314,2025-12-17,size_issue,approved,False,
RETURN_001049,ORDER_011665,BUYER_01161,SELLER_00032,2025-12-05,changed_mind,approved,False,
RETURN_001050,ORDER_011667,BUYER_01161,SELLER_00368,2025-12-31,wrong_item_received,approved,False,
RETURN_001051,ORDER_011673,BUYER_01163,SELLER_00412,2025-10-07,defective,approved,False,
RETURN_001052,ORDER_011676,BUYER_01163,SELLER_00240,2025-11-16,defective,approved,False,
RETURN_001053,ORDER_011677,BUYER_01163,SELLER_00314,2025-10-07,size_issue,approved,False,
RETURN_001054,ORDER_011678,BUYER_01163,SELLER_00393,2025-11-15,changed_mind,approved,False,
RETURN_001055,ORDER_011681,BUYER_01164,SELLER_00179,2025-12-15,defective,approved,False,
RETURN_001056,ORDER_011683,BUYER_01164,SELLER_00086,2025-12-06,size_issue,approved,False,
RETURN_001057,ORDER_011707,BUYER_01169,SELLER_00164,2025-11-12,defective,approved,False,
RETURN_001058,ORDER_011725,BUYER_01173,SELLER_00031,2025-09-06,changed_mind,approved,False,
RETURN_001059,ORDER_011729,BUYER_01173,SELLER_00463,2025-07-26,wrong_item_received,approved,False,
RETURN_001060,ORDER_011733,BUYER_01174,SELLER_00122,2025-12-12,defective,approved,False,
RETURN_001061,ORDER_011734,BUYER_01174,SELLER_00185,2025-08-28,defective,approved,False,
RETURN_001062,ORDER_011735,BUYER_01174,SELLER_00200,2025-10-05,defective,approved,False,
RETURN_001063,ORDER_011745,BUYER_01176,SELLER_00091,2025-10-09,changed_mind,approved,False,
RETURN_001064,ORDER_011749,BUYER_01176,SELLER_00036,2025-10-08,size_issue,approved,False,
RETURN_001065,ORDER_011750,BUYER_01176,SELLER_00025,2025-12-04,changed_mind,approved,False,
RETURN_001066,ORDER_011753,BUYER_01176,SELLER_00278,2025-09-26,changed_mind,approved,False,
RETURN_001067,ORDER_011755,BUYER_01176,SELLER_00495,2025-09-02,changed_mind,approved,False,
RETURN_001068,ORDER_011756,BUYER_01176,SELLER_00383,2025-07-18,size_issue,approved,False,
RETURN_001069,ORDER_011765,BUYER_01177,SELLER_00129,2025-08-02,defective,approved,False,
RETURN_001070,ORDER_011780,BUYER_01177,SELLER_00480,2025-05-23,size_issue,approved,False,
RETURN_001071,ORDER_011782,BUYER_01177,SELLER_00045,2025-08-05,size_issue,approved,False,
RETURN_001072,ORDER_011816,BUYER_01178,SELLER_00038,2025-11-25,size_issue,approved,False,
RETURN_001073,ORDER_011823,BUYER_01179,SELLER_00122,2025-08-02,defective,approved,False,
RETURN_001074,ORDER_011826,BUYER_01179,SELLER_00290,2025-10-12,changed_mind,approved,False,
RETURN_001075,ORDER_011827,BUYER_01179,SELLER_00416,2025-07-24,defective,approved,False,
RETURN_001076,ORDER_011829,BUYER_01179,SELLER_00275,2025-12-24,size_issue,approved,False,
RETURN_001077,ORDER_011834,BUYER_01179,SELLER_00188,2025-07-21,wrong_item_received,approved,False,
RETURN_001078,ORDER_011846,BUYER_01182,SELLER_00482,2025-12-11,changed_mind,approved,False,
RETURN_001079,ORDER_011848,BUYER_01182,SELLER_00259,2025-12-25,changed_mind,approved,False,
RETURN_001080,ORDER_011855,BUYER_01183,SELLER_00203,2025-12-10,size_issue,approved,False,
RETURN_001081,ORDER_011870,BUYER_01185,SELLER_00272,2025-11-20,size_issue,approved,False,
RETURN_001082,ORDER_011889,BUYER_01187,SELLER_00172,2025-12-31,defective,approved,False,
RETURN_001083,ORDER_011937,BUYER_01193,SELLER_00112,2025-10-01,defective,approved,False,
RETURN_001084,ORDER_012005,BUYER_01204,SELLER_00449,2025-12-26,wrong_item_received,approved,False,
RETURN_001085,ORDER_012017,BUYER_01206,SELLER_00455,2025-12-31,defective,approved,True,return_abuse
RETURN_001086,ORDER_012029,BUYER_01207,SELLER_00083,2025-01-27,changed_mind,approved,False,
RETURN_001087,ORDER_012032,BUYER_01207,SELLER_00017,2025-08-13,changed_mind,approved,False,
RETURN_001088,ORDER_012036,BUYER_01208,SELLER_00387,2025-12-30,defective,approved,False,
RETURN_001089,ORDER_012044,BUYER_01208,SELLER_00376,2025-08-15,defective,approved,False,
RETURN_001090,ORDER_012047,BUYER_01209,SELLER_00246,2025-06-14,defective,approved,False,
RETURN_001091,ORDER_012048,BUYER_01209,SELLER_00471,2025-10-05,size_issue,approved,False,
RETURN_001092,ORDER_012054,BUYER_01210,SELLER_00243,2025-12-31,changed_mind,approved,False,
RETURN_001093,ORDER_012058,BUYER_01211,SELLER_00111,2025-09-13,changed_mind,approved,False,
RETURN_001094,ORDER_012079,BUYER_01212,SELLER_00316,2025-11-09,defective,approved,False,
RETURN_001095,ORDER_012096,BUYER_01214,SELLER_00123,2025-08-06,changed_mind,approved,False,
RETURN_001096,ORDER_012109,BUYER_01216,SELLER_00221,2025-07-05,defective,approved,False,
RETURN_001097,ORDER_012139,BUYER_01221,SELLER_00441,2025-12-08,size_issue,approved,False,
RETURN_001098,ORDER_012147,BUYER_01223,SELLER_00442,2025-09-17,defective,approved,False,
RETURN_001099,ORDER_012149,BUYER_01223,SELLER_00153,2025-07-23,changed_mind,approved,False,
RETURN_001100,ORDER_012151,BUYER_01223,SELLER_00070,2025-08-14,size_issue,approved,False,
RETURN_001101,ORDER_012154,BUYER_01223,SELLER_00243,2025-12-03,size_issue,approved,False,
RETURN_001102,ORDER_012158,BUYER_01224,SELLER_00199,2025-11-04,changed_mind,approved,False,
RETURN_001103,ORDER_012173,BUYER_01226,SELLER_00494,2025-12-11,size_issue,approved,False,
RETURN_001104,ORDER_012188,BUYER_01228,SELLER_00052,2025-06-12,changed_mind,approved,False,
RETURN_001105,ORDER_012208,BUYER_01230,SELLER_00473,2025-09-10,defective,approved,False,
RETURN_001106,ORDER_012238,BUYER_01233,SELLER_00423,2025-12-24,changed_mind,approved,False,
RETURN_001107,ORDER_012239,BUYER_01233,SELLER_00231,2025-12-03,defective,approved,False,
RETURN_001108,ORDER_012288,BUYER_01236,SELLER_00200,2025-11-11,defective,approved,False,
RETURN_001109,ORDER_012297,BUYER_01238,SELLER_00017,2025-10-09,defective,approved,False,
RETURN_001110,ORDER_012311,BUYER_01239,SELLER_00309,2025-11-16,defective,approved,False,
RETURN_001111,ORDER_012376,BUYER_01245,SELLER_00423,2025-11-03,changed_mind,approved,False,
RETURN_001112,ORDER_012427,BUYER_01250,SELLER_00165,2025-11-13,changed_mind,approved,False,
RETURN_001113,ORDER_012428,BUYER_01250,SELLER_00277,2025-12-21,changed_mind,approved,False,
RETURN_001114,ORDER_012431,BUYER_01250,SELLER_00468,2025-12-12,changed_mind,approved,False,
RETURN_001115,ORDER_012449,BUYER_01253,SELLER_00185,2025-11-02,size_issue,approved,False,
RETURN_001116,ORDER_012495,BUYER_01257,SELLER_00443,2025-12-31,defective,approved,False,
RETURN_001117,ORDER_012527,BUYER_01260,SELLER_00148,2025-08-26,changed_mind,approved,False,
RETURN_001118,ORDER_012529,BUYER_01260,SELLER_00181,2025-08-19,changed_mind,approved,False,
RETURN_001119,ORDER_012564,BUYER_01263,SELLER_00040,2025-03-19,wrong_item_received,approved,False,
RETURN_001120,ORDER_012571,BUYER_01264,SELLER_00026,2025-12-16,wrong_item_received,approved,False,
RETURN_001121,ORDER_012574,BUYER_01265,SELLER_00043,2025-07-05,defective,approved,False,
RETURN_001122,ORDER_012579,BUYER_01265,SELLER_00440,2025-07-17,changed_mind,approved,False,
RETURN_001123,ORDER_012598,BUYER_01267,SELLER_00024,2025-12-31,changed_mind,approved,False,
RETURN_001124,ORDER_012612,BUYER_01267,SELLER_00377,2025-12-31,changed_mind,approved,False,
RETURN_001125,ORDER_012622,BUYER_01267,SELLER_00462,2025-12-31,wrong_item_received,approved,False,
RETURN_001126,ORDER_012632,BUYER_01267,SELLER_00437,2025-12-31,size_issue,approved,False,
RETURN_001127,ORDER_012641,BUYER_01267,SELLER_00399,2025-12-31,changed_mind,approved,False,
RETURN_001128,ORDER_012642,BUYER_01267,SELLER_00138,2025-12-25,size_issue,approved,False,
RETURN_001129,ORDER_012649,BUYER_01267,SELLER_00212,2025-12-18,changed_mind,approved,False,
RETURN_001130,ORDER_012656,BUYER_01268,SELLER_00450,2025-06-29,defective,approved,False,
RETURN_001131,ORDER_012657,BUYER_01268,SELLER_00178,2025-08-08,size_issue,approved,False,
RETURN_001132,ORDER_012658,BUYER_01268,SELLER_00112,2025-11-09,changed_mind,approved,False,
RETURN_001133,ORDER_012711,BUYER_01273,SELLER_00347,2025-11-11,changed_mind,approved,False,
RETURN_001134,ORDER_012760,BUYER_01275,SELLER_00292,2025-08-23,changed_mind,approved,False,
RETURN_001135,ORDER_012762,BUYER_01275,SELLER_00172,2025-07-09,defective,approved,False,
RETURN_001136,ORDER_012763,BUYER_01275,SELLER_00083,2025-10-06,wrong_item_received,approved,False,
RETURN_001137,ORDER_012779,BUYER_01278,SELLER_00200,2025-05-30,defective,approved,False,
RETURN_001138,ORDER_012851,BUYER_01286,SELLER_00241,2025-12-31,defective,approved,False,
RETURN_001139,ORDER_012862,BUYER_01287,SELLER_00100,2025-12-11,size_issue,approved,False,
RETURN_001140,ORDER_012883,BUYER_01291,SELLER_00150,2025-09-25,defective,approved,False,
RETURN_001141,ORDER_012887,BUYER_01292,SELLER_00087,2025-05-23,defective,approved,False,
RETURN_001142,ORDER_012891,BUYER_01292,SELLER_00101,2025-07-26,wrong_item_received,approved,False,
RETURN_001143,ORDER_012893,BUYER_01292,SELLER_00392,2025-04-05,size_issue,approved,False,
RETURN_001144,ORDER_012894,BUYER_01292,SELLER_00169,2025-04-04,changed_mind,approved,False,
RETURN_001145,ORDER_012896,BUYER_01292,SELLER_00499,2025-07-17,size_issue,approved,False,
RETURN_001146,ORDER_012917,BUYER_01294,SELLER_00134,2025-11-28,size_issue,approved,False,
RETURN_001147,ORDER_012935,BUYER_01295,SELLER_00016,2025-12-03,defective,approved,False,
RETURN_001148,ORDER_012938,BUYER_01296,SELLER_00009,2025-06-23,changed_mind,approved,False,
RETURN_001149,ORDER_012943,BUYER_01296,SELLER_00192,2025-07-20,defective,approved,False,
RETURN_001150,ORDER_012952,BUYER_01297,SELLER_00137,2025-06-24,defective,approved,False,
RETURN_001151,ORDER_012964,BUYER_01298,SELLER_00143,2025-07-02,size_issue,approved,False,
RETURN_001152,ORDER_013015,BUYER_01307,SELLER_00222,2025-05-08,size_issue,approved,False,
RETURN_001153,ORDER_013019,BUYER_01307,SELLER_00190,2025-08-07,defective,approved,False,
RETURN_001154,ORDER_013052,BUYER_01312,SELLER_00467,2025-05-29,wrong_item_received,approved,False,
RETURN_001155,ORDER_013058,BUYER_01312,SELLER_00112,2025-09-09,size_issue,approved,False,
RETURN_001156,ORDER_013061,BUYER_01312,SELLER_00290,2025-11-09,changed_mind,approved,False,
RETURN_001157,ORDER_013083,BUYER_01316,SELLER_00194,2025-12-09,wrong_item_received,approved,False,
RETURN_001158,ORDER_013102,BUYER_01318,SELLER_00200,2025-11-30,defective,approved,False,
RETURN_001159,ORDER_013127,BUYER_01320,SELLER_00192,2025-05-01,changed_mind,approved,False,
RETURN_001160,ORDER_013131,BUYER_01320,SELLER_00455,2025-04-10,defective,approved,False,
RETURN_001161,ORDER_013147,BUYER_01320,SELLER_00302,2025-08-27,wrong_item_received,approved,False,
RETURN_001162,ORDER_013153,BUYER_01321,SELLER_00149,2025-10-07,changed_mind,approved,False,
RETURN_001163,ORDER_013164,BUYER_01322,SELLER_00233,2025-10-06,wrong_item_received,approved,False,
RETURN_001164,ORDER_013166,BUYER_01322,SELLER_00376,2025-12-26,changed_mind,approved,False,
RETURN_001165,ORDER_013167,BUYER_01322,SELLER_00163,2025-10-08,wrong_item_received,approved,False,
RETURN_001166,ORDER_013169,BUYER_01322,SELLER_00313,2025-12-08,size_issue,approved,False,
RETURN_001167,ORDER_013175,BUYER_01322,SELLER_00438,2025-12-21,defective,approved,False,
RETURN_001168,ORDER_013191,BUYER_01323,SELLER_00042,2025-11-20,size_issue,approved,False,
RETURN_001169,ORDER_013207,BUYER_01324,SELLER_00277,2025-05-05,changed_mind,approved,True,return_abuse
RETURN_001170,ORDER_013224,BUYER_01325,SELLER_00167,2025-04-21,wrong_item_received,approved,False,
RETURN_001171,ORDER_013225,BUYER_01325,SELLER_00155,2025-08-21,changed_mind,approved,False,
RETURN_001172,ORDER_013226,BUYER_01325,SELLER_00100,2025-10-03,defective,approved,False,
RETURN_001173,ORDER_013233,BUYER_01325,SELLER_00054,2025-04-05,size_issue,approved,False,
RETURN_001174,ORDER_013239,BUYER_01325,SELLER_00372,2025-05-31,wrong_item_received,approved,False,
RETURN_001175,ORDER_013242,BUYER_01325,SELLER_00052,2025-11-18,defective,approved,False,
RETURN_001176,ORDER_013244,BUYER_01326,SELLER_00155,2025-10-11,changed_mind,approved,False,
RETURN_001177,ORDER_013247,BUYER_01326,SELLER_00016,2025-12-12,wrong_item_received,approved,False,
RETURN_001178,ORDER_013276,BUYER_01330,SELLER_00296,2025-12-25,wrong_item_received,approved,False,
RETURN_001179,ORDER_013322,BUYER_01332,SELLER_00390,2025-12-28,defective,approved,False,
RETURN_001180,ORDER_013340,BUYER_01332,SELLER_00112,2025-11-15,wrong_item_received,approved,False,
RETURN_001181,ORDER_013345,BUYER_01332,SELLER_00135,2025-12-31,size_issue,approved,False,
RETURN_001182,ORDER_013361,BUYER_01334,SELLER_00256,2025-12-22,changed_mind,approved,False,
RETURN_001183,ORDER_013364,BUYER_01334,SELLER_00392,2025-12-14,changed_mind,approved,False,
RETURN_001184,ORDER_013368,BUYER_01334,SELLER_00113,2025-12-07,changed_mind,approved,False,
RETURN_001185,ORDER_013372,BUYER_01334,SELLER_00094,2025-10-21,changed_mind,approved,False,
RETURN_001186,ORDER_013373,BUYER_01334,SELLER_00092,2025-08-22,defective,approved,False,
RETURN_001187,ORDER_013378,BUYER_01334,SELLER_00388,2025-09-24,changed_mind,approved,False,
RETURN_001188,ORDER_013414,BUYER_01338,SELLER_00143,2025-12-31,changed_mind,approved,False,
RETURN_001189,ORDER_013462,BUYER_01342,SELLER_00199,2025-11-05,wrong_item_received,approved,False,
RETURN_001190,ORDER_013467,BUYER_01343,SELLER_00380,2025-10-17,defective,approved,False,
RETURN_001191,ORDER_013469,BUYER_01343,SELLER_00478,2025-05-17,changed_mind,approved,False,
RETURN_001192,ORDER_013483,BUYER_01344,SELLER_00083,2025-10-23,size_issue,approved,False,
RETURN_001193,ORDER_013484,BUYER_01344,SELLER_00244,2025-12-16,changed_mind,approved,False,
RETURN_001194,ORDER_013485,BUYER_01344,SELLER_00183,2025-12-12,changed_mind,approved,False,
RETURN_001195,ORDER_013497,BUYER_01346,SELLER_00112,2025-07-05,size_issue,approved,False,
RETURN_001196,ORDER_013528,BUYER_01349,SELLER_00009,2025-09-28,size_issue,approved,False,
RETURN_001197,ORDER_013546,BUYER_01351,SELLER_00309,2025-05-12,size_issue,approved,False,
RETURN_001198,ORDER_013550,BUYER_01351,SELLER_00155,2025-08-11,size_issue,approved,False,
RETURN_001199,ORDER_013608,BUYER_01356,SELLER_00099,2025-12-09,changed_mind,approved,False,
RETURN_001200,ORDER_013609,BUYER_01356,SELLER_00233,2025-12-02,changed_mind,approved,False,
RETURN_001201,ORDER_013621,BUYER_01356,SELLER_00424,2025-12-26,changed_mind,approved,False,
RETURN_001202,ORDER_013634,BUYER_01356,SELLER_00343,2025-12-20,changed_mind,approved,False,
RETURN_001203,ORDER_013635,BUYER_01356,SELLER_00342,2025-12-31,changed_mind,approved,False,
RETURN_001204,ORDER_013636,BUYER_01356,SELLER_00423,2025-12-12,changed_mind,approved,False,
RETURN_001205,ORDER_013640,BUYER_01356,SELLER_00324,2025-12-11,defective,approved,False,
RETURN_001206,ORDER_013645,BUYER_01358,SELLER_00024,2025-06-05,wrong_item_received,approved,False,
RETURN_001207,ORDER_013652,BUYER_01358,SELLER_00277,2025-06-12,changed_mind,approved,False,
RETURN_001208,ORDER_013661,BUYER_01360,SELLER_00351,2025-07-29,wrong_item_received,approved,False,
RETURN_001209,ORDER_013668,BUYER_01362,SELLER_00180,2025-09-05,defective,approved,False,
RETURN_001210,ORDER_013670,BUYER_01362,SELLER_00010,2025-12-14,defective,approved,False,
RETURN_001211,ORDER_013672,BUYER_01362,SELLER_00170,2025-09-11,changed_mind,approved,False,
RETURN_001212,ORDER_013737,BUYER_01374,SELLER_00328,2025-11-16,changed_mind,approved,False,
RETURN_001213,ORDER_013743,BUYER_01375,SELLER_00476,2025-07-23,size_issue,approved,False,
RETURN_001214,ORDER_013744,BUYER_01376,SELLER_00468,2025-12-17,wrong_item_received,approved,False,
RETURN_001215,ORDER_013757,BUYER_01379,SELLER_00275,2025-11-21,defective,approved,False,
RETURN_001216,ORDER_013771,BUYER_01381,SELLER_00387,2025-12-13,wrong_item_received,approved,False,
RETURN_001217,ORDER_013804,BUYER_01384,SELLER_00390,2025-07-22,size_issue,approved,False,
RETURN_001218,ORDER_013835,BUYER_01388,SELLER_00052,2025-05-04,changed_mind,approved,False,
RETURN_001219,ORDER_013844,BUYER_01389,SELLER_00124,2025-11-29,size_issue,approved,False,
RETURN_001220,ORDER_013852,BUYER_01389,SELLER_00237,2025-12-31,defective,approved,False,
RETURN_001221,ORDER_013902,BUYER_01394,SELLER_00488,2025-11-20,changed_mind,approved,False,
RETURN_001222,ORDER_013917,BUYER_01395,SELLER_00486,2025-12-25,defective,approved,False,
RETURN_001223,ORDER_013923,BUYER_01395,SELLER_00164,2025-05-18,wrong_item_received,approved,False,
RETURN_001224,ORDER_013930,BUYER_01396,SELLER_00341,2025-12-24,size_issue,approved,False,
RETURN_001225,ORDER_013959,BUYER_01401,SELLER_00020,2025-08-20,size_issue,approved,False,
RETURN_001226,ORDER_013964,BUYER_01402,SELLER_00388,2025-11-13,defective,approved,False,
RETURN_001227,ORDER_013975,BUYER_01403,SELLER_00213,2025-12-07,defective,approved,False,
RETURN_001228,ORDER_013976,BUYER_01403,SELLER_00254,2025-05-11,size_issue,approved,False,
RETURN_001229,ORDER_013981,BUYER_01403,SELLER_00496,2025-07-06,changed_mind,approved,False,
RETURN_001230,ORDER_013983,BUYER_01403,SELLER_00183,2025-09-30,defective,approved,False,
RETURN_001231,ORDER_013995,BUYER_01404,SELLER_00461,2025-11-07,defective,approved,False,
RETURN_001232,ORDER_014010,BUYER_01406,SELLER_00210,2025-12-31,defective,approved,False,
RETURN_001233,ORDER_014051,BUYER_01407,SELLER_00289,2025-10-17,defective,approved,False,
RETURN_001234,ORDER_014108,BUYER_01414,SELLER_00200,2025-05-04,changed_mind,approved,False,
RETURN_001235,ORDER_014136,BUYER_01417,SELLER_00458,2025-05-04,defective,approved,False,
RETURN_001236,ORDER_014140,BUYER_01417,SELLER_00497,2025-07-06,size_issue,approved,False,
RETURN_001237,ORDER_014150,BUYER_01418,SELLER_00349,2025-12-03,wrong_item_received,approved,False,
RETURN_001238,ORDER_014190,BUYER_01425,SELLER_00408,2025-09-05,changed_mind,approved,False,
RETURN_001239,ORDER_014191,BUYER_01425,SELLER_00243,2025-04-14,size_issue,approved,False,
RETURN_001240,ORDER_014228,BUYER_01431,SELLER_00183,2025-05-19,changed_mind,approved,False,
RETURN_001241,ORDER_014236,BUYER_01431,SELLER_00057,2025-10-23,defective,approved,False,
RETURN_001242,ORDER_014247,BUYER_01432,SELLER_00366,2025-08-05,wrong_item_received,approved,False,
RETURN_001243,ORDER_014265,BUYER_01434,SELLER_00332,2025-10-16,changed_mind,approved,False,
RETURN_001244,ORDER_014266,BUYER_01434,SELLER_00275,2025-12-12,defective,approved,False,
RETURN_001245,ORDER_014288,BUYER_01436,SELLER_00079,2025-12-21,size_issue,approved,False,
RETURN_001246,ORDER_014290,BUYER_01436,SELLER_00036,2025-09-05,size_issue,approved,False,
RETURN_001247,ORDER_014304,BUYER_01439,SELLER_00152,2025-11-15,defective,approved,False,
RETURN_001248,ORDER_014315,BUYER_01440,SELLER_00096,2025-12-31,wrong_item_received,approved,False,
RETURN_001249,ORDER_014318,BUYER_01440,SELLER_00221,2025-12-11,size_issue,approved,False,
RETURN_001250,ORDER_014340,BUYER_01445,SELLER_00494,2025-12-29,changed_mind,approved,False,
RETURN_001251,ORDER_014342,BUYER_01445,SELLER_00079,2025-12-04,defective,approved,False,
RETURN_001252,ORDER_014353,BUYER_01447,SELLER_00192,2025-11-20,changed_mind,approved,False,
RETURN_001253,ORDER_014365,BUYER_01449,SELLER_00164,2025-09-28,wrong_item_received,approved,False,
RETURN_001254,ORDER_014373,BUYER_01449,SELLER_00026,2025-09-23,defective,approved,False,
RETURN_001255,ORDER_014391,BUYER_01450,SELLER_00175,2025-12-17,defective,approved,False,
RETURN_001256,ORDER_014444,BUYER_01455,SELLER_00164,2025-07-19,changed_mind,approved,False,
RETURN_001257,ORDER_014454,BUYER_01457,SELLER_00299,2025-12-09,wrong_item_received,approved,False,
RETURN_001258,ORDER_014477,BUYER_01460,SELLER_00263,2025-10-21,changed_mind,approved,False,
RETURN_001259,ORDER_014479,BUYER_01460,SELLER_00419,2025-04-09,defective,approved,False,
RETURN_001260,ORDER_014480,BUYER_01461,SELLER_00135,2025-06-16,size_issue,approved,False,
RETURN_001261,ORDER_014505,BUYER_01461,SELLER_00166,2025-07-23,changed_mind,approved,False,
RETURN_001262,ORDER_014562,BUYER_01471,SELLER_00313,2025-12-31,changed_mind,approved,False,
RETURN_001263,ORDER_014577,BUYER_01473,SELLER_00037,2025-12-22,size_issue,approved,False,
RETURN_001264,ORDER_014578,BUYER_01473,SELLER_00037,2025-06-08,defective,approved,False,
RETURN_001265,ORDER_014591,BUYER_01474,SELLER_00313,2025-08-12,changed_mind,approved,False,
RETURN_001266,ORDER_014610,BUYER_01475,SELLER_00263,2025-03-31,size_issue,approved,False,
RETURN_001267,ORDER_014611,BUYER_01476,SELLER_00105,2025-12-09,defective,approved,False,
RETURN_001268,ORDER_014616,BUYER_01477,SELLER_00090,2025-09-12,changed_mind,approved,False,
RETURN_001269,ORDER_014618,BUYER_01477,SELLER_00222,2025-03-18,wrong_item_received,approved,False,
RETURN_001270,ORDER_014677,BUYER_01483,SELLER_00148,2025-07-31,wrong_item_received,approved,False,
RETURN_001271,ORDER_014678,BUYER_01483,SELLER_00367,2025-11-09,wrong_item_received,approved,False,
RETURN_001272,ORDER_014680,BUYER_01483,SELLER_00435,2025-07-12,defective,approved,False,
RETURN_001273,ORDER_014698,BUYER_01485,SELLER_00345,2025-06-11,size_issue,approved,False,
RETURN_001274,ORDER_014723,BUYER_01489,SELLER_00185,2025-11-29,changed_mind,approved,False,
RETURN_001275,ORDER_014734,BUYER_01490,SELLER_00077,2025-09-25,defective,approved,False,
RETURN_001276,ORDER_014750,BUYER_01492,SELLER_00016,2025-08-23,size_issue,approved,False,
RETURN_001277,ORDER_014751,BUYER_01492,SELLER_00158,2025-07-22,changed_mind,approved,False,
RETURN_001278,ORDER_014753,BUYER_01492,SELLER_00408,2025-12-28,wrong_item_received,approved,False,
RETURN_001279,ORDER_014756,BUYER_01492,SELLER_00275,2025-12-12,defective,approved,False,
RETURN_001280,ORDER_014759,BUYER_01492,SELLER_00358,2025-10-02,changed_mind,approved,False,
RETURN_001281,ORDER_014761,BUYER_01492,SELLER_00367,2025-07-27,wrong_item_received,approved,False,
RETURN_001282,ORDER_014765,BUYER_01492,SELLER_00246,2025-08-05,defective,approved,False,
RETURN_001283,ORDER_014767,BUYER_01492,SELLER_00143,2025-09-11,size_issue,approved,False,
RETURN_001284,ORDER_014771,BUYER_01492,SELLER_00424,2025-12-07,wrong_item_received,approved,False,
RETURN_001285,ORDER_014773,BUYER_01492,SELLER_00475,2025-08-16,changed_mind,approved,False,
RETURN_001286,ORDER_014775,BUYER_01493,SELLER_00463,2025-09-11,defective,approved,False,
RETURN_001287,ORDER_014867,BUYER_01499,SELLER_00499,2025-10-24,changed_mind,approved,False,
RETURN_001288,ORDER_014885,BUYER_01499,SELLER_00024,2025-07-29,size_issue,approved,False,
RETURN_001289,ORDER_014944,BUYER_01505,SELLER_00313,2025-09-06,size_issue,approved,False,
RETURN_001290,ORDER_014961,BUYER_01507,SELLER_00229,2025-12-24,defective,approved,False,
RETURN_001291,ORDER_014970,BUYER_01509,SELLER_00141,2025-09-10,defective,approved,False,
RETURN_001292,ORDER_014995,BUYER_01512,SELLER_00387,2025-10-25,defective,approved,False,
RETURN_001293,ORDER_015002,BUYER_01512,SELLER_00018,2025-08-12,wrong_item_received,approved,False,
RETURN_001294,ORDER_015005,BUYER_01513,SELLER_00054,2025-07-08,defective,approved,False,
RETURN_001295,ORDER_015016,BUYER_01514,SELLER_00377,2025-12-14,changed_mind,approved,False,
RETURN_001296,ORDER_015031,BUYER_01515,SELLER_00446,2025-10-08,changed_mind,approved,False,
RETURN_001297,ORDER_015055,BUYER_01519,SELLER_00044,2025-12-25,wrong_item_received,approved,False,
RETURN_001298,ORDER_015065,BUYER_01520,SELLER_00316,2025-08-28,size_issue,approved,False,
RETURN_001299,ORDER_015085,BUYER_01522,SELLER_00167,2025-08-04,changed_mind,approved,False,
RETURN_001300,ORDER_015094,BUYER_01522,SELLER_00038,2025-08-14,changed_mind,approved,False,
RETURN_001301,ORDER_015095,BUYER_01522,SELLER_00314,2025-10-31,changed_mind,approved,False,
RETURN_001302,ORDER_015111,BUYER_01522,SELLER_00269,2025-07-21,changed_mind,approved,False,
RETURN_001303,ORDER_015170,BUYER_01529,SELLER_00388,2025-11-13,defective,approved,False,
RETURN_001304,ORDER_015185,BUYER_01529,SELLER_00263,2025-10-21,wrong_item_received,approved,False,
RETURN_001305,ORDER_015193,BUYER_01529,SELLER_00498,2025-03-11,defective,approved,False,
RETURN_001306,ORDER_015203,BUYER_01530,SELLER_00399,2025-10-27,changed_mind,approved,True,return_abuse
RETURN_001307,ORDER_015211,BUYER_01531,SELLER_00219,2025-10-07,wrong_item_received,approved,False,
RETURN_001308,ORDER_015213,BUYER_01531,SELLER_00176,2025-12-26,changed_mind,approved,False,
RETURN_001309,ORDER_015214,BUYER_01531,SELLER_00036,2025-08-03,defective,approved,False,
RETURN_001310,ORDER_015216,BUYER_01531,SELLER_00246,2025-08-19,defective,approved,False,
RETURN_001311,ORDER_015217,BUYER_01531,SELLER_00275,2025-11-03,wrong_item_received,approved,False,
RETURN_001312,ORDER_015246,BUYER_01535,SELLER_00470,2025-12-19,changed_mind,approved,False,
RETURN_001313,ORDER_015247,BUYER_01535,SELLER_00021,2025-12-31,defective,approved,False,
RETURN_001314,ORDER_015275,BUYER_01538,SELLER_00273,2025-08-14,defective,approved,False,
RETURN_001315,ORDER_015296,BUYER_01539,SELLER_00281,2025-10-21,defective,approved,False,
RETURN_001316,ORDER_015298,BUYER_01539,SELLER_00197,2025-11-30,size_issue,approved,False,
RETURN_001317,ORDER_015301,BUYER_01540,SELLER_00387,2025-06-30,defective,approved,True,return_abuse
RETURN_001318,ORDER_015316,BUYER_01541,SELLER_00438,2025-07-31,defective,approved,False,
RETURN_001319,ORDER_015321,BUYER_01541,SELLER_00061,2025-12-31,wrong_item_received,approved,False,
RETURN_001320,ORDER_015323,BUYER_01541,SELLER_00006,2025-08-16,changed_mind,approved,False,
RETURN_001321,ORDER_015339,BUYER_01544,SELLER_00003,2025-10-30,defective,approved,False,
RETURN_001322,ORDER_015341,BUYER_01545,SELLER_00240,2025-12-15,changed_mind,approved,False,
RETURN_001323,ORDER_015346,BUYER_01545,SELLER_00189,2025-11-30,changed_mind,approved,False,
RETURN_001324,ORDER_015389,BUYER_01547,SELLER_00396,2025-12-12,defective,approved,False,
RETURN_001325,ORDER_015403,BUYER_01547,SELLER_00167,2025-12-20,defective,approved,False,
RETURN_001326,ORDER_015465,BUYER_01548,SELLER_00450,2025-03-03,defective,approved,False,
RETURN_001327,ORDER_015468,BUYER_01549,SELLER_00294,2025-07-16,size_issue,approved,False,
RETURN_001328,ORDER_015469,BUYER_01549,SELLER_00326,2025-11-23,defective,approved,False,
RETURN_001329,ORDER_015486,BUYER_01552,SELLER_00157,2025-09-13,defective,approved,False,
RETURN_001330,ORDER_015496,BUYER_01553,SELLER_00101,2025-10-02,wrong_item_received,approved,False,
RETURN_001331,ORDER_015519,BUYER_01556,SELLER_00358,2025-12-13,size_issue,approved,False,
RETURN_001332,ORDER_015574,BUYER_01561,SELLER_00478,2025-09-29,wrong_item_received,approved,False,
RETURN_001333,ORDER_015588,BUYER_01563,SELLER_00037,2025-05-05,wrong_item_received,approved,False,
RETURN_001334,ORDER_015602,BUYER_01565,SELLER_00313,2025-12-27,size_issue,approved,False,
RETURN_001335,ORDER_015606,BUYER_01566,SELLER_00368,2025-10-01,defective,approved,False,
RETURN_001336,ORDER_015608,BUYER_01566,SELLER_00316,2025-11-27,changed_mind,approved,False,
RETURN_001337,ORDER_015616,BUYER_01567,SELLER_00387,2025-12-23,defective,approved,False,
RETURN_001338,ORDER_015621,BUYER_01568,SELLER_00124,2025-12-29,changed_mind,approved,False,
RETURN_001339,ORDER_015627,BUYER_01569,SELLER_00271,2025-07-26,wrong_item_received,approved,False,
RETURN_001340,ORDER_015644,BUYER_01574,SELLER_00441,2025-06-24,changed_mind,approved,False,
RETURN_001341,ORDER_015649,BUYER_01574,SELLER_00009,2025-06-22,defective,approved,False,
RETURN_001342,ORDER_015662,BUYER_01576,SELLER_00449,2025-05-27,size_issue,approved,False,
RETURN_001343,ORDER_015665,BUYER_01576,SELLER_00063,2025-08-09,changed_mind,approved,False,
RETURN_001344,ORDER_015667,BUYER_01576,SELLER_00200,2025-12-21,changed_mind,approved,False,
RETURN_001345,ORDER_015670,BUYER_01576,SELLER_00380,2025-10-02,defective,approved,False,
RETURN_001346,ORDER_015676,BUYER_01576,SELLER_00486,2025-05-05,defective,approved,False,
RETURN_001347,ORDER_015687,BUYER_01577,SELLER_00109,2025-08-20,size_issue,approved,False,
RETURN_001348,ORDER_015697,BUYER_01579,SELLER_00198,2025-12-31,changed_mind,approved,False,
RETURN_001349,ORDER_015700,BUYER_01579,SELLER_00187,2025-10-15,changed_mind,approved,False,
RETURN_001350,ORDER_015701,BUYER_01579,SELLER_00152,2025-10-03,size_issue,approved,False,
RETURN_001351,ORDER_015706,BUYER_01580,SELLER_00006,2025-08-29,wrong_item_received,approved,False,
RETURN_001352,ORDER_015715,BUYER_01581,SELLER_00246,2025-12-13,changed_mind,approved,False,
RETURN_001353,ORDER_015750,BUYER_01586,SELLER_00079,2025-12-27,changed_mind,approved,False,
RETURN_001354,ORDER_015762,BUYER_01586,SELLER_00477,2025-11-16,size_issue,approved,False,
RETURN_001355,ORDER_015765,BUYER_01586,SELLER_00455,2025-08-14,changed_mind,approved,False,
RETURN_001356,ORDER_015770,BUYER_01586,SELLER_00045,2025-12-31,wrong_item_received,approved,False,
RETURN_001357,ORDER_015771,BUYER_01586,SELLER_00174,2025-12-28,defective,approved,False,
RETURN_001358,ORDER_015778,BUYER_01586,SELLER_00211,2025-12-24,changed_mind,approved,False,
RETURN_001359,ORDER_015780,BUYER_01586,SELLER_00164,2025-08-20,changed_mind,approved,False,
RETURN_001360,ORDER_015781,BUYER_01586,SELLER_00397,2025-11-24,defective,approved,False,
RETURN_001361,ORDER_015784,BUYER_01586,SELLER_00227,2025-08-20,wrong_item_received,approved,False,
RETURN_001362,ORDER_015794,BUYER_01586,SELLER_00370,2025-12-31,defective,approved,False,
RETURN_001363,ORDER_015840,BUYER_01591,SELLER_00304,2025-12-31,wrong_item_received,approved,False,
RETURN_001364,ORDER_015845,BUYER_01591,SELLER_00153,2025-11-29,size_issue,approved,False,
RETURN_001365,ORDER_015880,BUYER_01596,SELLER_00200,2025-10-27,defective,approved,False,
RETURN_001366,ORDER_015888,BUYER_01598,SELLER_00164,2025-12-11,defective,approved,False,
RETURN_001367,ORDER_015894,BUYER_01599,SELLER_00078,2025-12-31,changed_mind,approved,False,
RETURN_001368,ORDER_015896,BUYER_01599,SELLER_00288,2025-12-23,wrong_item_received,approved,True,return_abuse
RETURN_001369,ORDER_015906,BUYER_01601,SELLER_00277,2025-11-17,wrong_item_received,approved,False,
RETURN_001370,ORDER_015907,BUYER_01601,SELLER_00247,2025-09-08,size_issue,approved,False,
RETURN_001371,ORDER_015916,BUYER_01604,SELLER_00214,2025-12-31,changed_mind,approved,False,
RETURN_001372,ORDER_015919,BUYER_01605,SELLER_00468,2025-12-31,changed_mind,approved,False,
RETURN_001373,ORDER_015922,BUYER_01605,SELLER_00218,2025-06-10,defective,approved,False,
RETURN_001374,ORDER_015923,BUYER_01605,SELLER_00010,2025-04-07,wrong_item_received,approved,False,
RETURN_001375,ORDER_015926,BUYER_01605,SELLER_00173,2025-06-16,size_issue,approved,False,
RETURN_001376,ORDER_015941,BUYER_01606,SELLER_00222,2025-10-23,changed_mind,approved,False,
RETURN_001377,ORDER_015971,BUYER_01610,SELLER_00413,2025-08-27,changed_mind,approved,False,
RETURN_001378,ORDER_015973,BUYER_01610,SELLER_00246,2025-10-13,wrong_item_received,approved,False,
RETURN_001379,ORDER_015987,BUYER_01612,SELLER_00426,2025-11-04,size_issue,approved,False,
RETURN_001380,ORDER_015990,BUYER_01612,SELLER_00426,2025-09-29,size_issue,approved,False,
RETURN_001381,ORDER_015991,BUYER_01612,SELLER_00185,2025-09-23,defective,approved,False,
RETURN_001382,ORDER_016001,BUYER_01612,SELLER_00449,2025-09-04,size_issue,approved,False,
RETURN_001383,ORDER_016006,BUYER_01612,SELLER_00156,2025-09-20,changed_mind,approved,False,
RETURN_001384,ORDER_016016,BUYER_01613,SELLER_00354,2025-12-07,size_issue,approved,False,
RETURN_001385,ORDER_016036,BUYER_01614,SELLER_00065,2025-09-03,changed_mind,approved,False,
RETURN_001386,ORDER_016041,BUYER_01614,SELLER_00478,2025-10-16,changed_mind,approved,False,
RETURN_001387,ORDER_016076,BUYER_01618,SELLER_00117,2025-11-16,defective,approved,False,
RETURN_001388,ORDER_016086,BUYER_01620,SELLER_00155,2025-05-30,wrong_item_received,approved,False,
RETURN_001389,ORDER_016104,BUYER_01622,SELLER_00313,2025-10-02,defective,approved,False,
RETURN_001390,ORDER_016106,BUYER_01622,SELLER_00174,2025-09-03,changed_mind,approved,False,
RETURN_001391,ORDER_016107,BUYER_01622,SELLER_00421,2025-10-13,defective,approved,False,
RETURN_001392,ORDER_016112,BUYER_01622,SELLER_00441,2025-10-15,size_issue,approved,False,
RETURN_001393,ORDER_016115,BUYER_01622,SELLER_00424,2025-10-13,size_issue,approved,False,
RETURN_001394,ORDER_016121,BUYER_01622,SELLER_00036,2025-04-08,wrong_item_received,approved,False,
RETURN_001395,ORDER_016128,BUYER_01623,SELLER_00065,2025-04-04,changed_mind,approved,False,
RETURN_001396,ORDER_016133,BUYER_01623,SELLER_00467,2025-05-05,defective,approved,False,
RETURN_001397,ORDER_016141,BUYER_01625,SELLER_00418,2025-12-31,changed_mind,approved,False,
RETURN_001398,ORDER_016149,BUYER_01625,SELLER_00120,2025-12-28,wrong_item_received,approved,False,
RETURN_001399,ORDER_016151,BUYER_01625,SELLER_00492,2025-12-31,defective,approved,False,
RETURN_001400,ORDER_016154,BUYER_01626,SELLER_00376,2025-08-31,changed_mind,approved,False,
RETURN_001401,ORDER_016163,BUYER_01628,SELLER_00423,2025-07-14,size_issue,approved,False,
RETURN_001402,ORDER_016186,BUYER_01631,SELLER_00247,2025-12-21,changed_mind,approved,False,
RETURN_001403,ORDER_016203,BUYER_01635,SELLER_00065,2025-06-18,defective,approved,False,
RETURN_001404,ORDER_016207,BUYER_01635,SELLER_00017,2025-05-27,wrong_item_received,approved,False,
RETURN_001405,ORDER_016230,BUYER_01638,SELLER_00163,2025-03-07,defective,approved,False,
RETURN_001406,ORDER_016265,BUYER_01641,SELLER_00275,2025-11-02,size_issue,approved,False,
RETURN_001407,ORDER_016274,BUYER_01641,SELLER_00012,2025-10-12,changed_mind,approved,False,
RETURN_001408,ORDER_016278,BUYER_01642,SELLER_00434,2025-08-13,changed_mind,approved,False,
RETURN_001409,ORDER_016315,BUYER_01647,SELLER_00015,2025-09-28,changed_mind,approved,False,
RETURN_001410,ORDER_016353,BUYER_01653,SELLER_00467,2025-05-13,changed_mind,approved,False,
RETURN_001411,ORDER_016359,BUYER_01654,SELLER_00347,2025-04-17,size_issue,approved,False,
RETURN_001412,ORDER_016375,BUYER_01656,SELLER_00476,2025-11-13,changed_mind,approved,False,
RETURN_001413,ORDER_016392,BUYER_01659,SELLER_00201,2025-11-22,defective,approved,False,
RETURN_001414,ORDER_016400,BUYER_01661,SELLER_00231,2025-08-22,size_issue,approved,False,
RETURN_001415,ORDER_016402,BUYER_01661,SELLER_00340,2025-11-16,defective,approved,False,
RETURN_001416,ORDER_016432,BUYER_01666,SELLER_00486,2025-12-12,size_issue,approved,False,
RETURN_001417,ORDER_016454,BUYER_01668,SELLER_00036,2025-09-30,changed_mind,approved,False,
RETURN_001418,ORDER_016463,BUYER_01668,SELLER_00487,2025-10-16,changed_mind,approved,False,
RETURN_001419,ORDER_016479,BUYER_01668,SELLER_00423,2025-09-01,wrong_item_received,approved,False,
RETURN_001420,ORDER_016492,BUYER_01671,SELLER_00324,2025-12-16,changed_mind,approved,False,
RETURN_001421,ORDER_016493,BUYER_01671,SELLER_00203,2025-12-16,defective,approved,False,
RETURN_001422,ORDER_016495,BUYER_01672,SELLER_00352,2025-08-11,size_issue,approved,False,
RETURN_001423,ORDER_016496,BUYER_01672,SELLER_00112,2025-12-14,wrong_item_received,approved,False,
RETURN_001424,ORDER_016497,BUYER_01672,SELLER_00070,2025-08-05,defective,approved,False,
RETURN_001425,ORDER_016510,BUYER_01674,SELLER_00130,2025-09-18,changed_mind,approved,False,
RETURN_001426,ORDER_016512,BUYER_01674,SELLER_00471,2025-05-11,defective,approved,False,
RETURN_001427,ORDER_016519,BUYER_01675,SELLER_00183,2025-08-23,size_issue,approved,False,
RETURN_001428,ORDER_016524,BUYER_01676,SELLER_00465,2025-11-21,defective,approved,False,
RETURN_001429,ORDER_016607,BUYER_01683,SELLER_00089,2025-12-02,changed_mind,approved,False,
RETURN_001430,ORDER_016616,BUYER_01684,SELLER_00185,2025-07-03,changed_mind,approved,False,
RETURN_001431,ORDER_016639,BUYER_01687,SELLER_00367,2025-08-03,changed_mind,approved,False,
RETURN_001432,ORDER_016648,BUYER_01688,SELLER_00036,2025-06-01,changed_mind,approved,False,
RETURN_001433,ORDER_016657,BUYER_01688,SELLER_00175,2025-12-31,changed_mind,approved,False,
RETURN_001434,ORDER_016658,BUYER_01688,SELLER_00381,2025-11-23,defective,approved,False,
RETURN_001435,ORDER_016666,BUYER_01691,SELLER_00355,2025-05-20,defective,approved,False,
RETURN_001436,ORDER_016667,BUYER_01691,SELLER_00055,2025-02-11,defective,approved,False,
RETURN_001437,ORDER_016670,BUYER_01691,SELLER_00435,2025-06-15,changed_mind,approved,False,
RETURN_001438,ORDER_016671,BUYER_01691,SELLER_00199,2025-04-14,changed_mind,approved,False,
RETURN_001439,ORDER_016694,BUYER_01694,SELLER_00016,2025-12-31,changed_mind,approved,False,
RETURN_001440,ORDER_016697,BUYER_01694,SELLER_00368,2025-04-01,changed_mind,approved,False,
RETURN_001441,ORDER_016699,BUYER_01695,SELLER_00457,2025-11-07,wrong_item_received,approved,False,
RETURN_001442,ORDER_016740,BUYER_01699,SELLER_00354,2025-05-25,changed_mind,approved,False,
RETURN_001443,ORDER_016752,BUYER_01700,SELLER_00040,2025-11-03,wrong_item_received,approved,False,
RETURN_001444,ORDER_016774,BUYER_01701,SELLER_00468,2025-12-23,defective,approved,False,
RETURN_001445,ORDER_016788,BUYER_01703,SELLER_00065,2025-11-05,defective,approved,False,
RETURN_001446,ORDER_016792,BUYER_01703,SELLER_00309,2025-12-29,changed_mind,approved,False,
RETURN_001447,ORDER_016812,BUYER_01705,SELLER_00077,2025-10-24,changed_mind,approved,False,
RETURN_001448,ORDER_016814,BUYER_01705,SELLER_00393,2025-12-10,size_issue,approved,False,
RETURN_001449,ORDER_016818,BUYER_01706,SELLER_00152,2025-12-25,size_issue,approved,False,
RETURN_001450,ORDER_016831,BUYER_01707,SELLER_00353,2025-12-10,defective,approved,False,
RETURN_001451,ORDER_016843,BUYER_01708,SELLER_00142,2025-11-25,wrong_item_received,approved,False,
RETURN_001452,ORDER_016908,BUYER_01712,SELLER_00016,2025-12-24,defective,approved,False,
RETURN_001453,ORDER_016913,BUYER_01713,SELLER_00016,2025-11-22,size_issue,approved,False,
RETURN_001454,ORDER_016943,BUYER_01715,SELLER_00325,2025-11-15,changed_mind,approved,False,
RETURN_001455,ORDER_016947,BUYER_01715,SELLER_00197,2025-11-15,defective,approved,False,
RETURN_001456,ORDER_017007,BUYER_01715,SELLER_00444,2025-12-15,changed_mind,approved,False,
RETURN_001457,ORDER_017025,BUYER_01716,SELLER_00459,2025-10-09,changed_mind,approved,False,
RETURN_001458,ORDER_017042,BUYER_01716,SELLER_00195,2025-12-25,defective,approved,False,
RETURN_001459,ORDER_017062,BUYER_01716,SELLER_00233,2025-12-22,size_issue,approved,False,
RETURN_001460,ORDER_017070,BUYER_01718,SELLER_00455,2025-05-30,wrong_item_received,approved,False,
RETURN_001461,ORDER_017079,BUYER_01718,SELLER_00405,2025-08-19,size_issue,approved,False,
RETURN_001462,ORDER_017096,BUYER_01721,SELLER_00074,2025-10-02,defective,approved,False,
RETURN_001463,ORDER_017134,BUYER_01724,SELLER_00470,2025-12-31,changed_mind,approved,False,
RETURN_001464,ORDER_017139,BUYER_01725,SELLER_00317,2025-11-03,changed_mind,approved,False,
RETURN_001465,ORDER_017141,BUYER_01725,SELLER_00157,2025-11-09,defective,approved,False,
RETURN_001466,ORDER_017142,BUYER_01725,SELLER_00258,2025-07-20,changed_mind,approved,False,
RETURN_001467,ORDER_017144,BUYER_01725,SELLER_00413,2025-12-23,defective,approved,False,
RETURN_001468,ORDER_017145,BUYER_01725,SELLER_00173,2025-10-10,size_issue,approved,False,
RETURN_001469,ORDER_017166,BUYER_01729,SELLER_00125,2025-11-04,changed_mind,approved,False,
RETURN_001470,ORDER_017174,BUYER_01730,SELLER_00084,2025-09-20,defective,approved,False,
RETURN_001471,ORDER_017201,BUYER_01731,SELLER_00164,2025-12-26,size_issue,approved,False,
RETURN_001472,ORDER_017207,BUYER_01732,SELLER_00181,2025-12-24,wrong_item_received,approved,False,
RETURN_001473,ORDER_017212,BUYER_01733,SELLER_00431,2025-12-13,changed_mind,approved,False,
RETURN_001474,ORDER_017218,BUYER_01734,SELLER_00141,2025-10-04,defective,approved,False,
RETURN_001475,ORDER_017231,BUYER_01735,SELLER_00499,2025-11-05,defective,approved,False,
RETURN_001476,ORDER_017247,BUYER_01736,SELLER_00112,2025-11-27,defective,approved,False,
RETURN_001477,ORDER_017252,BUYER_01737,SELLER_00036,2025-12-27,changed_mind,approved,False,
RETURN_001478,ORDER_017260,BUYER_01738,SELLER_00488,2025-05-28,size_issue,approved,False,
RETURN_001479,ORDER_017269,BUYER_01739,SELLER_00102,2025-08-31,size_issue,approved,False,
RETURN_001480,ORDER_017272,BUYER_01739,SELLER_00152,2025-06-24,changed_mind,approved,False,
RETURN_001481,ORDER_017276,BUYER_01740,SELLER_00466,2025-11-26,changed_mind,approved,False,
RETURN_001482,ORDER_017278,BUYER_01740,SELLER_00094,2025-08-21,changed_mind,approved,False,
RETURN_001483,ORDER_017302,BUYER_01744,SELLER_00170,2025-08-18,defective,approved,False,
RETURN_001484,ORDER_017306,BUYER_01744,SELLER_00130,2025-10-06,changed_mind,approved,False,
RETURN_001485,ORDER_017315,BUYER_01745,SELLER_00468,2025-12-15,changed_mind,approved,False,
RETURN_001486,ORDER_017320,BUYER_01745,SELLER_00347,2025-12-11,changed_mind,approved,False,
RETURN_001487,ORDER_017341,BUYER_01749,SELLER_00314,2025-07-01,defective,approved,False,
RETURN_001488,ORDER_017342,BUYER_01749,SELLER_00302,2025-09-07,wrong_item_received,approved,False,
RETURN_001489,ORDER_017355,BUYER_01751,SELLER_00196,2025-10-19,defective,approved,False,
RETURN_001490,ORDER_017367,BUYER_01753,SELLER_00184,2025-12-23,defective,approved,False,
RETURN_001491,ORDER_017368,BUYER_01753,SELLER_00016,2025-12-19,defective,approved,False,
RETURN_001492,ORDER_017387,BUYER_01755,SELLER_00101,2025-12-30,wrong_item_received,approved,False,
RETURN_001493,ORDER_017392,BUYER_01755,SELLER_00066,2025-10-24,defective,approved,False,
RETURN_001494,ORDER_017393,BUYER_01755,SELLER_00231,2025-07-20,changed_mind,approved,False,
RETURN_001495,ORDER_017404,BUYER_01757,SELLER_00374,2025-11-03,size_issue,approved,False,
RETURN_001496,ORDER_017408,BUYER_01758,SELLER_00278,2025-12-27,wrong_item_received,approved,False,
RETURN_001497,ORDER_017429,BUYER_01761,SELLER_00466,2025-10-25,wrong_item_received,approved,False,
RETURN_001498,ORDER_017443,BUYER_01762,SELLER_00016,2025-12-10,changed_mind,approved,False,
RETURN_001499,ORDER_017478,BUYER_01764,SELLER_00418,2025-12-17,changed_mind,approved,False,
RETURN_001500,ORDER_017487,BUYER_01764,SELLER_00301,2025-11-25,defective,approved,False,
RETURN_001501,ORDER_017506,BUYER_01766,SELLER_00376,2025-10-18,size_issue,approved,False,
RETURN_001502,ORDER_017521,BUYER_01768,SELLER_00326,2025-11-01,defective,approved,False,
RETURN_001503,ORDER_017533,BUYER_01769,SELLER_00314,2025-12-27,changed_mind,approved,False,
RETURN_001504,ORDER_017539,BUYER_01769,SELLER_00058,2025-12-31,changed_mind,approved,False,
RETURN_001505,ORDER_017541,BUYER_01769,SELLER_00057,2025-12-07,defective,approved,False,
RETURN_001506,ORDER_017586,BUYER_01774,SELLER_00325,2025-10-22,wrong_item_received,approved,False,
RETURN_001507,ORDER_017589,BUYER_01775,SELLER_00494,2025-11-18,changed_mind,approved,False,
RETURN_001508,ORDER_017606,BUYER_01777,SELLER_00314,2025-12-22,wrong_item_received,approved,False,
RETURN_001509,ORDER_017609,BUYER_01778,SELLER_00233,2025-06-25,changed_mind,approved,False,
RETURN_001510,ORDER_017634,BUYER_01780,SELLER_00376,2025-12-28,changed_mind,approved,False,
RETURN_001511,ORDER_017644,BUYER_01782,SELLER_00065,2025-10-01,wrong_item_received,approved,False,
RETURN_001512,ORDER_017658,BUYER_01784,SELLER_00170,2025-12-27,size_issue,approved,False,
RETURN_001513,ORDER_017665,BUYER_01784,SELLER_00016,2025-08-16,size_issue,approved,False,
RETURN_001514,ORDER_017676,BUYER_01786,SELLER_00376,2025-12-26,size_issue,approved,False,
RETURN_001515,ORDER_017678,BUYER_01786,SELLER_00054,2025-12-14,defective,approved,False,
RETURN_001516,ORDER_017679,BUYER_01786,SELLER_00040,2025-12-24,changed_mind,approved,False,
RETURN_001517,ORDER_017680,BUYER_01786,SELLER_00021,2025-11-18,size_issue,approved,False,
RETURN_001518,ORDER_017682,BUYER_01786,SELLER_00478,2025-12-12,size_issue,approved,False,
RETURN_001519,ORDER_017683,BUYER_01786,SELLER_00423,2025-12-31,size_issue,approved,False,
RETURN_001520,ORDER_017686,BUYER_01786,SELLER_00473,2025-11-21,changed_mind,approved,False,
RETURN_001521,ORDER_017687,BUYER_01786,SELLER_00347,2025-11-21,changed_mind,approved,False,
RETURN_001522,ORDER_017690,BUYER_01787,SELLER_00347,2025-11-07,changed_mind,approved,False,
RETURN_001523,ORDER_017695,BUYER_01787,SELLER_00277,2025-11-29,size_issue,approved,False,
RETURN_001524,ORDER_017733,BUYER_01793,SELLER_00136,2025-11-16,wrong_item_received,approved,False,
RETURN_001525,ORDER_017734,BUYER_01793,SELLER_00452,2025-07-16,size_issue,approved,False,
RETURN_001526,ORDER_017736,BUYER_01793,SELLER_00465,2025-11-18,defective,approved,False,
RETURN_001527,ORDER_017752,BUYER_01796,SELLER_00173,2025-11-15,changed_mind,approved,False,
RETURN_001528,ORDER_017760,BUYER_01798,SELLER_00223,2025-07-27,changed_mind,approved,False,
RETURN_001529,ORDER_017772,BUYER_01799,SELLER_00459,2025-08-06,defective,approved,False,
RETURN_001530,ORDER_017776,BUYER_01799,SELLER_00290,2025-10-26,changed_mind,approved,False,
RETURN_001531,ORDER_017786,BUYER_01799,SELLER_00347,2025-10-10,defective,approved,False,
RETURN_001532,ORDER_017791,BUYER_01799,SELLER_00016,2025-09-28,wrong_item_received,approved,False,
RETURN_001533,ORDER_017792,BUYER_01799,SELLER_00151,2025-06-26,changed_mind,approved,False,
RETURN_001534,ORDER_017802,BUYER_01800,SELLER_00237,2025-08-01,defective,approved,False,
RETURN_001535,ORDER_017804,BUYER_01800,SELLER_00265,2025-10-01,defective,approved,False,
RETURN_001536,ORDER_017835,BUYER_01804,SELLER_00172,2025-06-10,size_issue,approved,False,
RETURN_001537,ORDER_017847,BUYER_01806,SELLER_00213,2025-12-31,changed_mind,approved,True,return_abuse
RETURN_001538,ORDER_017853,BUYER_01807,SELLER_00455,2025-02-02,changed_mind,approved,False,
RETURN_001539,ORDER_017879,BUYER_01809,SELLER_00271,2025-12-30,defective,approved,False,
RETURN_001540,ORDER_017904,BUYER_01811,SELLER_00183,2025-12-31,changed_mind,approved,False,
RETURN_001541,ORDER_017911,BUYER_01811,SELLER_00198,2025-12-31,defective,approved,False,
RETURN_001542,ORDER_017936,BUYER_01813,SELLER_00453,2025-06-03,changed_mind,approved,False,
RETURN_001543,ORDER_017937,BUYER_01813,SELLER_00256,2025-07-01,defective,approved,False,
RETURN_001544,ORDER_017966,BUYER_01814,SELLER_00077,2025-11-01,wrong_item_received,approved,False,
RETURN_001545,ORDER_017968,BUYER_01814,SELLER_00197,2025-07-29,defective,approved,False,
RETURN_001546,ORDER_018003,BUYER_01817,SELLER_00313,2025-08-10,defective,approved,False,
RETURN_001547,ORDER_018013,BUYER_01817,SELLER_00289,2025-08-30,defective,approved,False,
RETURN_001548,ORDER_018017,BUYER_01817,SELLER_00455,2025-08-24,wrong_item_received,approved,False,
RETURN_001549,ORDER_018022,BUYER_01818,SELLER_00393,2025-05-30,wrong_item_received,approved,False,
RETURN_001550,ORDER_018046,BUYER_01820,SELLER_00472,2025-11-16,changed_mind,approved,False,
RETURN_001551,ORDER_018053,BUYER_01821,SELLER_00301,2025-11-27,defective,approved,False,
RETURN_001552,ORDER_018072,BUYER_01824,SELLER_00441,2025-11-12,changed_mind,approved,False,
RETURN_001553,ORDER_018074,BUYER_01824,SELLER_00032,2025-12-11,wrong_item_received,approved,False,
RETURN_001554,ORDER_018098,BUYER_01826,SELLER_00020,2025-10-18,changed_mind,approved,False,
RETURN_001555,ORDER_018122,BUYER_01828,SELLER_00304,2025-05-18,changed_mind,approved,False,
RETURN_001556,ORDER_018138,BUYER_01829,SELLER_00345,2025-12-31,wrong_item_received,approved,False,
RETURN_001557,ORDER_018165,BUYER_01830,SELLER_00199,2025-11-03,wrong_item_received,approved,False,
RETURN_001558,ORDER_018187,BUYER_01833,SELLER_00382,2025-07-18,changed_mind,approved,False,
RETURN_001559,ORDER_018191,BUYER_01834,SELLER_00482,2025-05-26,size_issue,approved,False,
RETURN_001560,ORDER_018204,BUYER_01837,SELLER_00473,2025-09-20,wrong_item_received,approved,False,
RETURN_001561,ORDER_018215,BUYER_01838,SELLER_00314,2025-11-24,changed_mind,approved,False,
RETURN_001562,ORDER_018234,BUYER_01839,SELLER_00237,2025-10-20,wrong_item_received,approved,False,
RETURN_001563,ORDER_018249,BUYER_01842,SELLER_00031,2025-12-25,defective,approved,False,
RETURN_001564,ORDER_018259,BUYER_01844,SELLER_00436,2025-10-28,size_issue,approved,False,
RETURN_001565,ORDER_018265,BUYER_01845,SELLER_00260,2025-09-30,size_issue,approved,False,
RETURN_001566,ORDER_018278,BUYER_01847,SELLER_00368,2025-11-16,changed_mind,approved,False,
RETURN_001567,ORDER_018287,BUYER_01848,SELLER_00263,2025-03-01,defective,approved,False,
RETURN_001568,ORDER_018295,BUYER_01848,SELLER_00458,2025-02-23,changed_mind,approved,False,
RETURN_001569,ORDER_018299,BUYER_01849,SELLER_00406,2025-12-17,size_issue,approved,False,
RETURN_001570,ORDER_018319,BUYER_01850,SELLER_00179,2025-11-30,defective,approved,False,
RETURN_001571,ORDER_018326,BUYER_01850,SELLER_00016,2025-11-25,defective,approved,False,
RETURN_001572,ORDER_018357,BUYER_01851,SELLER_00112,2025-12-22,size_issue,approved,False,
RETURN_001573,ORDER_018364,BUYER_01852,SELLER_00098,2025-11-09,size_issue,approved,False,
RETURN_001574,ORDER_018365,BUYER_01852,SELLER_00096,2025-09-23,defective,approved,False,
RETURN_001575,ORDER_018366,BUYER_01852,SELLER_00455,2025-11-04,defective,approved,False,
RETURN_001576,ORDER_018368,BUYER_01852,SELLER_00368,2025-12-03,defective,approved,False,
RETURN_001577,ORDER_018372,BUYER_01852,SELLER_00058,2025-12-01,changed_mind,approved,False,
RETURN_001578,ORDER_018373,BUYER_01852,SELLER_00452,2025-09-15,size_issue,approved,False,
RETURN_001579,ORDER_018375,BUYER_01852,SELLER_00468,2025-11-15,defective,approved,False,
RETURN_001580,ORDER_018378,BUYER_01852,SELLER_00393,2025-10-16,defective,approved,False,
RETURN_001581,ORDER_018381,BUYER_01852,SELLER_00023,2025-11-13,changed_mind,approved,False,
RETURN_001582,ORDER_018383,BUYER_01852,SELLER_00472,2025-10-09,defective,approved,False,
RETURN_001583,ORDER_018384,BUYER_01852,SELLER_00178,2025-11-11,defective,approved,False,
RETURN_001584,ORDER_018451,BUYER_01856,SELLER_00126,2025-12-25,size_issue,approved,False,
RETURN_001585,ORDER_018455,BUYER_01856,SELLER_00095,2025-12-27,size_issue,approved,False,
RETURN_001586,ORDER_018460,BUYER_01856,SELLER_00155,2025-07-02,changed_mind,approved,False,
RETURN_001587,ORDER_018511,BUYER_01858,SELLER_00154,2025-03-13,changed_mind,approved,False,
RETURN_001588,ORDER_018545,BUYER_01862,SELLER_00279,2025-05-17,defective,approved,False,
RETURN_001589,ORDER_018554,BUYER_01863,SELLER_00178,2025-12-22,size_issue,approved,False,
RETURN_001590,ORDER_018555,BUYER_01863,SELLER_00246,2025-11-13,wrong_item_received,approved,False,
RETURN_001591,ORDER_018561,BUYER_01863,SELLER_00016,2025-12-06,defective,approved,False,
RETURN_001592,ORDER_018601,BUYER_01866,SELLER_00301,2025-05-27,changed_mind,approved,False,
RETURN_001593,ORDER_018608,BUYER_01867,SELLER_00183,2025-04-07,defective,approved,False,
RETURN_001594,ORDER_018612,BUYER_01867,SELLER_00413,2025-05-17,wrong_item_received,approved,False,
RETURN_001595,ORDER_018626,BUYER_01868,SELLER_00147,2025-11-13,size_issue,approved,False,
RETURN_001596,ORDER_018642,BUYER_01870,SELLER_00199,2025-06-15,changed_mind,approved,False,
RETURN_001597,ORDER_018645,BUYER_01871,SELLER_00477,2025-12-30,changed_mind,approved,False,
RETURN_001598,ORDER_018648,BUYER_01871,SELLER_00458,2025-12-30,size_issue,approved,False,
RETURN_001599,ORDER_018660,BUYER_01871,SELLER_00368,2025-12-31,changed_mind,approved,False,
RETURN_001600,ORDER_018678,BUYER_01873,SELLER_00037,2025-09-11,wrong_item_received,approved,True,return_abuse
RETURN_001601,ORDER_018706,BUYER_01876,SELLER_00408,2025-08-06,changed_mind,approved,False,
RETURN_001602,ORDER_018718,BUYER_01878,SELLER_00239,2025-05-24,changed_mind,approved,False,
RETURN_001603,ORDER_018729,BUYER_01879,SELLER_00237,2025-11-11,defective,approved,False,
RETURN_001604,ORDER_018769,BUYER_01884,SELLER_00243,2025-07-13,changed_mind,approved,False,
RETURN_001605,ORDER_018792,BUYER_01885,SELLER_00392,2025-12-31,wrong_item_received,approved,False,
RETURN_001606,ORDER_018805,BUYER_01887,SELLER_00164,2025-10-30,defective,approved,False,
RETURN_001607,ORDER_018849,BUYER_01890,SELLER_00468,2025-12-23,size_issue,approved,False,
RETURN_001608,ORDER_018853,BUYER_01891,SELLER_00347,2025-08-24,defective,approved,False,
RETURN_001609,ORDER_018858,BUYER_01891,SELLER_00084,2025-08-04,defective,approved,False,
RETURN_001610,ORDER_018863,BUYER_01891,SELLER_00381,2025-09-04,defective,approved,False,
RETURN_001611,ORDER_018864,BUYER_01891,SELLER_00269,2025-11-13,defective,approved,False,
RETURN_001612,ORDER_018873,BUYER_01891,SELLER_00414,2025-06-25,size_issue,approved,False,
RETURN_001613,ORDER_018902,BUYER_01894,SELLER_00199,2025-09-27,defective,approved,False,
RETURN_001614,ORDER_018903,BUYER_01894,SELLER_00026,2025-11-06,changed_mind,approved,False,
RETURN_001615,ORDER_018907,BUYER_01894,SELLER_00137,2025-08-13,wrong_item_received,approved,False,
RETURN_001616,ORDER_018923,BUYER_01896,SELLER_00024,2025-09-08,defective,approved,False,
RETURN_001617,ORDER_018930,BUYER_01896,SELLER_00032,2025-10-01,changed_mind,approved,False,
RETURN_001618,ORDER_018931,BUYER_01896,SELLER_00313,2025-12-31,changed_mind,approved,False,
RETURN_001619,ORDER_018932,BUYER_01896,SELLER_00447,2025-06-20,changed_mind,approved,False,
RETURN_001620,ORDER_018938,BUYER_01896,SELLER_00206,2025-06-15,size_issue,approved,False,
RETURN_001621,ORDER_018939,BUYER_01896,SELLER_00493,2025-12-08,wrong_item_received,approved,False,
RETURN_001622,ORDER_018959,BUYER_01897,SELLER_00391,2025-10-25,defective,approved,False,
RETURN_001623,ORDER_018969,BUYER_01897,SELLER_00124,2025-07-29,changed_mind,approved,False,
RETURN_001624,ORDER_018995,BUYER_01899,SELLER_00207,2025-09-28,changed_mind,approved,False,
RETURN_001625,ORDER_018996,BUYER_01899,SELLER_00377,2025-08-31,size_issue,approved,False,
RETURN_001626,ORDER_019040,BUYER_01903,SELLER_00455,2025-04-18,defective,approved,False,
RETURN_001627,ORDER_019086,BUYER_01907,SELLER_00089,2025-12-27,size_issue,approved,False,
RETURN_001628,ORDER_019090,BUYER_01907,SELLER_00026,2025-12-23,wrong_item_received,approved,False,
RETURN_001629,ORDER_019092,BUYER_01907,SELLER_00251,2025-12-27,changed_mind,approved,False,
RETURN_001630,ORDER_019096,BUYER_01908,SELLER_00192,2025-12-19,size_issue,approved,False,
RETURN_001631,ORDER_019098,BUYER_01908,SELLER_00472,2025-12-23,defective,approved,False,
RETURN_001632,ORDER_019099,BUYER_01908,SELLER_00029,2025-12-31,size_issue,approved,False,
RETURN_001633,ORDER_019105,BUYER_01909,SELLER_00427,2025-06-19,defective,approved,False,
RETURN_001634,ORDER_019120,BUYER_01910,SELLER_00497,2025-09-30,defective,approved,False,
RETURN_001635,ORDER_019134,BUYER_01912,SELLER_00046,2025-10-10,changed_mind,approved,False,
RETURN_001636,ORDER_019157,BUYER_01914,SELLER_00067,2025-12-13,defective,approved,False,
RETURN_001637,ORDER_019158,BUYER_01915,SELLER_00316,2025-07-17,defective,approved,False,
RETURN_001638,ORDER_019200,BUYER_01919,SELLER_00259,2025-11-08,size_issue,approved,False,
RETURN_001639,ORDER_019201,BUYER_01919,SELLER_00207,2025-11-03,defective,approved,False,
RETURN_001640,ORDER_019204,BUYER_01919,SELLER_00210,2025-11-27,defective,approved,False,
RETURN_001641,ORDER_019273,BUYER_01927,SELLER_00333,2025-12-03,defective,approved,True,return_abuse
RETURN_001642,ORDER_019290,BUYER_01929,SELLER_00012,2025-09-23,wrong_item_received,approved,False,
RETURN_001643,ORDER_019297,BUYER_01930,SELLER_00141,2025-12-30,wrong_item_received,approved,False,
RETURN_001644,ORDER_019298,BUYER_01930,SELLER_00315,2025-12-31,wrong_item_received,approved,False,
RETURN_001645,ORDER_019300,BUYER_01930,SELLER_00263,2025-12-31,defective,approved,False,
RETURN_001646,ORDER_019301,BUYER_01930,SELLER_00470,2025-12-31,defective,approved,False,
RETURN_001647,ORDER_019305,BUYER_01931,SELLER_00065,2025-05-16,wrong_item_received,approved,False,
RETURN_001648,ORDER_019306,BUYER_01931,SELLER_00263,2025-10-14,changed_mind,approved,False,
RETURN_001649,ORDER_019307,BUYER_01931,SELLER_00283,2025-08-05,size_issue,approved,False,
RETURN_001650,ORDER_019316,BUYER_01932,SELLER_00478,2025-03-22,size_issue,approved,False,
RETURN_001651,ORDER_019317,BUYER_01932,SELLER_00026,2025-10-06,changed_mind,approved,False,
RETURN_001652,ORDER_019350,BUYER_01936,SELLER_00463,2025-12-14,defective,approved,False,
RETURN_001653,ORDER_019380,BUYER_01939,SELLER_00155,2025-10-18,size_issue,approved,False,
RETURN_001654,ORDER_019381,BUYER_01939,SELLER_00195,2025-09-08,size_issue,approved,False,
RETURN_001655,ORDER_019446,BUYER_01948,SELLER_00192,2025-09-16,size_issue,approved,False,
RETURN_001656,ORDER_019453,BUYER_01948,SELLER_00476,2025-07-22,defective,approved,False,
RETURN_001657,ORDER_019455,BUYER_01948,SELLER_00476,2025-05-24,wrong_item_received,approved,False,
RETURN_001658,ORDER_019456,BUYER_01948,SELLER_00123,2025-08-23,defective,approved,False,
RETURN_001659,ORDER_019457,BUYER_01949,SELLER_00409,2025-07-13,defective,approved,False,
RETURN_001660,ORDER_019461,BUYER_01950,SELLER_00065,2025-03-22,wrong_item_received,approved,False,
RETURN_001661,ORDER_019477,BUYER_01951,SELLER_00049,2025-10-15,changed_mind,approved,False,
RETURN_001662,ORDER_019479,BUYER_01951,SELLER_00376,2025-11-19,changed_mind,approved,False,
RETURN_001663,ORDER_019483,BUYER_01951,SELLER_00263,2025-09-15,defective,approved,False,
RETURN_001664,ORDER_019501,BUYER_01953,SELLER_00427,2025-12-31,size_issue,approved,False,
RETURN_001665,ORDER_019524,BUYER_01956,SELLER_00446,2025-10-27,defective,approved,False,
RETURN_001666,ORDER_019540,BUYER_01958,SELLER_00030,2025-08-14,changed_mind,approved,False,
RETURN_001667,ORDER_019543,BUYER_01958,SELLER_00313,2025-06-28,size_issue,approved,False,
RETURN_001668,ORDER_019548,BUYER_01958,SELLER_00313,2025-06-08,changed_mind,approved,False,
RETURN_001669,ORDER_019592,BUYER_01966,SELLER_00392,2025-12-31,size_issue,approved,False,
RETURN_001670,ORDER_019606,BUYER_01968,SELLER_00054,2025-12-13,defective,approved,False,
RETURN_001671,ORDER_019607,BUYER_01968,SELLER_00022,2025-12-20,size_issue,approved,False,
RETURN_001672,ORDER_019613,BUYER_01969,SELLER_00107,2025-09-22,changed_mind,approved,False,
RETURN_001673,ORDER_019634,BUYER_01971,SELLER_00235,2025-11-26,size_issue,approved,False,
RETURN_001674,ORDER_019649,BUYER_01973,SELLER_00315,2025-12-13,defective,approved,False,
RETURN_001675,ORDER_019680,BUYER_01976,SELLER_00225,2025-07-13,defective,approved,False,
RETURN_001676,ORDER_019687,BUYER_01977,SELLER_00034,2025-12-18,wrong_item_received,approved,False,
RETURN_001677,ORDER_019695,BUYER_01978,SELLER_00221,2025-09-10,defective,approved,False,
RETURN_001678,ORDER_019703,BUYER_01978,SELLER_00460,2025-12-05,wrong_item_received,approved,False,
RETURN_001679,ORDER_019704,BUYER_01978,SELLER_00294,2025-03-22,changed_mind,approved,False,
RETURN_001680,ORDER_019709,BUYER_01979,SELLER_00183,2025-07-08,size_issue,approved,False,
RETURN_001681,ORDER_019710,BUYER_01979,SELLER_00407,2025-11-11,changed_mind,approved,False,
RETURN_001682,ORDER_019711,BUYER_01980,SELLER_00432,2025-08-04,changed_mind,approved,False,
RETURN_001683,ORDER_019718,BUYER_01980,SELLER_00009,2025-11-09,size_issue,approved,False,
RETURN_001684,ORDER_019721,BUYER_01981,SELLER_00126,2025-07-22,changed_mind,approved,False,
RETURN_001685,ORDER_019754,BUYER_01985,SELLER_00468,2025-11-05,wrong_item_received,approved,False,
RETURN_001686,ORDER_019793,BUYER_01990,SELLER_00243,2025-08-29,size_issue,approved,False,
RETURN_001687,ORDER_019814,BUYER_01992,SELLER_00297,2025-11-14,size_issue,approved,False,
RETURN_001688,ORDER_019832,BUYER_01994,SELLER_00008,2025-05-13,defective,approved,False,
RETURN_001689,ORDER_019849,BUYER_01996,SELLER_00233,2025-07-10,changed_mind,approved,False,
RETURN_001690,ORDER_019866,BUYER_01998,SELLER_00241,2025-06-28,changed_mind,approved,False,
RETURN_001691,ORDER_019911,BUYER_02002,SELLER_00448,2025-11-03,changed_mind,approved,False,
RETURN_001692,ORDER_019916,BUYER_02002,SELLER_00057,2025-11-14,defective,approved,False,
RETURN_001693,ORDER_019926,BUYER_02004,SELLER_00024,2025-11-21,defective,approved,False,
RETURN_001694,ORDER_019955,BUYER_02006,SELLER_00198,2025-10-20,size_issue,approved,False,
RETURN_001695,ORDER_019958,BUYER_02006,SELLER_00143,2025-05-03,defective,approved,False,
RETURN_001696,ORDER_019959,BUYER_02006,SELLER_00430,2025-05-15,defective,approved,False,
RETURN_001697,ORDER_019967,BUYER_02008,SELLER_00161,2025-08-22,changed_mind,approved,False,
RETURN_001698,ORDER_019969,BUYER_02008,SELLER_00044,2025-09-24,size_issue,approved,False,
RETURN_001699,ORDER_019971,BUYER_02008,SELLER_00112,2025-07-18,wrong_item_received,approved,False,
RETURN_001700,ORDER_019977,BUYER_02008,SELLER_00185,2025-12-26,changed_mind,approved,False,
RETURN_001701,ORDER_019978,BUYER_02008,SELLER_00069,2025-07-31,changed_mind,approved,False,
RETURN_001702,ORDER_019980,BUYER_02009,SELLER_00123,2025-12-20,changed_mind,approved,False,
RETURN_001703,ORDER_019983,BUYER_02009,SELLER_00164,2025-12-05,changed_mind,approved,False,
RETURN_001704,ORDER_019984,BUYER_02009,SELLER_00327,2025-12-02,changed_mind,approved,False,
RETURN_001705,ORDER_019986,BUYER_02009,SELLER_00158,2025-10-06,changed_mind,approved,False,
RETURN_001706,ORDER_020008,BUYER_02010,SELLER_00053,2025-09-27,changed_mind,approved,False,
RETURN_001707,ORDER_020044,BUYER_02016,SELLER_00418,2025-09-12,defective,approved,False,
RETURN_001708,ORDER_020059,BUYER_02020,SELLER_00247,2025-11-22,defective,approved,False,
RETURN_001709,ORDER_020092,BUYER_02023,SELLER_00438,2025-07-29,defective,approved,False,
RETURN_001710,ORDER_020110,BUYER_02024,SELLER_00044,2025-12-29,size_issue,approved,False,
RETURN_001711,ORDER_020121,BUYER_02025,SELLER_00359,2025-08-26,changed_mind,approved,False,
RETURN_001712,ORDER_020122,BUYER_02025,SELLER_00333,2025-12-31,wrong_item_received,approved,False,
RETURN_001713,ORDER_020139,BUYER_02027,SELLER_00169,2025-12-25,changed_mind,approved,False,
RETURN_001714,ORDER_020153,BUYER_02027,SELLER_00049,2025-12-12,changed_mind,approved,False,
RETURN_001715,ORDER_020166,BUYER_02028,SELLER_00454,2025-03-31,changed_mind,approved,False,
RETURN_001716,ORDER_020173,BUYER_02029,SELLER_00113,2025-09-15,size_issue,approved,False,
RETURN_001717,ORDER_020199,BUYER_02030,SELLER_00143,2025-07-21,changed_mind,approved,False,
RETURN_001718,ORDER_020208,BUYER_02030,SELLER_00438,2025-03-30,changed_mind,approved,False,
RETURN_001719,ORDER_020232,BUYER_02030,SELLER_00040,2025-05-24,changed_mind,approved,False,
RETURN_001720,ORDER_020245,BUYER_02030,SELLER_00459,2025-08-06,defective,approved,False,
RETURN_001721,ORDER_020246,BUYER_02030,SELLER_00073,2025-08-22,defective,approved,False,
RETURN_001722,ORDER_020257,BUYER_02031,SELLER_00417,2025-11-29,size_issue,approved,False,
RETURN_001723,ORDER_020285,BUYER_02036,SELLER_00304,2025-10-06,defective,approved,False,
RETURN_001724,ORDER_020287,BUYER_02036,SELLER_00180,2025-09-15,changed_mind,approved,False,
RETURN_001725,ORDER_020292,BUYER_02037,SELLER_00161,2025-09-20,size_issue,approved,False,
RETURN_001726,ORDER_020293,BUYER_02037,SELLER_00221,2025-09-17,size_issue,approved,False,
RETURN_001727,ORDER_020297,BUYER_02037,SELLER_00024,2025-09-02,changed_mind,approved,False,
RETURN_001728,ORDER_020298,BUYER_02037,SELLER_00468,2025-10-08,changed_mind,approved,False,
RETURN_001729,ORDER_020302,BUYER_02037,SELLER_00199,2025-12-02,defective,approved,False,
RETURN_001730,ORDER_020305,BUYER_02037,SELLER_00092,2025-10-18,changed_mind,approved,False,
RETURN_001731,ORDER_020306,BUYER_02037,SELLER_00438,2025-12-09,changed_mind,approved,False,
RETURN_001732,ORDER_020307,BUYER_02037,SELLER_00314,2025-08-12,size_issue,approved,False,
RETURN_001733,ORDER_020309,BUYER_02037,SELLER_00171,2025-09-28,size_issue,approved,False,
RETURN_001734,ORDER_020314,BUYER_02037,SELLER_00199,2025-08-23,defective,approved,False,
RETURN_001735,ORDER_020327,BUYER_02039,SELLER_00454,2025-11-12,wrong_item_received,approved,False,
RETURN_001736,ORDER_020365,BUYER_02043,SELLER_00433,2025-07-16,defective,approved,False,
RETURN_001737,ORDER_020378,BUYER_02044,SELLER_00199,2025-11-13,changed_mind,approved,False,
RETURN_001738,ORDER_020379,BUYER_02044,SELLER_00258,2025-10-19,size_issue,approved,False,
RETURN_001739,ORDER_020392,BUYER_02046,SELLER_00333,2025-10-10,size_issue,approved,False,
RETURN_001740,ORDER_020395,BUYER_02046,SELLER_00309,2025-10-06,changed_mind,approved,False,
RETURN_001741,ORDER_020396,BUYER_02046,SELLER_00143,2025-11-21,size_issue,approved,False,
RETURN_001742,ORDER_020402,BUYER_02046,SELLER_00233,2025-12-31,size_issue,approved,False,
RETURN_001743,ORDER_020404,BUYER_02046,SELLER_00317,2025-12-31,changed_mind,approved,False,
RETURN_001744,ORDER_020405,BUYER_02046,SELLER_00107,2025-10-16,defective,approved,False,
RETURN_001745,ORDER_020425,BUYER_02049,SELLER_00309,2025-12-14,size_issue,approved,False,
RETURN_001746,ORDER_020426,BUYER_02049,SELLER_00180,2025-12-30,size_issue,approved,False,
RETURN_001747,ORDER_020431,BUYER_02050,SELLER_00417,2025-12-12,defective,approved,False,
RETURN_001748,ORDER_020433,BUYER_02050,SELLER_00157,2025-12-18,size_issue,approved,False,
RETURN_001749,ORDER_020450,BUYER_02052,SELLER_00418,2025-09-15,changed_mind,approved,False,
RETURN_001750,ORDER_020488,BUYER_02055,SELLER_00036,2025-04-26,defective,approved,False,
RETURN_001751,ORDER_020538,BUYER_02063,SELLER_00498,2025-10-24,changed_mind,approved,False,
RETURN_001752,ORDER_020543,BUYER_02064,SELLER_00473,2025-11-23,size_issue,approved,False,
RETURN_001753,ORDER_020546,BUYER_02064,SELLER_00016,2025-12-31,size_issue,approved,False,
RETURN_001754,ORDER_020558,BUYER_02067,SELLER_00462,2025-12-25,changed_mind,approved,False,
RETURN_001755,ORDER_020560,BUYER_02067,SELLER_00047,2025-12-31,defective,approved,False,
RETURN_001756,ORDER_020561,BUYER_02067,SELLER_00152,2025-12-20,changed_mind,approved,False,
RETURN_001757,ORDER_020566,BUYER_02068,SELLER_00087,2025-12-04,defective,approved,False,
RETURN_001758,ORDER_020567,BUYER_02068,SELLER_00200,2025-04-30,defective,approved,False,
RETURN_001759,ORDER_020570,BUYER_02069,SELLER_00132,2025-12-29,wrong_item_received,approved,False,
RETURN_001760,ORDER_020580,BUYER_02070,SELLER_00399,2025-09-17,size_issue,approved,False,
RETURN_001761,ORDER_020594,BUYER_02070,SELLER_00024,2025-09-28,changed_mind,approved,False,
RETURN_001762,ORDER_020596,BUYER_02070,SELLER_00046,2025-05-10,defective,approved,False,
RETURN_001763,ORDER_020604,BUYER_02071,SELLER_00495,2025-11-29,size_issue,approved,False,
RETURN_001764,ORDER_020605,BUYER_02071,SELLER_00289,2025-11-13,wrong_item_received,approved,False,
RETURN_001765,ORDER_020618,BUYER_02074,SELLER_00221,2025-07-20,defective,approved,False,
RETURN_001766,ORDER_020632,BUYER_02075,SELLER_00036,2025-08-01,wrong_item_received,approved,True,return_abuse
RETURN_001767,ORDER_020656,BUYER_02079,SELLER_00010,2025-10-16,changed_mind,approved,False,
RETURN_001768,ORDER_020657,BUYER_02079,SELLER_00107,2025-11-24,changed_mind,approved,False,
RETURN_001769,ORDER_020701,BUYER_02081,SELLER_00166,2025-12-13,size_issue,approved,False,
RETURN_001770,ORDER_020717,BUYER_02081,SELLER_00290,2025-12-31,wrong_item_received,approved,False,
RETURN_001771,ORDER_020719,BUYER_02082,SELLER_00301,2025-10-18,size_issue,approved,False,
RETURN_001772,ORDER_020721,BUYER_02082,SELLER_00046,2025-11-11,wrong_item_received,approved,False,
RETURN_001773,ORDER_020753,BUYER_02086,SELLER_00049,2025-12-22,changed_mind,approved,False,
RETURN_001774,ORDER_020790,BUYER_02089,SELLER_00152,2025-11-24,changed_mind,approved,False,
RETURN_001775,ORDER_020798,BUYER_02090,SELLER_00155,2025-08-25,changed_mind,approved,False,
RETURN_001776,ORDER_020801,BUYER_02090,SELLER_00058,2025-07-07,size_issue,approved,False,
RETURN_001777,ORDER_020818,BUYER_02091,SELLER_00448,2025-09-04,changed_mind,approved,False,
RETURN_001778,ORDER_020821,BUYER_02092,SELLER_00100,2025-09-25,defective,approved,False,
RETURN_001779,ORDER_020884,BUYER_02098,SELLER_00023,2025-12-31,size_issue,approved,False,
RETURN_001780,ORDER_020949,BUYER_02109,SELLER_00347,2025-09-30,size_issue,approved,False,
RETURN_001781,ORDER_020962,BUYER_02111,SELLER_00455,2025-12-13,defective,approved,False,
RETURN_001782,ORDER_020964,BUYER_02111,SELLER_00297,2025-12-31,size_issue,approved,False,
RETURN_001783,ORDER_020975,BUYER_02113,SELLER_00021,2025-11-11,changed_mind,approved,False,
RETURN_001784,ORDER_020976,BUYER_02113,SELLER_00172,2025-10-02,size_issue,approved,False,
RETURN_001785,ORDER_020977,BUYER_02113,SELLER_00461,2025-11-01,defective,approved,False,
RETURN_001786,ORDER_020979,BUYER_02113,SELLER_00153,2025-11-15,changed_mind,approved,False,
RETURN_001787,ORDER_020980,BUYER_02113,SELLER_00381,2025-12-03,size_issue,approved,False,
RETURN_001788,ORDER_020986,BUYER_02113,SELLER_00105,2025-12-13,defective,approved,False,
RETURN_001789,ORDER_020988,BUYER_02113,SELLER_00483,2025-10-11,defective,approved,False,
RETURN_001790,ORDER_020990,BUYER_02113,SELLER_00169,2025-12-03,defective,approved,False,
RETURN_001791,ORDER_020994,BUYER_02113,SELLER_00204,2025-12-08,defective,approved,False,
RETURN_001792,ORDER_020996,BUYER_02113,SELLER_00128,2025-10-18,size_issue,approved,False,
RETURN_001793,ORDER_021009,BUYER_02116,SELLER_00376,2025-06-17,changed_mind,approved,False,
RETURN_001794,ORDER_021017,BUYER_02116,SELLER_00399,2025-06-28,defective,approved,False,
RETURN_001795,ORDER_021023,BUYER_02116,SELLER_00229,2025-12-31,changed_mind,approved,False,
RETURN_001796,ORDER_021029,BUYER_02118,SELLER_00016,2025-07-15,defective,approved,False,
RETURN_001797,ORDER_021030,BUYER_02118,SELLER_00473,2025-08-14,changed_mind,approved,False,
RETURN_001798,ORDER_021033,BUYER_02118,SELLER_00068,2025-10-10,changed_mind,approved,False,
RETURN_001799,ORDER_021067,BUYER_02122,SELLER_00164,2025-09-09,defective,approved,False,
RETURN_001800,ORDER_021080,BUYER_02123,SELLER_00064,2025-05-20,defective,approved,False,
RETURN_001801,ORDER_021101,BUYER_02126,SELLER_00382,2025-10-29,size_issue,approved,False,
RETURN_001802,ORDER_021110,BUYER_02127,SELLER_00155,2025-06-15,defective,approved,False,
RETURN_001803,ORDER_021140,BUYER_02130,SELLER_00155,2025-07-15,size_issue,approved,True,return_abuse
RETURN_001804,ORDER_021157,BUYER_02131,SELLER_00026,2025-12-31,defective,approved,True,return_abuse
RETURN_001805,ORDER_021177,BUYER_02135,SELLER_00211,2025-12-31,wrong_item_received,approved,False,
RETURN_001806,ORDER_021186,BUYER_02135,SELLER_00017,2025-12-18,size_issue,approved,False,
RETURN_001807,ORDER_021187,BUYER_02135,SELLER_00153,2025-12-29,wrong_item_received,approved,False,
RETURN_001808,ORDER_021198,BUYER_02136,SELLER_00423,2025-11-25,changed_mind,approved,False,
RETURN_001809,ORDER_021215,BUYER_02138,SELLER_00388,2025-12-31,wrong_item_received,approved,False,
RETURN_001810,ORDER_021216,BUYER_02138,SELLER_00122,2025-12-10,wrong_item_received,approved,False,
RETURN_001811,ORDER_021222,BUYER_02138,SELLER_00463,2025-12-10,wrong_item_received,approved,False,
RETURN_001812,ORDER_021223,BUYER_02138,SELLER_00229,2025-12-31,defective,approved,False,
RETURN_001813,ORDER_021224,BUYER_02138,SELLER_00275,2025-12-31,defective,approved,False,
RETURN_001814,ORDER_021228,BUYER_02138,SELLER_00305,2025-12-28,wrong_item_received,approved,False,
RETURN_001815,ORDER_021229,BUYER_02138,SELLER_00347,2025-12-31,changed_mind,approved,False,
RETURN_001816,ORDER_021237,BUYER_02138,SELLER_00439,2025-12-28,changed_mind,approved,False,
RETURN_001817,ORDER_021239,BUYER_02139,SELLER_00463,2025-11-08,wrong_item_received,approved,False,
RETURN_001818,ORDER_021252,BUYER_02140,SELLER_00104,2025-12-27,defective,approved,False,
RETURN_001819,ORDER_021276,BUYER_02140,SELLER_00095,2025-11-12,size_issue,approved,False,
RETURN_001820,ORDER_021317,BUYER_02144,SELLER_00094,2025-11-24,size_issue,approved,False,
RETURN_001821,ORDER_021321,BUYER_02144,SELLER_00446,2025-11-06,changed_mind,approved,False,
RETURN_001822,ORDER_021333,BUYER_02146,SELLER_00255,2025-12-31,changed_mind,approved,False,
RETURN_001823,ORDER_021351,BUYER_02147,SELLER_00312,2025-06-11,size_issue,approved,False,
RETURN_001824,ORDER_021372,BUYER_02148,SELLER_00486,2025-10-20,defective,approved,False,
RETURN_001825,ORDER_021377,BUYER_02148,SELLER_00065,2025-12-26,size_issue,approved,False,
RETURN_001826,ORDER_021390,BUYER_02149,SELLER_00078,2025-11-18,changed_mind,approved,False,
RETURN_001827,ORDER_021391,BUYER_02149,SELLER_00408,2025-10-30,changed_mind,approved,False,
RETURN_001828,ORDER_021412,BUYER_02152,SELLER_00016,2025-10-06,changed_mind,approved,True,return_abuse
RETURN_001829,ORDER_021415,BUYER_02152,SELLER_00151,2025-09-13,wrong_item_received,approved,False,
RETURN_001830,ORDER_021425,BUYER_02153,SELLER_00188,2025-11-02,changed_mind,approved,False,
RETURN_001831,ORDER_021457,BUYER_02156,SELLER_00246,2025-10-23,defective,approved,False,
RETURN_001832,ORDER_021458,BUYER_02156,SELLER_00049,2025-10-19,defective,approved,False,
RETURN_001833,ORDER_021465,BUYER_02157,SELLER_00336,2025-11-20,defective,approved,False,
RETURN_001834,ORDER_021472,BUYER_02159,SELLER_00189,2025-09-22,changed_mind,approved,False,
RETURN_001835,ORDER_021473,BUYER_02159,SELLER_00125,2025-02-17,wrong_item_received,approved,False,
RETURN_001836,ORDER_021499,BUYER_02162,SELLER_00152,2025-12-31,defective,approved,False,
RETURN_001837,ORDER_021507,BUYER_02163,SELLER_00292,2025-10-25,defective,approved,False,
RETURN_001838,ORDER_021523,BUYER_02164,SELLER_00300,2025-12-23,defective,approved,False,
RETURN_001839,ORDER_021568,BUYER_02168,SELLER_00155,2025-11-26,changed_mind,approved,False,
RETURN_001840,ORDER_021576,BUYER_02168,SELLER_00276,2025-12-09,defective,approved,False,
RETURN_001841,ORDER_021577,BUYER_02168,SELLER_00332,2025-12-17,changed_mind,approved,False,
RETURN_001842,ORDER_021582,BUYER_02168,SELLER_00256,2025-10-06,size_issue,approved,False,
RETURN_001843,ORDER_021641,BUYER_02175,SELLER_00376,2025-07-25,wrong_item_received,approved,True,return_abuse
RETURN_001844,ORDER_021642,BUYER_02175,SELLER_00083,2025-09-06,defective,approved,False,
RETURN_001845,ORDER_021661,BUYER_02176,SELLER_00377,2025-10-10,size_issue,approved,False,
RETURN_001846,ORDER_021669,BUYER_02176,SELLER_00472,2025-09-23,changed_mind,approved,False,
RETURN_001847,ORDER_021678,BUYER_02177,SELLER_00470,2025-05-08,wrong_item_received,approved,False,
RETURN_001848,ORDER_021701,BUYER_02182,SELLER_00159,2025-10-22,changed_mind,approved,False,
RETURN_001849,ORDER_021719,BUYER_02184,SELLER_00419,2025-10-28,defective,approved,False,
RETURN_001850,ORDER_021756,BUYER_02189,SELLER_00291,2025-07-08,defective,approved,False,
RETURN_001851,ORDER_021779,BUYER_02194,SELLER_00128,2025-12-22,changed_mind,approved,False,
RETURN_001852,ORDER_021781,BUYER_02194,SELLER_00344,2025-12-08,wrong_item_received,approved,False,
RETURN_001853,ORDER_021788,BUYER_02194,SELLER_00016,2025-10-27,changed_mind,approved,False,
RETURN_001854,ORDER_021791,BUYER_02194,SELLER_00000,2025-11-28,defective,approved,False,
RETURN_001855,ORDER_021793,BUYER_02194,SELLER_00409,2025-10-30,changed_mind,approved,False,
RETURN_001856,ORDER_021795,BUYER_02194,SELLER_00304,2025-10-22,changed_mind,approved,False,
RETURN_001857,ORDER_021800,BUYER_02194,SELLER_00078,2025-12-31,changed_mind,approved,False,
RETURN_001858,ORDER_021809,BUYER_02195,SELLER_00197,2025-11-22,size_issue,approved,False,
RETURN_001859,ORDER_021829,BUYER_02198,SELLER_00058,2025-10-15,changed_mind,approved,False,
RETURN_001860,ORDER_021842,BUYER_02200,SELLER_00049,2025-12-08,size_issue,approved,False,
RETURN_001861,ORDER_021864,BUYER_02205,SELLER_00374,2025-12-18,defective,approved,False,
RETURN_001862,ORDER_021873,BUYER_02206,SELLER_00455,2025-10-21,defective,approved,False,
RETURN_001863,ORDER_021905,BUYER_02208,SELLER_00272,2025-12-18,changed_mind,approved,False,
RETURN_001864,ORDER_021912,BUYER_02209,SELLER_00166,2025-08-11,changed_mind,approved,False,
RETURN_001865,ORDER_021943,BUYER_02215,SELLER_00256,2025-12-21,changed_mind,approved,False,
RETURN_001866,ORDER_021945,BUYER_02215,SELLER_00320,2025-09-14,size_issue,approved,False,
RETURN_001867,ORDER_021950,BUYER_02215,SELLER_00473,2025-09-17,size_issue,approved,False,
RETURN_001868,ORDER_021951,BUYER_02215,SELLER_00030,2025-08-29,changed_mind,approved,False,
RETURN_001869,ORDER_021953,BUYER_02215,SELLER_00297,2025-09-07,changed_mind,approved,False,
RETURN_001870,ORDER_021955,BUYER_02215,SELLER_00467,2025-09-19,changed_mind,approved,False,
RETURN_001871,ORDER_021960,BUYER_02215,SELLER_00304,2025-11-18,changed_mind,approved,False,
RETURN_001872,ORDER_021961,BUYER_02215,SELLER_00077,2025-12-27,wrong_item_received,approved,False,
RETURN_001873,ORDER_021963,BUYER_02215,SELLER_00491,2025-11-24,size_issue,approved,False,
RETURN_001874,ORDER_021968,BUYER_02215,SELLER_00049,2025-09-09,defective,approved,False,
RETURN_001875,ORDER_021971,BUYER_02215,SELLER_00482,2025-11-19,size_issue,approved,False,
RETURN_001876,ORDER_021976,BUYER_02217,SELLER_00316,2025-06-15,wrong_item_received,approved,False,
RETURN_001877,ORDER_021993,BUYER_02219,SELLER_00450,2025-10-31,changed_mind,approved,False,
RETURN_001878,ORDER_022000,BUYER_02220,SELLER_00047,2025-10-19,wrong_item_received,approved,False,
RETURN_001879,ORDER_022004,BUYER_02221,SELLER_00382,2025-12-20,size_issue,approved,True,return_abuse
RETURN_001880,ORDER_022016,BUYER_02223,SELLER_00100,2025-11-21,wrong_item_received,approved,False,
RETURN_001881,ORDER_022060,BUYER_02228,SELLER_00362,2025-05-07,defective,approved,False,
RETURN_001882,ORDER_022070,BUYER_02229,SELLER_00491,2025-12-10,size_issue,approved,False,
RETURN_001883,ORDER_022100,BUYER_02230,SELLER_00456,2025-06-06,defective,approved,False,
RETURN_001884,ORDER_022104,BUYER_02230,SELLER_00021,2025-08-20,defective,approved,False,
RETURN_001885,ORDER_022106,BUYER_02230,SELLER_00114,2025-08-11,changed_mind,approved,False,
RETURN_001886,ORDER_022118,BUYER_02231,SELLER_00309,2025-06-24,changed_mind,approved,False,
RETURN_001887,ORDER_022121,BUYER_02231,SELLER_00016,2025-10-19,changed_mind,approved,False,
RETURN_001888,ORDER_022124,BUYER_02231,SELLER_00225,2025-11-09,defective,approved,False,
RETURN_001889,ORDER_022146,BUYER_02233,SELLER_00248,2025-11-17,defective,approved,False,
RETURN_001890,ORDER_022157,BUYER_02234,SELLER_00089,2025-10-04,defective,approved,False,
RETURN_001891,ORDER_022168,BUYER_02235,SELLER_00283,2025-12-17,changed_mind,approved,False,
RETURN_001892,ORDER_022176,BUYER_02236,SELLER_00024,2025-12-11,size_issue,approved,False,
RETURN_001893,ORDER_022182,BUYER_02236,SELLER_00199,2025-12-28,size_issue,approved,False,
RETURN_001894,ORDER_022184,BUYER_02237,SELLER_00120,2025-07-28,changed_mind,approved,False,
RETURN_001895,ORDER_022191,BUYER_02237,SELLER_00468,2025-09-02,size_issue,approved,False,
RETURN_001896,ORDER_022193,BUYER_02238,SELLER_00470,2025-10-24,wrong_item_received,approved,False,
RETURN_001897,ORDER_022199,BUYER_02238,SELLER_00430,2025-12-16,wrong_item_received,approved,False,
RETURN_001898,ORDER_022204,BUYER_02238,SELLER_00065,2025-07-26,wrong_item_received,approved,False,
RETURN_001899,ORDER_022220,BUYER_02239,SELLER_00256,2025-10-06,changed_mind,approved,False,
RETURN_001900,ORDER_022240,BUYER_02241,SELLER_00387,2025-12-26,size_issue,approved,False,
RETURN_001901,ORDER_022262,BUYER_02243,SELLER_00028,2025-09-23,defective,approved,False,
RETURN_001902,ORDER_022272,BUYER_02245,SELLER_00185,2025-11-13,defective,approved,False,
RETURN_001903,ORDER_022276,BUYER_02246,SELLER_00488,2025-07-10,wrong_item_received,approved,True,return_abuse
RETURN_001904,ORDER_022308,BUYER_02251,SELLER_00198,2025-11-04,changed_mind,approved,False,
RETURN_001905,ORDER_022310,BUYER_02251,SELLER_00488,2025-11-25,size_issue,approved,False,
RETURN_001906,ORDER_022313,BUYER_02251,SELLER_00021,2025-05-29,wrong_item_received,approved,False,
RETURN_001907,ORDER_022345,BUYER_02255,SELLER_00093,2025-10-17,changed_mind,approved,False,
RETURN_001908,ORDER_022374,BUYER_02257,SELLER_00258,2025-12-14,size_issue,approved,False,
RETURN_001909,ORDER_022375,BUYER_02257,SELLER_00068,2025-12-14,changed_mind,approved,False,
RETURN_001910,ORDER_022389,BUYER_02260,SELLER_00449,2025-09-27,defective,approved,False,
RETURN_001911,ORDER_022398,BUYER_02261,SELLER_00047,2025-11-05,changed_mind,approved,False,
RETURN_001912,ORDER_022402,BUYER_02262,SELLER_00126,2025-09-18,wrong_item_received,approved,False,
RETURN_001913,ORDER_022415,BUYER_02262,SELLER_00378,2025-08-16,changed_mind,approved,False,
RETURN_001914,ORDER_022472,BUYER_02268,SELLER_00336,2025-07-19,changed_mind,approved,False,
RETURN_001915,ORDER_022503,BUYER_02269,SELLER_00215,2025-12-30,defective,approved,False,
RETURN_001916,ORDER_022508,BUYER_02269,SELLER_00019,2025-12-23,changed_mind,approved,False,
RETURN_001917,ORDER_022547,BUYER_02273,SELLER_00113,2025-12-12,changed_mind,approved,False,
RETURN_001918,ORDER_022564,BUYER_02275,SELLER_00183,2025-08-26,defective,approved,False,
RETURN_001919,ORDER_022578,BUYER_02276,SELLER_00204,2025-12-29,changed_mind,approved,False,
RETURN_001920,ORDER_022580,BUYER_02276,SELLER_00354,2025-12-20,defective,approved,False,
RETURN_001921,ORDER_022589,BUYER_02277,SELLER_00409,2025-12-19,defective,approved,False,
RETURN_001922,ORDER_022591,BUYER_02277,SELLER_00016,2025-12-02,defective,approved,False,
RETURN_001923,ORDER_022599,BUYER_02279,SELLER_00460,2025-11-15,defective,approved,False,
RETURN_001924,ORDER_022633,BUYER_02283,SELLER_00255,2025-11-28,changed_mind,approved,False,
RETURN_001925,ORDER_022638,BUYER_02283,SELLER_00128,2025-12-26,wrong_item_received,approved,False,
RETURN_001926,ORDER_022649,BUYER_02285,SELLER_00408,2025-06-14,changed_mind,approved,False,
RETURN_001927,ORDER_022667,BUYER_02288,SELLER_00361,2025-02-22,defective,approved,False,
RETURN_001928,ORDER_022670,BUYER_02288,SELLER_00486,2025-06-09,defective,approved,False,
RETURN_001929,ORDER_022686,BUYER_02290,SELLER_00399,2025-08-08,changed_mind,approved,False,
RETURN_001930,ORDER_022736,BUYER_02295,SELLER_00016,2025-07-13,size_issue,approved,False,
RETURN_001931,ORDER_022763,BUYER_02299,SELLER_00173,2025-11-19,size_issue,approved,False,
RETURN_001932,ORDER_022803,BUYER_02302,SELLER_00036,2025-12-31,defective,approved,False,
RETURN_001933,ORDER_022816,BUYER_02304,SELLER_00113,2025-11-16,defective,approved,False,
RETURN_001934,ORDER_022823,BUYER_02304,SELLER_00199,2025-06-13,changed_mind,approved,False,
RETURN_001935,ORDER_022841,BUYER_02307,SELLER_00468,2025-06-20,defective,approved,False,
RETURN_001936,ORDER_022843,BUYER_02307,SELLER_00424,2025-07-13,defective,approved,False,
RETURN_001937,ORDER_022859,BUYER_02308,SELLER_00078,2025-12-28,changed_mind,approved,False,
RETURN_001938,ORDER_022876,BUYER_02311,SELLER_00150,2025-12-22,wrong_item_received,approved,False,
RETURN_001939,ORDER_022888,BUYER_02313,SELLER_00354,2025-07-27,size_issue,approved,False,
RETURN_001940,ORDER_022890,BUYER_02313,SELLER_00495,2025-10-18,defective,approved,False,
RETURN_001941,ORDER_022891,BUYER_02313,SELLER_00189,2025-08-03,size_issue,approved,False,
RETURN_001942,ORDER_022895,BUYER_02313,SELLER_00347,2025-06-07,size_issue,approved,False,
RETURN_001943,ORDER_022896,BUYER_02313,SELLER_00219,2025-07-22,changed_mind,approved,False,
RETURN_001944,ORDER_022898,BUYER_02313,SELLER_00316,2025-08-16,defective,approved,False,
RETURN_001945,ORDER_022899,BUYER_02313,SELLER_00482,2025-10-18,wrong_item_received,approved,False,
RETURN_001946,ORDER_022901,BUYER_02314,SELLER_00107,2025-12-20,wrong_item_received,approved,False,
RETURN_001947,ORDER_022929,BUYER_02316,SELLER_00368,2025-10-05,defective,approved,False,
RETURN_001948,ORDER_022946,BUYER_02318,SELLER_00046,2025-12-24,wrong_item_received,approved,False,
RETURN_001949,ORDER_022983,BUYER_02319,SELLER_00202,2025-07-18,wrong_item_received,approved,False,
RETURN_001950,ORDER_023004,BUYER_02319,SELLER_00423,2025-02-10,size_issue,approved,False,
RETURN_001951,ORDER_023011,BUYER_02320,SELLER_00221,2025-07-11,wrong_item_received,approved,False,
RETURN_001952,ORDER_023013,BUYER_02320,SELLER_00065,2025-03-27,size_issue,approved,False,
RETURN_001953,ORDER_023018,BUYER_02320,SELLER_00307,2025-06-27,changed_mind,approved,False,
RETURN_001954,ORDER_023019,BUYER_02320,SELLER_00087,2025-05-13,changed_mind,approved,False,
RETURN_001955,ORDER_023020,BUYER_02320,SELLER_00143,2025-04-03,defective,approved,False,
RETURN_001956,ORDER_023021,BUYER_02320,SELLER_00173,2025-09-02,defective,approved,False,
RETURN_001957,ORDER_023022,BUYER_02320,SELLER_00413,2025-09-02,changed_mind,approved,False,
RETURN_001958,ORDER_023023,BUYER_02320,SELLER_00214,2025-07-20,defective,approved,False,
RETURN_001959,ORDER_023025,BUYER_02321,SELLER_00441,2025-10-18,defective,approved,False,
RETURN_001960,ORDER_023026,BUYER_02321,SELLER_00324,2025-10-16,defective,approved,False,
RETURN_001961,ORDER_023042,BUYER_02322,SELLER_00393,2025-09-21,wrong_item_received,approved,False,
RETURN_001962,ORDER_023062,BUYER_02324,SELLER_00368,2025-12-31,size_issue,approved,False,
RETURN_001963,ORDER_023136,BUYER_02331,SELLER_00454,2025-06-11,changed_mind,approved,False,
RETURN_001964,ORDER_023138,BUYER_02331,SELLER_00088,2025-09-06,size_issue,approved,False,
RETURN_001965,ORDER_023181,BUYER_02336,SELLER_00026,2025-12-30,changed_mind,approved,False,
RETURN_001966,ORDER_023192,BUYER_02337,SELLER_00175,2025-10-04,changed_mind,approved,False,
RETURN_001967,ORDER_023196,BUYER_02337,SELLER_00271,2025-10-02,changed_mind,approved,False,
RETURN_001968,ORDER_023198,BUYER_02337,SELLER_00016,2025-06-08,defective,approved,False,
RETURN_001969,ORDER_023206,BUYER_02338,SELLER_00316,2025-04-23,wrong_item_received,approved,False,
RETURN_001970,ORDER_023282,BUYER_02347,SELLER_00113,2025-11-06,defective,approved,False,
RETURN_001971,ORDER_023300,BUYER_02348,SELLER_00013,2025-09-28,wrong_item_received,approved,False,
RETURN_001972,ORDER_023317,BUYER_02351,SELLER_00368,2025-10-29,size_issue,approved,False,
RETURN_001973,ORDER_023340,BUYER_02353,SELLER_00258,2025-11-14,size_issue,approved,False,
RETURN_001974,ORDER_023345,BUYER_02354,SELLER_00468,2025-07-13,wrong_item_received,approved,False,
RETURN_001975,ORDER_023349,BUYER_02354,SELLER_00389,2025-09-10,changed_mind,approved,False,
RETURN_001976,ORDER_023352,BUYER_02354,SELLER_00178,2025-09-21,wrong_item_received,approved,False,
RETURN_001977,ORDER_023353,BUYER_02354,SELLER_00208,2025-09-22,size_issue,approved,False,
RETURN_001978,ORDER_023358,BUYER_02355,SELLER_00148,2025-11-18,wrong_item_received,approved,False,
RETURN_001979,ORDER_023374,BUYER_02358,SELLER_00101,2025-11-11,wrong_item_received,approved,False,
RETURN_001980,ORDER_023474,BUYER_02363,SELLER_00148,2025-11-17,defective,approved,False,
RETURN_001981,ORDER_023515,BUYER_02365,SELLER_00424,2025-06-23,wrong_item_received,approved,False,
RETURN_001982,ORDER_023526,BUYER_02366,SELLER_00167,2025-07-29,changed_mind,approved,False,
RETURN_001983,ORDER_023532,BUYER_02366,SELLER_00212,2025-10-13,size_issue,approved,False,
RETURN_001984,ORDER_023535,BUYER_02367,SELLER_00231,2025-11-01,defective,approved,False,
RETURN_001985,ORDER_023550,BUYER_02369,SELLER_00455,2025-12-31,defective,approved,False,
RETURN_001986,ORDER_023555,BUYER_02370,SELLER_00021,2025-11-06,changed_mind,approved,False,
RETURN_001987,ORDER_023557,BUYER_02370,SELLER_00196,2025-09-27,size_issue,approved,False,
RETURN_001988,ORDER_023562,BUYER_02370,SELLER_00425,2025-09-28,changed_mind,approved,False,
RETURN_001989,ORDER_023563,BUYER_02370,SELLER_00316,2025-10-09,changed_mind,approved,False,
RETURN_001990,ORDER_023565,BUYER_02370,SELLER_00024,2025-10-08,size_issue,approved,False,
RETURN_001991,ORDER_023587,BUYER_02372,SELLER_00030,2025-05-11,size_issue,approved,False,
RETURN_001992,ORDER_023609,BUYER_02374,SELLER_00101,2025-09-27,defective,approved,False,
RETURN_001993,ORDER_023629,BUYER_02378,SELLER_00353,2025-10-31,defective,approved,False,
RETURN_001994,ORDER_023642,BUYER_02379,SELLER_00311,2025-11-21,wrong_item_received,approved,False,
RETURN_001995,ORDER_023679,BUYER_02383,SELLER_00283,2025-03-31,changed_mind,approved,False,
RETURN_001996,ORDER_023681,BUYER_02383,SELLER_00102,2025-08-10,size_issue,approved,False,
RETURN_001997,ORDER_023686,BUYER_02384,SELLER_00299,2025-08-03,changed_mind,approved,False,
RETURN_001998,ORDER_023690,BUYER_02384,SELLER_00185,2025-07-30,size_issue,approved,False,
RETURN_001999,ORDER_023724,BUYER_02390,SELLER_00424,2025-09-18,size_issue,approved,False,
RETURN_002000,ORDER_023725,BUYER_02390,SELLER_00091,2025-09-13,wrong_item_received,approved,False,
RETURN_002001,ORDER_023732,BUYER_02390,SELLER_00016,2025-12-31,changed_mind,approved,False,
RETURN_002002,ORDER_023742,BUYER_02391,SELLER_00489,2025-11-30,changed_mind,approved,False,
RETURN_002003,ORDER_023743,BUYER_02391,SELLER_00473,2025-11-14,defective,approved,False,
RETURN_002004,ORDER_023744,BUYER_02391,SELLER_00016,2025-12-23,defective,approved,False,
RETURN_002005,ORDER_023745,BUYER_02391,SELLER_00347,2025-11-26,changed_mind,approved,False,
RETURN_002006,ORDER_023747,BUYER_02391,SELLER_00240,2025-11-24,wrong_item_received,approved,False,
RETURN_002007,ORDER_023748,BUYER_02391,SELLER_00437,2025-12-15,changed_mind,approved,False,
RETURN_002008,ORDER_023754,BUYER_02391,SELLER_00473,2025-12-04,size_issue,approved,False,
RETURN_002009,ORDER_023755,BUYER_02391,SELLER_00138,2025-11-30,size_issue,approved,False,
RETURN_002010,ORDER_023756,BUYER_02392,SELLER_00196,2025-10-06,size_issue,approved,False,
RETURN_002011,ORDER_023775,BUYER_02393,SELLER_00335,2025-11-01,size_issue,approved,False,
RETURN_002012,ORDER_023799,BUYER_02395,SELLER_00206,2025-12-31,changed_mind,approved,False,
RETURN_002013,ORDER_023801,BUYER_02395,SELLER_00430,2025-12-02,wrong_item_received,approved,False,
RETURN_002014,ORDER_023804,BUYER_02395,SELLER_00472,2025-12-28,defective,approved,False,
RETURN_002015,ORDER_023806,BUYER_02395,SELLER_00016,2025-11-04,defective,approved,False,
RETURN_002016,ORDER_023809,BUYER_02396,SELLER_00472,2025-10-29,changed_mind,approved,False,
RETURN_002017,ORDER_023817,BUYER_02397,SELLER_00333,2025-10-24,size_issue,approved,False,
RETURN_002018,ORDER_023836,BUYER_02399,SELLER_00189,2025-11-08,changed_mind,approved,False,
RETURN_002019,ORDER_023867,BUYER_02403,SELLER_00491,2025-06-18,defective,approved,False,
RETURN_002020,ORDER_023871,BUYER_02405,SELLER_00009,2025-12-30,defective,approved,False,
RETURN_002021,ORDER_023873,BUYER_02405,SELLER_00441,2025-12-18,size_issue,approved,False,
RETURN_002022,ORDER_023874,BUYER_02405,SELLER_00199,2025-12-31,changed_mind,approved,False,
RETURN_002023,ORDER_023902,BUYER_02409,SELLER_00143,2025-09-07,size_issue,approved,False,
RETURN_002024,ORDER_023904,BUYER_02409,SELLER_00123,2025-11-22,defective,approved,False,
RETURN_002025,ORDER_023905,BUYER_02409,SELLER_00057,2025-12-11,defective,approved,False,
RETURN_002026,ORDER_023921,BUYER_02413,SELLER_00455,2025-04-27,changed_mind,approved,False,
RETURN_002027,ORDER_023925,BUYER_02413,SELLER_00447,2025-05-13,changed_mind,approved,False,
RETURN_002028,ORDER_023928,BUYER_02413,SELLER_00095,2025-07-16,wrong_item_received,approved,False,
RETURN_002029,ORDER_023943,BUYER_02417,SELLER_00386,2025-12-31,wrong_item_received,approved,False,
RETURN_002030,ORDER_023944,BUYER_02417,SELLER_00126,2025-12-09,wrong_item_received,approved,False,
RETURN_002031,ORDER_023945,BUYER_02417,SELLER_00472,2025-12-27,changed_mind,approved,False,
RETURN_002032,ORDER_023984,BUYER_02422,SELLER_00353,2025-07-08,changed_mind,approved,False,
RETURN_002033,ORDER_023986,BUYER_02422,SELLER_00376,2025-09-19,defective,approved,False,
RETURN_002034,ORDER_023990,BUYER_02422,SELLER_00187,2025-08-21,defective,approved,False,
RETURN_002035,ORDER_023991,BUYER_02422,SELLER_00454,2025-07-26,size_issue,approved,False,
RETURN_002036,ORDER_024018,BUYER_02424,SELLER_00341,2025-09-15,wrong_item_received,approved,False,
RETURN_002037,ORDER_024026,BUYER_02425,SELLER_00376,2025-06-28,defective,approved,False,
RETURN_002038,ORDER_024033,BUYER_02426,SELLER_00124,2025-11-15,defective,approved,False,
RETURN_002039,ORDER_024067,BUYER_02429,SELLER_00101,2025-09-06,wrong_item_received,approved,False,
RETURN_002040,ORDER_024068,BUYER_02430,SELLER_00237,2025-12-18,changed_mind,approved,False,
RETURN_002041,ORDER_024071,BUYER_02430,SELLER_00466,2025-12-24,changed_mind,approved,False,
RETURN_002042,ORDER_024074,BUYER_02431,SELLER_00309,2025-05-29,defective,approved,False,
RETURN_002043,ORDER_024076,BUYER_02431,SELLER_00164,2025-02-20,changed_mind,approved,False,
RETURN_002044,ORDER_024077,BUYER_02431,SELLER_00171,2025-04-14,changed_mind,approved,False,
RETURN_002045,ORDER_024080,BUYER_02431,SELLER_00258,2025-03-27,changed_mind,approved,False,
RETURN_002046,ORDER_024091,BUYER_02432,SELLER_00442,2025-11-22,defective,approved,False,
RETURN_002047,ORDER_024093,BUYER_02433,SELLER_00277,2025-11-10,defective,approved,False,
RETURN_002048,ORDER_024098,BUYER_02434,SELLER_00492,2025-03-15,changed_mind,approved,False,
RETURN_002049,ORDER_024100,BUYER_02434,SELLER_00269,2025-09-09,changed_mind,approved,False,
RETURN_002050,ORDER_024105,BUYER_02434,SELLER_00237,2025-02-03,changed_mind,approved,False,
RETURN_002051,ORDER_024106,BUYER_02434,SELLER_00163,2025-04-30,changed_mind,approved,False,
RETURN_002052,ORDER_024108,BUYER_02434,SELLER_00073,2025-05-15,size_issue,approved,False,
RETURN_002053,ORDER_024110,BUYER_02434,SELLER_00472,2025-08-14,wrong_item_received,approved,False,
RETURN_002054,ORDER_024115,BUYER_02435,SELLER_00034,2025-05-27,wrong_item_received,approved,False,
RETURN_002055,ORDER_024124,BUYER_02435,SELLER_00175,2025-05-29,size_issue,approved,False,
RETURN_002056,ORDER_024125,BUYER_02435,SELLER_00341,2025-05-27,defective,approved,False,
RETURN_002057,ORDER_024127,BUYER_02435,SELLER_00329,2025-11-29,changed_mind,approved,False,
RETURN_002058,ORDER_024130,BUYER_02435,SELLER_00129,2025-10-12,defective,approved,False,
RETURN_002059,ORDER_024135,BUYER_02436,SELLER_00073,2025-09-21,changed_mind,approved,False,
RETURN_002060,ORDER_024139,BUYER_02436,SELLER_00472,2025-09-07,changed_mind,approved,False,
RETURN_002061,ORDER_024170,BUYER_02441,SELLER_00043,2025-12-31,defective,approved,False,
RETURN_002062,ORDER_024175,BUYER_02442,SELLER_00292,2025-10-24,defective,approved,False,
RETURN_002063,ORDER_024191,BUYER_02444,SELLER_00310,2025-09-20,defective,approved,False,
RETURN_002064,ORDER_024193,BUYER_02444,SELLER_00399,2025-10-28,changed_mind,approved,False,
RETURN_002065,ORDER_024200,BUYER_02444,SELLER_00353,2025-10-30,defective,approved,False,
RETURN_002066,ORDER_024205,BUYER_02445,SELLER_00146,2025-12-22,wrong_item_received,approved,False,
RETURN_002067,ORDER_024207,BUYER_02445,SELLER_00016,2025-12-18,wrong_item_received,approved,False,
RETURN_002068,ORDER_024208,BUYER_02445,SELLER_00101,2025-12-16,size_issue,approved,False,
RETURN_002069,ORDER_024209,BUYER_02445,SELLER_00041,2025-12-23,defective,approved,False,
RETURN_002070,ORDER_024210,BUYER_02445,SELLER_00411,2025-12-22,changed_mind,approved,False,
RETURN_002071,ORDER_024211,BUYER_02445,SELLER_00019,2025-12-03,changed_mind,approved,False,
RETURN_002072,ORDER_024236,BUYER_02447,SELLER_00101,2025-09-14,changed_mind,approved,False,
RETURN_002073,ORDER_024238,BUYER_02448,SELLER_00247,2025-10-30,changed_mind,approved,False,
RETURN_002074,ORDER_024278,BUYER_02451,SELLER_00135,2025-12-22,defective,approved,False,
RETURN_002075,ORDER_024300,BUYER_02452,SELLER_00229,2025-08-24,defective,approved,False,
RETURN_002076,ORDER_024335,BUYER_02455,SELLER_00155,2025-11-06,defective,approved,False,
RETURN_002077,ORDER_024340,BUYER_02455,SELLER_00122,2025-04-14,wrong_item_received,approved,False,
RETURN_002078,ORDER_024362,BUYER_02456,SELLER_00468,2025-11-14,defective,approved,False,
RETURN_002079,ORDER_024372,BUYER_02457,SELLER_00314,2025-02-15,changed_mind,approved,False,
RETURN_002080,ORDER_024392,BUYER_02457,SELLER_00034,2025-12-28,defective,approved,False,
RETURN_002081,ORDER_024404,BUYER_02457,SELLER_00239,2025-07-07,changed_mind,approved,False,
RETURN_002082,ORDER_024406,BUYER_02457,SELLER_00492,2025-03-17,size_issue,approved,False,
RETURN_002083,ORDER_024446,BUYER_02464,SELLER_00012,2025-11-17,changed_mind,approved,False,
RETURN_002084,ORDER_024453,BUYER_02466,SELLER_00001,2025-10-01,defective,approved,False,
RETURN_002085,ORDER_024463,BUYER_02467,SELLER_00185,2025-11-11,size_issue,approved,False,
RETURN_002086,ORDER_024466,BUYER_02467,SELLER_00100,2025-12-31,wrong_item_received,approved,False,
RETURN_002087,ORDER_024469,BUYER_02467,SELLER_00101,2025-10-09,size_issue,approved,False,
RETURN_002088,ORDER_024479,BUYER_02469,SELLER_00066,2025-06-17,changed_mind,approved,False,
RETURN_002089,ORDER_024482,BUYER_02469,SELLER_00399,2025-11-08,changed_mind,approved,False,
RETURN_002090,ORDER_024485,BUYER_02470,SELLER_00275,2025-12-02,size_issue,approved,False,
RETURN_002091,ORDER_024493,BUYER_02471,SELLER_00347,2025-04-13,defective,approved,False,
RETURN_002092,ORDER_024521,BUYER_02473,SELLER_00200,2025-09-25,wrong_item_received,approved,False,
RETURN_002093,ORDER_024532,BUYER_02474,SELLER_00381,2025-11-23,wrong_item_received,approved,True,return_abuse
RETURN_002094,ORDER_024553,BUYER_02476,SELLER_00307,2025-11-11,defective,approved,False,
RETURN_002095,ORDER_024558,BUYER_02476,SELLER_00197,2025-05-10,changed_mind,approved,False,
RETURN_002096,ORDER_024564,BUYER_02477,SELLER_00472,2025-09-23,changed_mind,approved,False,
RETURN_002097,ORDER_024568,BUYER_02477,SELLER_00378,2025-08-08,wrong_item_received,approved,False,
RETURN_002098,ORDER_024574,BUYER_02477,SELLER_00084,2025-09-09,wrong_item_received,approved,False,
RETURN_002099,ORDER_024579,BUYER_02477,SELLER_00491,2025-11-18,changed_mind,approved,False,
RETURN_002100,ORDER_024580,BUYER_02477,SELLER_00277,2025-10-05,defective,approved,False,
RETURN_002101,ORDER_024582,BUYER_02477,SELLER_00119,2025-12-19,size_issue,approved,False,
RETURN_002102,ORDER_024583,BUYER_02477,SELLER_00419,2025-09-01,wrong_item_received,approved,False,
RETURN_002103,ORDER_024616,BUYER_02484,SELLER_00455,2025-10-17,wrong_item_received,approved,False,
RETURN_002104,ORDER_024645,BUYER_02488,SELLER_00016,2025-09-15,size_issue,approved,False,
RETURN_002105,ORDER_024647,BUYER_02488,SELLER_00313,2025-09-03,changed_mind,approved,False,
RETURN_002106,ORDER_024648,BUYER_02488,SELLER_00123,2025-09-12,changed_mind,approved,False,
RETURN_002107,ORDER_024649,BUYER_02488,SELLER_00130,2025-09-01,defective,approved,False,
RETURN_002108,ORDER_024654,BUYER_02488,SELLER_00455,2025-07-30,defective,approved,False,
RETURN_002109,ORDER_024697,BUYER_02492,SELLER_00061,2025-12-20,changed_mind,approved,False,
RETURN_002110,ORDER_024712,BUYER_02492,SELLER_00313,2025-11-04,defective,approved,False,
RETURN_002111,ORDER_024729,BUYER_02493,SELLER_00358,2025-10-02,changed_mind,approved,False,
RETURN_002112,ORDER_024741,BUYER_02495,SELLER_00154,2025-09-03,wrong_item_received,approved,False,
RETURN_002113,ORDER_024760,BUYER_02496,SELLER_00314,2025-12-31,wrong_item_received,approved,False,
RETURN_002114,ORDER_024761,BUYER_02496,SELLER_00108,2025-12-20,size_issue,approved,False,
RETURN_002115,ORDER_024765,BUYER_02496,SELLER_00275,2025-12-27,size_issue,approved,False,
RETURN_002116,ORDER_024774,BUYER_02498,SELLER_00231,2025-09-24,wrong_item_received,approved,False,
RETURN_002117,ORDER_024795,BUYER_02503,SELLER_00462,2025-12-31,size_issue,approved,False,
RETURN_002118,ORDER_024803,BUYER_02504,SELLER_00334,2025-12-21,size_issue,approved,False,
RETURN_002119,ORDER_024805,BUYER_02504,SELLER_00036,2025-12-08,wrong_item_received,approved,False,
RETURN_002120,ORDER_024807,BUYER_02504,SELLER_00121,2025-11-29,defective,approved,False,
RETURN_002121,ORDER_024810,BUYER_02504,SELLER_00285,2025-12-06,wrong_item_received,approved,False,
RETURN_002122,ORDER_024812,BUYER_02504,SELLER_00491,2025-12-13,defective,approved,False,
RETURN_002123,ORDER_024830,BUYER_02506,SELLER_00347,2025-12-29,size_issue,approved,False,
RETURN_002124,ORDER_024853,BUYER_02508,SELLER_00459,2025-11-11,wrong_item_received,approved,False,
RETURN_002125,ORDER_024884,BUYER_02510,SELLER_00024,2025-07-12,changed_mind,approved,False,
RETURN_002126,ORDER_024888,BUYER_02511,SELLER_00249,2025-12-25,changed_mind,approved,False,
RETURN_002127,ORDER_024898,BUYER_02512,SELLER_00393,2025-06-06,changed_mind,approved,False,
RETURN_002128,ORDER_024915,BUYER_02515,SELLER_00322,2025-11-15,changed_mind,approved,False,
RETURN_002129,ORDER_024952,BUYER_02519,SELLER_00476,2025-09-05,size_issue,approved,False,
RETURN_002130,ORDER_024953,BUYER_02519,SELLER_00392,2025-12-08,changed_mind,approved,False,
RETURN_002131,ORDER_024954,BUYER_02519,SELLER_00324,2025-12-01,defective,approved,False,
RETURN_002132,ORDER_024956,BUYER_02519,SELLER_00471,2025-09-04,defective,approved,False,
RETURN_002133,ORDER_024960,BUYER_02519,SELLER_00173,2025-09-29,wrong_item_received,approved,False,
RETURN_002134,ORDER_024987,BUYER_02523,SELLER_00047,2025-12-31,defective,approved,False,
RETURN_002135,ORDER_024988,BUYER_02523,SELLER_00275,2025-12-20,size_issue,approved,False,
RETURN_002136,ORDER_024998,BUYER_02524,SELLER_00289,2025-12-02,changed_mind,approved,False,
RETURN_002137,ORDER_025055,BUYER_02527,SELLER_00473,2025-12-31,defective,approved,False,
RETURN_002138,ORDER_025083,BUYER_02530,SELLER_00153,2025-07-14,defective,approved,False,
RETURN_002139,ORDER_025109,BUYER_02531,SELLER_00436,2025-08-28,defective,approved,False,
RETURN_002140,ORDER_025114,BUYER_02532,SELLER_00246,2025-12-31,wrong_item_received,approved,False,
RETURN_002141,ORDER_025117,BUYER_02532,SELLER_00341,2025-10-20,defective,approved,False,
RETURN_002142,ORDER_025121,BUYER_02532,SELLER_00237,2025-12-28,defective,approved,False,
RETURN_002143,ORDER_025124,BUYER_02533,SELLER_00344,2025-12-08,size_issue,approved,False,
RETURN_002144,ORDER_025146,BUYER_02535,SELLER_00399,2025-12-04,size_issue,approved,False,
RETURN_002145,ORDER_025147,BUYER_02535,SELLER_00400,2025-12-25,changed_mind,approved,False,
RETURN_002146,ORDER_025156,BUYER_02535,SELLER_00375,2025-11-30,changed_mind,approved,False,
RETURN_002147,ORDER_025176,BUYER_02537,SELLER_00260,2025-11-07,changed_mind,approved,False,
RETURN_002148,ORDER_025177,BUYER_02537,SELLER_00157,2025-12-11,size_issue,approved,False,
RETURN_002149,ORDER_025197,BUYER_02539,SELLER_00112,2025-07-02,defective,approved,False,
RETURN_002150,ORDER_025201,BUYER_02540,SELLER_00267,2025-06-22,defective,approved,False,
RETURN_002151,ORDER_025203,BUYER_02540,SELLER_00176,2025-03-17,wrong_item_received,approved,False,
RETURN_002152,ORDER_025209,BUYER_02540,SELLER_00237,2025-10-08,changed_mind,approved,False,
RETURN_002153,ORDER_025214,BUYER_02541,SELLER_00176,2025-08-25,changed_mind,approved,False,
RETURN_002154,ORDER_025218,BUYER_02542,SELLER_00417,2025-08-28,defective,approved,False,
RETURN_002155,ORDER_025235,BUYER_02545,SELLER_00131,2025-02-01,changed_mind,approved,False,
RETURN_002156,ORDER_025254,BUYER_02546,SELLER_00042,2025-12-31,changed_mind,approved,False,
RETURN_002157,ORDER_025263,BUYER_02549,SELLER_00477,2025-09-19,defective,approved,False,
RETURN_002158,ORDER_025286,BUYER_02553,SELLER_00156,2025-07-21,wrong_item_received,approved,False,
RETURN_002159,ORDER_025343,BUYER_02560,SELLER_00416,2025-05-18,wrong_item_received,approved,False,
RETURN_002160,ORDER_025345,BUYER_02561,SELLER_00455,2025-04-10,changed_mind,approved,False,
RETURN_002161,ORDER_025376,BUYER_02566,SELLER_00263,2025-12-11,wrong_item_received,approved,False,
RETURN_002162,ORDER_025381,BUYER_02566,SELLER_00016,2025-12-18,defective,approved,False,
RETURN_002163,ORDER_025382,BUYER_02566,SELLER_00112,2025-12-31,wrong_item_received,approved,False,
RETURN_002164,ORDER_025383,BUYER_02566,SELLER_00080,2025-12-30,wrong_item_received,approved,False,
RETURN_002165,ORDER_025384,BUYER_02566,SELLER_00491,2025-12-22,size_issue,approved,False,
RETURN_002166,ORDER_025385,BUYER_02566,SELLER_00420,2025-12-31,changed_mind,approved,False,
RETURN_002167,ORDER_025387,BUYER_02566,SELLER_00492,2025-12-31,wrong_item_received,approved,False,
RETURN_002168,ORDER_025402,BUYER_02569,SELLER_00455,2025-09-11,defective,approved,False,
RETURN_002169,ORDER_025404,BUYER_02569,SELLER_00302,2025-09-08,changed_mind,approved,False,
RETURN_002170,ORDER_025415,BUYER_02569,SELLER_00016,2025-12-26,changed_mind,approved,False,
RETURN_002171,ORDER_025432,BUYER_02570,SELLER_00143,2025-12-26,size_issue,approved,False,
RETURN_002172,ORDER_025443,BUYER_02572,SELLER_00417,2025-11-25,changed_mind,approved,False,
RETURN_002173,ORDER_025449,BUYER_02573,SELLER_00087,2025-05-25,changed_mind,approved,False,
RETURN_002174,ORDER_025468,BUYER_02576,SELLER_00121,2025-09-21,defective,approved,False,
RETURN_002175,ORDER_025477,BUYER_02578,SELLER_00233,2025-12-09,defective,approved,False,
RETURN_002176,ORDER_025479,BUYER_02578,SELLER_00297,2025-12-02,size_issue,approved,False,
RETURN_002177,ORDER_025481,BUYER_02578,SELLER_00084,2025-12-31,defective,approved,False,
RETURN_002178,ORDER_025487,BUYER_02578,SELLER_00459,2025-12-27,defective,approved,False,
RETURN_002179,ORDER_025499,BUYER_02579,SELLER_00166,2025-12-06,changed_mind,approved,False,
RETURN_002180,ORDER_025560,BUYER_02586,SELLER_00174,2025-10-23,changed_mind,approved,False,
RETURN_002181,ORDER_025563,BUYER_02586,SELLER_00036,2025-10-22,defective,approved,False,
RETURN_002182,ORDER_025570,BUYER_02586,SELLER_00420,2025-10-01,wrong_item_received,approved,False,
RETURN_002183,ORDER_025573,BUYER_02586,SELLER_00347,2025-11-02,size_issue,approved,False,
RETURN_002184,ORDER_025580,BUYER_02587,SELLER_00319,2025-12-26,defective,approved,False,
RETURN_002185,ORDER_025583,BUYER_02587,SELLER_00054,2025-12-02,changed_mind,approved,False,
RETURN_002186,ORDER_025640,BUYER_02593,SELLER_00119,2025-06-13,changed_mind,approved,False,
RETURN_002187,ORDER_025656,BUYER_02594,SELLER_00028,2025-12-13,defective,approved,False,
RETURN_002188,ORDER_025676,BUYER_02595,SELLER_00420,2025-12-15,changed_mind,approved,False,
RETURN_002189,ORDER_025734,BUYER_02603,SELLER_00455,2025-08-22,changed_mind,approved,False,
RETURN_002190,ORDER_025743,BUYER_02605,SELLER_00198,2025-07-14,wrong_item_received,approved,False,
RETURN_002191,ORDER_025750,BUYER_02605,SELLER_00183,2025-11-01,changed_mind,approved,False,
RETURN_002192,ORDER_025751,BUYER_02605,SELLER_00316,2025-07-18,defective,approved,False,
RETURN_002193,ORDER_025755,BUYER_02605,SELLER_00067,2025-12-24,defective,approved,False,
RETURN_002194,ORDER_025759,BUYER_02606,SELLER_00188,2025-11-01,changed_mind,approved,False,
RETURN_002195,ORDER_025761,BUYER_02606,SELLER_00158,2025-11-15,wrong_item_received,approved,False,
RETURN_002196,ORDER_025764,BUYER_02606,SELLER_00430,2025-11-07,size_issue,approved,False,
RETURN_002197,ORDER_025766,BUYER_02606,SELLER_00178,2025-12-31,changed_mind,approved,False,
RETURN_002198,ORDER_025772,BUYER_02607,SELLER_00211,2025-07-14,size_issue,approved,False,
RETURN_002199,ORDER_025785,BUYER_02609,SELLER_00266,2025-10-27,defective,approved,False,
RETURN_002200,ORDER_025800,BUYER_02613,SELLER_00158,2025-07-24,wrong_item_received,approved,False,
RETURN_002201,ORDER_025801,BUYER_02613,SELLER_00112,2025-06-04,changed_mind,approved,False,
RETURN_002202,ORDER_025802,BUYER_02613,SELLER_00343,2025-09-24,changed_mind,approved,False,
RETURN_002203,ORDER_025806,BUYER_02614,SELLER_00143,2025-07-20,changed_mind,approved,False,
RETURN_002204,ORDER_025816,BUYER_02616,SELLER_00174,2025-11-15,changed_mind,approved,False,
RETURN_002205,ORDER_025828,BUYER_02617,SELLER_00376,2025-09-29,wrong_item_received,approved,False,
RETURN_002206,ORDER_025845,BUYER_02620,SELLER_00321,2025-06-19,changed_mind,approved,False,
RETURN_002207,ORDER_025850,BUYER_02620,SELLER_00099,2025-10-18,defective,approved,False,
RETURN_002208,ORDER_025851,BUYER_02620,SELLER_00438,2025-10-15,wrong_item_received,approved,False,
RETURN_002209,ORDER_025853,BUYER_02620,SELLER_00438,2025-07-04,changed_mind,approved,False,
RETURN_002210,ORDER_025856,BUYER_02620,SELLER_00164,2025-08-30,wrong_item_received,approved,False,
RETURN_002211,ORDER_025920,BUYER_02628,SELLER_00265,2025-05-04,changed_mind,approved,False,
RETURN_002212,ORDER_025921,BUYER_02628,SELLER_00478,2025-04-16,changed_mind,approved,False,
RETURN_002213,ORDER_025926,BUYER_02629,SELLER_00024,2025-12-05,wrong_item_received,approved,False,
RETURN_002214,ORDER_025930,BUYER_02629,SELLER_00040,2025-11-05,changed_mind,approved,False,
RETURN_002215,ORDER_025931,BUYER_02629,SELLER_00195,2025-10-04,size_issue,approved,False,
RETURN_002216,ORDER_025940,BUYER_02629,SELLER_00424,2025-08-01,size_issue,approved,False,
RETURN_002217,ORDER_025944,BUYER_02630,SELLER_00012,2025-07-03,changed_mind,approved,False,
RETURN_002218,ORDER_025948,BUYER_02630,SELLER_00232,2025-06-19,size_issue,approved,False,
RETURN_002219,ORDER_025958,BUYER_02631,SELLER_00468,2025-02-22,changed_mind,approved,False,
RETURN_002220,ORDER_025962,BUYER_02632,SELLER_00188,2025-07-25,changed_mind,approved,False,
RETURN_002221,ORDER_025966,BUYER_02633,SELLER_00440,2025-06-16,size_issue,approved,False,
RETURN_002222,ORDER_026032,BUYER_02640,SELLER_00016,2025-10-29,changed_mind,approved,False,
RETURN_002223,ORDER_026040,BUYER_02641,SELLER_00341,2025-11-13,defective,approved,False,
RETURN_002224,ORDER_026077,BUYER_02648,SELLER_00016,2025-11-22,changed_mind,approved,False,
RETURN_002225,ORDER_026080,BUYER_02648,SELLER_00164,2025-11-13,wrong_item_received,approved,False,
RETURN_002226,ORDER_026101,BUYER_02650,SELLER_00016,2025-07-05,size_issue,approved,False,
RETURN_002227,ORDER_026104,BUYER_02650,SELLER_00421,2025-12-18,size_issue,approved,False,
RETURN_002228,ORDER_026113,BUYER_02652,SELLER_00067,2025-11-15,changed_mind,approved,False,
RETURN_002229,ORDER_026121,BUYER_02654,SELLER_00320,2025-12-27,wrong_item_received,approved,False,
RETURN_002230,ORDER_026124,BUYER_02655,SELLER_00361,2025-08-22,changed_mind,approved,False,
RETURN_002231,ORDER_026141,BUYER_02656,SELLER_00356,2025-09-06,changed_mind,approved,False,
RETURN_002232,ORDER_026159,BUYER_02658,SELLER_00008,2025-12-21,defective,approved,False,
RETURN_002233,ORDER_026167,BUYER_02660,SELLER_00326,2025-11-02,changed_mind,approved,False,
RETURN_002234,ORDER_026171,BUYER_02660,SELLER_00324,2025-12-26,changed_mind,approved,False,
RETURN_002235,ORDER_026185,BUYER_02662,SELLER_00277,2025-12-13,wrong_item_received,approved,False,
RETURN_002236,ORDER_026197,BUYER_02664,SELLER_00373,2025-12-08,changed_mind,approved,False,
RETURN_002237,ORDER_026218,BUYER_02665,SELLER_00221,2025-10-25,wrong_item_received,approved,False,
RETURN_002238,ORDER_026265,BUYER_02669,SELLER_00049,2025-12-15,wrong_item_received,approved,False,
RETURN_002239,ORDER_026283,BUYER_02670,SELLER_00077,2025-11-03,changed_mind,approved,False,
RETURN_002240,ORDER_026304,BUYER_02673,SELLER_00340,2025-09-25,changed_mind,approved,False,
RETURN_002241,ORDER_026339,BUYER_02677,SELLER_00449,2025-05-18,defective,approved,False,
RETURN_002242,ORDER_026348,BUYER_02678,SELLER_00185,2025-10-03,changed_mind,approved,False,
RETURN_002243,ORDER_026353,BUYER_02679,SELLER_00374,2025-08-10,defective,approved,False,
RETURN_002244,ORDER_026355,BUYER_02680,SELLER_00417,2025-08-30,defective,approved,False,
RETURN_002245,ORDER_026356,BUYER_02680,SELLER_00285,2025-10-02,changed_mind,approved,False,
RETURN_002246,ORDER_026357,BUYER_02680,SELLER_00358,2025-09-11,changed_mind,approved,False,
RETURN_002247,ORDER_026429,BUYER_02686,SELLER_00412,2025-08-11,changed_mind,approved,False,
RETURN_002248,ORDER_026438,BUYER_02687,SELLER_00210,2025-06-06,changed_mind,approved,False,
RETURN_002249,ORDER_026461,BUYER_02692,SELLER_00172,2025-12-08,defective,approved,False,
RETURN_002250,ORDER_026463,BUYER_02693,SELLER_00489,2025-12-05,size_issue,approved,False,
RETURN_002251,ORDER_026469,BUYER_02694,SELLER_00054,2025-11-01,wrong_item_received,approved,False,
RETURN_002252,ORDER_026474,BUYER_02695,SELLER_00459,2025-03-28,defective,approved,False,
RETURN_002253,ORDER_026481,BUYER_02695,SELLER_00122,2025-12-06,defective,approved,False,
RETURN_002254,ORDER_026603,BUYER_02710,SELLER_00203,2025-10-27,defective,approved,False,
RETURN_002255,ORDER_026604,BUYER_02710,SELLER_00313,2025-04-18,size_issue,approved,False,
RETURN_002256,ORDER_026608,BUYER_02710,SELLER_00326,2025-06-01,defective,approved,False,
RETURN_002257,ORDER_026610,BUYER_02710,SELLER_00347,2025-11-08,changed_mind,approved,False,
RETURN_002258,ORDER_026613,BUYER_02710,SELLER_00192,2025-07-12,defective,approved,False,
RETURN_002259,ORDER_026614,BUYER_02710,SELLER_00399,2025-08-04,wrong_item_received,approved,False,
RETURN_002260,ORDER_026617,BUYER_02710,SELLER_00016,2025-11-24,changed_mind,approved,False,
RETURN_002261,ORDER_026618,BUYER_02710,SELLER_00094,2025-07-21,size_issue,approved,False,
RETURN_002262,ORDER_026621,BUYER_02710,SELLER_00147,2025-09-30,changed_mind,approved,False,
RETURN_002263,ORDER_026645,BUYER_02711,SELLER_00021,2025-04-20,size_issue,approved,False,
RETURN_002264,ORDER_026652,BUYER_02713,SELLER_00374,2025-11-11,defective,approved,False,
RETURN_002265,ORDER_026657,BUYER_02713,SELLER_00231,2025-11-28,size_issue,approved,False,
RETURN_002266,ORDER_026658,BUYER_02714,SELLER_00135,2025-12-31,defective,approved,False,
RETURN_002267,ORDER_026660,BUYER_02714,SELLER_00084,2025-12-06,changed_mind,approved,False,
RETURN_002268,ORDER_026661,BUYER_02714,SELLER_00387,2025-12-01,size_issue,approved,False,
RETURN_002269,ORDER_026664,BUYER_02714,SELLER_00313,2025-07-30,defective,approved,False,
RETURN_002270,ORDER_026710,BUYER_02719,SELLER_00316,2025-03-12,changed_mind,approved,False,
RETURN_002271,ORDER_026712,BUYER_02719,SELLER_00261,2025-10-01,changed_mind,approved,False,
RETURN_002272,ORDER_026716,BUYER_02719,SELLER_00333,2025-04-15,changed_mind,approved,False,
RETURN_002273,ORDER_026719,BUYER_02719,SELLER_00470,2025-08-19,defective,approved,False,
RETURN_002274,ORDER_026723,BUYER_02719,SELLER_00202,2025-10-25,changed_mind,approved,False,
RETURN_002275,ORDER_026733,BUYER_02721,SELLER_00101,2025-10-03,defective,approved,False,
RETURN_002276,ORDER_026747,BUYER_02721,SELLER_00437,2025-01-19,wrong_item_received,approved,False,
RETURN_002277,ORDER_026755,BUYER_02722,SELLER_00472,2025-06-30,wrong_item_received,approved,False,
RETURN_002278,ORDER_026766,BUYER_02723,SELLER_00001,2025-12-31,size_issue,approved,False,
RETURN_002279,ORDER_026795,BUYER_02726,SELLER_00142,2025-11-16,size_issue,approved,False,
RETURN_002280,ORDER_026798,BUYER_02727,SELLER_00113,2025-12-08,defective,approved,False,
RETURN_002281,ORDER_026806,BUYER_02728,SELLER_00426,2025-10-06,size_issue,approved,False,
RETURN_002282,ORDER_026807,BUYER_02728,SELLER_00107,2025-10-16,size_issue,approved,False,
RETURN_002283,ORDER_026812,BUYER_02728,SELLER_00450,2025-12-18,changed_mind,approved,False,
RETURN_002284,ORDER_026845,BUYER_02730,SELLER_00423,2025-05-21,size_issue,approved,False,
RETURN_002285,ORDER_026867,BUYER_02731,SELLER_00376,2025-12-25,size_issue,approved,False,
RETURN_002286,ORDER_026877,BUYER_02731,SELLER_00016,2025-12-15,size_issue,approved,False,
RETURN_002287,ORDER_026891,BUYER_02733,SELLER_00238,2025-11-08,size_issue,approved,False,
RETURN_002288,ORDER_026913,BUYER_02735,SELLER_00441,2025-06-21,wrong_item_received,approved,False,
RETURN_002289,ORDER_026935,BUYER_02738,SELLER_00026,2025-06-17,changed_mind,approved,False,
RETURN_002290,ORDER_026941,BUYER_02738,SELLER_00438,2025-05-14,changed_mind,approved,False,
RETURN_002291,ORDER_026942,BUYER_02739,SELLER_00419,2025-09-25,defective,approved,False,
RETURN_002292,ORDER_026945,BUYER_02739,SELLER_00435,2025-10-23,size_issue,approved,False,
RETURN_002293,ORDER_026954,BUYER_02739,SELLER_00267,2025-06-29,size_issue,approved,False,
RETURN_002294,ORDER_026955,BUYER_02739,SELLER_00317,2025-04-15,defective,approved,False,
RETURN_002295,ORDER_026957,BUYER_02740,SELLER_00003,2025-02-04,changed_mind,approved,False,
RETURN_002296,ORDER_026958,BUYER_02740,SELLER_00437,2025-02-13,defective,approved,False,
RETURN_002297,ORDER_026961,BUYER_02740,SELLER_00040,2025-04-28,changed_mind,approved,False,
RETURN_002298,ORDER_026963,BUYER_02740,SELLER_00483,2025-02-23,changed_mind,approved,False,
RETURN_002299,ORDER_026964,BUYER_02740,SELLER_00371,2025-01-27,defective,approved,False,
RETURN_002300,ORDER_026968,BUYER_02740,SELLER_00050,2025-08-14,wrong_item_received,approved,False,
RETURN_002301,ORDER_026970,BUYER_02740,SELLER_00407,2025-12-28,size_issue,approved,False,
RETURN_002302,ORDER_026974,BUYER_02740,SELLER_00044,2025-03-14,changed_mind,approved,False,
RETURN_002303,ORDER_027020,BUYER_02748,SELLER_00238,2025-11-28,size_issue,approved,False,
RETURN_002304,ORDER_027021,BUYER_02748,SELLER_00476,2025-09-28,changed_mind,approved,False,
RETURN_002305,ORDER_027042,BUYER_02750,SELLER_00188,2025-05-11,wrong_item_received,approved,False,
RETURN_002306,ORDER_027048,BUYER_02751,SELLER_00174,2025-03-22,changed_mind,approved,False,
RETURN_002307,ORDER_027054,BUYER_02751,SELLER_00249,2025-09-27,size_issue,approved,False,
RETURN_002308,ORDER_027084,BUYER_02754,SELLER_00305,2025-12-16,defective,approved,False,
RETURN_002309,ORDER_027103,BUYER_02757,SELLER_00368,2025-12-31,size_issue,approved,False,
RETURN_002310,ORDER_027105,BUYER_02757,SELLER_00036,2025-12-31,size_issue,approved,False,
RETURN_002311,ORDER_027127,BUYER_02760,SELLER_00338,2025-12-20,size_issue,approved,False,
RETURN_002312,ORDER_027128,BUYER_02760,SELLER_00320,2025-12-18,changed_mind,approved,False,
RETURN_002313,ORDER_027131,BUYER_02760,SELLER_00021,2025-12-11,size_issue,approved,False,
RETURN_002314,ORDER_027133,BUYER_02760,SELLER_00468,2025-12-31,changed_mind,approved,False,
RETURN_002315,ORDER_027166,BUYER_02763,SELLER_00313,2025-09-06,size_issue,approved,False,
RETURN_002316,ORDER_027215,BUYER_02763,SELLER_00309,2025-08-25,wrong_item_received,approved,False,
RETURN_002317,ORDER_027244,BUYER_02766,SELLER_00017,2025-07-22,changed_mind,approved,False,
RETURN_002318,ORDER_027245,BUYER_02766,SELLER_00438,2025-06-29,wrong_item_received,approved,False,
RETURN_002319,ORDER_027266,BUYER_02766,SELLER_00374,2025-08-27,changed_mind,approved,False,
RETURN_002320,ORDER_027271,BUYER_02767,SELLER_00124,2025-12-02,size_issue,approved,False,
RETURN_002321,ORDER_027276,BUYER_02768,SELLER_00077,2025-12-31,size_issue,approved,False,
RETURN_002322,ORDER_027289,BUYER_02769,SELLER_00426,2025-11-17,wrong_item_received,approved,False,
RETURN_002323,ORDER_027308,BUYER_02770,SELLER_00083,2025-08-14,size_issue,approved,False,
RETURN_002324,ORDER_027359,BUYER_02771,SELLER_00298,2025-05-25,wrong_item_received,approved,True,return_abuse
RETURN_002325,ORDER_027364,BUYER_02772,SELLER_00474,2025-11-11,changed_mind,approved,False,
RETURN_002326,ORDER_027422,BUYER_02774,SELLER_00065,2025-12-20,defective,approved,False,
RETURN_002327,ORDER_027468,BUYER_02776,SELLER_00063,2025-11-29,changed_mind,approved,False,
RETURN_002328,ORDER_027471,BUYER_02777,SELLER_00028,2025-06-03,changed_mind,approved,False,
RETURN_002329,ORDER_027494,BUYER_02778,SELLER_00376,2025-11-25,changed_mind,approved,False,
RETURN_002330,ORDER_027539,BUYER_02781,SELLER_00013,2025-05-02,size_issue,approved,False,
RETURN_002331,ORDER_027549,BUYER_02781,SELLER_00022,2025-07-02,wrong_item_received,approved,False,
RETURN_002332,ORDER_027563,BUYER_02783,SELLER_00298,2025-12-10,changed_mind,approved,False,
RETURN_002333,ORDER_027571,BUYER_02784,SELLER_00083,2025-10-09,defective,approved,False,
RETURN_002334,ORDER_027591,BUYER_02787,SELLER_00295,2025-08-02,size_issue,approved,False,
RETURN_002335,ORDER_027594,BUYER_02787,SELLER_00173,2025-08-30,size_issue,approved,False,
RETURN_002336,ORDER_027599,BUYER_02787,SELLER_00203,2025-09-16,changed_mind,approved,False,
RETURN_002337,ORDER_027603,BUYER_02787,SELLER_00203,2025-08-06,wrong_item_received,approved,False,
RETURN_002338,ORDER_027604,BUYER_02787,SELLER_00488,2025-07-14,size_issue,approved,False,
RETURN_002339,ORDER_027609,BUYER_02787,SELLER_00231,2025-04-30,defective,approved,False,
RETURN_002340,ORDER_027632,BUYER_02790,SELLER_00422,2025-10-11,size_issue,approved,False,
RETURN_002341,ORDER_027657,BUYER_02793,SELLER_00112,2025-08-01,changed_mind,approved,False,
RETURN_002342,ORDER_027663,BUYER_02794,SELLER_00135,2025-09-02,changed_mind,approved,False,
RETURN_002343,ORDER_027670,BUYER_02795,SELLER_00126,2025-07-10,wrong_item_received,approved,False,
RETURN_002344,ORDER_027676,BUYER_02795,SELLER_00238,2025-12-06,size_issue,approved,False,
RETURN_002345,ORDER_027685,BUYER_02796,SELLER_00185,2025-11-29,changed_mind,approved,False,
RETURN_002346,ORDER_027697,BUYER_02797,SELLER_00379,2025-10-01,changed_mind,approved,False,
RETURN_002347,ORDER_027701,BUYER_02797,SELLER_00080,2025-05-20,defective,approved,False,
RETURN_002348,ORDER_027717,BUYER_02797,SELLER_00034,2025-04-27,defective,approved,False,
RETURN_002349,ORDER_027765,BUYER_02804,SELLER_00001,2025-11-04,changed_mind,approved,False,
RETURN_002350,ORDER_027767,BUYER_02805,SELLER_00036,2025-03-13,size_issue,approved,False,
RETURN_002351,ORDER_027769,BUYER_02805,SELLER_00016,2025-07-21,changed_mind,approved,False,
RETURN_002352,ORDER_027777,BUYER_02805,SELLER_00437,2025-08-30,size_issue,approved,False,
RETURN_002353,ORDER_027778,BUYER_02805,SELLER_00375,2025-12-03,defective,approved,False,
RETURN_002354,ORDER_027799,BUYER_02808,SELLER_00178,2025-09-14,changed_mind,approved,False,
RETURN_002355,ORDER_027806,BUYER_02809,SELLER_00083,2025-08-24,changed_mind,approved,False,
RETURN_002356,ORDER_027808,BUYER_02809,SELLER_00221,2025-10-15,changed_mind,approved,False,
RETURN_002357,ORDER_027811,BUYER_02809,SELLER_00474,2025-09-18,size_issue,approved,False,
RETURN_002358,ORDER_027812,BUYER_02809,SELLER_00245,2025-10-11,size_issue,approved,False,
RETURN_002359,ORDER_027817,BUYER_02809,SELLER_00069,2025-08-17,size_issue,approved,False,
RETURN_002360,ORDER_027818,BUYER_02810,SELLER_00441,2025-08-19,changed_mind,approved,False,
RETURN_002361,ORDER_027868,BUYER_02817,SELLER_00436,2025-07-03,changed_mind,approved,False,
RETURN_002362,ORDER_027871,BUYER_02817,SELLER_00231,2025-12-11,changed_mind,approved,False,
RETURN_002363,ORDER_027895,BUYER_02819,SELLER_00289,2025-09-05,size_issue,approved,False,
RETURN_002364,ORDER_027919,BUYER_02821,SELLER_00211,2025-06-26,changed_mind,approved,False,
RETURN_002365,ORDER_027933,BUYER_02824,SELLER_00275,2025-09-13,changed_mind,approved,False,
RETURN_002366,ORDER_027971,BUYER_02830,SELLER_00168,2025-12-23,changed_mind,approved,False,
RETURN_002367,ORDER_027994,BUYER_02832,SELLER_00316,2025-08-06,changed_mind,approved,False,
RETURN_002368,ORDER_028010,BUYER_02834,SELLER_00009,2025-11-01,size_issue,approved,False,
RETURN_002369,ORDER_028015,BUYER_02834,SELLER_00124,2025-12-31,wrong_item_received,approved,False,
RETURN_002370,ORDER_028031,BUYER_02836,SELLER_00363,2025-12-31,defective,approved,False,
RETURN_002371,ORDER_028052,BUYER_02839,SELLER_00142,2025-07-09,defective,approved,False,
RETURN_002372,ORDER_028080,BUYER_02843,SELLER_00498,2025-05-19,defective,approved,False,
RETURN_002373,ORDER_028083,BUYER_02843,SELLER_00016,2025-10-08,defective,approved,False,
RETURN_002374,ORDER_028100,BUYER_02845,SELLER_00421,2025-09-21,size_issue,approved,False,
RETURN_002375,ORDER_028103,BUYER_02845,SELLER_00418,2025-12-03,changed_mind,approved,False,
RETURN_002376,ORDER_028106,BUYER_02845,SELLER_00141,2025-11-27,size_issue,approved,False,
RETURN_002377,ORDER_028116,BUYER_02846,SELLER_00279,2025-04-24,defective,approved,False,
RETURN_002378,ORDER_028125,BUYER_02846,SELLER_00465,2025-10-25,changed_mind,approved,True,return_abuse
RETURN_002379,ORDER_028141,BUYER_02848,SELLER_00095,2025-08-15,defective,approved,False,
RETURN_002380,ORDER_028146,BUYER_02848,SELLER_00417,2025-10-30,size_issue,approved,False,
RETURN_002381,ORDER_028150,BUYER_02849,SELLER_00317,2025-07-12,wrong_item_received,approved,True,return_abuse
RETURN_002382,ORDER_028164,BUYER_02851,SELLER_00260,2025-05-17,changed_mind,approved,False,
RETURN_002383,ORDER_028168,BUYER_02853,SELLER_00233,2025-09-07,defective,approved,False,
RETURN_002384,ORDER_028175,BUYER_02853,SELLER_00087,2025-09-23,size_issue,approved,False,
RETURN_002385,ORDER_028177,BUYER_02853,SELLER_00016,2025-12-03,changed_mind,approved,False,
RETURN_002386,ORDER_028181,BUYER_02853,SELLER_00430,2025-09-28,defective,approved,False,
RETURN_002387,ORDER_028188,BUYER_02853,SELLER_00214,2025-09-11,changed_mind,approved,False,
RETURN_002388,ORDER_028190,BUYER_02853,SELLER_00468,2025-11-03,changed_mind,approved,False,
RETURN_002389,ORDER_028191,BUYER_02853,SELLER_00146,2025-10-04,changed_mind,approved,False,
RETURN_002390,ORDER_028194,BUYER_02853,SELLER_00145,2025-09-29,defective,approved,False,
RETURN_002391,ORDER_028197,BUYER_02853,SELLER_00241,2025-10-09,changed_mind,approved,False,
RETURN_002392,ORDER_028199,BUYER_02853,SELLER_00413,2025-10-07,defective,approved,False,
RETURN_002393,ORDER_028207,BUYER_02854,SELLER_00438,2025-12-05,changed_mind,approved,False,
RETURN_002394,ORDER_028229,BUYER_02856,SELLER_00152,2025-12-20,size_issue,approved,False,
RETURN_002395,ORDER_028252,BUYER_02857,SELLER_00221,2025-11-12,defective,approved,False,
RETURN_002396,ORDER_028255,BUYER_02857,SELLER_00376,2025-12-31,defective,approved,False,
RETURN_002397,ORDER_028273,BUYER_02858,SELLER_00135,2025-07-17,wrong_item_received,approved,False,
RETURN_002398,ORDER_028301,BUYER_02861,SELLER_00016,2025-10-06,changed_mind,approved,False,
RETURN_002399,ORDER_028302,BUYER_02861,SELLER_00277,2025-11-28,defective,approved,False,
RETURN_002400,ORDER_028303,BUYER_02861,SELLER_00358,2025-09-13,wrong_item_received,approved,False,
RETURN_002401,ORDER_028304,BUYER_02861,SELLER_00376,2025-12-31,changed_mind,approved,False,
RETURN_002402,ORDER_028310,BUYER_02861,SELLER_00275,2025-09-26,defective,approved,False,
RETURN_002403,ORDER_028313,BUYER_02861,SELLER_00333,2025-12-09,defective,approved,False,
RETURN_002404,ORDER_028344,BUYER_02864,SELLER_00016,2025-12-24,wrong_item_received,approved,False,
RETURN_002405,ORDER_028346,BUYER_02865,SELLER_00498,2025-12-20,wrong_item_received,approved,False,
RETURN_002406,ORDER_028356,BUYER_02865,SELLER_00148,2025-12-29,changed_mind,approved,False,
RETURN_002407,ORDER_028361,BUYER_02866,SELLER_00116,2025-08-25,wrong_item_received,approved,False,
RETURN_002408,ORDER_028382,BUYER_02869,SELLER_00068,2025-11-30,defective,approved,False,
RETURN_002409,ORDER_028383,BUYER_02869,SELLER_00100,2025-12-04,wrong_item_received,approved,False,
RETURN_002410,ORDER_028404,BUYER_02873,SELLER_00185,2025-09-17,defective,approved,False,
RETURN_002411,ORDER_028406,BUYER_02874,SELLER_00467,2025-12-31,wrong_item_received,approved,False,
RETURN_002412,ORDER_028408,BUYER_02874,SELLER_00275,2025-12-31,defective,approved,False,
RETURN_002413,ORDER_028418,BUYER_02875,SELLER_00271,2025-11-06,defective,approved,False,
RETURN_002414,ORDER_028432,BUYER_02875,SELLER_00126,2025-12-26,defective,approved,False,
RETURN_002415,ORDER_028443,BUYER_02875,SELLER_00040,2025-11-23,defective,approved,False,
RETURN_002416,ORDER_028460,BUYER_02879,SELLER_00294,2025-05-30,size_issue,approved,True,return_abuse
RETURN_002417,ORDER_028464,BUYER_02879,SELLER_00458,2025-11-08,size_issue,approved,True,return_abuse
RETURN_002418,ORDER_028469,BUYER_02880,SELLER_00354,2025-06-15,defective,approved,False,
RETURN_002419,ORDER_028473,BUYER_02880,SELLER_00345,2025-06-09,changed_mind,approved,False,
RETURN_002420,ORDER_028475,BUYER_02881,SELLER_00034,2025-10-07,defective,approved,False,
RETURN_002421,ORDER_028498,BUYER_02885,SELLER_00046,2025-02-18,changed_mind,approved,False,
RETURN_002422,ORDER_028499,BUYER_02885,SELLER_00324,2025-04-12,defective,approved,False,
RETURN_002423,ORDER_028502,BUYER_02885,SELLER_00374,2025-10-19,changed_mind,approved,False,
RETURN_002424,ORDER_028543,BUYER_02891,SELLER_00465,2025-11-18,size_issue,approved,False,
RETURN_002425,ORDER_028552,BUYER_02892,SELLER_00095,2025-12-04,size_issue,approved,False,
RETURN_002426,ORDER_028554,BUYER_02893,SELLER_00233,2025-12-31,changed_mind,approved,False,
RETURN_002427,ORDER_028558,BUYER_02893,SELLER_00123,2025-11-18,defective,approved,False,
RETURN_002428,ORDER_028562,BUYER_02893,SELLER_00200,2025-11-21,changed_mind,approved,False,
RETURN_002429,ORDER_028564,BUYER_02893,SELLER_00158,2025-11-08,changed_mind,approved,False,
RETURN_002430,ORDER_028565,BUYER_02893,SELLER_00216,2025-12-11,changed_mind,approved,False,
RETURN_002431,ORDER_028594,BUYER_02896,SELLER_00275,2025-11-16,defective,approved,False,
RETURN_002432,ORDER_028597,BUYER_02897,SELLER_00471,2025-10-15,changed_mind,approved,False,
RETURN_002433,ORDER_028601,BUYER_02897,SELLER_00291,2025-10-04,defective,approved,False,
RETURN_002434,ORDER_028603,BUYER_02897,SELLER_00363,2025-08-22,defective,approved,False,
RETURN_002435,ORDER_028604,BUYER_02897,SELLER_00155,2025-11-25,size_issue,approved,False,
RETURN_002436,ORDER_028607,BUYER_02897,SELLER_00313,2025-11-13,size_issue,approved,False,
RETURN_002437,ORDER_028608,BUYER_02897,SELLER_00314,2025-08-05,defective,approved,False,
RETURN_002438,ORDER_028611,BUYER_02897,SELLER_00472,2025-12-22,wrong_item_received,approved,False,
RETURN_002439,ORDER_028632,BUYER_02901,SELLER_00172,2025-09-21,changed_mind,approved,False,
RETURN_002440,ORDER_028641,BUYER_02901,SELLER_00322,2025-12-20,changed_mind,approved,False,
RETURN_002441,ORDER_028658,BUYER_02902,SELLER_00061,2025-12-19,defective,approved,False,
RETURN_002442,ORDER_028659,BUYER_02902,SELLER_00177,2025-12-01,changed_mind,approved,False,
RETURN_002443,ORDER_028679,BUYER_02904,SELLER_00328,2025-11-06,wrong_item_received,approved,True,return_abuse
RETURN_002444,ORDER_028683,BUYER_02904,SELLER_00251,2025-09-22,defective,approved,True,return_abuse
RETURN_002445,ORDER_028725,BUYER_02908,SELLER_00086,2025-11-25,changed_mind,approved,False,
RETURN_002446,ORDER_028739,BUYER_02909,SELLER_00120,2025-08-06,wrong_item_received,approved,False,
RETURN_002447,ORDER_028740,BUYER_02909,SELLER_00455,2025-07-20,size_issue,approved,False,
RETURN_002448,ORDER_028741,BUYER_02909,SELLER_00028,2025-08-15,defective,approved,False,
RETURN_002449,ORDER_028758,BUYER_02912,SELLER_00022,2025-12-31,size_issue,approved,False,
RETURN_002450,ORDER_028761,BUYER_02913,SELLER_00270,2025-07-31,changed_mind,approved,False,
RETURN_002451,ORDER_028763,BUYER_02913,SELLER_00233,2025-10-27,size_issue,approved,False,
RETURN_002452,ORDER_028764,BUYER_02914,SELLER_00305,2025-12-29,defective,approved,False,
RETURN_002453,ORDER_028782,BUYER_02915,SELLER_00459,2025-06-11,changed_mind,approved,False,
RETURN_002454,ORDER_028783,BUYER_02915,SELLER_00430,2025-12-13,defective,approved,False,
RETURN_002455,ORDER_028794,BUYER_02916,SELLER_00101,2025-10-11,changed_mind,approved,False,
RETURN_002456,ORDER_028795,BUYER_02916,SELLER_00437,2025-11-10,defective,approved,False,
RETURN_002457,ORDER_028799,BUYER_02916,SELLER_00078,2025-10-26,defective,approved,False,
RETURN_002458,ORDER_028805,BUYER_02916,SELLER_00059,2025-11-23,defective,approved,False,
RETURN_002459,ORDER_028806,BUYER_02916,SELLER_00313,2025-11-16,wrong_item_received,approved,False,
RETURN_002460,ORDER_028808,BUYER_02916,SELLER_00049,2025-11-15,wrong_item_received,approved,False,
RETURN_002461,ORDER_028812,BUYER_02916,SELLER_00040,2025-12-31,wrong_item_received,approved,False,
RETURN_002462,ORDER_028819,BUYER_02916,SELLER_00065,2025-12-19,defective,approved,False,
RETURN_002463,ORDER_028820,BUYER_02916,SELLER_00038,2025-10-29,defective,approved,False,
RETURN_002464,ORDER_028826,BUYER_02917,SELLER_00181,2025-12-23,changed_mind,approved,False,
RETURN_002465,ORDER_028855,BUYER_02919,SELLER_00170,2025-09-09,size_issue,approved,False,
RETURN_002466,ORDER_028863,BUYER_02919,SELLER_00089,2025-10-30,wrong_item_received,approved,False,
RETURN_002467,ORDER_028865,BUYER_02919,SELLER_00283,2025-12-24,wrong_item_received,approved,False,
RETURN_002468,ORDER_028866,BUYER_02919,SELLER_00464,2025-11-04,defective,approved,False,
RETURN_002469,ORDER_028884,BUYER_02919,SELLER_00178,2025-09-12,size_issue,approved,False,
RETURN_002470,ORDER_028889,BUYER_02921,SELLER_00403,2025-12-31,wrong_item_received,approved,False,
RETURN_002471,ORDER_028890,BUYER_02921,SELLER_00241,2025-12-26,changed_mind,approved,False,
RETURN_002472,ORDER_028891,BUYER_02921,SELLER_00088,2025-12-27,size_issue,approved,False,
RETURN_002473,ORDER_028915,BUYER_02923,SELLER_00050,2025-10-14,defective,approved,False,
RETURN_002474,ORDER_028924,BUYER_02923,SELLER_00368,2025-10-14,size_issue,approved,False,
RETURN_002475,ORDER_028932,BUYER_02924,SELLER_00237,2025-12-24,defective,approved,False,
RETURN_002476,ORDER_028980,BUYER_02931,SELLER_00277,2025-12-31,changed_mind,approved,False,
RETURN_002477,ORDER_028989,BUYER_02932,SELLER_00233,2025-11-27,changed_mind,approved,False,
RETURN_002478,ORDER_028999,BUYER_02933,SELLER_00128,2025-12-31,size_issue,approved,False,
RETURN_002479,ORDER_029012,BUYER_02934,SELLER_00241,2025-12-31,changed_mind,approved,False,
RETURN_002480,ORDER_029059,BUYER_02936,SELLER_00287,2025-10-04,defective,approved,True,return_abuse
RETURN_002481,ORDER_029061,BUYER_02936,SELLER_00233,2025-05-30,defective,approved,False,
RETURN_002482,ORDER_029062,BUYER_02936,SELLER_00121,2025-07-16,defective,approved,True,return_abuse
RETURN_002483,ORDER_029095,BUYER_02939,SELLER_00175,2025-08-25,size_issue,approved,False,
RETURN_002484,ORDER_029131,BUYER_02943,SELLER_00105,2025-12-21,defective,approved,False,
RETURN_002485,ORDER_029156,BUYER_02945,SELLER_00036,2025-07-27,size_issue,approved,False,
RETURN_002486,ORDER_029163,BUYER_02946,SELLER_00368,2025-12-16,changed_mind,approved,False,
RETURN_002487,ORDER_029171,BUYER_02946,SELLER_00285,2025-12-31,size_issue,approved,False,
RETURN_002488,ORDER_029178,BUYER_02946,SELLER_00200,2025-12-31,changed_mind,approved,False,
RETURN_002489,ORDER_029182,BUYER_02946,SELLER_00083,2025-12-26,changed_mind,approved,False,
RETURN_002490,ORDER_029194,BUYER_02946,SELLER_00016,2025-12-22,defective,approved,False,
RETURN_002491,ORDER_029226,BUYER_02949,SELLER_00075,2025-12-17,defective,approved,False,
RETURN_002492,ORDER_029242,BUYER_02952,SELLER_00123,2025-09-01,changed_mind,approved,False,
RETURN_002493,ORDER_029283,BUYER_02955,SELLER_00089,2025-12-31,defective,approved,False,
RETURN_002494,ORDER_029285,BUYER_02955,SELLER_00085,2025-10-30,wrong_item_received,approved,False,
RETURN_002495,ORDER_029291,BUYER_02955,SELLER_00006,2025-11-14,defective,approved,False,
RETURN_002496,ORDER_029292,BUYER_02955,SELLER_00345,2025-11-18,size_issue,approved,False,
RETURN_002497,ORDER_029293,BUYER_02955,SELLER_00399,2025-10-16,size_issue,approved,False,
RETURN_002498,ORDER_029294,BUYER_02955,SELLER_00387,2025-12-17,wrong_item_received,approved,False,
RETURN_002499,ORDER_029295,BUYER_02955,SELLER_00189,2025-12-29,defective,approved,False,
RETURN_002500,ORDER_029299,BUYER_02956,SELLER_00141,2025-11-14,wrong_item_received,approved,False,
RETURN_002501,ORDER_029302,BUYER_02956,SELLER_00188,2025-11-05,size_issue,approved,False,
RETURN_002502,ORDER_029308,BUYER_02957,SELLER_00167,2025-10-23,defective,approved,False,
RETURN_002503,ORDER_029315,BUYER_02958,SELLER_00455,2025-04-03,changed_mind,approved,False,
RETURN_002504,ORDER_029360,BUYER_02959,SELLER_00349,2025-12-24,defective,approved,False,
RETURN_002505,ORDER_029362,BUYER_02959,SELLER_00061,2025-12-31,changed_mind,approved,False,
RETURN_002506,ORDER_029373,BUYER_02961,SELLER_00339,2025-06-10,changed_mind,approved,False,
RETURN_002507,ORDER_029375,BUYER_02961,SELLER_00160,2025-03-20,defective,approved,False,
RETURN_002508,ORDER_029409,BUYER_02962,SELLER_00275,2025-12-16,size_issue,approved,False,
RETURN_002509,ORDER_029410,BUYER_02962,SELLER_00120,2025-12-29,size_issue,approved,False,
RETURN_002510,ORDER_029411,BUYER_02962,SELLER_00455,2025-12-23,changed_mind,approved,False,
RETURN_002511,ORDER_029412,BUYER_02963,SELLER_00459,2025-02-07,defective,approved,False,
RETURN_002512,ORDER_029417,BUYER_02964,SELLER_00158,2025-05-04,defective,approved,False,
RETURN_002513,ORDER_029419,BUYER_02965,SELLER_00073,2025-05-19,defective,approved,False,
RETURN_002514,ORDER_029446,BUYER_02968,SELLER_00256,2025-05-10,size_issue,approved,False,
RETURN_002515,ORDER_029448,BUYER_02968,SELLER_00082,2025-06-04,changed_mind,approved,False,
RETURN_002516,ORDER_029483,BUYER_02972,SELLER_00188,2025-06-02,changed_mind,approved,False,
RETURN_002517,ORDER_029484,BUYER_02972,SELLER_00437,2025-10-02,wrong_item_received,approved,False,
RETURN_002518,ORDER_029506,BUYER_02973,SELLER_00290,2025-05-17,wrong_item_received,approved,False,
RETURN_002519,ORDER_029523,BUYER_02976,SELLER_00213,2025-12-27,wrong_item_received,approved,False,
RETURN_002520,ORDER_029524,BUYER_02976,SELLER_00305,2025-12-31,wrong_item_received,approved,False,
RETURN_002521,ORDER_029531,BUYER_02976,SELLER_00197,2025-11-22,wrong_item_received,approved,False,
RETURN_002522,ORDER_029536,BUYER_02978,SELLER_00390,2025-11-01,changed_mind,approved,False,
RETURN_002523,ORDER_029557,BUYER_02979,SELLER_00029,2025-11-11,defective,approved,False,
RETURN_002524,ORDER_029560,BUYER_02979,SELLER_00175,2025-10-29,defective,approved,False,
RETURN_002525,ORDER_029571,BUYER_02980,SELLER_00141,2025-12-31,size_issue,approved,False,
RETURN_002526,ORDER_029616,BUYER_02985,SELLER_00297,2025-11-14,defective,approved,False,
RETURN_002527,ORDER_029623,BUYER_02985,SELLER_00438,2025-12-29,defective,approved,False,
RETURN_002528,ORDER_029625,BUYER_02985,SELLER_00376,2025-11-07,defective,approved,False,
RETURN_002529,ORDER_029632,BUYER_02986,SELLER_00470,2025-12-04,changed_mind,approved,False,
RETURN_002530,ORDER_029639,BUYER_02987,SELLER_00314,2025-12-09,defective,approved,False,
RETURN_002531,ORDER_029643,BUYER_02988,SELLER_00231,2025-12-12,size_issue,approved,False,
RETURN_002532,ORDER_029647,BUYER_02988,SELLER_00283,2025-11-08,changed_mind,approved,False,
RETURN_002533,ORDER_029654,BUYER_02990,SELLER_00010,2025-11-27,size_issue,approved,False,
RETURN_002534,ORDER_029663,BUYER_02991,SELLER_00015,2025-06-10,defective,approved,False,
RETURN_002535,ORDER_029695,BUYER_02994,SELLER_00215,2025-12-10,defective,approved,False,
RETURN_002536,ORDER_029707,BUYER_02995,SELLER_00109,2025-10-07,wrong_item_received,approved,False,
RETURN_002537,ORDER_029730,BUYER_02998,SELLER_00171,2025-06-02,size_issue,approved,False,
RETURN_002538,ORDER_029731,BUYER_02998,SELLER_00320,2025-09-29,changed_mind,approved,False,
RETURN_002539,ORDER_029732,BUYER_02998,SELLER_00198,2025-10-31,defective,approved,False,
RETURN_002540,ORDER_029735,BUYER_02998,SELLER_00341,2025-03-10,size_issue,approved,False,
RETURN_002541,ORDER_029738,BUYER_02998,SELLER_00143,2025-03-21,size_issue,approved,False,
RETURN_002542,ORDER_029839,BUYER_03008,SELLER_00065,2025-04-21,defective,approved,True,return_abuse
RETURN_002543,ORDER_029840,BUYER_03008,SELLER_00016,2025-11-08,defective,approved,False,
RETURN_002544,ORDER_029842,BUYER_03008,SELLER_00490,2025-07-15,size_issue,approved,False,
RETURN_002545,ORDER_029849,BUYER_03009,SELLER_00399,2025-09-24,changed_mind,approved,False,
RETURN_002546,ORDER_029850,BUYER_03009,SELLER_00199,2025-09-19,size_issue,approved,False,
RETURN_002547,ORDER_029854,BUYER_03009,SELLER_00229,2025-11-23,defective,approved,False,
RETURN_002548,ORDER_029900,BUYER_03016,SELLER_00406,2025-12-31,defective,approved,False,
RETURN_002549,ORDER_029904,BUYER_03016,SELLER_00243,2025-12-26,changed_mind,approved,False,
RETURN_002550,ORDER_029905,BUYER_03016,SELLER_00016,2025-12-31,size_issue,approved,False,
RETURN_002551,ORDER_029954,BUYER_03020,SELLER_00183,2025-08-22,wrong_item_received,approved,False,
RETURN_002552,ORDER_029955,BUYER_03020,SELLER_00438,2025-12-20,defective,approved,False,
RETURN_002553,ORDER_029957,BUYER_03020,SELLER_00493,2025-07-01,defective,approved,False,
RETURN_002554,ORDER_029960,BUYER_03020,SELLER_00479,2025-08-15,defective,approved,False,
RETURN_002555,ORDER_029973,BUYER_03021,SELLER_00247,2025-12-10,changed_mind,approved,False,
RETURN_002556,ORDER_029974,BUYER_03021,SELLER_00242,2025-11-26,defective,approved,False,
RETURN_002557,ORDER_029975,BUYER_03021,SELLER_00480,2025-11-17,size_issue,approved,False,
RETURN_002558,ORDER_029994,BUYER_03022,SELLER_00298,2025-09-14,size_issue,approved,False,
RETURN_002559,ORDER_029998,BUYER_03022,SELLER_00491,2025-09-08,changed_mind,approved,False,
RETURN_002560,ORDER_030008,BUYER_03025,SELLER_00152,2025-12-31,wrong_item_received,approved,False,
RETURN_002561,ORDER_030037,BUYER_03028,SELLER_00200,2025-11-09,size_issue,approved,False,
RETURN_002562,ORDER_030048,BUYER_03029,SELLER_00054,2025-05-21,wrong_item_received,approved,False,
RETURN_002563,ORDER_030052,BUYER_03029,SELLER_00080,2025-04-12,wrong_item_received,approved,False,
RETURN_002564,ORDER_030055,BUYER_03030,SELLER_00055,2025-07-20,size_issue,approved,False,
RETURN_002565,ORDER_030070,BUYER_03031,SELLER_00108,2025-11-07,size_issue,approved,False,
RETURN_002566,ORDER_030075,BUYER_03031,SELLER_00316,2025-11-20,wrong_item_received,approved,False,
RETURN_002567,ORDER_030079,BUYER_03033,SELLER_00033,2025-11-12,defective,approved,False,
RETURN_002568,ORDER_030086,BUYER_03035,SELLER_00200,2025-12-24,changed_mind,approved,False,
RETURN_002569,ORDER_030094,BUYER_03035,SELLER_00173,2025-11-30,size_issue,approved,False,
RETURN_002570,ORDER_030097,BUYER_03035,SELLER_00314,2025-12-31,defective,approved,False,
RETURN_002571,ORDER_030102,BUYER_03035,SELLER_00259,2025-12-17,defective,approved,False,
RETURN_002572,ORDER_030104,BUYER_03035,SELLER_00426,2025-12-10,defective,approved,False,
RETURN_002573,ORDER_030106,BUYER_03035,SELLER_00074,2025-12-27,changed_mind,approved,False,
RETURN_002574,ORDER_030115,BUYER_03035,SELLER_00302,2025-11-27,size_issue,approved,False,
RETURN_002575,ORDER_030116,BUYER_03035,SELLER_00380,2025-11-24,defective,approved,False,
RETURN_002576,ORDER_030120,BUYER_03035,SELLER_00164,2025-12-08,changed_mind,approved,False,
RETURN_002577,ORDER_030121,BUYER_03035,SELLER_00333,2025-12-30,changed_mind,approved,False,
RETURN_002578,ORDER_030131,BUYER_03037,SELLER_00152,2025-11-24,changed_mind,approved,False,
RETURN_002579,ORDER_030141,BUYER_03038,SELLER_00361,2025-12-31,defective,approved,False,
RETURN_002580,ORDER_030154,BUYER_03040,SELLER_00455,2025-12-31,size_issue,approved,False,
RETURN_002581,ORDER_030209,BUYER_03045,SELLER_00351,2025-11-01,changed_mind,approved,False,
RETURN_002582,ORDER_030214,BUYER_03045,SELLER_00347,2025-11-28,defective,approved,False,
RETURN_002583,ORDER_030233,BUYER_03047,SELLER_00232,2025-11-29,wrong_item_received,approved,False,
RETURN_002584,ORDER_030286,BUYER_03053,SELLER_00427,2025-12-15,changed_mind,approved,False,
RETURN_002585,ORDER_030289,BUYER_03053,SELLER_00462,2025-11-17,size_issue,approved,False,
RETURN_002586,ORDER_030304,BUYER_03055,SELLER_00409,2025-11-16,changed_mind,approved,False,
RETURN_002587,ORDER_030324,BUYER_03056,SELLER_00178,2025-12-08,defective,approved,False,
RETURN_002588,ORDER_030326,BUYER_03056,SELLER_00206,2025-07-30,changed_mind,approved,False,
RETURN_002589,ORDER_030354,BUYER_03059,SELLER_00243,2025-12-31,changed_mind,approved,False,
RETURN_002590,ORDER_030355,BUYER_03059,SELLER_00420,2025-12-28,wrong_item_received,approved,False,
RETURN_002591,ORDER_030356,BUYER_03059,SELLER_00487,2025-11-16,defective,approved,False,
RETURN_002592,ORDER_030363,BUYER_03060,SELLER_00026,2025-11-24,defective,approved,False,
RETURN_002593,ORDER_030388,BUYER_03062,SELLER_00387,2025-10-30,defective,approved,False,
RETURN_002594,ORDER_030407,BUYER_03063,SELLER_00472,2025-11-07,wrong_item_received,approved,False,
RETURN_002595,ORDER_030460,BUYER_03069,SELLER_00347,2025-10-18,defective,approved,False,
RETURN_002596,ORDER_030464,BUYER_03069,SELLER_00271,2025-12-30,size_issue,approved,False,
RETURN_002597,ORDER_030465,BUYER_03069,SELLER_00441,2025-09-06,defective,approved,False,
RETURN_002598,ORDER_030474,BUYER_03071,SELLER_00460,2025-08-01,changed_mind,approved,False,
RETURN_002599,ORDER_030485,BUYER_03072,SELLER_00118,2025-11-23,size_issue,approved,False,
RETURN_002600,ORDER_030488,BUYER_03072,SELLER_00281,2025-08-09,changed_mind,approved,False,
RETURN_002601,ORDER_030491,BUYER_03073,SELLER_00316,2025-06-11,changed_mind,approved,False,
RETURN_002602,ORDER_030492,BUYER_03073,SELLER_00387,2025-11-05,changed_mind,approved,False,
RETURN_002603,ORDER_030501,BUYER_03073,SELLER_00136,2025-10-29,changed_mind,approved,False,
RETURN_002604,ORDER_030503,BUYER_03073,SELLER_00065,2025-11-29,defective,approved,False,
RETURN_002605,ORDER_030524,BUYER_03075,SELLER_00241,2025-10-23,defective,approved,False,
RETURN_002606,ORDER_030558,BUYER_03079,SELLER_00153,2025-12-04,changed_mind,approved,False,
RETURN_002607,ORDER_030573,BUYER_03080,SELLER_00155,2025-11-19,wrong_item_received,approved,False,
RETURN_002608,ORDER_030575,BUYER_03080,SELLER_00123,2025-12-05,changed_mind,approved,False,
RETURN_002609,ORDER_030576,BUYER_03080,SELLER_00128,2025-12-11,changed_mind,approved,False,
RETURN_002610,ORDER_030611,BUYER_03086,SELLER_00031,2025-11-15,changed_mind,approved,False,
RETURN_002611,ORDER_030613,BUYER_03086,SELLER_00117,2025-12-31,changed_mind,approved,False,
RETURN_002612,ORDER_030622,BUYER_03086,SELLER_00459,2025-11-19,defective,approved,False,
RETURN_002613,ORDER_030628,BUYER_03086,SELLER_00246,2025-09-26,defective,approved,False,
RETURN_002614,ORDER_030630,BUYER_03086,SELLER_00316,2025-10-02,changed_mind,approved,False,
RETURN_002615,ORDER_030636,BUYER_03086,SELLER_00459,2025-12-12,changed_mind,approved,False,
RETURN_002616,ORDER_030639,BUYER_03086,SELLER_00058,2025-12-03,changed_mind,approved,False,
RETURN_002617,ORDER_030640,BUYER_03086,SELLER_00016,2025-12-20,changed_mind,approved,False,
RETURN_002618,ORDER_030679,BUYER_03089,SELLER_00022,2025-05-30,wrong_item_received,approved,False,
RETURN_002619,ORDER_030690,BUYER_03090,SELLER_00180,2025-08-24,wrong_item_received,approved,False,
RETURN_002620,ORDER_030696,BUYER_03091,SELLER_00438,2025-10-28,changed_mind,approved,False,
RETURN_002621,ORDER_030724,BUYER_03091,SELLER_00183,2025-12-31,size_issue,approved,False,
RETURN_002622,ORDER_030739,BUYER_03091,SELLER_00463,2025-11-29,changed_mind,approved,False,
RETURN_002623,ORDER_030753,BUYER_03094,SELLER_00197,2025-10-08,defective,approved,False,
RETURN_002624,ORDER_030754,BUYER_03094,SELLER_00219,2025-08-29,wrong_item_received,approved,False,
RETURN_002625,ORDER_030761,BUYER_03094,SELLER_00024,2025-12-04,changed_mind,approved,False,
RETURN_002626,ORDER_030764,BUYER_03094,SELLER_00350,2025-09-25,changed_mind,approved,False,
RETURN_002627,ORDER_030767,BUYER_03094,SELLER_00092,2025-07-29,defective,approved,False,
RETURN_002628,ORDER_030771,BUYER_03094,SELLER_00183,2025-08-11,changed_mind,approved,False,
RETURN_002629,ORDER_030773,BUYER_03094,SELLER_00202,2025-08-17,changed_mind,approved,False,
RETURN_002630,ORDER_030775,BUYER_03094,SELLER_00458,2025-10-26,defective,approved,False,
RETURN_002631,ORDER_030776,BUYER_03094,SELLER_00148,2025-12-31,changed_mind,approved,False,
RETURN_002632,ORDER_030779,BUYER_03094,SELLER_00258,2025-10-11,wrong_item_received,approved,False,
RETURN_002633,ORDER_030780,BUYER_03094,SELLER_00423,2025-08-30,defective,approved,False,
RETURN_002634,ORDER_030782,BUYER_03094,SELLER_00130,2025-10-25,size_issue,approved,False,
RETURN_002635,ORDER_030783,BUYER_03094,SELLER_00270,2025-10-17,changed_mind,approved,False,
RETURN_002636,ORDER_030794,BUYER_03094,SELLER_00092,2025-11-16,size_issue,approved,False,
RETURN_002637,ORDER_030795,BUYER_03094,SELLER_00256,2025-07-25,changed_mind,approved,False,
RETURN_002638,ORDER_030796,BUYER_03094,SELLER_00276,2025-12-16,defective,approved,False,
RETURN_002639,ORDER_030798,BUYER_03094,SELLER_00275,2025-09-14,changed_mind,approved,False,
RETURN_002640,ORDER_030800,BUYER_03094,SELLER_00280,2025-08-08,changed_mind,approved,False,
RETURN_002641,ORDER_030805,BUYER_03094,SELLER_00036,2025-09-04,changed_mind,approved,False,
RETURN_002642,ORDER_030818,BUYER_03095,SELLER_00481,2025-07-30,changed_mind,approved,False,
RETURN_002643,ORDER_030883,BUYER_03101,SELLER_00218,2025-11-13,size_issue,approved,False,
RETURN_002644,ORDER_030894,BUYER_03103,SELLER_00354,2025-11-04,changed_mind,approved,False,
RETURN_002645,ORDER_030901,BUYER_03103,SELLER_00016,2025-05-31,changed_mind,approved,False,
RETURN_002646,ORDER_030921,BUYER_03105,SELLER_00455,2025-12-31,defective,approved,False,
RETURN_002647,ORDER_030936,BUYER_03105,SELLER_00398,2025-12-31,size_issue,approved,False,
RETURN_002648,ORDER_030939,BUYER_03105,SELLER_00078,2025-12-31,defective,approved,False,
RETURN_002649,ORDER_030940,BUYER_03105,SELLER_00486,2025-12-21,size_issue,approved,False,
RETURN_002650,ORDER_030971,BUYER_03110,SELLER_00101,2025-11-30,changed_mind,approved,False,
RETURN_002651,ORDER_030986,BUYER_03112,SELLER_00454,2025-01-16,wrong_item_received,approved,False,
RETURN_002652,ORDER_031028,BUYER_03113,SELLER_00478,2025-08-12,defective,approved,False,
RETURN_002653,ORDER_031030,BUYER_03114,SELLER_00113,2025-08-23,changed_mind,approved,False,
RETURN_002654,ORDER_031031,BUYER_03114,SELLER_00467,2025-01-18,defective,approved,False,
RETURN_002655,ORDER_031032,BUYER_03114,SELLER_00466,2025-02-02,changed_mind,approved,False,
RETURN_002656,ORDER_031040,BUYER_03114,SELLER_00479,2025-06-16,defective,approved,False,
RETURN_002657,ORDER_031042,BUYER_03114,SELLER_00021,2025-09-21,defective,approved,False,
RETURN_002658,ORDER_031060,BUYER_03116,SELLER_00455,2025-10-27,defective,approved,False,
RETURN_002659,ORDER_031075,BUYER_03117,SELLER_00026,2025-03-09,changed_mind,approved,False,
RETURN_002660,ORDER_031080,BUYER_03118,SELLER_00472,2025-10-31,changed_mind,approved,False,
RETURN_002661,ORDER_031083,BUYER_03118,SELLER_00347,2025-11-02,changed_mind,approved,False,
RETURN_002662,ORDER_031088,BUYER_03118,SELLER_00126,2025-12-15,changed_mind,approved,False,
RETURN_002663,ORDER_031096,BUYER_03118,SELLER_00423,2025-10-28,defective,approved,False,
RETURN_002664,ORDER_031100,BUYER_03118,SELLER_00003,2025-11-24,size_issue,approved,False,
RETURN_002665,ORDER_031101,BUYER_03118,SELLER_00249,2025-12-31,changed_mind,approved,False,
RETURN_002666,ORDER_031104,BUYER_03119,SELLER_00309,2025-09-23,size_issue,approved,False,
RETURN_002667,ORDER_031126,BUYER_03122,SELLER_00358,2025-12-31,size_issue,approved,False,
RETURN_002668,ORDER_031127,BUYER_03122,SELLER_00126,2025-12-16,size_issue,approved,False,
RETURN_002669,ORDER_031146,BUYER_03125,SELLER_00063,2025-12-06,defective,approved,False,
RETURN_002670,ORDER_031156,BUYER_03126,SELLER_00030,2025-08-26,size_issue,approved,False,
RETURN_002671,ORDER_031167,BUYER_03126,SELLER_00375,2025-08-12,size_issue,approved,False,
RETURN_002672,ORDER_031174,BUYER_03126,SELLER_00373,2025-09-20,defective,approved,False,
RETURN_002673,ORDER_031175,BUYER_03126,SELLER_00225,2025-11-24,changed_mind,approved,False,
RETURN_002674,ORDER_031180,BUYER_03126,SELLER_00355,2025-10-05,changed_mind,approved,False,
RETURN_002675,ORDER_031198,BUYER_03127,SELLER_00494,2025-12-31,defective,approved,False,
RETURN_002676,ORDER_031199,BUYER_03128,SELLER_00221,2025-03-27,defective,approved,False,
RETURN_002677,ORDER_031206,BUYER_03129,SELLER_00477,2025-10-12,defective,approved,False,
RETURN_002678,ORDER_031231,BUYER_03131,SELLER_00313,2025-09-16,wrong_item_received,approved,False,
RETURN_002679,ORDER_031232,BUYER_03131,SELLER_00376,2025-07-03,wrong_item_received,approved,False,
RETURN_002680,ORDER_031233,BUYER_03131,SELLER_00123,2025-11-04,defective,approved,False,
RETURN_002681,ORDER_031238,BUYER_03131,SELLER_00341,2025-07-04,defective,approved,False,
RETURN_002682,ORDER_031240,BUYER_03131,SELLER_00198,2025-11-28,defective,approved,False,
RETURN_002683,ORDER_031248,BUYER_03132,SELLER_00326,2025-05-30,wrong_item_received,approved,False,
RETURN_002684,ORDER_031250,BUYER_03132,SELLER_00200,2025-07-27,wrong_item_received,approved,False,
RETURN_002685,ORDER_031262,BUYER_03134,SELLER_00468,2025-06-14,defective,approved,False,
RETURN_002686,ORDER_031294,BUYER_03136,SELLER_00258,2025-12-10,wrong_item_received,approved,False,
RETURN_002687,ORDER_031364,BUYER_03145,SELLER_00498,2025-09-06,wrong_item_received,approved,False,
RETURN_002688,ORDER_031394,BUYER_03150,SELLER_00113,2025-12-07,defective,approved,False,
RETURN_002689,ORDER_031395,BUYER_03150,SELLER_00285,2025-12-30,defective,approved,False,
RETURN_002690,ORDER_031398,BUYER_03150,SELLER_00128,2025-11-30,size_issue,approved,False,
RETURN_002691,ORDER_031436,BUYER_03153,SELLER_00494,2025-11-03,defective,approved,False,
RETURN_002692,ORDER_031438,BUYER_03153,SELLER_00435,2025-07-05,changed_mind,approved,False,
RETURN_002693,ORDER_031444,BUYER_03154,SELLER_00142,2025-12-04,defective,approved,False,
RETURN_002694,ORDER_031476,BUYER_03158,SELLER_00263,2025-11-22,defective,approved,False,
RETURN_002695,ORDER_031486,BUYER_03159,SELLER_00442,2025-11-20,wrong_item_received,approved,False,
RETURN_002696,ORDER_031489,BUYER_03160,SELLER_00016,2025-07-12,defective,approved,False,
RETURN_002697,ORDER_031496,BUYER_03160,SELLER_00388,2025-11-29,changed_mind,approved,False,
RETURN_002698,ORDER_031499,BUYER_03162,SELLER_00294,2025-11-08,defective,approved,False,
RETURN_002699,ORDER_031518,BUYER_03163,SELLER_00470,2025-03-20,changed_mind,approved,False,
RETURN_002700,ORDER_031521,BUYER_03164,SELLER_00241,2025-10-24,changed_mind,approved,False,
RETURN_002701,ORDER_031526,BUYER_03164,SELLER_00164,2025-09-04,changed_mind,approved,False,
RETURN_002702,ORDER_031529,BUYER_03164,SELLER_00172,2025-11-28,defective,approved,False,
RETURN_002703,ORDER_031537,BUYER_03166,SELLER_00016,2025-12-30,changed_mind,approved,False,
RETURN_002704,ORDER_031546,BUYER_03169,SELLER_00122,2025-12-24,defective,approved,False,
RETURN_002705,ORDER_031580,BUYER_03171,SELLER_00024,2025-08-14,wrong_item_received,approved,False,
RETURN_002706,ORDER_031589,BUYER_03172,SELLER_00196,2025-05-04,defective,approved,False,
RETURN_002707,ORDER_031633,BUYER_03179,SELLER_00376,2025-10-07,changed_mind,approved,False,
RETURN_002708,ORDER_031654,BUYER_03181,SELLER_00065,2025-12-02,defective,approved,False,
RETURN_002709,ORDER_031656,BUYER_03181,SELLER_00313,2025-12-18,defective,approved,False,
RETURN_002710,ORDER_031684,BUYER_03184,SELLER_00058,2025-05-20,size_issue,approved,False,
RETURN_002711,ORDER_031691,BUYER_03184,SELLER_00013,2025-03-07,changed_mind,approved,False,
RETURN_002712,ORDER_031704,BUYER_03186,SELLER_00123,2025-12-23,changed_mind,approved,False,
RETURN_002713,ORDER_031708,BUYER_03187,SELLER_00199,2025-07-22,wrong_item_received,approved,False,
RETURN_002714,ORDER_031717,BUYER_03189,SELLER_00449,2025-06-30,size_issue,approved,False,
RETURN_002715,ORDER_031752,BUYER_03192,SELLER_00028,2025-08-18,size_issue,approved,False,
RETURN_002716,ORDER_031754,BUYER_03192,SELLER_00183,2025-06-12,defective,approved,False,
RETURN_002717,ORDER_031758,BUYER_03192,SELLER_00123,2025-07-23,changed_mind,approved,False,
RETURN_002718,ORDER_031762,BUYER_03193,SELLER_00223,2025-06-30,defective,approved,False,
RETURN_002719,ORDER_031779,BUYER_03193,SELLER_00327,2025-09-11,changed_mind,approved,False,
RETURN_002720,ORDER_031785,BUYER_03193,SELLER_00344,2025-12-05,wrong_item_received,approved,False,
RETURN_002721,ORDER_031798,BUYER_03193,SELLER_00448,2025-12-05,defective,approved,False,
RETURN_002722,ORDER_031806,BUYER_03193,SELLER_00378,2025-10-23,changed_mind,approved,False,
RETURN_002723,ORDER_031874,BUYER_03197,SELLER_00423,2025-11-16,wrong_item_received,approved,False,
RETURN_002724,ORDER_031878,BUYER_03198,SELLER_00026,2025-12-31,changed_mind,approved,False,
RETURN_002725,ORDER_031901,BUYER_03201,SELLER_00313,2025-12-07,defective,approved,False,
RETURN_002726,ORDER_031904,BUYER_03202,SELLER_00162,2025-08-01,wrong_item_received,approved,False,
RETURN_002727,ORDER_031971,BUYER_03210,SELLER_00218,2025-10-24,defective,approved,False,
RETURN_002728,ORDER_032013,BUYER_03216,SELLER_00347,2025-10-11,size_issue,approved,False,
RETURN_002729,ORDER_032014,BUYER_03216,SELLER_00225,2025-06-14,changed_mind,approved,False,
RETURN_002730,ORDER_032031,BUYER_03219,SELLER_00155,2025-11-28,defective,approved,False,
RETURN_002731,ORDER_032041,BUYER_03219,SELLER_00463,2025-12-05,wrong_item_received,approved,False,
RETURN_002732,ORDER_032042,BUYER_03219,SELLER_00200,2025-12-31,size_issue,approved,False,
RETURN_002733,ORDER_032044,BUYER_03219,SELLER_00377,2025-11-29,defective,approved,False,
RETURN_002734,ORDER_032046,BUYER_03219,SELLER_00309,2025-12-23,defective,approved,False,
RETURN_002735,ORDER_032048,BUYER_03219,SELLER_00387,2025-12-14,defective,approved,False,
RETURN_002736,ORDER_032053,BUYER_03219,SELLER_00341,2025-12-29,changed_mind,approved,False,
RETURN_002737,ORDER_032062,BUYER_03219,SELLER_00392,2025-12-12,changed_mind,approved,False,
RETURN_002738,ORDER_032074,BUYER_03219,SELLER_00451,2025-12-20,wrong_item_received,approved,False,
RETURN_002739,ORDER_032098,BUYER_03221,SELLER_00084,2025-11-08,changed_mind,approved,False,
RETURN_002740,ORDER_032099,BUYER_03221,SELLER_00388,2025-10-24,changed_mind,approved,False,
RETURN_002741,ORDER_032100,BUYER_03221,SELLER_00396,2025-11-20,changed_mind,approved,False,
RETURN_002742,ORDER_032106,BUYER_03221,SELLER_00487,2025-10-21,defective,approved,False,
RETURN_002743,ORDER_032110,BUYER_03221,SELLER_00166,2025-11-16,defective,approved,False,
RETURN_002744,ORDER_032117,BUYER_03222,SELLER_00214,2025-12-18,changed_mind,approved,False,
RETURN_002745,ORDER_032126,BUYER_03223,SELLER_00097,2025-12-08,wrong_item_received,approved,False,
RETURN_002746,ORDER_032153,BUYER_03227,SELLER_00427,2025-07-23,changed_mind,approved,False,
RETURN_002747,ORDER_032161,BUYER_03227,SELLER_00427,2025-06-26,defective,approved,False,
RETURN_002748,ORDER_032187,BUYER_03228,SELLER_00313,2025-05-07,wrong_item_received,approved,False,
RETURN_002749,ORDER_032194,BUYER_03228,SELLER_00210,2025-07-01,changed_mind,approved,False,
RETURN_002750,ORDER_032203,BUYER_03228,SELLER_00381,2025-04-23,defective,approved,False,
RETURN_002751,ORDER_032218,BUYER_03228,SELLER_00255,2025-05-02,size_issue,approved,False,
RETURN_002752,ORDER_032228,BUYER_03228,SELLER_00423,2025-10-06,changed_mind,approved,False,
RETURN_002753,ORDER_032242,BUYER_03229,SELLER_00316,2025-08-10,changed_mind,approved,False,
RETURN_002754,ORDER_032249,BUYER_03230,SELLER_00135,2025-11-16,changed_mind,approved,False,
RETURN_002755,ORDER_032252,BUYER_03230,SELLER_00361,2025-09-11,changed_mind,approved,False,
RETURN_002756,ORDER_032265,BUYER_03231,SELLER_00459,2025-08-19,defective,approved,False,
RETURN_002757,ORDER_032270,BUYER_03232,SELLER_00352,2025-11-25,wrong_item_received,approved,False,
RETURN_002758,ORDER_032304,BUYER_03234,SELLER_00229,2025-12-25,defective,approved,False,
RETURN_002759,ORDER_032324,BUYER_03235,SELLER_00181,2025-12-29,defective,approved,False,
RETURN_002760,ORDER_032339,BUYER_03236,SELLER_00116,2025-12-31,defective,approved,False,
RETURN_002761,ORDER_032351,BUYER_03239,SELLER_00426,2025-11-22,changed_mind,approved,True,return_abuse
RETURN_002762,ORDER_032352,BUYER_03239,SELLER_00180,2025-12-16,changed_mind,approved,False,
RETURN_002763,ORDER_032362,BUYER_03239,SELLER_00242,2025-12-22,changed_mind,approved,False,
RETURN_002764,ORDER_032369,BUYER_03239,SELLER_00049,2025-12-22,changed_mind,approved,False,
RETURN_002765,ORDER_032396,BUYER_03242,SELLER_00403,2025-12-29,changed_mind,approved,False,
RETURN_002766,ORDER_032403,BUYER_03243,SELLER_00313,2025-07-18,defective,approved,False,
RETURN_002767,ORDER_032408,BUYER_03244,SELLER_00305,2025-12-07,size_issue,approved,False,
RETURN_002768,ORDER_032424,BUYER_03244,SELLER_00238,2025-12-08,defective,approved,False,
RETURN_002769,ORDER_032426,BUYER_03245,SELLER_00374,2025-12-30,defective,approved,False,
RETURN_002770,ORDER_032438,BUYER_03245,SELLER_00333,2025-11-05,changed_mind,approved,False,
RETURN_002771,ORDER_032478,BUYER_03247,SELLER_00123,2025-11-17,defective,approved,False,
RETURN_002772,ORDER_032487,BUYER_03247,SELLER_00435,2025-11-01,size_issue,approved,False,
RETURN_002773,ORDER_032488,BUYER_03247,SELLER_00015,2025-11-21,defective,approved,False,
RETURN_002774,ORDER_032492,BUYER_03248,SELLER_00179,2025-10-12,changed_mind,approved,False,
RETURN_002775,ORDER_032494,BUYER_03248,SELLER_00435,2025-09-29,changed_mind,approved,False,
RETURN_002776,ORDER_032496,BUYER_03248,SELLER_00159,2025-11-19,defective,approved,False,
RETURN_002777,ORDER_032497,BUYER_03248,SELLER_00092,2025-09-30,changed_mind,approved,False,
RETURN_002778,ORDER_032498,BUYER_03248,SELLER_00243,2025-12-19,defective,approved,False,
RETURN_002779,ORDER_032500,BUYER_03248,SELLER_00185,2025-09-29,wrong_item_received,approved,False,
RETURN_002780,ORDER_032502,BUYER_03248,SELLER_00143,2025-11-01,size_issue,approved,False,
RETURN_002781,ORDER_032504,BUYER_03248,SELLER_00424,2025-08-26,changed_mind,approved,False,
RETURN_002782,ORDER_032535,BUYER_03252,SELLER_00478,2025-05-08,wrong_item_received,approved,False,
RETURN_002783,ORDER_032536,BUYER_03252,SELLER_00107,2025-10-24,defective,approved,False,
RETURN_002784,ORDER_032537,BUYER_03252,SELLER_00436,2025-10-08,defective,approved,False,
RETURN_002785,ORDER_032541,BUYER_03253,SELLER_00459,2025-10-22,wrong_item_received,approved,False,
RETURN_002786,ORDER_032543,BUYER_03253,SELLER_00494,2025-10-22,defective,approved,False,
RETURN_002787,ORDER_032544,BUYER_03253,SELLER_00107,2025-10-26,defective,approved,False,
RETURN_002788,ORDER_032545,BUYER_03253,SELLER_00275,2025-10-28,defective,approved,False,
RETURN_002789,ORDER_032551,BUYER_03253,SELLER_00275,2025-10-30,changed_mind,approved,False,
RETURN_002790,ORDER_032562,BUYER_03254,SELLER_00284,2025-10-03,size_issue,approved,False,
RETURN_002791,ORDER_032581,BUYER_03256,SELLER_00459,2025-10-12,changed_mind,approved,False,
RETURN_002792,ORDER_032589,BUYER_03256,SELLER_00087,2025-10-12,wrong_item_received,approved,False,
RETURN_002793,ORDER_032590,BUYER_03256,SELLER_00438,2025-05-23,wrong_item_received,approved,False,
RETURN_002794,ORDER_032599,BUYER_03258,SELLER_00238,2025-12-31,changed_mind,approved,False,
RETURN_002795,ORDER_032628,BUYER_03260,SELLER_00230,2025-10-17,defective,approved,False,
RETURN_002796,ORDER_032663,BUYER_03264,SELLER_00254,2025-09-03,wrong_item_received,approved,False,
RETURN_002797,ORDER_032664,BUYER_03264,SELLER_00418,2025-07-20,size_issue,approved,False,
RETURN_002798,ORDER_032668,BUYER_03264,SELLER_00185,2025-06-18,defective,approved,False,
RETURN_002799,ORDER_032671,BUYER_03264,SELLER_00010,2025-07-31,changed_mind,approved,False,
RETURN_002800,ORDER_032709,BUYER_03270,SELLER_00376,2025-12-13,changed_mind,approved,False,
RETURN_002801,ORDER_032722,BUYER_03271,SELLER_00009,2025-12-31,defective,approved,False,
RETURN_002802,ORDER_032727,BUYER_03271,SELLER_00340,2025-12-30,changed_mind,approved,False,
RETURN_002803,ORDER_032730,BUYER_03271,SELLER_00169,2025-08-02,size_issue,approved,False,
RETURN_002804,ORDER_032732,BUYER_03271,SELLER_00388,2025-07-28,changed_mind,approved,False,
RETURN_002805,ORDER_032759,BUYER_03274,SELLER_00012,2025-10-27,changed_mind,approved,False,
RETURN_002806,ORDER_032794,BUYER_03278,SELLER_00419,2025-10-19,size_issue,approved,False,
RETURN_002807,ORDER_032801,BUYER_03279,SELLER_00164,2025-03-29,defective,approved,False,
RETURN_002808,ORDER_032812,BUYER_03280,SELLER_00243,2025-09-09,size_issue,approved,False,
RETURN_002809,ORDER_032832,BUYER_03282,SELLER_00123,2025-09-08,changed_mind,approved,False,
RETURN_002810,ORDER_032871,BUYER_03288,SELLER_00161,2025-05-23,wrong_item_received,approved,False,
RETURN_002811,ORDER_032887,BUYER_03289,SELLER_00123,2025-11-11,wrong_item_received,approved,False,
RETURN_002812,ORDER_032893,BUYER_03290,SELLER_00445,2025-12-29,wrong_item_received,approved,False,
RETURN_002813,ORDER_032897,BUYER_03290,SELLER_00143,2025-10-13,defective,approved,False,
RETURN_002814,ORDER_032902,BUYER_03290,SELLER_00423,2025-10-09,changed_mind,approved,False,
RETURN_002815,ORDER_032911,BUYER_03291,SELLER_00141,2025-07-27,wrong_item_received,approved,False,
RETURN_002816,ORDER_032912,BUYER_03291,SELLER_00021,2025-11-05,wrong_item_received,approved,False,
RETURN_002817,ORDER_032950,BUYER_03295,SELLER_00133,2025-09-11,defective,approved,False,
RETURN_002818,ORDER_032959,BUYER_03297,SELLER_00123,2025-06-20,size_issue,approved,False,
RETURN_002819,ORDER_032962,BUYER_03297,SELLER_00367,2025-06-21,changed_mind,approved,False,
RETURN_002820,ORDER_032966,BUYER_03298,SELLER_00437,2025-05-14,size_issue,approved,False,
RETURN_002821,ORDER_032972,BUYER_03298,SELLER_00421,2025-08-12,changed_mind,approved,False,
RETURN_002822,ORDER_032973,BUYER_03298,SELLER_00170,2025-07-01,size_issue,approved,False,
RETURN_002823,ORDER_032974,BUYER_03298,SELLER_00092,2025-09-11,changed_mind,approved,False,
RETURN_002824,ORDER_032986,BUYER_03301,SELLER_00026,2025-07-02,changed_mind,approved,False,
RETURN_002825,ORDER_032989,BUYER_03301,SELLER_00313,2025-07-09,changed_mind,approved,False,
RETURN_002826,ORDER_033014,BUYER_03303,SELLER_00172,2025-10-24,changed_mind,approved,False,
RETURN_002827,ORDER_033015,BUYER_03303,SELLER_00458,2025-05-08,changed_mind,approved,False,
RETURN_002828,ORDER_033023,BUYER_03304,SELLER_00418,2025-12-10,size_issue,approved,False,
RETURN_002829,ORDER_033024,BUYER_03304,SELLER_00271,2025-12-12,changed_mind,approved,False,
RETURN_002830,ORDER_033039,BUYER_03306,SELLER_00472,2025-12-31,wrong_item_received,approved,False,
RETURN_002831,ORDER_033040,BUYER_03306,SELLER_00091,2025-11-19,defective,approved,False,
RETURN_002832,ORDER_033042,BUYER_03306,SELLER_00188,2025-08-17,wrong_item_received,approved,False,
RETURN_002833,ORDER_033044,BUYER_03306,SELLER_00057,2025-10-27,changed_mind,approved,False,
RETURN_002834,ORDER_033076,BUYER_03311,SELLER_00470,2025-09-02,defective,approved,False,
RETURN_002835,ORDER_033077,BUYER_03311,SELLER_00087,2025-12-31,changed_mind,approved,False,
RETURN_002836,ORDER_033086,BUYER_03312,SELLER_00423,2025-04-17,changed_mind,approved,False,
RETURN_002837,ORDER_033102,BUYER_03315,SELLER_00135,2025-12-03,changed_mind,approved,False,
RETURN_002838,ORDER_033108,BUYER_03316,SELLER_00088,2025-09-06,size_issue,approved,False,
RETURN_002839,ORDER_033114,BUYER_03316,SELLER_00191,2025-08-06,changed_mind,approved,False,
RETURN_002840,ORDER_033131,BUYER_03316,SELLER_00095,2025-08-24,defective,approved,False,
RETURN_002841,ORDER_033152,BUYER_03316,SELLER_00029,2025-09-08,size_issue,approved,False,
RETURN_002842,ORDER_033170,BUYER_03318,SELLER_00028,2025-10-25,changed_mind,approved,False,
RETURN_002843,ORDER_033173,BUYER_03319,SELLER_00480,2025-10-08,wrong_item_received,approved,False,
RETURN_002844,ORDER_033191,BUYER_03322,SELLER_00007,2025-09-23,changed_mind,approved,False,
RETURN_002845,ORDER_033207,BUYER_03324,SELLER_00308,2025-12-02,defective,approved,False,
RETURN_002846,ORDER_033212,BUYER_03324,SELLER_00042,2025-11-02,size_issue,approved,False,
RETURN_002847,ORDER_033216,BUYER_03324,SELLER_00192,2025-11-20,defective,approved,False,
RETURN_002848,ORDER_033218,BUYER_03324,SELLER_00350,2025-12-31,changed_mind,approved,False,
RETURN_002849,ORDER_033219,BUYER_03324,SELLER_00463,2025-11-18,defective,approved,False,
RETURN_002850,ORDER_033228,BUYER_03324,SELLER_00096,2025-12-29,changed_mind,approved,False,
RETURN_002851,ORDER_033231,BUYER_03325,SELLER_00423,2025-04-13,defective,approved,False,
RETURN_002852,ORDER_033232,BUYER_03325,SELLER_00037,2025-05-18,defective,approved,False,
RETURN_002853,ORDER_033234,BUYER_03325,SELLER_00033,2025-12-04,defective,approved,False,
RETURN_002854,ORDER_033235,BUYER_03325,SELLER_00277,2025-10-07,defective,approved,False,
RETURN_002855,ORDER_033237,BUYER_03325,SELLER_00209,2025-07-06,defective,approved,False,
RETURN_002856,ORDER_033241,BUYER_03325,SELLER_00016,2025-06-10,defective,approved,False,
RETURN_002857,ORDER_033242,BUYER_03325,SELLER_00213,2025-04-26,wrong_item_received,approved,False,
RETURN_002858,ORDER_033252,BUYER_03329,SELLER_00313,2025-01-25,changed_mind,approved,False,
RETURN_002859,ORDER_033259,BUYER_03330,SELLER_00447,2025-08-30,size_issue,approved,False,
RETURN_002860,ORDER_033271,BUYER_03331,SELLER_00155,2025-10-30,changed_mind,approved,False,
RETURN_002861,ORDER_033294,BUYER_03336,SELLER_00351,2025-02-05,wrong_item_received,approved,False,
RETURN_002862,ORDER_033318,BUYER_03338,SELLER_00459,2025-12-11,defective,approved,False,
RETURN_002863,ORDER_033321,BUYER_03338,SELLER_00196,2025-11-29,wrong_item_received,approved,False,
RETURN_002864,ORDER_033325,BUYER_03338,SELLER_00277,2025-12-04,changed_mind,approved,False,
RETURN_002865,ORDER_033327,BUYER_03338,SELLER_00416,2025-11-21,wrong_item_received,approved,False,
RETURN_002866,ORDER_033334,BUYER_03340,SELLER_00364,2025-06-26,size_issue,approved,False,
RETURN_002867,ORDER_033339,BUYER_03341,SELLER_00188,2025-12-31,wrong_item_received,approved,False,
RETURN_002868,ORDER_033343,BUYER_03342,SELLER_00402,2025-05-20,size_issue,approved,False,
RETURN_002869,ORDER_033359,BUYER_03344,SELLER_00225,2025-10-30,changed_mind,approved,False,
RETURN_002870,ORDER_033362,BUYER_03344,SELLER_00256,2025-10-08,changed_mind,approved,True,return_abuse
RETURN_002871,ORDER_033382,BUYER_03345,SELLER_00366,2025-09-15,defective,approved,False,
RETURN_002872,ORDER_033384,BUYER_03345,SELLER_00120,2025-10-02,size_issue,approved,False,
RETURN_002873,ORDER_033450,BUYER_03355,SELLER_00185,2025-11-08,defective,approved,False,
RETURN_002874,ORDER_033474,BUYER_03356,SELLER_00246,2025-05-27,changed_mind,approved,False,
RETURN_002875,ORDER_033478,BUYER_03356,SELLER_00192,2025-03-01,defective,approved,False,
RETURN_002876,ORDER_033516,BUYER_03360,SELLER_00300,2025-07-20,wrong_item_received,approved,False,
RETURN_002877,ORDER_033529,BUYER_03361,SELLER_00455,2025-07-26,size_issue,approved,False,
RETURN_002878,ORDER_033531,BUYER_03361,SELLER_00199,2025-10-04,changed_mind,approved,False,
RETURN_002879,ORDER_033538,BUYER_03361,SELLER_00146,2025-11-05,size_issue,approved,False,
RETURN_002880,ORDER_033547,BUYER_03363,SELLER_00276,2025-11-14,changed_mind,approved,False,
RETURN_002881,ORDER_033555,BUYER_03364,SELLER_00065,2025-04-03,wrong_item_received,approved,False,
RETURN_002882,ORDER_033572,BUYER_03365,SELLER_00024,2025-09-29,wrong_item_received,approved,False,
RETURN_002883,ORDER_033578,BUYER_03366,SELLER_00086,2025-05-29,defective,approved,False,
RETURN_002884,ORDER_033580,BUYER_03366,SELLER_00456,2025-11-20,wrong_item_received,approved,False,
RETURN_002885,ORDER_033582,BUYER_03366,SELLER_00053,2025-08-18,wrong_item_received,approved,False,
RETURN_002886,ORDER_033585,BUYER_03366,SELLER_00441,2025-06-06,size_issue,approved,False,
RETURN_002887,ORDER_033587,BUYER_03366,SELLER_00499,2025-06-05,size_issue,approved,False,
RETURN_002888,ORDER_033592,BUYER_03366,SELLER_00447,2025-04-20,defective,approved,False,
RETURN_002889,ORDER_033597,BUYER_03366,SELLER_00423,2025-04-14,defective,approved,False,
RETURN_002890,ORDER_033644,BUYER_03373,SELLER_00143,2025-12-17,changed_mind,approved,False,
RETURN_002891,ORDER_033659,BUYER_03375,SELLER_00065,2025-12-03,defective,approved,False,
RETURN_002892,ORDER_033661,BUYER_03375,SELLER_00396,2025-11-08,size_issue,approved,False,
RETURN_002893,ORDER_033710,BUYER_03380,SELLER_00468,2025-10-22,defective,approved,False,
RETURN_002894,ORDER_033727,BUYER_03380,SELLER_00459,2025-09-24,changed_mind,approved,False,
RETURN_002895,ORDER_033740,BUYER_03382,SELLER_00458,2025-06-24,defective,approved,False,
RETURN_002896,ORDER_033747,BUYER_03382,SELLER_00203,2025-12-04,size_issue,approved,False,
RETURN_002897,ORDER_033773,BUYER_03385,SELLER_00077,2025-05-27,defective,approved,False,
RETURN_002898,ORDER_033782,BUYER_03387,SELLER_00094,2025-09-29,defective,approved,False,
RETURN_002899,ORDER_033804,BUYER_03389,SELLER_00442,2025-11-19,size_issue,approved,False,
RETURN_002900,ORDER_033806,BUYER_03389,SELLER_00198,2025-12-31,changed_mind,approved,False,
RETURN_002901,ORDER_033808,BUYER_03390,SELLER_00278,2025-12-25,defective,approved,False,
RETURN_002902,ORDER_033817,BUYER_03392,SELLER_00338,2025-05-05,wrong_item_received,approved,False,
RETURN_002903,ORDER_033818,BUYER_03392,SELLER_00122,2025-05-27,defective,approved,False,
RETURN_002904,ORDER_033858,BUYER_03397,SELLER_00237,2025-08-01,defective,approved,False,
RETURN_002905,ORDER_033860,BUYER_03397,SELLER_00377,2025-04-24,size_issue,approved,False,
RETURN_002906,ORDER_033861,BUYER_03397,SELLER_00455,2025-11-13,defective,approved,False,
RETURN_002907,ORDER_033863,BUYER_03397,SELLER_00171,2025-04-20,changed_mind,approved,False,
RETURN_002908,ORDER_033866,BUYER_03397,SELLER_00134,2025-04-07,changed_mind,approved,False,
RETURN_002909,ORDER_033867,BUYER_03397,SELLER_00491,2025-08-05,size_issue,approved,False,
RETURN_002910,ORDER_033871,BUYER_03397,SELLER_00049,2025-07-07,changed_mind,approved,False,
RETURN_002911,ORDER_033872,BUYER_03397,SELLER_00172,2025-08-29,size_issue,approved,False,
RETURN_002912,ORDER_033873,BUYER_03397,SELLER_00243,2025-10-26,changed_mind,approved,False,
RETURN_002913,ORDER_033877,BUYER_03397,SELLER_00012,2025-05-06,wrong_item_received,approved,False,
RETURN_002914,ORDER_033881,BUYER_03397,SELLER_00366,2025-06-17,size_issue,approved,False,
RETURN_002915,ORDER_033887,BUYER_03397,SELLER_00109,2025-07-26,defective,approved,False,
RETURN_002916,ORDER_033890,BUYER_03397,SELLER_00472,2025-06-15,defective,approved,False,
RETURN_002917,ORDER_033893,BUYER_03397,SELLER_00463,2025-06-19,defective,approved,False,
RETURN_002918,ORDER_033898,BUYER_03397,SELLER_00204,2025-12-14,defective,approved,False,
RETURN_002919,ORDER_033899,BUYER_03397,SELLER_00241,2025-08-16,changed_mind,approved,False,
RETURN_002920,ORDER_033903,BUYER_03397,SELLER_00003,2025-05-20,changed_mind,approved,False,
RETURN_002921,ORDER_033905,BUYER_03397,SELLER_00277,2025-06-12,size_issue,approved,False,
RETURN_002922,ORDER_033907,BUYER_03397,SELLER_00131,2025-12-25,changed_mind,approved,False,
RETURN_002923,ORDER_033912,BUYER_03397,SELLER_00313,2025-09-04,defective,approved,False,
RETURN_002924,ORDER_033913,BUYER_03397,SELLER_00243,2025-08-14,wrong_item_received,approved,False,
RETURN_002925,ORDER_033917,BUYER_03397,SELLER_00123,2025-08-08,wrong_item_received,approved,False,
RETURN_002926,ORDER_033921,BUYER_03398,SELLER_00354,2025-04-04,wrong_item_received,approved,False,
RETURN_002927,ORDER_033928,BUYER_03399,SELLER_00456,2025-08-11,changed_mind,approved,False,
RETURN_002928,ORDER_033930,BUYER_03399,SELLER_00368,2025-07-27,changed_mind,approved,False,
RETURN_002929,ORDER_033959,BUYER_03402,SELLER_00054,2025-12-31,size_issue,approved,False,
RETURN_002930,ORDER_033963,BUYER_03402,SELLER_00085,2025-08-22,defective,approved,False,
RETURN_002931,ORDER_034011,BUYER_03406,SELLER_00272,2025-12-31,defective,approved,False,
RETURN_002932,ORDER_034048,BUYER_03410,SELLER_00310,2025-11-05,changed_mind,approved,False,
RETURN_002933,ORDER_034057,BUYER_03411,SELLER_00086,2025-09-22,size_issue,approved,False,
RETURN_002934,ORDER_034058,BUYER_03411,SELLER_00425,2025-09-27,changed_mind,approved,False,
RETURN_002935,ORDER_034076,BUYER_03415,SELLER_00381,2025-08-03,defective,approved,False,
RETURN_002936,ORDER_034093,BUYER_03417,SELLER_00323,2025-12-07,defective,approved,False,
RETURN_002937,ORDER_034095,BUYER_03417,SELLER_00019,2025-06-15,changed_mind,approved,False,
RETURN_002938,ORDER_034148,BUYER_03423,SELLER_00492,2025-12-19,changed_mind,approved,False,
RETURN_002939,ORDER_034160,BUYER_03425,SELLER_00470,2025-12-22,changed_mind,approved,False,
RETURN_002940,ORDER_034161,BUYER_03425,SELLER_00239,2025-11-15,changed_mind,approved,False,
RETURN_002941,ORDER_034168,BUYER_03426,SELLER_00031,2025-11-21,size_issue,approved,False,
RETURN_002942,ORDER_034171,BUYER_03426,SELLER_00472,2025-11-10,defective,approved,False,
RETURN_002943,ORDER_034184,BUYER_03427,SELLER_00155,2025-06-03,defective,approved,False,
RETURN_002944,ORDER_034190,BUYER_03428,SELLER_00085,2025-10-25,size_issue,approved,False,
RETURN_002945,ORDER_034191,BUYER_03428,SELLER_00180,2025-12-31,changed_mind,approved,False,
RETURN_002946,ORDER_034192,BUYER_03428,SELLER_00024,2025-12-23,wrong_item_received,approved,False,
RETURN_002947,ORDER_034196,BUYER_03429,SELLER_00448,2025-12-28,defective,approved,False,
RETURN_002948,ORDER_034198,BUYER_03429,SELLER_00428,2025-12-31,defective,approved,False,
RETURN_002949,ORDER_034199,BUYER_03429,SELLER_00287,2025-12-31,defective,approved,False,
RETURN_002950,ORDER_034202,BUYER_03429,SELLER_00244,2025-12-27,defective,approved,False,
RETURN_002951,ORDER_034238,BUYER_03431,SELLER_00167,2025-12-27,changed_mind,approved,False,
RETURN_002952,ORDER_034261,BUYER_03433,SELLER_00305,2025-11-08,changed_mind,approved,False,
RETURN_002953,ORDER_034262,BUYER_03433,SELLER_00214,2025-11-08,size_issue,approved,False,
RETURN_002954,ORDER_034268,BUYER_03433,SELLER_00347,2025-12-31,defective,approved,False,
RETURN_002955,ORDER_034271,BUYER_03433,SELLER_00313,2025-11-30,changed_mind,approved,False,
RETURN_002956,ORDER_034274,BUYER_03434,SELLER_00028,2025-10-15,defective,approved,False,
RETURN_002957,ORDER_034285,BUYER_03435,SELLER_00255,2025-12-26,changed_mind,approved,False,
RETURN_002958,ORDER_034289,BUYER_03435,SELLER_00044,2025-10-04,changed_mind,approved,False,
RETURN_002959,ORDER_034328,BUYER_03441,SELLER_00314,2025-06-18,size_issue,approved,False,
RETURN_002960,ORDER_034334,BUYER_03442,SELLER_00236,2025-09-27,defective,approved,False,
RETURN_002961,ORDER_034349,BUYER_03442,SELLER_00468,2025-06-30,size_issue,approved,False,
RETURN_002962,ORDER_034352,BUYER_03442,SELLER_00472,2025-05-24,wrong_item_received,approved,False,
RETURN_002963,ORDER_034366,BUYER_03444,SELLER_00472,2025-04-07,size_issue,approved,False,
RETURN_002964,ORDER_034369,BUYER_03444,SELLER_00170,2025-03-13,wrong_item_received,approved,False,
RETURN_002965,ORDER_034370,BUYER_03444,SELLER_00379,2025-08-26,size_issue,approved,False,
RETURN_002966,ORDER_034374,BUYER_03444,SELLER_00183,2025-04-18,changed_mind,approved,False,
RETURN_002967,ORDER_034380,BUYER_03445,SELLER_00021,2025-10-20,defective,approved,False,
RETURN_002968,ORDER_034393,BUYER_03446,SELLER_00302,2025-12-24,wrong_item_received,approved,True,return_abuse
RETURN_002969,ORDER_034396,BUYER_03446,SELLER_00073,2025-12-17,changed_mind,approved,False,
RETURN_002970,ORDER_034398,BUYER_03447,SELLER_00019,2025-09-29,changed_mind,approved,False,
RETURN_002971,ORDER_034399,BUYER_03447,SELLER_00141,2025-08-08,size_issue,approved,False,
RETURN_002972,ORDER_034405,BUYER_03447,SELLER_00153,2025-11-02,defective,approved,False,
RETURN_002973,ORDER_034420,BUYER_03449,SELLER_00314,2025-12-04,defective,approved,False,
RETURN_002974,ORDER_034437,BUYER_03452,SELLER_00417,2025-06-17,wrong_item_received,approved,False,
RETURN_002975,ORDER_034438,BUYER_03452,SELLER_00467,2025-08-20,changed_mind,approved,False,
RETURN_002976,ORDER_034439,BUYER_03452,SELLER_00298,2025-12-25,wrong_item_received,approved,False,
RETURN_002977,ORDER_034441,BUYER_03452,SELLER_00007,2025-08-24,changed_mind,approved,False,
RETURN_002978,ORDER_034450,BUYER_03454,SELLER_00265,2025-05-15,changed_mind,approved,False,
RETURN_002979,ORDER_034456,BUYER_03455,SELLER_00078,2025-12-31,wrong_item_received,approved,False,
RETURN_002980,ORDER_034462,BUYER_03455,SELLER_00488,2025-11-30,changed_mind,approved,False,
RETURN_002981,ORDER_034482,BUYER_03458,SELLER_00249,2025-08-04,changed_mind,approved,True,return_abuse
RETURN_002982,ORDER_034493,BUYER_03460,SELLER_00357,2025-02-22,defective,approved,False,
RETURN_002983,ORDER_034495,BUYER_03460,SELLER_00417,2025-07-01,changed_mind,approved,False,
RETURN_002984,ORDER_034506,BUYER_03461,SELLER_00400,2025-11-10,size_issue,approved,False,
RETURN_002985,ORDER_034547,BUYER_03467,SELLER_00306,2025-10-13,size_issue,approved,False,
RETURN_002986,ORDER_034582,BUYER_03470,SELLER_00117,2025-12-31,changed_mind,approved,False,
RETURN_002987,ORDER_034588,BUYER_03470,SELLER_00491,2025-10-29,wrong_item_received,approved,False,
RETURN_002988,ORDER_034643,BUYER_03478,SELLER_00143,2025-02-22,changed_mind,approved,False,
RETURN_002989,ORDER_034645,BUYER_03478,SELLER_00104,2025-09-30,changed_mind,approved,False,
RETURN_002990,ORDER_034649,BUYER_03478,SELLER_00237,2025-03-03,size_issue,approved,False,
RETURN_002991,ORDER_034656,BUYER_03480,SELLER_00120,2025-12-28,defective,approved,False,
RETURN_002992,ORDER_034659,BUYER_03480,SELLER_00188,2025-10-26,size_issue,approved,False,
RETURN_002993,ORDER_034660,BUYER_03480,SELLER_00387,2025-11-09,changed_mind,approved,False,
RETURN_002994,ORDER_034663,BUYER_03480,SELLER_00472,2025-06-12,size_issue,approved,False,
RETURN_002995,ORDER_034679,BUYER_03480,SELLER_00290,2025-10-12,changed_mind,approved,False,
RETURN_002996,ORDER_034689,BUYER_03481,SELLER_00473,2025-12-22,defective,approved,False,
RETURN_002997,ORDER_034701,BUYER_03481,SELLER_00054,2025-12-27,defective,approved,False,
RETURN_002998,ORDER_034716,BUYER_03482,SELLER_00013,2025-09-11,defective,approved,False,
RETURN_002999,ORDER_034717,BUYER_03483,SELLER_00438,2025-12-22,wrong_item_received,approved,False,
RETURN_003000,ORDER_034720,BUYER_03483,SELLER_00210,2025-12-20,wrong_item_received,approved,False,
RETURN_003001,ORDER_034722,BUYER_03484,SELLER_00101,2025-05-07,changed_mind,approved,False,
RETURN_003002,ORDER_034737,BUYER_03485,SELLER_00499,2025-08-13,defective,approved,False,
RETURN_003003,ORDER_034766,BUYER_03485,SELLER_00313,2025-04-28,changed_mind,approved,False,
RETURN_003004,ORDER_034777,BUYER_03485,SELLER_00109,2025-03-08,changed_mind,approved,False,
RETURN_003005,ORDER_034808,BUYER_03488,SELLER_00170,2025-03-25,defective,approved,False,
RETURN_003006,ORDER_034816,BUYER_03491,SELLER_00340,2025-11-15,wrong_item_received,approved,False,
RETURN_003007,ORDER_034821,BUYER_03491,SELLER_00399,2025-07-06,defective,approved,False,
RETURN_003008,ORDER_034822,BUYER_03491,SELLER_00164,2025-06-28,defective,approved,False,
RETURN_003009,ORDER_034823,BUYER_03491,SELLER_00175,2025-11-21,wrong_item_received,approved,False,
RETURN_003010,ORDER_034845,BUYER_03494,SELLER_00065,2025-09-21,defective,approved,False,
RETURN_003011,ORDER_034849,BUYER_03494,SELLER_00387,2025-12-16,wrong_item_received,approved,False,
RETURN_003012,ORDER_034878,BUYER_03496,SELLER_00451,2025-12-31,size_issue,approved,False,
RETURN_003013,ORDER_034884,BUYER_03497,SELLER_00101,2025-09-14,changed_mind,approved,False,
RETURN_003014,ORDER_034887,BUYER_03497,SELLER_00185,2025-08-08,size_issue,approved,False,
RETURN_003015,ORDER_034919,BUYER_03502,SELLER_00021,2025-12-31,wrong_item_received,approved,False,
RETURN_003016,ORDER_034931,BUYER_03504,SELLER_00455,2025-08-04,defective,approved,False,
RETURN_003017,ORDER_034934,BUYER_03504,SELLER_00100,2025-09-02,changed_mind,approved,False,
RETURN_003018,ORDER_034937,BUYER_03504,SELLER_00381,2025-11-25,defective,approved,False,
RETURN_003019,ORDER_034960,BUYER_03505,SELLER_00167,2025-08-15,size_issue,approved,False,
RETURN_003020,ORDER_034962,BUYER_03505,SELLER_00405,2025-04-07,size_issue,approved,False,
RETURN_003021,ORDER_034977,BUYER_03506,SELLER_00258,2025-09-06,size_issue,approved,False,
RETURN_003022,ORDER_034979,BUYER_03506,SELLER_00153,2025-03-27,defective,approved,False,
RETURN_003023,ORDER_034980,BUYER_03506,SELLER_00153,2025-05-15,changed_mind,approved,False,
RETURN_003024,ORDER_034986,BUYER_03507,SELLER_00412,2025-07-07,defective,approved,False,
RETURN_003025,ORDER_035008,BUYER_03508,SELLER_00448,2025-08-30,changed_mind,approved,False,
RETURN_003026,ORDER_035032,BUYER_03509,SELLER_00333,2025-06-12,defective,approved,False,
RETURN_003027,ORDER_035037,BUYER_03510,SELLER_00241,2025-07-31,wrong_item_received,approved,False,
RETURN_003028,ORDER_035040,BUYER_03510,SELLER_00213,2025-08-16,changed_mind,approved,False,
RETURN_003029,ORDER_035044,BUYER_03510,SELLER_00215,2025-09-11,size_issue,approved,False,
RETURN_003030,ORDER_035062,BUYER_03513,SELLER_00423,2025-12-31,defective,approved,False,
RETURN_003031,ORDER_035063,BUYER_03513,SELLER_00275,2025-11-16,changed_mind,approved,False,
RETURN_003032,ORDER_035093,BUYER_03518,SELLER_00009,2025-11-18,defective,approved,False,
RETURN_003033,ORDER_035094,BUYER_03518,SELLER_00180,2025-09-22,defective,approved,False,
RETURN_003034,ORDER_035108,BUYER_03522,SELLER_00227,2025-12-31,size_issue,approved,False,
RETURN_003035,ORDER_035118,BUYER_03524,SELLER_00179,2025-08-31,defective,approved,False,
RETURN_003036,ORDER_035139,BUYER_03526,SELLER_00191,2025-07-07,defective,approved,False,
RETURN_003037,ORDER_035140,BUYER_03526,SELLER_00151,2025-08-22,size_issue,approved,False,
RETURN_003038,ORDER_035141,BUYER_03526,SELLER_00304,2025-12-31,defective,approved,False,
RETURN_003039,ORDER_035148,BUYER_03526,SELLER_00027,2025-07-30,changed_mind,approved,False,
RETURN_003040,ORDER_035171,BUYER_03528,SELLER_00368,2025-12-18,wrong_item_received,approved,False,
RETURN_003041,ORDER_035194,BUYER_03530,SELLER_00059,2025-12-03,wrong_item_received,approved,False,
RETURN_003042,ORDER_035196,BUYER_03530,SELLER_00275,2025-12-04,defective,approved,False,
RETURN_003043,ORDER_035228,BUYER_03534,SELLER_00175,2025-11-09,changed_mind,approved,False,
RETURN_003044,ORDER_035250,BUYER_03536,SELLER_00019,2025-06-23,changed_mind,approved,False,
RETURN_003045,ORDER_035297,BUYER_03545,SELLER_00313,2025-12-16,changed_mind,approved,False,
RETURN_003046,ORDER_035316,BUYER_03546,SELLER_00450,2025-06-11,defective,approved,False,
RETURN_003047,ORDER_035318,BUYER_03546,SELLER_00200,2025-04-21,defective,approved,False,
RETURN_003048,ORDER_035324,BUYER_03547,SELLER_00224,2025-10-17,defective,approved,False,
RETURN_003049,ORDER_035388,BUYER_03551,SELLER_00123,2025-12-31,changed_mind,approved,False,
RETURN_003050,ORDER_035390,BUYER_03551,SELLER_00358,2025-12-31,wrong_item_received,approved,False,
RETURN_003051,ORDER_035392,BUYER_03551,SELLER_00095,2025-11-13,size_issue,approved,False,
RETURN_003052,ORDER_035397,BUYER_03551,SELLER_00255,2025-11-18,changed_mind,approved,False,
RETURN_003053,ORDER_035410,BUYER_03553,SELLER_00345,2025-12-04,size_issue,approved,False,
RETURN_003054,ORDER_035414,BUYER_03553,SELLER_00151,2025-11-29,changed_mind,approved,True,return_abuse
RETURN_003055,ORDER_035420,BUYER_03554,SELLER_00354,2025-12-06,defective,approved,False,
RETURN_003056,ORDER_035424,BUYER_03554,SELLER_00499,2025-09-30,defective,approved,False,
RETURN_003057,ORDER_035425,BUYER_03554,SELLER_00179,2025-07-26,size_issue,approved,False,
RETURN_003058,ORDER_035479,BUYER_03557,SELLER_00313,2025-07-20,defective,approved,False,
RETURN_003059,ORDER_035480,BUYER_03557,SELLER_00272,2025-10-02,changed_mind,approved,False,
RETURN_003060,ORDER_035492,BUYER_03558,SELLER_00013,2025-02-26,changed_mind,approved,False,
RETURN_003061,ORDER_035528,BUYER_03561,SELLER_00184,2025-08-30,wrong_item_received,approved,False,
RETURN_003062,ORDER_035529,BUYER_03561,SELLER_00455,2025-03-23,defective,approved,False,
RETURN_003063,ORDER_035531,BUYER_03562,SELLER_00225,2025-08-14,size_issue,approved,False,
RETURN_003064,ORDER_035533,BUYER_03562,SELLER_00016,2025-09-29,changed_mind,approved,False,
RETURN_003065,ORDER_035536,BUYER_03562,SELLER_00275,2025-09-30,wrong_item_received,approved,False,
RETURN_003066,ORDER_035562,BUYER_03566,SELLER_00367,2025-12-31,changed_mind,approved,False,
RETURN_003067,ORDER_035598,BUYER_03569,SELLER_00016,2025-11-18,size_issue,approved,True,return_abuse
RETURN_003068,ORDER_035614,BUYER_03569,SELLER_00459,2025-10-09,defective,approved,True,return_abuse
RETURN_003069,ORDER_035644,BUYER_03571,SELLER_00012,2025-11-06,size_issue,approved,False,
RETURN_003070,ORDER_035651,BUYER_03572,SELLER_00196,2025-11-19,defective,approved,False,
RETURN_003071,ORDER_035655,BUYER_03572,SELLER_00028,2025-11-05,changed_mind,approved,False,
RETURN_003072,ORDER_035657,BUYER_03573,SELLER_00077,2025-11-17,changed_mind,approved,False,
RETURN_003073,ORDER_035658,BUYER_03573,SELLER_00269,2025-12-26,size_issue,approved,False,
RETURN_003074,ORDER_035659,BUYER_03573,SELLER_00416,2025-10-24,defective,approved,False,
RETURN_003075,ORDER_035687,BUYER_03576,SELLER_00263,2025-04-17,size_issue,approved,False,
RETURN_003076,ORDER_035695,BUYER_03577,SELLER_00188,2025-12-19,wrong_item_received,approved,False,
RETURN_003077,ORDER_035730,BUYER_03583,SELLER_00455,2025-09-13,wrong_item_received,approved,False,
RETURN_003078,ORDER_035737,BUYER_03585,SELLER_00169,2025-10-14,defective,approved,False,
RETURN_003079,ORDER_035742,BUYER_03585,SELLER_00417,2025-09-25,changed_mind,approved,False,
RETURN_003080,ORDER_035756,BUYER_03587,SELLER_00172,2025-12-31,size_issue,approved,False,
RETURN_003081,ORDER_035760,BUYER_03588,SELLER_00146,2025-11-14,wrong_item_received,approved,False,
RETURN_003082,ORDER_035765,BUYER_03588,SELLER_00233,2025-12-31,wrong_item_received,approved,False,
RETURN_003083,ORDER_035790,BUYER_03590,SELLER_00399,2025-12-19,defective,approved,False,
RETURN_003084,ORDER_035794,BUYER_03590,SELLER_00379,2025-12-23,size_issue,approved,False,
RETURN_003085,ORDER_035798,BUYER_03590,SELLER_00218,2025-12-15,defective,approved,False,
RETURN_003086,ORDER_035808,BUYER_03590,SELLER_00378,2025-12-31,changed_mind,approved,False,
RETURN_003087,ORDER_035822,BUYER_03591,SELLER_00263,2025-12-31,size_issue,approved,False,
RETURN_003088,ORDER_035848,BUYER_03592,SELLER_00031,2025-06-14,size_issue,approved,False,
RETURN_003089,ORDER_035878,BUYER_03595,SELLER_00160,2025-09-06,wrong_item_received,approved,False,
RETURN_003090,ORDER_035881,BUYER_03596,SELLER_00016,2025-12-06,defective,approved,False,
RETURN_003091,ORDER_035885,BUYER_03596,SELLER_00021,2025-12-19,wrong_item_received,approved,False,
RETURN_003092,ORDER_035886,BUYER_03596,SELLER_00038,2025-09-14,defective,approved,False,
RETURN_003093,ORDER_035935,BUYER_03600,SELLER_00214,2025-12-31,defective,approved,False,
RETURN_003094,ORDER_035959,BUYER_03602,SELLER_00449,2025-11-27,wrong_item_received,approved,False,
RETURN_003095,ORDER_035962,BUYER_03603,SELLER_00365,2025-07-13,wrong_item_received,approved,False,
RETURN_003096,ORDER_035985,BUYER_03606,SELLER_00066,2025-11-05,defective,approved,False,
RETURN_003097,ORDER_035988,BUYER_03606,SELLER_00432,2025-04-03,defective,approved,False,
RETURN_003098,ORDER_035991,BUYER_03606,SELLER_00459,2025-04-15,size_issue,approved,False,
RETURN_003099,ORDER_035993,BUYER_03606,SELLER_00292,2025-04-13,changed_mind,approved,False,
RETURN_003100,ORDER_035994,BUYER_03606,SELLER_00170,2025-03-07,changed_mind,approved,False,
RETURN_003101,ORDER_036001,BUYER_03608,SELLER_00012,2025-05-15,wrong_item_received,approved,False,
RETURN_003102,ORDER_036015,BUYER_03609,SELLER_00221,2025-08-04,wrong_item_received,approved,False,
RETURN_003103,ORDER_036028,BUYER_03610,SELLER_00175,2025-11-18,size_issue,approved,False,
RETURN_003104,ORDER_036047,BUYER_03612,SELLER_00477,2025-07-08,changed_mind,approved,False,
RETURN_003105,ORDER_036077,BUYER_03614,SELLER_00237,2025-08-09,defective,approved,False,
RETURN_003106,ORDER_036078,BUYER_03614,SELLER_00326,2025-05-31,changed_mind,approved,False,
RETURN_003107,ORDER_036097,BUYER_03617,SELLER_00058,2025-10-05,wrong_item_received,approved,False,
RETURN_003108,ORDER_036102,BUYER_03618,SELLER_00122,2025-07-07,changed_mind,approved,False,
RETURN_003109,ORDER_036152,BUYER_03622,SELLER_00463,2025-06-01,defective,approved,False,
RETURN_003110,ORDER_036172,BUYER_03626,SELLER_00188,2025-03-31,defective,approved,False,
RETURN_003111,ORDER_036182,BUYER_03627,SELLER_00084,2025-12-31,defective,approved,False,
RETURN_003112,ORDER_036185,BUYER_03628,SELLER_00237,2025-01-14,size_issue,approved,False,
RETURN_003113,ORDER_036193,BUYER_03628,SELLER_00338,2025-12-04,defective,approved,False,
RETURN_003114,ORDER_036196,BUYER_03629,SELLER_00430,2025-11-11,changed_mind,approved,False,
RETURN_003115,ORDER_036198,BUYER_03629,SELLER_00496,2025-12-13,wrong_item_received,approved,False,
RETURN_003116,ORDER_036200,BUYER_03629,SELLER_00213,2025-12-31,defective,approved,False,
RETURN_003117,ORDER_036208,BUYER_03629,SELLER_00381,2025-12-31,defective,approved,False,
RETURN_003118,ORDER_036219,BUYER_03630,SELLER_00409,2025-12-14,defective,approved,False,
RETURN_003119,ORDER_036227,BUYER_03632,SELLER_00174,2025-06-20,defective,approved,False,
RETURN_003120,ORDER_036228,BUYER_03632,SELLER_00191,2025-09-10,wrong_item_received,approved,False,
RETURN_003121,ORDER_036232,BUYER_03632,SELLER_00143,2025-11-11,changed_mind,approved,False,
RETURN_003122,ORDER_036233,BUYER_03632,SELLER_00413,2025-07-20,changed_mind,approved,False,
RETURN_003123,ORDER_036236,BUYER_03632,SELLER_00026,2025-08-10,defective,approved,False,
RETURN_003124,ORDER_036238,BUYER_03632,SELLER_00459,2025-07-09,wrong_item_received,approved,False,
RETURN_003125,ORDER_036252,BUYER_03633,SELLER_00317,2025-11-07,size_issue,approved,False,
RETURN_003126,ORDER_036263,BUYER_03634,SELLER_00008,2025-09-24,wrong_item_received,approved,False,
RETURN_003127,ORDER_036278,BUYER_03635,SELLER_00450,2025-11-06,defective,approved,False,
RETURN_003128,ORDER_036284,BUYER_03635,SELLER_00399,2025-10-18,changed_mind,approved,False,
RETURN_003129,ORDER_036302,BUYER_03636,SELLER_00151,2025-12-29,changed_mind,approved,False,
RETURN_003130,ORDER_036314,BUYER_03637,SELLER_00233,2025-08-04,defective,approved,True,return_abuse
RETURN_003131,ORDER_036317,BUYER_03637,SELLER_00263,2025-12-19,changed_mind,approved,True,return_abuse
RETURN_003132,ORDER_036323,BUYER_03638,SELLER_00336,2025-08-22,defective,approved,False,
RETURN_003133,ORDER_036337,BUYER_03639,SELLER_00351,2025-06-11,defective,approved,True,return_abuse
RETURN_003134,ORDER_036355,BUYER_03642,SELLER_00311,2025-11-09,size_issue,approved,False,
RETURN_003135,ORDER_036359,BUYER_03643,SELLER_00019,2025-12-30,changed_mind,approved,False,
RETURN_003136,ORDER_036361,BUYER_03643,SELLER_00313,2025-12-16,changed_mind,approved,False,
RETURN_003137,ORDER_036367,BUYER_03643,SELLER_00390,2025-11-24,size_issue,approved,False,
RETURN_003138,ORDER_036371,BUYER_03644,SELLER_00235,2025-12-31,wrong_item_received,approved,False,
RETURN_003139,ORDER_036432,BUYER_03648,SELLER_00141,2025-11-11,size_issue,approved,False,
RETURN_003140,ORDER_036445,BUYER_03650,SELLER_00434,2025-12-31,size_issue,approved,False,
RETURN_003141,ORDER_036454,BUYER_03651,SELLER_00152,2025-12-08,size_issue,approved,False,
RETURN_003142,ORDER_036468,BUYER_03652,SELLER_00491,2025-09-28,defective,approved,False,
RETURN_003143,ORDER_036505,BUYER_03656,SELLER_00455,2025-08-27,changed_mind,approved,False,
RETURN_003144,ORDER_036511,BUYER_03657,SELLER_00019,2025-11-05,wrong_item_received,approved,False,
RETURN_003145,ORDER_036513,BUYER_03657,SELLER_00206,2025-11-11,defective,approved,False,
RETURN_003146,ORDER_036519,BUYER_03657,SELLER_00231,2025-11-27,size_issue,approved,False,
RETURN_003147,ORDER_036537,BUYER_03660,SELLER_00459,2025-12-31,defective,approved,False,
RETURN_003148,ORDER_036538,BUYER_03660,SELLER_00246,2025-12-20,changed_mind,approved,False,
RETURN_003149,ORDER_036601,BUYER_03663,SELLER_00195,2025-11-07,changed_mind,approved,False,
RETURN_003150,ORDER_036637,BUYER_03668,SELLER_00401,2025-09-11,defective,approved,False,
RETURN_003151,ORDER_036661,BUYER_03670,SELLER_00282,2025-12-31,changed_mind,approved,False,
RETURN_003152,ORDER_036696,BUYER_03675,SELLER_00021,2025-09-26,changed_mind,approved,False,
RETURN_003153,ORDER_036708,BUYER_03677,SELLER_00441,2025-10-18,changed_mind,approved,False,
RETURN_003154,ORDER_036709,BUYER_03677,SELLER_00316,2025-03-17,changed_mind,approved,False,
RETURN_003155,ORDER_036717,BUYER_03677,SELLER_00084,2025-03-23,defective,approved,False,
RETURN_003156,ORDER_036731,BUYER_03680,SELLER_00488,2025-05-15,defective,approved,False,
RETURN_003157,ORDER_036794,BUYER_03686,SELLER_00174,2025-12-03,wrong_item_received,approved,False,
RETURN_003158,ORDER_036795,BUYER_03686,SELLER_00408,2025-11-08,size_issue,approved,False,
RETURN_003159,ORDER_036809,BUYER_03688,SELLER_00478,2025-12-29,changed_mind,approved,False,
RETURN_003160,ORDER_036890,BUYER_03697,SELLER_00088,2025-08-29,changed_mind,approved,False,
RETURN_003161,ORDER_036910,BUYER_03700,SELLER_00297,2025-02-27,defective,approved,False,
RETURN_003162,ORDER_036914,BUYER_03700,SELLER_00071,2025-03-07,size_issue,approved,False,
RETURN_003163,ORDER_036920,BUYER_03701,SELLER_00155,2025-11-16,changed_mind,approved,False,
RETURN_003164,ORDER_036946,BUYER_03704,SELLER_00389,2025-12-05,defective,approved,False,
RETURN_003165,ORDER_036954,BUYER_03705,SELLER_00101,2025-08-22,defective,approved,False,
RETURN_003166,ORDER_036964,BUYER_03705,SELLER_00180,2025-09-23,wrong_item_received,approved,False,
RETURN_003167,ORDER_036991,BUYER_03707,SELLER_00326,2025-08-14,wrong_item_received,approved,False,
RETURN_003168,ORDER_036997,BUYER_03708,SELLER_00450,2025-12-10,defective,approved,False,
RETURN_003169,ORDER_037008,BUYER_03711,SELLER_00221,2025-07-03,defective,approved,False,
RETURN_003170,ORDER_037011,BUYER_03711,SELLER_00282,2025-11-06,changed_mind,approved,False,
RETURN_003171,ORDER_037012,BUYER_03711,SELLER_00335,2025-11-04,changed_mind,approved,False,
RETURN_003172,ORDER_037013,BUYER_03711,SELLER_00178,2025-11-22,defective,approved,False,
RETURN_003173,ORDER_037018,BUYER_03711,SELLER_00428,2025-07-03,size_issue,approved,False,
RETURN_003174,ORDER_037019,BUYER_03711,SELLER_00085,2025-10-30,changed_mind,approved,False,
RETURN_003175,ORDER_037020,BUYER_03712,SELLER_00376,2025-12-18,changed_mind,approved,False,
RETURN_003176,ORDER_037021,BUYER_03712,SELLER_00122,2025-04-21,changed_mind,approved,False,
RETURN_003177,ORDER_037024,BUYER_03712,SELLER_00158,2025-08-19,changed_mind,approved,False,
RETURN_003178,ORDER_037028,BUYER_03712,SELLER_00435,2025-09-29,changed_mind,approved,False,
RETURN_003179,ORDER_037075,BUYER_03718,SELLER_00241,2025-08-28,defective,approved,False,
RETURN_003180,ORDER_037078,BUYER_03718,SELLER_00208,2025-10-17,wrong_item_received,approved,False,
RETURN_003181,ORDER_037079,BUYER_03718,SELLER_00056,2025-10-22,changed_mind,approved,False,
RETURN_003182,ORDER_037082,BUYER_03718,SELLER_00046,2025-07-31,defective,approved,False,
RETURN_003183,ORDER_037117,BUYER_03722,SELLER_00114,2025-12-05,changed_mind,approved,False,
RETURN_003184,ORDER_037145,BUYER_03724,SELLER_00160,2025-07-22,defective,approved,False,
RETURN_003185,ORDER_037170,BUYER_03728,SELLER_00043,2025-12-24,size_issue,approved,False,
RETURN_003186,ORDER_037180,BUYER_03730,SELLER_00310,2025-12-30,size_issue,approved,False,
RETURN_003187,ORDER_037184,BUYER_03730,SELLER_00316,2025-10-31,changed_mind,approved,False,
RETURN_003188,ORDER_037185,BUYER_03730,SELLER_00259,2025-12-28,defective,approved,False,
RETURN_003189,ORDER_037202,BUYER_03732,SELLER_00327,2025-08-20,changed_mind,approved,False,
RETURN_003190,ORDER_037203,BUYER_03732,SELLER_00026,2025-11-07,defective,approved,False,
RETURN_003191,ORDER_037206,BUYER_03732,SELLER_00054,2025-10-02,defective,approved,False,
RETURN_003192,ORDER_037221,BUYER_03733,SELLER_00018,2025-11-18,defective,approved,False,
RETURN_003193,ORDER_037223,BUYER_03733,SELLER_00296,2025-11-06,size_issue,approved,False,
RETURN_003194,ORDER_037233,BUYER_03735,SELLER_00000,2025-11-24,changed_mind,approved,False,
RETURN_003195,ORDER_037234,BUYER_03735,SELLER_00183,2025-10-13,defective,approved,False,
RETURN_003196,ORDER_037252,BUYER_03736,SELLER_00432,2025-12-22,size_issue,approved,False,
RETURN_003197,ORDER_037260,BUYER_03737,SELLER_00328,2025-12-31,size_issue,approved,False,
RETURN_003198,ORDER_037264,BUYER_03738,SELLER_00164,2025-08-14,size_issue,approved,False,
RETURN_003199,ORDER_037288,BUYER_03738,SELLER_00152,2025-10-19,size_issue,approved,False,
RETURN_003200,ORDER_037301,BUYER_03740,SELLER_00263,2025-05-20,defective,approved,False,
RETURN_003201,ORDER_037316,BUYER_03742,SELLER_00114,2025-10-23,changed_mind,approved,False,
RETURN_003202,ORDER_037351,BUYER_03746,SELLER_00037,2025-06-18,defective,approved,False,
RETURN_003203,ORDER_037355,BUYER_03747,SELLER_00016,2025-08-12,changed_mind,approved,False,
RETURN_003204,ORDER_037357,BUYER_03747,SELLER_00454,2025-11-02,changed_mind,approved,False,
RETURN_003205,ORDER_037359,BUYER_03747,SELLER_00092,2025-12-15,wrong_item_received,approved,False,
RETURN_003206,ORDER_037376,BUYER_03749,SELLER_00470,2025-04-28,defective,approved,False,
RETURN_003207,ORDER_037383,BUYER_03750,SELLER_00241,2025-12-23,defective,approved,False,
RETURN_003208,ORDER_037387,BUYER_03751,SELLER_00491,2025-12-06,changed_mind,approved,False,
RETURN_003209,ORDER_037388,BUYER_03751,SELLER_00141,2025-12-30,changed_mind,approved,False,
RETURN_003210,ORDER_037389,BUYER_03751,SELLER_00143,2025-12-11,defective,approved,False,
RETURN_003211,ORDER_037393,BUYER_03751,SELLER_00324,2025-12-20,changed_mind,approved,False,
RETURN_003212,ORDER_037394,BUYER_03751,SELLER_00392,2025-12-27,defective,approved,False,
RETURN_003213,ORDER_037395,BUYER_03751,SELLER_00477,2025-12-12,defective,approved,False,
RETURN_003214,ORDER_037415,BUYER_03753,SELLER_00304,2025-12-18,defective,approved,False,
RETURN_003215,ORDER_037440,BUYER_03754,SELLER_00148,2025-12-31,defective,approved,False,
RETURN_003216,ORDER_037441,BUYER_03754,SELLER_00261,2025-12-31,defective,approved,False,
RETURN_003217,ORDER_037453,BUYER_03756,SELLER_00233,2025-11-26,defective,approved,False,
RETURN_003218,ORDER_037457,BUYER_03756,SELLER_00313,2025-11-22,size_issue,approved,False,
RETURN_003219,ORDER_037469,BUYER_03758,SELLER_00399,2025-09-08,changed_mind,approved,False,
RETURN_003220,ORDER_037481,BUYER_03760,SELLER_00304,2025-05-15,size_issue,approved,False,
RETURN_003221,ORDER_037507,BUYER_03761,SELLER_00178,2025-10-25,defective,approved,False,
RETURN_003222,ORDER_037537,BUYER_03766,SELLER_00135,2025-12-15,changed_mind,approved,False,
RETURN_003223,ORDER_037545,BUYER_03767,SELLER_00276,2025-11-14,defective,approved,False,
RETURN_003224,ORDER_037546,BUYER_03767,SELLER_00233,2025-11-14,defective,approved,False,
RETURN_003225,ORDER_037561,BUYER_03769,SELLER_00430,2025-10-25,wrong_item_received,approved,False,
RETURN_003226,ORDER_037575,BUYER_03771,SELLER_00063,2025-12-27,defective,approved,False,
RETURN_003227,ORDER_037578,BUYER_03771,SELLER_00119,2025-12-28,changed_mind,approved,False,
RETURN_003228,ORDER_037598,BUYER_03776,SELLER_00393,2025-11-25,defective,approved,False,
RETURN_003229,ORDER_037619,BUYER_03779,SELLER_00123,2025-12-31,defective,approved,False,
RETURN_003230,ORDER_037622,BUYER_03779,SELLER_00430,2025-10-25,defective,approved,False,
RETURN_003231,ORDER_037625,BUYER_03779,SELLER_00196,2025-10-19,changed_mind,approved,False,
RETURN_003232,ORDER_037627,BUYER_03779,SELLER_00017,2025-12-16,defective,approved,False,
RETURN_003233,ORDER_037628,BUYER_03779,SELLER_00465,2025-10-31,size_issue,approved,False,
RETURN_003234,ORDER_037629,BUYER_03779,SELLER_00465,2025-10-22,defective,approved,False,
RETURN_003235,ORDER_037630,BUYER_03779,SELLER_00481,2025-12-06,changed_mind,approved,False,
RETURN_003236,ORDER_037634,BUYER_03779,SELLER_00057,2025-11-23,changed_mind,approved,False,
RETURN_003237,ORDER_037637,BUYER_03779,SELLER_00338,2025-10-30,changed_mind,approved,False,
RETURN_003238,ORDER_037638,BUYER_03779,SELLER_00002,2025-10-10,changed_mind,approved,False,
RETURN_003239,ORDER_037639,BUYER_03779,SELLER_00492,2025-11-12,defective,approved,False,
RETURN_003240,ORDER_037640,BUYER_03779,SELLER_00386,2025-12-31,changed_mind,approved,False,
RETURN_003241,ORDER_037643,BUYER_03779,SELLER_00165,2025-12-31,changed_mind,approved,False,
RETURN_003242,ORDER_037647,BUYER_03779,SELLER_00241,2025-12-21,wrong_item_received,approved,False,
RETURN_003243,ORDER_037651,BUYER_03780,SELLER_00021,2025-11-05,changed_mind,approved,False,
RETURN_003244,ORDER_037681,BUYER_03784,SELLER_00369,2025-11-19,wrong_item_received,approved,False,
RETURN_003245,ORDER_037704,BUYER_03789,SELLER_00364,2025-08-21,defective,approved,False,
RETURN_003246,ORDER_037705,BUYER_03789,SELLER_00381,2025-06-29,changed_mind,approved,False,
RETURN_003247,ORDER_037707,BUYER_03789,SELLER_00467,2025-10-07,defective,approved,False,
RETURN_003248,ORDER_037717,BUYER_03790,SELLER_00066,2025-11-11,wrong_item_received,approved,False,
RETURN_003249,ORDER_037732,BUYER_03793,SELLER_00295,2025-11-29,changed_mind,approved,False,
RETURN_003250,ORDER_037800,BUYER_03797,SELLER_00037,2025-11-19,wrong_item_received,approved,False,
RETURN_003251,ORDER_037833,BUYER_03798,SELLER_00276,2025-12-28,size_issue,approved,False,
RETURN_003252,ORDER_037839,BUYER_03799,SELLER_00487,2025-12-02,defective,approved,False,
RETURN_003253,ORDER_037891,BUYER_03806,SELLER_00289,2025-12-16,defective,approved,False,
RETURN_003254,ORDER_037901,BUYER_03807,SELLER_00351,2025-08-08,defective,approved,False,
RETURN_003255,ORDER_037938,BUYER_03810,SELLER_00172,2025-06-29,changed_mind,approved,False,
RETURN_003256,ORDER_037942,BUYER_03811,SELLER_00057,2025-09-13,wrong_item_received,approved,False,
RETURN_003257,ORDER_037985,BUYER_03817,SELLER_00377,2025-12-28,defective,approved,False,
RETURN_003258,ORDER_038018,BUYER_03822,SELLER_00061,2025-05-03,size_issue,approved,False,
RETURN_003259,ORDER_038053,BUYER_03826,SELLER_00334,2025-09-01,wrong_item_received,approved,False,
RETURN_003260,ORDER_038082,BUYER_03826,SELLER_00176,2025-04-19,size_issue,approved,False,
RETURN_003261,ORDER_038102,BUYER_03827,SELLER_00044,2025-07-11,size_issue,approved,False,
RETURN_003262,ORDER_038149,BUYER_03830,SELLER_00065,2025-12-13,size_issue,approved,False,
RETURN_003263,ORDER_038178,BUYER_03833,SELLER_00490,2025-08-02,changed_mind,approved,False,
RETURN_003264,ORDER_038179,BUYER_03833,SELLER_00019,2025-07-03,defective,approved,False,
RETURN_003265,ORDER_038182,BUYER_03833,SELLER_00044,2025-09-07,wrong_item_received,approved,False,
RETURN_003266,ORDER_038197,BUYER_03835,SELLER_00459,2025-10-08,size_issue,approved,False,
RETURN_003267,ORDER_038201,BUYER_03835,SELLER_00124,2025-10-02,size_issue,approved,False,
RETURN_003268,ORDER_038207,BUYER_03836,SELLER_00403,2025-12-13,size_issue,approved,False,
RETURN_003269,ORDER_038210,BUYER_03836,SELLER_00192,2025-11-02,size_issue,approved,False,
RETURN_003270,ORDER_038214,BUYER_03837,SELLER_00233,2025-12-12,changed_mind,approved,False,
RETURN_003271,ORDER_038218,BUYER_03837,SELLER_00421,2025-11-29,size_issue,approved,False,
RETURN_003272,ORDER_038222,BUYER_03837,SELLER_00229,2025-12-04,changed_mind,approved,False,
RETURN_003273,ORDER_038254,BUYER_03842,SELLER_00416,2025-12-31,changed_mind,approved,False,
RETURN_003274,ORDER_038260,BUYER_03843,SELLER_00377,2025-09-10,size_issue,approved,True,return_abuse
RETURN_003275,ORDER_038272,BUYER_03846,SELLER_00038,2025-11-22,size_issue,approved,False,
RETURN_003276,ORDER_038275,BUYER_03846,SELLER_00376,2025-11-24,size_issue,approved,False,
RETURN_003277,ORDER_038289,BUYER_03847,SELLER_00263,2025-11-25,changed_mind,approved,False,
RETURN_003278,ORDER_038307,BUYER_03849,SELLER_00470,2025-12-31,changed_mind,approved,False,
RETURN_003279,ORDER_038315,BUYER_03850,SELLER_00152,2025-12-04,changed_mind,approved,False,
RETURN_003280,ORDER_038317,BUYER_03850,SELLER_00068,2025-11-02,defective,approved,False,
RETURN_003281,ORDER_038319,BUYER_03850,SELLER_00174,2025-11-04,changed_mind,approved,False,
RETURN_003282,ORDER_038320,BUYER_03850,SELLER_00423,2025-12-15,size_issue,approved,False,
RETURN_003283,ORDER_038327,BUYER_03852,SELLER_00229,2025-08-08,changed_mind,approved,False,
RETURN_003284,ORDER_038347,BUYER_03853,SELLER_00258,2025-11-06,defective,approved,False,
RETURN_003285,ORDER_038352,BUYER_03854,SELLER_00310,2025-11-19,wrong_item_received,approved,False,
RETURN_003286,ORDER_038356,BUYER_03854,SELLER_00024,2025-09-01,defective,approved,False,
RETURN_003287,ORDER_038366,BUYER_03855,SELLER_00003,2025-12-31,changed_mind,approved,False,
RETURN_003288,ORDER_038374,BUYER_03856,SELLER_00256,2025-10-27,size_issue,approved,False,
RETURN_003289,ORDER_038408,BUYER_03859,SELLER_00400,2025-12-31,defective,approved,False,
RETURN_003290,ORDER_038412,BUYER_03859,SELLER_00439,2025-12-31,defective,approved,False,
RETURN_003291,ORDER_038432,BUYER_03863,SELLER_00408,2025-05-28,changed_mind,approved,False,
RETURN_003292,ORDER_038436,BUYER_03864,SELLER_00354,2025-12-05,defective,approved,False,
RETURN_003293,ORDER_038438,BUYER_03864,SELLER_00326,2025-09-19,defective,approved,False,
RETURN_003294,ORDER_038445,BUYER_03865,SELLER_00115,2025-12-09,defective,approved,False,
RETURN_003295,ORDER_038447,BUYER_03865,SELLER_00438,2025-10-16,wrong_item_received,approved,False,
RETURN_003296,ORDER_038459,BUYER_03867,SELLER_00313,2025-06-16,wrong_item_received,approved,False,
RETURN_003297,ORDER_038485,BUYER_03869,SELLER_00472,2025-04-18,defective,approved,False,
RETURN_003298,ORDER_038568,BUYER_03874,SELLER_00246,2025-12-31,changed_mind,approved,False,
RETURN_003299,ORDER_038574,BUYER_03875,SELLER_00439,2025-10-19,changed_mind,approved,False,
RETURN_003300,ORDER_038592,BUYER_03875,SELLER_00271,2025-11-21,wrong_item_received,approved,False,
RETURN_003301,ORDER_038605,BUYER_03876,SELLER_00305,2025-09-14,defective,approved,False,
RETURN_003302,ORDER_038607,BUYER_03876,SELLER_00370,2025-12-31,defective,approved,False,
RETURN_003303,ORDER_038622,BUYER_03879,SELLER_00041,2025-12-23,size_issue,approved,False,
RETURN_003304,ORDER_038625,BUYER_03879,SELLER_00471,2025-12-10,wrong_item_received,approved,False,
RETURN_003305,ORDER_038634,BUYER_03879,SELLER_00123,2025-12-19,changed_mind,approved,False,
RETURN_003306,ORDER_038663,BUYER_03880,SELLER_00263,2025-11-18,changed_mind,approved,False,
RETURN_003307,ORDER_038671,BUYER_03882,SELLER_00082,2025-08-29,changed_mind,approved,False,
RETURN_003308,ORDER_038672,BUYER_03882,SELLER_00016,2025-10-24,defective,approved,False,
RETURN_003309,ORDER_038683,BUYER_03884,SELLER_00438,2025-09-28,changed_mind,approved,False,
RETURN_003310,ORDER_038685,BUYER_03884,SELLER_00169,2025-07-07,defective,approved,False,
RETURN_003311,ORDER_038703,BUYER_03887,SELLER_00112,2025-11-20,size_issue,approved,False,
RETURN_003312,ORDER_038712,BUYER_03888,SELLER_00381,2025-05-30,defective,approved,False,
RETURN_003313,ORDER_038714,BUYER_03889,SELLER_00095,2025-12-30,wrong_item_received,approved,False,
RETURN_003314,ORDER_038716,BUYER_03889,SELLER_00430,2025-11-20,changed_mind,approved,False,
RETURN_003315,ORDER_038719,BUYER_03889,SELLER_00492,2025-12-11,defective,approved,False,
RETURN_003316,ORDER_038721,BUYER_03889,SELLER_00185,2025-12-29,changed_mind,approved,False,
RETURN_003317,ORDER_038725,BUYER_03889,SELLER_00060,2025-12-20,changed_mind,approved,False,
RETURN_003318,ORDER_038731,BUYER_03891,SELLER_00175,2025-08-01,defective,approved,False,
RETURN_003319,ORDER_038732,BUYER_03891,SELLER_00024,2025-09-11,defective,approved,False,
RETURN_003320,ORDER_038764,BUYER_03894,SELLER_00057,2025-12-31,wrong_item_received,approved,False,
RETURN_003321,ORDER_038815,BUYER_03901,SELLER_00263,2025-12-14,defective,approved,False,
RETURN_003322,ORDER_038833,BUYER_03903,SELLER_00088,2025-07-08,wrong_item_received,approved,False,
RETURN_003323,ORDER_038850,BUYER_03906,SELLER_00277,2025-07-01,wrong_item_received,approved,False,
RETURN_003324,ORDER_038868,BUYER_03907,SELLER_00474,2025-12-04,changed_mind,approved,False,
RETURN_003325,ORDER_038950,BUYER_03918,SELLER_00356,2025-10-27,defective,approved,False,
RETURN_003326,ORDER_038979,BUYER_03922,SELLER_00030,2025-06-23,changed_mind,approved,False,
RETURN_003327,ORDER_038990,BUYER_03923,SELLER_00316,2025-12-28,wrong_item_received,approved,False,
RETURN_003328,ORDER_039032,BUYER_03927,SELLER_00297,2025-10-06,wrong_item_received,approved,False,
RETURN_003329,ORDER_039093,BUYER_03933,SELLER_00464,2025-09-27,defective,approved,False,
RETURN_003330,ORDER_039106,BUYER_03935,SELLER_00290,2025-12-25,changed_mind,approved,False,
RETURN_003331,ORDER_039117,BUYER_03937,SELLER_00297,2025-12-20,changed_mind,approved,False,
RETURN_003332,ORDER_039158,BUYER_03943,SELLER_00059,2025-12-01,changed_mind,approved,False,
RETURN_003333,ORDER_039159,BUYER_03943,SELLER_00199,2025-10-03,changed_mind,approved,False,
RETURN_003334,ORDER_039177,BUYER_03945,SELLER_00016,2025-09-03,defective,approved,False,
RETURN_003335,ORDER_039179,BUYER_03945,SELLER_00423,2025-10-11,changed_mind,approved,False,
RETURN_003336,ORDER_039180,BUYER_03945,SELLER_00429,2025-11-18,defective,approved,False,
RETURN_003337,ORDER_039181,BUYER_03945,SELLER_00368,2025-07-07,wrong_item_received,approved,False,
RETURN_003338,ORDER_039182,BUYER_03945,SELLER_00143,2025-08-27,wrong_item_received,approved,False,
RETURN_003339,ORDER_039183,BUYER_03945,SELLER_00199,2025-11-27,changed_mind,approved,False,
RETURN_003340,ORDER_039185,BUYER_03945,SELLER_00200,2025-06-05,changed_mind,approved,False,
RETURN_003341,ORDER_039188,BUYER_03945,SELLER_00080,2025-11-02,changed_mind,approved,False,
RETURN_003342,ORDER_039189,BUYER_03945,SELLER_00369,2025-08-27,defective,approved,False,
RETURN_003343,ORDER_039205,BUYER_03947,SELLER_00119,2025-10-23,wrong_item_received,approved,False,
RETURN_003344,ORDER_039218,BUYER_03949,SELLER_00196,2025-10-06,defective,approved,False,
RETURN_003345,ORDER_039223,BUYER_03950,SELLER_00092,2025-11-26,changed_mind,approved,False,
RETURN_003346,ORDER_039225,BUYER_03950,SELLER_00304,2025-11-04,wrong_item_received,approved,False,
RETURN_003347,ORDER_039234,BUYER_03950,SELLER_00153,2025-10-14,changed_mind,approved,False,
RETURN_003348,ORDER_039237,BUYER_03950,SELLER_00092,2025-10-26,changed_mind,approved,False,
RETURN_003349,ORDER_039239,BUYER_03950,SELLER_00290,2025-11-03,wrong_item_received,approved,False,
RETURN_003350,ORDER_039242,BUYER_03950,SELLER_00192,2025-12-28,changed_mind,approved,False,
RETURN_003351,ORDER_039247,BUYER_03951,SELLER_00333,2025-10-25,defective,approved,False,
RETURN_003352,ORDER_039252,BUYER_03951,SELLER_00143,2025-11-18,wrong_item_received,approved,False,
RETURN_003353,ORDER_039259,BUYER_03951,SELLER_00495,2025-10-15,size_issue,approved,False,
RETURN_003354,ORDER_039280,BUYER_03954,SELLER_00058,2025-12-11,size_issue,approved,False,
RETURN_003355,ORDER_039313,BUYER_03957,SELLER_00112,2025-08-05,changed_mind,approved,False,
RETURN_003356,ORDER_039320,BUYER_03958,SELLER_00032,2025-08-24,changed_mind,approved,False,
RETURN_003357,ORDER_039326,BUYER_03959,SELLER_00013,2025-12-08,changed_mind,approved,False,
RETURN_003358,ORDER_039331,BUYER_03960,SELLER_00241,2025-11-22,defective,approved,False,
RETURN_003359,ORDER_039333,BUYER_03960,SELLER_00168,2025-07-29,defective,approved,False,
RETURN_003360,ORDER_039338,BUYER_03960,SELLER_00243,2025-11-14,size_issue,approved,False,
RETURN_003361,ORDER_039341,BUYER_03961,SELLER_00438,2025-12-31,size_issue,approved,False,
RETURN_003362,ORDER_039355,BUYER_03962,SELLER_00326,2025-12-22,defective,approved,False,
RETURN_003363,ORDER_039360,BUYER_03962,SELLER_00457,2025-12-26,wrong_item_received,approved,False,
RETURN_003364,ORDER_039361,BUYER_03962,SELLER_00446,2025-12-31,changed_mind,approved,False,
RETURN_003365,ORDER_039388,BUYER_03968,SELLER_00294,2025-11-17,defective,approved,False,
RETURN_003366,ORDER_039441,BUYER_03971,SELLER_00112,2025-12-10,size_issue,approved,False,
RETURN_003367,ORDER_039465,BUYER_03973,SELLER_00016,2025-11-27,changed_mind,approved,False,
RETURN_003368,ORDER_039483,BUYER_03974,SELLER_00206,2025-04-30,size_issue,approved,False,
RETURN_003369,ORDER_039495,BUYER_03977,SELLER_00258,2025-12-28,size_issue,approved,False,
RETURN_003370,ORDER_039502,BUYER_03978,SELLER_00313,2025-03-30,size_issue,approved,False,
RETURN_003371,ORDER_039542,BUYER_03981,SELLER_00141,2025-12-24,defective,approved,False,
RETURN_003372,ORDER_039553,BUYER_03984,SELLER_00320,2025-11-15,wrong_item_received,approved,False,
RETURN_003373,ORDER_039569,BUYER_03985,SELLER_00011,2025-12-25,size_issue,approved,False,
RETURN_003374,ORDER_039572,BUYER_03985,SELLER_00455,2025-12-29,wrong_item_received,approved,False,
RETURN_003375,ORDER_039573,BUYER_03985,SELLER_00102,2025-12-22,size_issue,approved,False,
RETURN_003376,ORDER_039591,BUYER_03985,SELLER_00005,2025-12-31,size_issue,approved,False,
RETURN_003377,ORDER_039599,BUYER_03986,SELLER_00441,2025-06-23,changed_mind,approved,False,
RETURN_003378,ORDER_039604,BUYER_03986,SELLER_00153,2025-09-17,size_issue,approved,False,
RETURN_003379,ORDER_039607,BUYER_03986,SELLER_00449,2025-09-02,defective,approved,False,
RETURN_003380,ORDER_039608,BUYER_03986,SELLER_00105,2025-09-02,defective,approved,False,
RETURN_003381,ORDER_039609,BUYER_03986,SELLER_00263,2025-07-26,changed_mind,approved,False,
RETURN_003382,ORDER_039611,BUYER_03986,SELLER_00353,2025-10-21,changed_mind,approved,False,
RETURN_003383,ORDER_039613,BUYER_03986,SELLER_00077,2025-06-20,size_issue,approved,False,
RETURN_003384,ORDER_039615,BUYER_03986,SELLER_00230,2025-12-03,changed_mind,approved,False,
RETURN_003385,ORDER_039619,BUYER_03988,SELLER_00442,2025-12-31,defective,approved,False,
RETURN_003386,ORDER_039628,BUYER_03989,SELLER_00382,2025-05-10,defective,approved,False,
RETURN_003387,ORDER_039645,BUYER_03991,SELLER_00055,2025-12-18,defective,approved,False,
RETURN_003388,ORDER_039653,BUYER_03991,SELLER_00155,2025-11-02,defective,approved,False,
RETURN_003389,ORDER_039660,BUYER_03993,SELLER_00358,2025-11-29,defective,approved,False,
RETURN_003390,ORDER_039666,BUYER_03993,SELLER_00307,2025-10-27,defective,approved,False,
RETURN_003391,ORDER_039693,BUYER_03997,SELLER_00289,2025-07-20,defective,approved,False,
RETURN_003392,ORDER_039697,BUYER_03997,SELLER_00399,2025-08-16,size_issue,approved,False,
RETURN_003393,ORDER_039748,BUYER_04001,SELLER_00084,2025-10-05,size_issue,approved,False,
RETURN_003394,ORDER_039770,BUYER_04003,SELLER_00367,2025-09-16,size_issue,approved,False,
RETURN_003395,ORDER_039776,BUYER_04004,SELLER_00057,2025-12-02,defective,approved,False,
RETURN_003396,ORDER_039777,BUYER_04004,SELLER_00416,2025-11-24,changed_mind,approved,False,
RETURN_003397,ORDER_039782,BUYER_04004,SELLER_00475,2025-10-18,wrong_item_received,approved,False,
RETURN_003398,ORDER_039783,BUYER_04004,SELLER_00185,2025-12-08,defective,approved,False,
RETURN_003399,ORDER_039785,BUYER_04004,SELLER_00023,2025-11-06,changed_mind,approved,False,
RETURN_003400,ORDER_039834,BUYER_04008,SELLER_00171,2025-12-21,changed_mind,approved,False,
RETURN_003401,ORDER_039865,BUYER_04010,SELLER_00157,2025-09-24,defective,approved,False,
RETURN_003402,ORDER_039870,BUYER_04010,SELLER_00408,2025-07-31,changed_mind,approved,False,
RETURN_003403,ORDER_039871,BUYER_04010,SELLER_00316,2025-12-03,changed_mind,approved,False,
RETURN_003404,ORDER_039880,BUYER_04011,SELLER_00065,2025-11-23,defective,approved,False,
RETURN_003405,ORDER_039923,BUYER_04013,SELLER_00476,2025-12-08,size_issue,approved,False,
RETURN_003406,ORDER_039924,BUYER_04013,SELLER_00272,2025-11-16,wrong_item_received,approved,False,
RETURN_003407,ORDER_039928,BUYER_04013,SELLER_00267,2025-12-24,defective,approved,False,
RETURN_003408,ORDER_039934,BUYER_04013,SELLER_00211,2025-06-14,size_issue,approved,False,
RETURN_003409,ORDER_039936,BUYER_04013,SELLER_00164,2025-05-04,defective,approved,False,
RETURN_003410,ORDER_039937,BUYER_04013,SELLER_00085,2025-07-13,changed_mind,approved,False,
RETURN_003411,ORDER_039945,BUYER_04014,SELLER_00460,2025-12-11,wrong_item_received,approved,False,
RETURN_003412,ORDER_039951,BUYER_04015,SELLER_00451,2025-12-07,changed_mind,approved,False,
RETURN_003413,ORDER_039952,BUYER_04015,SELLER_00470,2025-12-18,wrong_item_received,approved,False,
RETURN_003414,ORDER_039977,BUYER_04020,SELLER_00463,2025-12-19,size_issue,approved,False,
RETURN_003415,ORDER_040019,BUYER_04025,SELLER_00142,2025-12-28,changed_mind,approved,False,
RETURN_003416,ORDER_040028,BUYER_04025,SELLER_00167,2025-10-07,changed_mind,approved,False,
RETURN_003417,ORDER_040029,BUYER_04026,SELLER_00356,2025-12-08,defective,approved,False,
RETURN_003418,ORDER_040045,BUYER_04027,SELLER_00437,2025-09-22,size_issue,approved,False,
RETURN_003419,ORDER_040053,BUYER_04027,SELLER_00437,2025-07-30,changed_mind,approved,False,
RETURN_003420,ORDER_040055,BUYER_04028,SELLER_00206,2025-09-22,changed_mind,approved,False,
RETURN_003421,ORDER_040057,BUYER_04028,SELLER_00166,2025-12-16,defective,approved,False,
RETURN_003422,ORDER_040058,BUYER_04028,SELLER_00350,2025-10-30,size_issue,approved,False,
RETURN_003423,ORDER_040060,BUYER_04029,SELLER_00346,2025-11-24,changed_mind,approved,False,
RETURN_003424,ORDER_040061,BUYER_04029,SELLER_00376,2025-05-21,defective,approved,False,
RETURN_003425,ORDER_040063,BUYER_04029,SELLER_00314,2025-08-08,changed_mind,approved,False,
RETURN_003426,ORDER_040065,BUYER_04029,SELLER_00272,2025-11-27,defective,approved,False,
RETURN_003427,ORDER_040067,BUYER_04029,SELLER_00454,2025-08-23,defective,approved,False,
RETURN_003428,ORDER_040070,BUYER_04030,SELLER_00085,2025-11-02,defective,approved,False,
RETURN_003429,ORDER_040071,BUYER_04030,SELLER_00128,2025-10-05,changed_mind,approved,False,
RETURN_003430,ORDER_040072,BUYER_04030,SELLER_00175,2025-11-22,wrong_item_received,approved,False,
RETURN_003431,ORDER_040073,BUYER_04030,SELLER_00438,2025-06-03,size_issue,approved,False,
RETURN_003432,ORDER_040085,BUYER_04030,SELLER_00313,2025-06-15,size_issue,approved,False,
RETURN_003433,ORDER_040086,BUYER_04030,SELLER_00460,2025-06-15,changed_mind,approved,False,
RETURN_003434,ORDER_040087,BUYER_04030,SELLER_00330,2025-05-04,wrong_item_received,approved,False,
RETURN_003435,ORDER_040089,BUYER_04030,SELLER_00188,2025-08-20,defective,approved,False,
RETURN_003436,ORDER_040090,BUYER_04030,SELLER_00340,2025-10-29,changed_mind,approved,False,
RETURN_003437,ORDER_040097,BUYER_04030,SELLER_00472,2025-11-09,changed_mind,approved,False,
RETURN_003438,ORDER_040100,BUYER_04030,SELLER_00281,2025-08-22,defective,approved,False,
RETURN_003439,ORDER_040104,BUYER_04030,SELLER_00449,2025-05-05,defective,approved,False,
RETURN_003440,ORDER_040105,BUYER_04030,SELLER_00249,2025-05-26,changed_mind,approved,False,
RETURN_003441,ORDER_040108,BUYER_04030,SELLER_00320,2025-07-12,defective,approved,False,
RETURN_003442,ORDER_040110,BUYER_04030,SELLER_00225,2025-12-21,size_issue,approved,False,
RETURN_003443,ORDER_040112,BUYER_04030,SELLER_00161,2025-10-29,changed_mind,approved,False,
RETURN_003444,ORDER_040118,BUYER_04030,SELLER_00377,2025-08-15,wrong_item_received,approved,False,
RETURN_003445,ORDER_040120,BUYER_04030,SELLER_00468,2025-08-02,changed_mind,approved,False,
RETURN_003446,ORDER_040121,BUYER_04030,SELLER_00074,2025-11-09,changed_mind,approved,False,
RETURN_003447,ORDER_040138,BUYER_04031,SELLER_00246,2025-07-19,changed_mind,approved,True,return_abuse
RETURN_003448,ORDER_040149,BUYER_04031,SELLER_00095,2025-12-04,defective,approved,False,
RETURN_003449,ORDER_040154,BUYER_04031,SELLER_00095,2025-08-30,size_issue,approved,False,
RETURN_003450,ORDER_040192,BUYER_04034,SELLER_00111,2025-12-20,wrong_item_received,approved,False,
RETURN_003451,ORDER_040213,BUYER_04038,SELLER_00196,2025-07-16,changed_mind,approved,False,
RETURN_003452,ORDER_040224,BUYER_04040,SELLER_00349,2025-12-16,changed_mind,approved,False,
RETURN_003453,ORDER_040246,BUYER_04044,SELLER_00471,2025-10-30,changed_mind,approved,False,
RETURN_003454,ORDER_040247,BUYER_04044,SELLER_00326,2025-11-12,size_issue,approved,False,
RETURN_003455,ORDER_040248,BUYER_04044,SELLER_00034,2025-11-16,defective,approved,False,
RETURN_003456,ORDER_040255,BUYER_04046,SELLER_00275,2025-10-30,defective,approved,False,
RETURN_003457,ORDER_040272,BUYER_04048,SELLER_00439,2025-12-31,changed_mind,approved,False,
RETURN_003458,ORDER_040293,BUYER_04051,SELLER_00164,2025-05-07,defective,approved,False,
RETURN_003459,ORDER_040315,BUYER_04054,SELLER_00268,2025-06-26,defective,approved,False,
RETURN_003460,ORDER_040317,BUYER_04054,SELLER_00323,2025-07-14,defective,approved,False,
RETURN_003461,ORDER_040321,BUYER_04054,SELLER_00423,2025-12-10,defective,approved,False,
RETURN_003462,ORDER_040322,BUYER_04054,SELLER_00296,2025-09-25,wrong_item_received,approved,False,
RETURN_003463,ORDER_040323,BUYER_04054,SELLER_00379,2025-07-24,defective,approved,False,
RETURN_003464,ORDER_040325,BUYER_04054,SELLER_00255,2025-07-14,defective,approved,False,
RETURN_003465,ORDER_040329,BUYER_04055,SELLER_00427,2025-06-03,wrong_item_received,approved,False,
RETURN_003466,ORDER_040332,BUYER_04055,SELLER_00026,2025-06-10,changed_mind,approved,False,
RETURN_003467,ORDER_040338,BUYER_04055,SELLER_00003,2025-03-23,defective,approved,False,
RETURN_003468,ORDER_040339,BUYER_04055,SELLER_00231,2025-07-06,wrong_item_received,approved,False,
RETURN_003469,ORDER_040342,BUYER_04055,SELLER_00463,2025-11-06,changed_mind,approved,False,
RETURN_003470,ORDER_040343,BUYER_04055,SELLER_00016,2025-11-14,size_issue,approved,False,
RETURN_003471,ORDER_040344,BUYER_04055,SELLER_00478,2025-05-26,changed_mind,approved,False,
RETURN_003472,ORDER_040438,BUYER_04063,SELLER_00312,2025-06-28,wrong_item_received,approved,False,
RETURN_003473,ORDER_040483,BUYER_04068,SELLER_00100,2025-10-03,defective,approved,False,
RETURN_003474,ORDER_040506,BUYER_04070,SELLER_00188,2025-12-26,defective,approved,False,
RETURN_003475,ORDER_040511,BUYER_04070,SELLER_00036,2025-07-11,wrong_item_received,approved,False,
RETURN_003476,ORDER_040513,BUYER_04070,SELLER_00192,2025-08-08,wrong_item_received,approved,False,
RETURN_003477,ORDER_040517,BUYER_04071,SELLER_00376,2025-11-27,wrong_item_received,approved,False,
RETURN_003478,ORDER_040521,BUYER_04072,SELLER_00052,2025-12-04,changed_mind,approved,False,
RETURN_003479,ORDER_040533,BUYER_04073,SELLER_00290,2025-07-01,changed_mind,approved,False,
RETURN_003480,ORDER_040555,BUYER_04075,SELLER_00288,2025-09-18,wrong_item_received,approved,False,
RETURN_003481,ORDER_040557,BUYER_04075,SELLER_00461,2025-05-04,defective,approved,False,
RETURN_003482,ORDER_040560,BUYER_04075,SELLER_00427,2025-05-11,size_issue,approved,False,
RETURN_003483,ORDER_040561,BUYER_04075,SELLER_00055,2025-11-18,size_issue,approved,False,
RETURN_003484,ORDER_040563,BUYER_04075,SELLER_00478,2025-05-02,wrong_item_received,approved,False,
RETURN_003485,ORDER_040564,BUYER_04075,SELLER_00016,2025-09-20,size_issue,approved,False,
RETURN_003486,ORDER_040565,BUYER_04075,SELLER_00125,2025-09-18,defective,approved,False,
RETURN_003487,ORDER_040568,BUYER_04075,SELLER_00216,2025-12-11,defective,approved,False,
RETURN_003488,ORDER_040569,BUYER_04075,SELLER_00122,2025-05-07,defective,approved,False,
RETURN_003489,ORDER_040570,BUYER_04075,SELLER_00436,2025-04-24,changed_mind,approved,False,
RETURN_003490,ORDER_040575,BUYER_04077,SELLER_00243,2025-08-30,defective,approved,False,
RETURN_003491,ORDER_040589,BUYER_04079,SELLER_00263,2025-09-07,changed_mind,approved,False,
RETURN_003492,ORDER_040604,BUYER_04082,SELLER_00381,2025-11-11,changed_mind,approved,False,
RETURN_003493,ORDER_040608,BUYER_04082,SELLER_00399,2025-10-30,size_issue,approved,False,
RETURN_003494,ORDER_040611,BUYER_04082,SELLER_00359,2025-08-02,wrong_item_received,approved,False,
RETURN_003495,ORDER_040612,BUYER_04082,SELLER_00299,2025-12-03,changed_mind,approved,False,
RETURN_003496,ORDER_040615,BUYER_04082,SELLER_00089,2025-04-27,size_issue,approved,False,
RETURN_003497,ORDER_040624,BUYER_04084,SELLER_00495,2025-12-18,defective,approved,False,
RETURN_003498,ORDER_040664,BUYER_04088,SELLER_00163,2025-12-13,wrong_item_received,approved,False,
RETURN_003499,ORDER_040678,BUYER_04088,SELLER_00068,2025-09-13,wrong_item_received,approved,False,
RETURN_003500,ORDER_040692,BUYER_04091,SELLER_00423,2025-08-28,wrong_item_received,approved,False,
RETURN_003501,ORDER_040696,BUYER_04091,SELLER_00343,2025-07-09,wrong_item_received,approved,False,
RETURN_003502,ORDER_040704,BUYER_04091,SELLER_00387,2025-06-06,size_issue,approved,False,
RETURN_003503,ORDER_040705,BUYER_04091,SELLER_00460,2025-05-27,wrong_item_received,approved,False,
RETURN_003504,ORDER_040709,BUYER_04091,SELLER_00418,2025-07-21,defective,approved,False,
RETURN_003505,ORDER_040734,BUYER_04093,SELLER_00439,2025-08-13,wrong_item_received,approved,False,
RETURN_003506,ORDER_040752,BUYER_04095,SELLER_00468,2025-10-16,size_issue,approved,False,
RETURN_003507,ORDER_040772,BUYER_04097,SELLER_00438,2025-11-02,size_issue,approved,False,
RETURN_003508,ORDER_040778,BUYER_04098,SELLER_00313,2025-09-02,wrong_item_received,approved,False,
RETURN_003509,ORDER_040783,BUYER_04098,SELLER_00388,2025-12-11,changed_mind,approved,False,
RETURN_003510,ORDER_040784,BUYER_04098,SELLER_00290,2025-09-21,changed_mind,approved,False,
RETURN_003511,ORDER_040796,BUYER_04100,SELLER_00077,2025-12-28,defective,approved,False,
RETURN_003512,ORDER_040804,BUYER_04100,SELLER_00440,2025-12-21,size_issue,approved,False,
RETURN_003513,ORDER_040839,BUYER_04102,SELLER_00455,2025-10-27,changed_mind,approved,False,
RETURN_003514,ORDER_040861,BUYER_04104,SELLER_00449,2025-12-21,changed_mind,approved,False,
RETURN_003515,ORDER_040862,BUYER_04104,SELLER_00271,2025-12-31,changed_mind,approved,False,
RETURN_003516,ORDER_040863,BUYER_04104,SELLER_00292,2025-12-31,changed_mind,approved,False,
RETURN_003517,ORDER_040869,BUYER_04104,SELLER_00190,2025-12-31,size_issue,approved,False,
RETURN_003518,ORDER_040915,BUYER_04109,SELLER_00469,2025-05-16,defective,approved,False,
RETURN_003519,ORDER_040921,BUYER_04109,SELLER_00407,2025-11-04,changed_mind,approved,False,
RETURN_003520,ORDER_040925,BUYER_04110,SELLER_00019,2025-12-13,changed_mind,approved,False,
RETURN_003521,ORDER_040927,BUYER_04110,SELLER_00167,2025-12-31,size_issue,approved,False,
RETURN_003522,ORDER_040934,BUYER_04110,SELLER_00058,2025-12-10,defective,approved,False,
RETURN_003523,ORDER_040940,BUYER_04110,SELLER_00340,2025-12-12,defective,approved,False,
RETURN_003524,ORDER_040957,BUYER_04110,SELLER_00472,2025-12-31,defective,approved,False,
RETURN_003525,ORDER_040958,BUYER_04111,SELLER_00313,2025-02-26,size_issue,approved,False,
RETURN_003526,ORDER_040962,BUYER_04111,SELLER_00326,2025-12-31,wrong_item_received,approved,False,
RETURN_003527,ORDER_040964,BUYER_04111,SELLER_00478,2025-02-09,changed_mind,approved,False,
RETURN_003528,ORDER_040965,BUYER_04111,SELLER_00472,2025-03-07,changed_mind,approved,False,
RETURN_003529,ORDER_040966,BUYER_04111,SELLER_00266,2025-08-29,changed_mind,approved,False,
RETURN_003530,ORDER_040967,BUYER_04111,SELLER_00002,2025-04-04,defective,approved,False,
RETURN_003531,ORDER_040972,BUYER_04112,SELLER_00021,2025-12-22,wrong_item_received,approved,False,
RETURN_003532,ORDER_040973,BUYER_04112,SELLER_00467,2025-06-25,defective,approved,False,
RETURN_003533,ORDER_040984,BUYER_04115,SELLER_00290,2025-12-27,changed_mind,approved,False,
RETURN_003534,ORDER_040985,BUYER_04115,SELLER_00487,2025-12-31,changed_mind,approved,False,
RETURN_003535,ORDER_040986,BUYER_04115,SELLER_00454,2025-12-13,wrong_item_received,approved,False,
RETURN_003536,ORDER_040989,BUYER_04115,SELLER_00400,2025-12-16,defective,approved,False,
RETURN_003537,ORDER_040990,BUYER_04115,SELLER_00444,2025-12-20,changed_mind,approved,False,
RETURN_003538,ORDER_040992,BUYER_04115,SELLER_00470,2025-12-25,size_issue,approved,False,
RETURN_003539,ORDER_040995,BUYER_04116,SELLER_00494,2025-11-11,size_issue,approved,False,
RETURN_003540,ORDER_041013,BUYER_04118,SELLER_00185,2025-12-03,defective,approved,False,
RETURN_003541,ORDER_041029,BUYER_04119,SELLER_00229,2025-10-06,changed_mind,approved,False,
RETURN_003542,ORDER_041041,BUYER_04121,SELLER_00021,2025-08-20,size_issue,approved,False,
RETURN_003543,ORDER_041043,BUYER_04121,SELLER_00118,2025-10-12,changed_mind,approved,False,
RETURN_003544,ORDER_041067,BUYER_04123,SELLER_00233,2025-10-20,wrong_item_received,approved,False,
RETURN_003545,ORDER_041074,BUYER_04123,SELLER_00463,2025-09-26,defective,approved,False,
RETURN_003546,ORDER_041083,BUYER_04123,SELLER_00011,2025-12-28,changed_mind,approved,False,
RETURN_003547,ORDER_041094,BUYER_04124,SELLER_00436,2025-09-22,defective,approved,False,
RETURN_003548,ORDER_041096,BUYER_04124,SELLER_00332,2025-10-13,changed_mind,approved,False,
RETURN_003549,ORDER_041099,BUYER_04125,SELLER_00384,2025-07-16,size_issue,approved,False,
RETURN_003550,ORDER_041101,BUYER_04125,SELLER_00473,2025-10-06,defective,approved,False,
RETURN_003551,ORDER_041103,BUYER_04125,SELLER_00057,2025-07-31,size_issue,approved,False,
RETURN_003552,ORDER_041106,BUYER_04125,SELLER_00150,2025-08-17,defective,approved,False,
RETURN_003553,ORDER_041109,BUYER_04125,SELLER_00430,2025-11-22,changed_mind,approved,False,
RETURN_003554,ORDER_041111,BUYER_04125,SELLER_00092,2025-07-13,defective,approved,False,
RETURN_003555,ORDER_041112,BUYER_04125,SELLER_00472,2025-08-15,changed_mind,approved,False,
RETURN_003556,ORDER_041114,BUYER_04125,SELLER_00288,2025-12-29,defective,approved,False,
RETURN_003557,ORDER_041116,BUYER_04125,SELLER_00309,2025-06-24,changed_mind,approved,False,
RETURN_003558,ORDER_041117,BUYER_04125,SELLER_00317,2025-07-03,defective,approved,False,
RETURN_003559,ORDER_041119,BUYER_04125,SELLER_00123,2025-10-19,defective,approved,False,
RETURN_003560,ORDER_041120,BUYER_04125,SELLER_00461,2025-09-01,changed_mind,approved,False,
RETURN_003561,ORDER_041122,BUYER_04125,SELLER_00214,2025-11-13,changed_mind,approved,False,
RETURN_003562,ORDER_041124,BUYER_04125,SELLER_00368,2025-07-04,size_issue,approved,False,
RETURN_003563,ORDER_041127,BUYER_04126,SELLER_00459,2025-11-22,defective,approved,False,
RETURN_003564,ORDER_041133,BUYER_04127,SELLER_00295,2025-07-29,defective,approved,False,
RETURN_003565,ORDER_041152,BUYER_04128,SELLER_00040,2025-08-19,defective,approved,False,
RETURN_003566,ORDER_041153,BUYER_04128,SELLER_00277,2025-08-04,changed_mind,approved,True,return_abuse
RETURN_003567,ORDER_041161,BUYER_04128,SELLER_00188,2025-11-30,changed_mind,approved,False,
RETURN_003568,ORDER_041200,BUYER_04130,SELLER_00259,2025-09-02,defective,approved,False,
RETURN_003569,ORDER_041214,BUYER_04131,SELLER_00221,2025-08-30,changed_mind,approved,False,
RETURN_003570,ORDER_041251,BUYER_04137,SELLER_00172,2025-07-04,changed_mind,approved,False,
RETURN_003571,ORDER_041268,BUYER_04139,SELLER_00436,2025-12-20,defective,approved,False,
RETURN_003572,ORDER_041272,BUYER_04139,SELLER_00092,2025-10-12,size_issue,approved,False,
RETURN_003573,ORDER_041285,BUYER_04139,SELLER_00192,2025-11-06,size_issue,approved,False,
RETURN_003574,ORDER_041305,BUYER_04142,SELLER_00114,2025-12-16,changed_mind,approved,False,
RETURN_003575,ORDER_041306,BUYER_04142,SELLER_00289,2025-12-02,size_issue,approved,False,
RETURN_003576,ORDER_041315,BUYER_04142,SELLER_00358,2025-12-31,size_issue,approved,False,
RETURN_003577,ORDER_041320,BUYER_04142,SELLER_00155,2025-11-19,size_issue,approved,False,
RETURN_003578,ORDER_041363,BUYER_04147,SELLER_00263,2025-11-28,size_issue,approved,False,
RETURN_003579,ORDER_041364,BUYER_04147,SELLER_00300,2025-06-03,defective,approved,False,
RETURN_003580,ORDER_041370,BUYER_04147,SELLER_00241,2025-10-26,changed_mind,approved,False,
RETURN_003581,ORDER_041373,BUYER_04148,SELLER_00246,2025-03-22,defective,approved,False,
RETURN_003582,ORDER_041374,BUYER_04148,SELLER_00199,2025-04-25,defective,approved,False,
RETURN_003583,ORDER_041375,BUYER_04148,SELLER_00478,2025-02-18,wrong_item_received,approved,False,
RETURN_003584,ORDER_041378,BUYER_04148,SELLER_00379,2025-05-15,defective,approved,False,
RETURN_003585,ORDER_041383,BUYER_04148,SELLER_00122,2025-07-21,changed_mind,approved,False,
RETURN_003586,ORDER_041384,BUYER_04148,SELLER_00456,2025-12-07,changed_mind,approved,False,
RETURN_003587,ORDER_041385,BUYER_04148,SELLER_00377,2025-05-07,size_issue,approved,False,
RETURN_003588,ORDER_041389,BUYER_04150,SELLER_00438,2025-12-08,changed_mind,approved,False,
RETURN_003589,ORDER_041395,BUYER_04151,SELLER_00221,2025-12-14,changed_mind,approved,True,return_abuse
RETURN_003590,ORDER_041401,BUYER_04151,SELLER_00092,2025-12-08,defective,approved,True,return_abuse
RETURN_003591,ORDER_041415,BUYER_04152,SELLER_00365,2025-11-30,changed_mind,approved,False,
RETURN_003592,ORDER_041430,BUYER_04153,SELLER_00075,2025-11-10,changed_mind,approved,False,
RETURN_003593,ORDER_041436,BUYER_04154,SELLER_00046,2025-02-15,wrong_item_received,approved,False,
RETURN_003594,ORDER_041438,BUYER_04154,SELLER_00478,2025-02-13,changed_mind,approved,False,
RETURN_003595,ORDER_041442,BUYER_04155,SELLER_00307,2025-11-20,defective,approved,False,
RETURN_003596,ORDER_041449,BUYER_04156,SELLER_00153,2025-12-13,size_issue,approved,False,
RETURN_003597,ORDER_041470,BUYER_04158,SELLER_00013,2025-07-13,changed_mind,approved,False,
RETURN_003598,ORDER_041500,BUYER_04161,SELLER_00271,2025-06-16,size_issue,approved,False,
RETURN_003599,ORDER_041516,BUYER_04162,SELLER_00001,2025-12-16,defective,approved,False,
RETURN_003600,ORDER_041543,BUYER_04163,SELLER_00338,2025-12-19,size_issue,approved,False,
RETURN_003601,ORDER_041576,BUYER_04166,SELLER_00316,2025-11-03,changed_mind,approved,True,return_abuse
RETURN_003602,ORDER_041581,BUYER_04167,SELLER_00417,2025-09-26,size_issue,approved,False,
RETURN_003603,ORDER_041589,BUYER_04168,SELLER_00472,2025-12-31,size_issue,approved,False,
RETURN_003604,ORDER_041590,BUYER_04168,SELLER_00164,2025-12-18,size_issue,approved,False,
RETURN_003605,ORDER_041621,BUYER_04171,SELLER_00381,2025-12-12,changed_mind,approved,False,
RETURN_003606,ORDER_041641,BUYER_04174,SELLER_00188,2025-03-29,size_issue,approved,False,
RETURN_003607,ORDER_041656,BUYER_04174,SELLER_00466,2025-05-24,size_issue,approved,False,
RETURN_003608,ORDER_041658,BUYER_04174,SELLER_00098,2025-07-30,defective,approved,False,
RETURN_003609,ORDER_041719,BUYER_04177,SELLER_00327,2025-09-15,wrong_item_received,approved,False,
RETURN_003610,ORDER_041759,BUYER_04182,SELLER_00026,2025-10-09,changed_mind,approved,False,
RETURN_003611,ORDER_041763,BUYER_04183,SELLER_00142,2025-08-29,defective,approved,False,
RETURN_003612,ORDER_041766,BUYER_04184,SELLER_00036,2025-11-07,defective,approved,False,
RETURN_003613,ORDER_041767,BUYER_04184,SELLER_00147,2025-03-18,defective,approved,False,
RETURN_003614,ORDER_041785,BUYER_04186,SELLER_00427,2025-12-25,defective,approved,False,
RETURN_003615,ORDER_041835,BUYER_04189,SELLER_00265,2025-12-21,defective,approved,False,
RETURN_003616,ORDER_041875,BUYER_04193,SELLER_00086,2025-12-31,defective,approved,False,
RETURN_003617,ORDER_041899,BUYER_04196,SELLER_00040,2025-10-08,size_issue,approved,False,
RETURN_003618,ORDER_041911,BUYER_04196,SELLER_00150,2025-11-12,wrong_item_received,approved,False,
RETURN_003619,ORDER_041922,BUYER_04197,SELLER_00471,2025-04-04,wrong_item_received,approved,False,
RETURN_003620,ORDER_041954,BUYER_04199,SELLER_00075,2025-05-17,changed_mind,approved,False,
RETURN_003621,ORDER_041982,BUYER_04203,SELLER_00295,2025-06-28,wrong_item_received,approved,False,
RETURN_003622,ORDER_042014,BUYER_04208,SELLER_00423,2025-08-28,changed_mind,approved,False,
RETURN_003623,ORDER_042016,BUYER_04208,SELLER_00088,2025-10-25,changed_mind,approved,False,
RETURN_003624,ORDER_042021,BUYER_04208,SELLER_00263,2025-10-11,defective,approved,False,
RETURN_003625,ORDER_042023,BUYER_04208,SELLER_00296,2025-08-11,changed_mind,approved,False,
RETURN_003626,ORDER_042026,BUYER_04208,SELLER_00356,2025-12-31,defective,approved,False,
RETURN_003627,ORDER_042029,BUYER_04209,SELLER_00091,2025-11-21,changed_mind,approved,False,
RETURN_003628,ORDER_042061,BUYER_04212,SELLER_00241,2025-11-07,changed_mind,approved,False,
RETURN_003629,ORDER_042062,BUYER_04212,SELLER_00019,2025-10-01,size_issue,approved,False,
RETURN_003630,ORDER_042074,BUYER_04213,SELLER_00289,2025-12-31,size_issue,approved,False,
RETURN_003631,ORDER_042111,BUYER_04218,SELLER_00295,2025-12-02,changed_mind,approved,False,
RETURN_003632,ORDER_042113,BUYER_04218,SELLER_00077,2025-07-23,changed_mind,approved,False,
RETURN_003633,ORDER_042115,BUYER_04218,SELLER_00026,2025-06-26,changed_mind,approved,False,
RETURN_003634,ORDER_042118,BUYER_04218,SELLER_00040,2025-07-07,changed_mind,approved,False,
RETURN_003635,ORDER_042122,BUYER_04218,SELLER_00290,2025-10-07,wrong_item_received,approved,False,
RETURN_003636,ORDER_042139,BUYER_04220,SELLER_00096,2025-11-02,changed_mind,approved,False,
RETURN_003637,ORDER_042172,BUYER_04220,SELLER_00092,2025-11-03,changed_mind,approved,False,
RETURN_003638,ORDER_042182,BUYER_04220,SELLER_00122,2025-11-03,size_issue,approved,False,
RETURN_003639,ORDER_042210,BUYER_04220,SELLER_00212,2025-11-22,changed_mind,approved,False,
RETURN_003640,ORDER_042234,BUYER_04222,SELLER_00059,2025-07-03,changed_mind,approved,False,
RETURN_003641,ORDER_042262,BUYER_04224,SELLER_00473,2025-10-05,changed_mind,approved,True,return_abuse
RETURN_003642,ORDER_042300,BUYER_04228,SELLER_00423,2025-12-24,wrong_item_received,approved,False,
RETURN_003643,ORDER_042313,BUYER_04230,SELLER_00190,2025-11-07,wrong_item_received,approved,False,
RETURN_003644,ORDER_042321,BUYER_04231,SELLER_00261,2025-06-22,size_issue,approved,False,
RETURN_003645,ORDER_042376,BUYER_04236,SELLER_00463,2025-11-01,changed_mind,approved,False,
RETURN_003646,ORDER_042379,BUYER_04236,SELLER_00143,2025-10-09,changed_mind,approved,False,
RETURN_003647,ORDER_042404,BUYER_04238,SELLER_00459,2025-04-24,defective,approved,False,
RETURN_003648,ORDER_042406,BUYER_04238,SELLER_00376,2025-06-14,changed_mind,approved,False,
RETURN_003649,ORDER_042420,BUYER_04240,SELLER_00296,2025-11-22,defective,approved,False,
RETURN_003650,ORDER_042425,BUYER_04240,SELLER_00076,2025-06-26,changed_mind,approved,False,
RETURN_003651,ORDER_042427,BUYER_04240,SELLER_00026,2025-06-24,changed_mind,approved,False,
RETURN_003652,ORDER_042437,BUYER_04240,SELLER_00157,2025-07-28,changed_mind,approved,False,
RETURN_003653,ORDER_042442,BUYER_04241,SELLER_00438,2025-12-05,size_issue,approved,False,
RETURN_003654,ORDER_042444,BUYER_04241,SELLER_00222,2025-12-13,size_issue,approved,False,
RETURN_003655,ORDER_042459,BUYER_04243,SELLER_00471,2025-03-05,defective,approved,False,
RETURN_003656,ORDER_042474,BUYER_04245,SELLER_00263,2025-11-18,defective,approved,False,
RETURN_003657,ORDER_042484,BUYER_04246,SELLER_00399,2025-09-17,wrong_item_received,approved,False,
RETURN_003658,ORDER_042515,BUYER_04254,SELLER_00061,2025-11-05,wrong_item_received,approved,False,
RETURN_003659,ORDER_042529,BUYER_04254,SELLER_00481,2025-10-26,changed_mind,approved,False,
RETURN_003660,ORDER_042532,BUYER_04255,SELLER_00314,2025-09-13,size_issue,approved,False,
RETURN_003661,ORDER_042550,BUYER_04258,SELLER_00152,2025-07-24,changed_mind,approved,False,
RETURN_003662,ORDER_042574,BUYER_04260,SELLER_00200,2025-07-19,wrong_item_received,approved,False,
RETURN_003663,ORDER_042594,BUYER_04262,SELLER_00295,2025-04-22,wrong_item_received,approved,False,
RETURN_003664,ORDER_042595,BUYER_04262,SELLER_00260,2025-07-08,changed_mind,approved,False,
RETURN_003665,ORDER_042596,BUYER_04262,SELLER_00452,2025-12-01,size_issue,approved,False,
RETURN_003666,ORDER_042597,BUYER_04262,SELLER_00185,2025-05-05,changed_mind,approved,False,
RETURN_003667,ORDER_042598,BUYER_04262,SELLER_00459,2025-11-08,defective,approved,False,
RETURN_003668,ORDER_042599,BUYER_04262,SELLER_00215,2025-02-18,size_issue,approved,False,
RETURN_003669,ORDER_042676,BUYER_04273,SELLER_00185,2025-12-31,defective,approved,False,
RETURN_003670,ORDER_042698,BUYER_04274,SELLER_00125,2025-12-16,defective,approved,False,
RETURN_003671,ORDER_042719,BUYER_04275,SELLER_00135,2025-11-16,changed_mind,approved,False,
RETURN_003672,ORDER_042781,BUYER_04283,SELLER_00072,2025-12-25,size_issue,approved,False,
RETURN_003673,ORDER_042788,BUYER_04283,SELLER_00170,2025-10-10,wrong_item_received,approved,False,
RETURN_003674,ORDER_042793,BUYER_04284,SELLER_00469,2025-08-06,size_issue,approved,False,
RETURN_003675,ORDER_042802,BUYER_04284,SELLER_00131,2025-04-22,size_issue,approved,False,
RETURN_003676,ORDER_042813,BUYER_04287,SELLER_00354,2025-10-09,defective,approved,False,
RETURN_003677,ORDER_042833,BUYER_04289,SELLER_00440,2025-11-09,defective,approved,False,
RETURN_003678,ORDER_042863,BUYER_04294,SELLER_00077,2025-11-16,changed_mind,approved,False,
RETURN_003679,ORDER_042864,BUYER_04294,SELLER_00348,2025-12-11,changed_mind,approved,False,
RETURN_003680,ORDER_042889,BUYER_04295,SELLER_00313,2025-08-22,size_issue,approved,False,
RETURN_003681,ORDER_042907,BUYER_04296,SELLER_00261,2025-09-20,defective,approved,False,
RETURN_003682,ORDER_042944,BUYER_04299,SELLER_00313,2025-07-01,wrong_item_received,approved,False,
RETURN_003683,ORDER_042949,BUYER_04299,SELLER_00320,2025-09-27,changed_mind,approved,False,
RETURN_003684,ORDER_042973,BUYER_04300,SELLER_00313,2025-07-27,changed_mind,approved,False,
RETURN_003685,ORDER_042975,BUYER_04300,SELLER_00409,2025-06-30,changed_mind,approved,False,
RETURN_003686,ORDER_042976,BUYER_04300,SELLER_00371,2025-08-05,defective,approved,False,
RETURN_003687,ORDER_042978,BUYER_04301,SELLER_00375,2025-10-02,changed_mind,approved,True,return_abuse
RETURN_003688,ORDER_042982,BUYER_04302,SELLER_00213,2025-11-26,wrong_item_received,approved,False,
RETURN_003689,ORDER_043002,BUYER_04304,SELLER_00105,2025-12-06,changed_mind,approved,False,
RETURN_003690,ORDER_043004,BUYER_04305,SELLER_00153,2025-12-21,wrong_item_received,approved,False,
RETURN_003691,ORDER_043012,BUYER_04306,SELLER_00481,2025-05-30,defective,approved,False,
RETURN_003692,ORDER_043013,BUYER_04306,SELLER_00313,2025-10-03,size_issue,approved,False,
RETURN_003693,ORDER_043018,BUYER_04307,SELLER_00443,2025-08-31,wrong_item_received,approved,False,
RETURN_003694,ORDER_043051,BUYER_04310,SELLER_00408,2025-11-06,size_issue,approved,False,
RETURN_003695,ORDER_043054,BUYER_04311,SELLER_00021,2025-12-27,size_issue,approved,False,
RETURN_003696,ORDER_043059,BUYER_04311,SELLER_00010,2025-09-07,changed_mind,approved,False,
RETURN_003697,ORDER_043061,BUYER_04311,SELLER_00392,2025-07-04,changed_mind,approved,False,
RETURN_003698,ORDER_043062,BUYER_04311,SELLER_00172,2025-12-03,defective,approved,False,
RETURN_003699,ORDER_043066,BUYER_04311,SELLER_00016,2025-05-22,defective,approved,False,
RETURN_003700,ORDER_043067,BUYER_04311,SELLER_00277,2025-06-19,changed_mind,approved,False,
RETURN_003701,ORDER_043093,BUYER_04315,SELLER_00185,2025-10-23,wrong_item_received,approved,False,
RETURN_003702,ORDER_043109,BUYER_04317,SELLER_00373,2025-12-31,defective,approved,False,
RETURN_003703,ORDER_043118,BUYER_04318,SELLER_00038,2025-10-09,changed_mind,approved,False,
RETURN_003704,ORDER_043141,BUYER_04321,SELLER_00113,2025-12-12,wrong_item_received,approved,False,
RETURN_003705,ORDER_043219,BUYER_04326,SELLER_00368,2025-04-20,wrong_item_received,approved,False,
RETURN_003706,ORDER_043246,BUYER_04328,SELLER_00152,2025-12-27,wrong_item_received,approved,False,
RETURN_003707,ORDER_043260,BUYER_04330,SELLER_00049,2025-10-22,changed_mind,approved,False,
RETURN_003708,ORDER_043262,BUYER_04330,SELLER_00316,2025-11-06,size_issue,approved,False,
RETURN_003709,ORDER_043269,BUYER_04331,SELLER_00309,2025-12-23,defective,approved,False,
RETURN_003710,ORDER_043309,BUYER_04336,SELLER_00455,2025-06-20,changed_mind,approved,False,
RETURN_003711,ORDER_043338,BUYER_04337,SELLER_00369,2025-12-21,wrong_item_received,approved,False,
RETURN_003712,ORDER_043351,BUYER_04340,SELLER_00275,2025-11-04,size_issue,approved,False,
RETURN_003713,ORDER_043378,BUYER_04342,SELLER_00219,2025-12-17,changed_mind,approved,True,return_abuse
RETURN_003714,ORDER_043386,BUYER_04343,SELLER_00302,2025-12-24,changed_mind,approved,False,
RETURN_003715,ORDER_043387,BUYER_04343,SELLER_00233,2025-12-23,defective,approved,False,
RETURN_003716,ORDER_043395,BUYER_04343,SELLER_00476,2025-11-28,defective,approved,False,
RETURN_003717,ORDER_043399,BUYER_04343,SELLER_00177,2025-12-31,defective,approved,False,
RETURN_003718,ORDER_043411,BUYER_04344,SELLER_00019,2025-06-09,changed_mind,approved,False,
RETURN_003719,ORDER_043412,BUYER_04344,SELLER_00263,2025-12-08,size_issue,approved,False,
RETURN_003720,ORDER_043435,BUYER_04344,SELLER_00472,2025-10-08,changed_mind,approved,False,
RETURN_003721,ORDER_043449,BUYER_04346,SELLER_00421,2025-09-30,defective,approved,False,
RETURN_003722,ORDER_043457,BUYER_04347,SELLER_00450,2025-10-13,defective,approved,False,
RETURN_003723,ORDER_043474,BUYER_04351,SELLER_00305,2025-12-24,changed_mind,approved,False,
RETURN_003724,ORDER_043476,BUYER_04351,SELLER_00071,2025-10-28,changed_mind,approved,False,
RETURN_003725,ORDER_043477,BUYER_04351,SELLER_00382,2025-08-16,changed_mind,approved,False,
RETURN_003726,ORDER_043479,BUYER_04351,SELLER_00096,2025-08-12,wrong_item_received,approved,False,
RETURN_003727,ORDER_043483,BUYER_04351,SELLER_00227,2025-08-30,changed_mind,approved,False,
RETURN_003728,ORDER_043485,BUYER_04351,SELLER_00040,2025-07-25,defective,approved,False,
RETURN_003729,ORDER_043488,BUYER_04351,SELLER_00148,2025-09-19,changed_mind,approved,False,
RETURN_003730,ORDER_043492,BUYER_04351,SELLER_00254,2025-10-06,size_issue,approved,False,
RETURN_003731,ORDER_043500,BUYER_04351,SELLER_00012,2025-09-04,defective,approved,False,
RETURN_003732,ORDER_043504,BUYER_04351,SELLER_00368,2025-08-11,size_issue,approved,False,
RETURN_003733,ORDER_043508,BUYER_04352,SELLER_00383,2025-11-30,wrong_item_received,approved,False,
RETURN_003734,ORDER_043510,BUYER_04352,SELLER_00289,2025-12-22,defective,approved,False,
RETURN_003735,ORDER_043517,BUYER_04354,SELLER_00275,2025-12-02,changed_mind,approved,False,
RETURN_003736,ORDER_043518,BUYER_04354,SELLER_00058,2025-09-24,defective,approved,False,
RETURN_003737,ORDER_043522,BUYER_04354,SELLER_00289,2025-09-26,changed_mind,approved,False,
RETURN_003738,ORDER_043529,BUYER_04354,SELLER_00029,2025-11-22,changed_mind,approved,False,
RETURN_003739,ORDER_043549,BUYER_04357,SELLER_00221,2025-09-02,defective,approved,False,
RETURN_003740,ORDER_043603,BUYER_04361,SELLER_00265,2025-06-17,changed_mind,approved,False,
RETURN_003741,ORDER_043612,BUYER_04363,SELLER_00247,2025-10-30,wrong_item_received,approved,False,
RETURN_003742,ORDER_043613,BUYER_04363,SELLER_00058,2025-11-20,size_issue,approved,False,
RETURN_003743,ORDER_043621,BUYER_04364,SELLER_00416,2025-03-11,changed_mind,approved,False,
RETURN_003744,ORDER_043638,BUYER_04365,SELLER_00313,2025-11-18,defective,approved,False,
RETURN_003745,ORDER_043661,BUYER_04366,SELLER_00120,2025-09-06,size_issue,approved,False,
RETURN_003746,ORDER_043693,BUYER_04371,SELLER_00094,2025-10-31,defective,approved,False,
RETURN_003747,ORDER_043725,BUYER_04374,SELLER_00376,2025-11-20,wrong_item_received,approved,False,
RETURN_003748,ORDER_043731,BUYER_04374,SELLER_00427,2025-12-07,wrong_item_received,approved,False,
RETURN_003749,ORDER_043761,BUYER_04376,SELLER_00399,2025-11-22,defective,approved,False,
RETURN_003750,ORDER_043771,BUYER_04377,SELLER_00148,2025-11-08,size_issue,approved,False,
RETURN_003751,ORDER_043772,BUYER_04377,SELLER_00376,2025-07-29,changed_mind,approved,False,
RETURN_003752,ORDER_043775,BUYER_04377,SELLER_00333,2025-06-19,changed_mind,approved,False,
RETURN_003753,ORDER_043779,BUYER_04377,SELLER_00459,2025-09-06,defective,approved,False,
RETURN_003754,ORDER_043789,BUYER_04378,SELLER_00183,2025-11-17,wrong_item_received,approved,False,
RETURN_003755,ORDER_043796,BUYER_04380,SELLER_00466,2025-06-03,defective,approved,False,
RETURN_003756,ORDER_043798,BUYER_04380,SELLER_00313,2025-05-31,changed_mind,approved,False,
RETURN_003757,ORDER_043802,BUYER_04380,SELLER_00494,2025-09-09,defective,approved,False,
RETURN_003758,ORDER_043823,BUYER_04383,SELLER_00182,2025-11-22,size_issue,approved,False,
RETURN_003759,ORDER_043831,BUYER_04384,SELLER_00109,2025-06-08,defective,approved,False,
RETURN_003760,ORDER_043834,BUYER_04384,SELLER_00054,2025-09-24,wrong_item_received,approved,False,
RETURN_003761,ORDER_043845,BUYER_04386,SELLER_00251,2025-09-01,changed_mind,approved,False,
RETURN_003762,ORDER_043847,BUYER_04386,SELLER_00036,2025-07-24,changed_mind,approved,False,
RETURN_003763,ORDER_043848,BUYER_04386,SELLER_00290,2025-06-10,changed_mind,approved,False,
RETURN_003764,ORDER_043855,BUYER_04386,SELLER_00476,2025-07-14,defective,approved,False,
RETURN_003765,ORDER_043862,BUYER_04387,SELLER_00123,2025-12-21,wrong_item_received,approved,False,
RETURN_003766,ORDER_043875,BUYER_04390,SELLER_00028,2025-08-15,size_issue,approved,False,
RETURN_003767,ORDER_043878,BUYER_04390,SELLER_00413,2025-09-26,changed_mind,approved,False,
RETURN_003768,ORDER_043891,BUYER_04392,SELLER_00376,2025-12-31,changed_mind,approved,False,
RETURN_003769,ORDER_043912,BUYER_04395,SELLER_00016,2025-08-01,size_issue,approved,False,
RETURN_003770,ORDER_043945,BUYER_04398,SELLER_00199,2025-06-05,defective,approved,False,
RETURN_003771,ORDER_043965,BUYER_04400,SELLER_00016,2025-10-25,defective,approved,False,
RETURN_003772,ORDER_043977,BUYER_04402,SELLER_00488,2025-07-15,size_issue,approved,False,
RETURN_003773,ORDER_043979,BUYER_04402,SELLER_00231,2025-07-22,changed_mind,approved,False,
RETURN_003774,ORDER_043981,BUYER_04402,SELLER_00114,2025-10-07,wrong_item_received,approved,False,
RETURN_003775,ORDER_043990,BUYER_04403,SELLER_00313,2025-12-31,size_issue,approved,False,
RETURN_003776,ORDER_044022,BUYER_04406,SELLER_00271,2025-11-10,changed_mind,approved,False,
RETURN_003777,ORDER_044026,BUYER_04407,SELLER_00191,2025-06-30,wrong_item_received,approved,False,
RETURN_003778,ORDER_044081,BUYER_04414,SELLER_00065,2025-05-06,defective,approved,False,
RETURN_003779,ORDER_044087,BUYER_04415,SELLER_00185,2025-12-15,size_issue,approved,False,
RETURN_003780,ORDER_044088,BUYER_04416,SELLER_00355,2025-07-04,size_issue,approved,False,
RETURN_003781,ORDER_044092,BUYER_04416,SELLER_00433,2025-11-29,changed_mind,approved,False,
RETURN_003782,ORDER_044104,BUYER_04417,SELLER_00211,2025-03-30,defective,approved,False,
RETURN_003783,ORDER_044149,BUYER_04421,SELLER_00173,2025-09-12,changed_mind,approved,False,
RETURN_003784,ORDER_044212,BUYER_04425,SELLER_00323,2025-09-12,defective,approved,False,
RETURN_003785,ORDER_044215,BUYER_04425,SELLER_00313,2025-12-05,defective,approved,False,
RETURN_003786,ORDER_044226,BUYER_04425,SELLER_00172,2025-12-03,changed_mind,approved,False,
RETURN_003787,ORDER_044239,BUYER_04425,SELLER_00141,2025-10-26,changed_mind,approved,False,
RETURN_003788,ORDER_044253,BUYER_04426,SELLER_00172,2025-12-31,size_issue,approved,False,
RETURN_003789,ORDER_044257,BUYER_04427,SELLER_00152,2025-12-31,wrong_item_received,approved,False,
RETURN_003790,ORDER_044260,BUYER_04427,SELLER_00376,2025-11-27,size_issue,approved,False,
RETURN_003791,ORDER_044265,BUYER_04427,SELLER_00164,2025-10-04,defective,approved,False,
RETURN_003792,ORDER_044270,BUYER_04428,SELLER_00040,2025-04-18,wrong_item_received,approved,False,
RETURN_003793,ORDER_044274,BUYER_04428,SELLER_00317,2025-04-30,defective,approved,False,
RETURN_003794,ORDER_044278,BUYER_04428,SELLER_00049,2025-04-26,defective,approved,False,
RETURN_003795,ORDER_044288,BUYER_04431,SELLER_00016,2025-12-31,wrong_item_received,approved,False,
RETURN_003796,ORDER_044290,BUYER_04431,SELLER_00498,2025-07-09,size_issue,approved,False,
RETURN_003797,ORDER_044375,BUYER_04440,SELLER_00314,2025-12-31,changed_mind,approved,False,
RETURN_003798,ORDER_044381,BUYER_04441,SELLER_00243,2025-06-08,defective,approved,False,
RETURN_003799,ORDER_044393,BUYER_04443,SELLER_00277,2025-10-29,size_issue,approved,False,
RETURN_003800,ORDER_044403,BUYER_04444,SELLER_00407,2025-08-22,defective,approved,False,
RETURN_003801,ORDER_044412,BUYER_04445,SELLER_00347,2025-05-20,size_issue,approved,False,
RETURN_003802,ORDER_044426,BUYER_04446,SELLER_00164,2025-11-09,defective,approved,False,
RETURN_003803,ORDER_044427,BUYER_04446,SELLER_00320,2025-11-28,changed_mind,approved,False,
RETURN_003804,ORDER_044432,BUYER_04446,SELLER_00424,2025-07-31,changed_mind,approved,False,
RETURN_003805,ORDER_044457,BUYER_04449,SELLER_00078,2025-10-22,defective,approved,False,
RETURN_003806,ORDER_044459,BUYER_04449,SELLER_00114,2025-10-13,wrong_item_received,approved,False,
RETURN_003807,ORDER_044464,BUYER_04450,SELLER_00196,2025-09-01,wrong_item_received,approved,False,
RETURN_003808,ORDER_044466,BUYER_04450,SELLER_00347,2025-04-16,changed_mind,approved,False,
RETURN_003809,ORDER_044468,BUYER_04450,SELLER_00164,2025-05-23,wrong_item_received,approved,False,
RETURN_003810,ORDER_044480,BUYER_04450,SELLER_00478,2025-07-03,wrong_item_received,approved,False,
RETURN_003811,ORDER_044483,BUYER_04450,SELLER_00316,2025-03-29,changed_mind,approved,False,
RETURN_003812,ORDER_044490,BUYER_04451,SELLER_00427,2025-04-28,changed_mind,approved,False,
RETURN_003813,ORDER_044492,BUYER_04451,SELLER_00019,2025-07-14,changed_mind,approved,False,
RETURN_003814,ORDER_044497,BUYER_04452,SELLER_00210,2025-12-21,wrong_item_received,approved,False,
RETURN_003815,ORDER_044500,BUYER_04452,SELLER_00183,2025-12-03,defective,approved,False,
RETURN_003816,ORDER_044510,BUYER_04453,SELLER_00107,2025-07-21,wrong_item_received,approved,False,
RETURN_003817,ORDER_044581,BUYER_04456,SELLER_00028,2025-11-12,wrong_item_received,approved,False,
RETURN_003818,ORDER_044582,BUYER_04456,SELLER_00454,2025-06-01,changed_mind,approved,False,
RETURN_003819,ORDER_044584,BUYER_04456,SELLER_00482,2025-06-12,size_issue,approved,False,
RETURN_003820,ORDER_044585,BUYER_04456,SELLER_00191,2025-12-31,defective,approved,False,
RETURN_003821,ORDER_044605,BUYER_04457,SELLER_00167,2025-09-10,changed_mind,approved,False,
RETURN_003822,ORDER_044612,BUYER_04457,SELLER_00496,2025-10-31,wrong_item_received,approved,False,
RETURN_003823,ORDER_044616,BUYER_04458,SELLER_00200,2025-11-12,defective,approved,False,
RETURN_003824,ORDER_044620,BUYER_04458,SELLER_00277,2025-11-27,defective,approved,False,
RETURN_003825,ORDER_044662,BUYER_04463,SELLER_00298,2025-10-07,defective,approved,False,
RETURN_003826,ORDER_044671,BUYER_04464,SELLER_00237,2025-11-22,changed_mind,approved,False,
RETURN_003827,ORDER_044674,BUYER_04464,SELLER_00026,2025-09-20,size_issue,approved,False,
RETURN_003828,ORDER_044680,BUYER_04465,SELLER_00198,2025-12-08,changed_mind,approved,False,
RETURN_003829,ORDER_044692,BUYER_04468,SELLER_00309,2025-09-28,wrong_item_received,approved,False,
RETURN_003830,ORDER_044707,BUYER_04471,SELLER_00076,2025-12-30,wrong_item_received,approved,False,
RETURN_003831,ORDER_044770,BUYER_04475,SELLER_00288,2025-11-01,defective,approved,False,
RETURN_003832,ORDER_044788,BUYER_04478,SELLER_00246,2025-09-20,defective,approved,False,
RETURN_003833,ORDER_044789,BUYER_04478,SELLER_00016,2025-09-09,changed_mind,approved,False,
RETURN_003834,ORDER_044791,BUYER_04478,SELLER_00042,2025-09-26,wrong_item_received,approved,False,
RETURN_003835,ORDER_044792,BUYER_04478,SELLER_00146,2025-09-22,size_issue,approved,False,
RETURN_003836,ORDER_044795,BUYER_04478,SELLER_00135,2025-09-30,defective,approved,False,
RETURN_003837,ORDER_044798,BUYER_04478,SELLER_00447,2025-10-12,defective,approved,False,
RETURN_003838,ORDER_044807,BUYER_04479,SELLER_00356,2025-12-27,defective,approved,False,
RETURN_003839,ORDER_044823,BUYER_04482,SELLER_00049,2025-09-21,changed_mind,approved,False,
RETURN_003840,ORDER_044838,BUYER_04483,SELLER_00444,2025-08-28,size_issue,approved,False,
RETURN_003841,ORDER_044841,BUYER_04483,SELLER_00152,2025-12-27,changed_mind,approved,False,
RETURN_003842,ORDER_044852,BUYER_04483,SELLER_00388,2025-11-01,wrong_item_received,approved,False,
RETURN_003843,ORDER_044873,BUYER_04486,SELLER_00094,2025-05-04,size_issue,approved,False,
RETURN_003844,ORDER_044874,BUYER_04486,SELLER_00409,2025-09-11,changed_mind,approved,False,
RETURN_003845,ORDER_044882,BUYER_04487,SELLER_00399,2025-03-22,defective,approved,False,
RETURN_003846,ORDER_044887,BUYER_04487,SELLER_00152,2025-08-01,changed_mind,approved,False,
RETURN_003847,ORDER_044889,BUYER_04487,SELLER_00439,2025-11-21,changed_mind,approved,False,
RETURN_003848,ORDER_044897,BUYER_04487,SELLER_00173,2025-12-31,defective,approved,False,
RETURN_003849,ORDER_044908,BUYER_04487,SELLER_00077,2025-03-12,changed_mind,approved,False,
RETURN_003850,ORDER_044916,BUYER_04488,SELLER_00465,2025-10-18,changed_mind,approved,False,
RETURN_003851,ORDER_044917,BUYER_04488,SELLER_00290,2025-07-23,size_issue,approved,False,
RETURN_003852,ORDER_044925,BUYER_04489,SELLER_00009,2025-12-27,size_issue,approved,False,
RETURN_003853,ORDER_044971,BUYER_04493,SELLER_00003,2025-11-12,defective,approved,False,
RETURN_003854,ORDER_044976,BUYER_04495,SELLER_00188,2025-10-20,changed_mind,approved,False,
RETURN_003855,ORDER_044986,BUYER_04496,SELLER_00459,2025-08-21,defective,approved,False,
RETURN_003856,ORDER_045000,BUYER_04497,SELLER_00033,2025-08-25,changed_mind,approved,False,
RETURN_003857,ORDER_045012,BUYER_04498,SELLER_00420,2025-05-10,size_issue,approved,False,
RETURN_003858,ORDER_045045,BUYER_04505,SELLER_00271,2025-10-19,size_issue,approved,False,
RETURN_003859,ORDER_045049,BUYER_04506,SELLER_00190,2025-12-31,size_issue,approved,False,
RETURN_003860,ORDER_045064,BUYER_04506,SELLER_00152,2025-10-29,wrong_item_received,approved,False,
RETURN_003861,ORDER_045070,BUYER_04507,SELLER_00068,2025-07-28,defective,approved,False,
RETURN_003862,ORDER_045073,BUYER_04507,SELLER_00438,2025-08-27,changed_mind,approved,False,
RETURN_003863,ORDER_045119,BUYER_04515,SELLER_00241,2025-11-10,defective,approved,False,
RETURN_003864,ORDER_045142,BUYER_04517,SELLER_00428,2025-10-11,wrong_item_received,approved,False,
RETURN_003865,ORDER_045146,BUYER_04517,SELLER_00368,2025-10-10,changed_mind,approved,False,
RETURN_003866,ORDER_045147,BUYER_04517,SELLER_00135,2025-10-20,changed_mind,approved,False,
RETURN_003867,ORDER_045190,BUYER_04521,SELLER_00275,2025-12-31,wrong_item_received,approved,False,
RETURN_003868,ORDER_045207,BUYER_04524,SELLER_00309,2025-04-28,changed_mind,approved,False,
RETURN_003869,ORDER_045208,BUYER_04524,SELLER_00265,2025-11-23,changed_mind,approved,False,
RETURN_003870,ORDER_045209,BUYER_04524,SELLER_00283,2025-01-24,defective,approved,False,
RETURN_003871,ORDER_045210,BUYER_04524,SELLER_00382,2025-07-29,size_issue,approved,False,
RETURN_003872,ORDER_045211,BUYER_04524,SELLER_00122,2025-08-06,changed_mind,approved,False,
RETURN_003873,ORDER_045214,BUYER_04524,SELLER_00148,2025-03-11,changed_mind,approved,False,
RETURN_003874,ORDER_045215,BUYER_04524,SELLER_00109,2025-02-07,wrong_item_received,approved,False,
RETURN_003875,ORDER_045218,BUYER_04524,SELLER_00270,2025-11-04,size_issue,approved,False,
RETURN_003876,ORDER_045219,BUYER_04524,SELLER_00122,2025-02-22,size_issue,approved,False,
RETURN_003877,ORDER_045225,BUYER_04524,SELLER_00236,2025-02-21,changed_mind,approved,False,
RETURN_003878,ORDER_045229,BUYER_04525,SELLER_00486,2025-12-12,changed_mind,approved,False,
RETURN_003879,ORDER_045230,BUYER_04525,SELLER_00238,2025-12-15,changed_mind,approved,False,
RETURN_003880,ORDER_045240,BUYER_04526,SELLER_00343,2025-12-09,size_issue,approved,True,return_abuse
RETURN_003881,ORDER_045251,BUYER_04528,SELLER_00368,2025-12-18,size_issue,approved,False,
RETURN_003882,ORDER_045253,BUYER_04528,SELLER_00492,2025-08-17,changed_mind,approved,False,
RETURN_003883,ORDER_045254,BUYER_04528,SELLER_00438,2025-04-06,defective,approved,False,
RETURN_003884,ORDER_045255,BUYER_04528,SELLER_00481,2025-06-29,defective,approved,False,
RETURN_003885,ORDER_045263,BUYER_04529,SELLER_00472,2025-09-08,changed_mind,approved,False,
RETURN_003886,ORDER_045279,BUYER_04531,SELLER_00173,2025-11-25,size_issue,approved,False,
RETURN_003887,ORDER_045282,BUYER_04531,SELLER_00295,2025-11-17,defective,approved,False,
RETURN_003888,ORDER_045287,BUYER_04531,SELLER_00498,2025-12-07,defective,approved,False,
RETURN_003889,ORDER_045291,BUYER_04531,SELLER_00009,2025-11-06,defective,approved,False,
RETURN_003890,ORDER_045312,BUYER_04533,SELLER_00388,2025-11-18,changed_mind,approved,False,
RETURN_003891,ORDER_045316,BUYER_04533,SELLER_00388,2025-05-04,defective,approved,False,
RETURN_003892,ORDER_045317,BUYER_04533,SELLER_00381,2025-07-17,defective,approved,False,
RETURN_003893,ORDER_045318,BUYER_04533,SELLER_00491,2025-04-19,changed_mind,approved,False,
RETURN_003894,ORDER_045322,BUYER_04533,SELLER_00271,2025-08-03,changed_mind,approved,False,
RETURN_003895,ORDER_045326,BUYER_04533,SELLER_00185,2025-06-07,defective,approved,False,
RETURN_003896,ORDER_045335,BUYER_04534,SELLER_00281,2025-06-17,changed_mind,approved,False,
RETURN_003897,ORDER_045364,BUYER_04538,SELLER_00012,2025-09-26,changed_mind,approved,False,
RETURN_003898,ORDER_045367,BUYER_04539,SELLER_00454,2025-07-21,defective,approved,False,
RETURN_003899,ORDER_045369,BUYER_04539,SELLER_00085,2025-06-16,changed_mind,approved,False,
RETURN_003900,ORDER_045370,BUYER_04539,SELLER_00206,2025-12-31,changed_mind,approved,False,
RETURN_003901,ORDER_045374,BUYER_04539,SELLER_00077,2025-06-27,changed_mind,approved,False,
RETURN_003902,ORDER_045401,BUYER_04540,SELLER_00081,2025-06-22,size_issue,approved,False,
RETURN_003903,ORDER_045402,BUYER_04541,SELLER_00214,2025-06-16,changed_mind,approved,False,
RETURN_003904,ORDER_045405,BUYER_04541,SELLER_00282,2025-11-16,changed_mind,approved,False,
RETURN_003905,ORDER_045427,BUYER_04545,SELLER_00399,2025-12-18,changed_mind,approved,False,
RETURN_003906,ORDER_045437,BUYER_04546,SELLER_00413,2025-10-18,size_issue,approved,False,
RETURN_003907,ORDER_045445,BUYER_04546,SELLER_00314,2025-02-17,wrong_item_received,approved,False,
RETURN_003908,ORDER_045457,BUYER_04548,SELLER_00314,2025-12-11,wrong_item_received,approved,False,
RETURN_003909,ORDER_045460,BUYER_04548,SELLER_00377,2025-07-05,defective,approved,False,
RETURN_003910,ORDER_045469,BUYER_04549,SELLER_00285,2025-08-02,changed_mind,approved,False,
RETURN_003911,ORDER_045473,BUYER_04550,SELLER_00407,2025-12-21,size_issue,approved,False,
RETURN_003912,ORDER_045482,BUYER_04551,SELLER_00124,2025-11-02,defective,approved,False,
RETURN_003913,ORDER_045493,BUYER_04552,SELLER_00441,2025-12-29,defective,approved,False,
RETURN_003914,ORDER_045506,BUYER_04553,SELLER_00096,2025-12-31,changed_mind,approved,False,
RETURN_003915,ORDER_045511,BUYER_04553,SELLER_00180,2025-12-31,wrong_item_received,approved,False,
RETURN_003916,ORDER_045517,BUYER_04554,SELLER_00345,2025-10-21,wrong_item_received,approved,False,
RETURN_003917,ORDER_045523,BUYER_04556,SELLER_00199,2025-10-30,defective,approved,False,
RETURN_003918,ORDER_045532,BUYER_04557,SELLER_00166,2025-12-26,defective,approved,False,
RETURN_003919,ORDER_045536,BUYER_04558,SELLER_00441,2025-09-12,size_issue,approved,False,
RETURN_003920,ORDER_045538,BUYER_04558,SELLER_00342,2025-09-10,changed_mind,approved,False,
RETURN_003921,ORDER_045539,BUYER_04558,SELLER_00498,2025-09-09,defective,approved,False,
RETURN_003922,ORDER_045580,BUYER_04561,SELLER_00492,2025-07-28,changed_mind,approved,False,
RETURN_003923,ORDER_045609,BUYER_04563,SELLER_00213,2025-12-20,changed_mind,approved,False,
RETURN_003924,ORDER_045631,BUYER_04565,SELLER_00049,2025-06-04,changed_mind,approved,False,
RETURN_003925,ORDER_045637,BUYER_04565,SELLER_00168,2025-10-24,changed_mind,approved,False,
RETURN_003926,ORDER_045640,BUYER_04565,SELLER_00132,2025-05-26,size_issue,approved,False,
RETURN_003927,ORDER_045644,BUYER_04565,SELLER_00054,2025-04-22,size_issue,approved,False,
RETURN_003928,ORDER_045645,BUYER_04565,SELLER_00347,2025-08-27,defective,approved,False,
RETURN_003929,ORDER_045647,BUYER_04565,SELLER_00066,2025-06-23,changed_mind,approved,False,
RETURN_003930,ORDER_045657,BUYER_04565,SELLER_00183,2025-07-20,defective,approved,False,
RETURN_003931,ORDER_045692,BUYER_04570,SELLER_00349,2025-12-23,size_issue,approved,False,
RETURN_003932,ORDER_045693,BUYER_04570,SELLER_00138,2025-12-31,wrong_item_received,approved,False,
RETURN_003933,ORDER_045705,BUYER_04572,SELLER_00455,2025-04-12,changed_mind,approved,False,
RETURN_003934,ORDER_045708,BUYER_04572,SELLER_00313,2025-07-10,defective,approved,False,
RETURN_003935,ORDER_045709,BUYER_04572,SELLER_00221,2025-10-23,changed_mind,approved,False,
RETURN_003936,ORDER_045711,BUYER_04572,SELLER_00449,2025-12-26,defective,approved,False,
RETURN_003937,ORDER_045715,BUYER_04572,SELLER_00065,2025-10-18,size_issue,approved,False,
RETURN_003938,ORDER_045716,BUYER_04572,SELLER_00282,2025-05-16,changed_mind,approved,False,
RETURN_003939,ORDER_045723,BUYER_04572,SELLER_00143,2025-10-11,defective,approved,False,
RETURN_003940,ORDER_045724,BUYER_04572,SELLER_00077,2025-07-31,wrong_item_received,approved,False,
RETURN_003941,ORDER_045754,BUYER_04576,SELLER_00009,2025-11-19,changed_mind,approved,False,
RETURN_003942,ORDER_045759,BUYER_04576,SELLER_00167,2025-05-26,changed_mind,approved,False,
RETURN_003943,ORDER_045814,BUYER_04583,SELLER_00488,2025-05-02,changed_mind,approved,False,
RETURN_003944,ORDER_045821,BUYER_04583,SELLER_00310,2025-06-21,changed_mind,approved,False,
RETURN_003945,ORDER_045823,BUYER_04583,SELLER_00174,2025-03-26,changed_mind,approved,False,
RETURN_003946,ORDER_045839,BUYER_04585,SELLER_00488,2025-09-25,size_issue,approved,False,
RETURN_003947,ORDER_045842,BUYER_04585,SELLER_00429,2025-11-03,defective,approved,False,
RETURN_003948,ORDER_045851,BUYER_04587,SELLER_00206,2025-07-08,changed_mind,approved,False,
RETURN_003949,ORDER_045861,BUYER_04588,SELLER_00383,2025-12-31,changed_mind,approved,False,
RETURN_003950,ORDER_045875,BUYER_04589,SELLER_00460,2025-11-19,changed_mind,approved,False,
RETURN_003951,ORDER_045877,BUYER_04589,SELLER_00334,2025-08-31,changed_mind,approved,False,
RETURN_003952,ORDER_045880,BUYER_04590,SELLER_00091,2025-12-27,changed_mind,approved,False,
RETURN_003953,ORDER_045912,BUYER_04594,SELLER_00405,2025-08-24,defective,approved,False,
RETURN_003954,ORDER_045918,BUYER_04594,SELLER_00468,2025-09-07,defective,approved,False,
RETURN_003955,ORDER_045929,BUYER_04596,SELLER_00124,2025-05-24,changed_mind,approved,False,
RETURN_003956,ORDER_045930,BUYER_04596,SELLER_00169,2025-03-14,defective,approved,False,
RETURN_003957,ORDER_045946,BUYER_04597,SELLER_00019,2025-11-19,size_issue,approved,False,
RETURN_003958,ORDER_045960,BUYER_04597,SELLER_00167,2025-11-13,changed_mind,approved,False,
RETURN_003959,ORDER_045971,BUYER_04597,SELLER_00458,2025-10-08,changed_mind,approved,False,
RETURN_003960,ORDER_045977,BUYER_04598,SELLER_00111,2025-11-28,wrong_item_received,approved,False,
RETURN_003961,ORDER_045985,BUYER_04598,SELLER_00399,2025-11-17,wrong_item_received,approved,False,
RETURN_003962,ORDER_045991,BUYER_04598,SELLER_00263,2025-12-22,defective,approved,False,
RETURN_003963,ORDER_046026,BUYER_04600,SELLER_00082,2025-11-30,size_issue,approved,False,
RETURN_003964,ORDER_046072,BUYER_04606,SELLER_00356,2025-12-04,changed_mind,approved,False,
RETURN_003965,ORDER_046092,BUYER_04607,SELLER_00138,2025-11-08,wrong_item_received,approved,False,
RETURN_003966,ORDER_046095,BUYER_04608,SELLER_00036,2025-08-05,changed_mind,approved,False,
RETURN_003967,ORDER_046122,BUYER_04610,SELLER_00049,2025-07-27,size_issue,approved,False,
RETURN_003968,ORDER_046135,BUYER_04610,SELLER_00454,2025-09-15,changed_mind,approved,False,
RETURN_003969,ORDER_046158,BUYER_04611,SELLER_00032,2025-10-24,wrong_item_received,approved,False,
RETURN_003970,ORDER_046211,BUYER_04619,SELLER_00352,2025-12-07,size_issue,approved,False,
RETURN_003971,ORDER_046219,BUYER_04620,SELLER_00399,2025-12-31,changed_mind,approved,False,
RETURN_003972,ORDER_046272,BUYER_04627,SELLER_00021,2025-09-01,size_issue,approved,False,
RETURN_003973,ORDER_046280,BUYER_04628,SELLER_00396,2025-11-29,size_issue,approved,False,
RETURN_003974,ORDER_046281,BUYER_04628,SELLER_00313,2025-05-18,size_issue,approved,False,
RETURN_003975,ORDER_046282,BUYER_04628,SELLER_00163,2025-06-22,defective,approved,False,
RETURN_003976,ORDER_046283,BUYER_04628,SELLER_00367,2025-02-05,size_issue,approved,False,
RETURN_003977,ORDER_046284,BUYER_04628,SELLER_00196,2025-06-25,changed_mind,approved,False,
RETURN_003978,ORDER_046294,BUYER_04629,SELLER_00065,2025-11-24,changed_mind,approved,False,
RETURN_003979,ORDER_046310,BUYER_04634,SELLER_00477,2025-12-30,changed_mind,approved,False,
RETURN_003980,ORDER_046313,BUYER_04634,SELLER_00347,2025-08-31,defective,approved,False,
RETURN_003981,ORDER_046314,BUYER_04634,SELLER_00290,2025-08-15,size_issue,approved,False,
RETURN_003982,ORDER_046321,BUYER_04635,SELLER_00479,2025-12-31,changed_mind,approved,False,
RETURN_003983,ORDER_046322,BUYER_04635,SELLER_00017,2025-12-29,defective,approved,False,
RETURN_003984,ORDER_046339,BUYER_04639,SELLER_00275,2025-11-19,changed_mind,approved,False,
RETURN_003985,ORDER_046343,BUYER_04639,SELLER_00382,2025-12-07,wrong_item_received,approved,False,
RETURN_003986,ORDER_046381,BUYER_04643,SELLER_00152,2025-12-31,changed_mind,approved,False,
RETURN_003987,ORDER_046433,BUYER_04647,SELLER_00167,2025-12-05,changed_mind,approved,False,
RETURN_003988,ORDER_046441,BUYER_04647,SELLER_00305,2025-11-12,defective,approved,False,
RETURN_003989,ORDER_046442,BUYER_04647,SELLER_00026,2025-11-02,defective,approved,False,
RETURN_003990,ORDER_046455,BUYER_04649,SELLER_00371,2025-05-24,defective,approved,False,
RETURN_003991,ORDER_046457,BUYER_04649,SELLER_00210,2025-12-16,changed_mind,approved,False,
RETURN_003992,ORDER_046460,BUYER_04649,SELLER_00376,2025-10-21,changed_mind,approved,False,
RETURN_003993,ORDER_046495,BUYER_04652,SELLER_00316,2025-06-10,wrong_item_received,approved,False,
RETURN_003994,ORDER_046501,BUYER_04652,SELLER_00283,2025-03-04,changed_mind,approved,False,
RETURN_003995,ORDER_046511,BUYER_04654,SELLER_00449,2025-11-10,changed_mind,approved,False,
RETURN_003996,ORDER_046520,BUYER_04654,SELLER_00459,2025-11-24,changed_mind,approved,False,
RETURN_003997,ORDER_046525,BUYER_04655,SELLER_00292,2025-09-28,changed_mind,approved,False,
RETURN_003998,ORDER_046535,BUYER_04656,SELLER_00421,2025-12-30,changed_mind,approved,False,
RETURN_003999,ORDER_046569,BUYER_04658,SELLER_00420,2025-02-15,changed_mind,approved,False,
RETURN_004000,ORDER_046601,BUYER_04661,SELLER_00471,2025-06-08,wrong_item_received,approved,False,
RETURN_004001,ORDER_046606,BUYER_04661,SELLER_00175,2025-08-25,changed_mind,approved,False,
RETURN_004002,ORDER_046660,BUYER_04666,SELLER_00225,2025-12-17,changed_mind,approved,False,
RETURN_004003,ORDER_046686,BUYER_04667,SELLER_00021,2025-12-25,changed_mind,approved,False,
RETURN_004004,ORDER_046694,BUYER_04668,SELLER_00044,2025-06-21,changed_mind,approved,False,
RETURN_004005,ORDER_046704,BUYER_04668,SELLER_00148,2025-05-14,wrong_item_received,approved,False,
RETURN_004006,ORDER_046736,BUYER_04670,SELLER_00407,2025-07-04,size_issue,approved,False,
RETURN_004007,ORDER_046758,BUYER_04672,SELLER_00009,2025-12-24,wrong_item_received,approved,False,
RETURN_004008,ORDER_046762,BUYER_04672,SELLER_00354,2025-11-30,size_issue,approved,False,
RETURN_004009,ORDER_046763,BUYER_04672,SELLER_00459,2025-12-31,defective,approved,False,
RETURN_004010,ORDER_046768,BUYER_04672,SELLER_00295,2025-11-22,size_issue,approved,False,
RETURN_004011,ORDER_046825,BUYER_04678,SELLER_00123,2025-07-10,size_issue,approved,False,
RETURN_004012,ORDER_046847,BUYER_04681,SELLER_00467,2025-05-04,changed_mind,approved,False,
RETURN_004013,ORDER_046852,BUYER_04681,SELLER_00399,2025-11-19,changed_mind,approved,False,
RETURN_004014,ORDER_046854,BUYER_04681,SELLER_00214,2025-05-28,changed_mind,approved,False,
RETURN_004015,ORDER_046857,BUYER_04682,SELLER_00294,2025-08-30,changed_mind,approved,False,
RETURN_004016,ORDER_046858,BUYER_04682,SELLER_00479,2025-07-26,changed_mind,approved,False,
RETURN_004017,ORDER_046860,BUYER_04682,SELLER_00355,2025-08-23,defective,approved,False,
RETURN_004018,ORDER_046880,BUYER_04687,SELLER_00316,2025-06-20,size_issue,approved,False,
RETURN_004019,ORDER_046883,BUYER_04687,SELLER_00269,2025-07-18,changed_mind,approved,False,
RETURN_004020,ORDER_046886,BUYER_04687,SELLER_00450,2025-10-14,defective,approved,False,
RETURN_004021,ORDER_046915,BUYER_04689,SELLER_00418,2025-08-07,changed_mind,approved,False,
RETURN_004022,ORDER_046918,BUYER_04689,SELLER_00016,2025-09-17,size_issue,approved,False,
RETURN_004023,ORDER_046945,BUYER_04691,SELLER_00439,2025-11-03,wrong_item_received,approved,False,
RETURN_004024,ORDER_046957,BUYER_04695,SELLER_00499,2025-11-01,defective,approved,False,
RETURN_004025,ORDER_046974,BUYER_04698,SELLER_00146,2025-10-17,changed_mind,approved,False,
RETURN_004026,ORDER_046975,BUYER_04698,SELLER_00266,2025-10-16,changed_mind,approved,False,
RETURN_004027,ORDER_046976,BUYER_04698,SELLER_00153,2025-12-02,size_issue,approved,False,
RETURN_004028,ORDER_047001,BUYER_04701,SELLER_00308,2025-10-25,changed_mind,approved,False,
RETURN_004029,ORDER_047003,BUYER_04701,SELLER_00368,2025-10-12,size_issue,approved,False,
RETURN_004030,ORDER_047015,BUYER_04701,SELLER_00423,2025-10-09,defective,approved,False,
RETURN_004031,ORDER_047025,BUYER_04701,SELLER_00152,2025-10-19,changed_mind,approved,False,
RETURN_004032,ORDER_047104,BUYER_04709,SELLER_00232,2025-06-29,size_issue,approved,False,
RETURN_004033,ORDER_047111,BUYER_04710,SELLER_00357,2025-11-17,changed_mind,approved,False,
RETURN_004034,ORDER_047112,BUYER_04710,SELLER_00111,2025-06-22,changed_mind,approved,False,
RETURN_004035,ORDER_047113,BUYER_04710,SELLER_00155,2025-10-18,changed_mind,approved,False,
RETURN_004036,ORDER_047128,BUYER_04713,SELLER_00109,2025-09-03,wrong_item_received,approved,False,
RETURN_004037,ORDER_047151,BUYER_04715,SELLER_00461,2025-12-07,changed_mind,approved,False,
RETURN_004038,ORDER_047152,BUYER_04716,SELLER_00447,2025-12-16,wrong_item_received,approved,False,
RETURN_004039,ORDER_047154,BUYER_04716,SELLER_00297,2025-12-31,defective,approved,False,
RETURN_004040,ORDER_047155,BUYER_04716,SELLER_00049,2025-09-09,wrong_item_received,approved,False,
RETURN_004041,ORDER_047158,BUYER_04716,SELLER_00179,2025-12-23,defective,approved,False,
RETURN_004042,ORDER_047160,BUYER_04716,SELLER_00075,2025-09-25,changed_mind,approved,False,
RETURN_004043,ORDER_047161,BUYER_04716,SELLER_00166,2025-12-08,wrong_item_received,approved,False,
RETURN_004044,ORDER_047163,BUYER_04716,SELLER_00058,2025-08-31,changed_mind,approved,False,
RETURN_004045,ORDER_047178,BUYER_04718,SELLER_00313,2025-06-16,defective,approved,True,return_abuse
RETURN_004046,ORDER_047187,BUYER_04718,SELLER_00036,2025-03-08,defective,approved,False,
RETURN_004047,ORDER_047191,BUYER_04718,SELLER_00374,2025-11-02,defective,approved,True,return_abuse
RETURN_004048,ORDER_047195,BUYER_04718,SELLER_00019,2025-09-17,size_issue,approved,False,
RETURN_004049,ORDER_047258,BUYER_04720,SELLER_00100,2025-12-11,changed_mind,approved,False,
RETURN_004050,ORDER_047259,BUYER_04720,SELLER_00143,2025-12-18,wrong_item_received,approved,False,
RETURN_004051,ORDER_047290,BUYER_04723,SELLER_00399,2025-10-30,size_issue,approved,False,
RETURN_004052,ORDER_047311,BUYER_04725,SELLER_00376,2025-11-06,size_issue,approved,False,
RETURN_004053,ORDER_047362,BUYER_04730,SELLER_00387,2025-06-29,defective,approved,True,return_abuse
RETURN_004054,ORDER_047379,BUYER_04731,SELLER_00019,2025-07-12,changed_mind,approved,False,
RETURN_004055,ORDER_047403,BUYER_04733,SELLER_00432,2025-05-31,wrong_item_received,approved,False,
RETURN_004056,ORDER_047408,BUYER_04733,SELLER_00497,2025-08-18,changed_mind,approved,False,
RETURN_004057,ORDER_047410,BUYER_04733,SELLER_00235,2025-10-04,defective,approved,False,
RETURN_004058,ORDER_047418,BUYER_04734,SELLER_00155,2025-12-09,changed_mind,approved,False,
RETURN_004059,ORDER_047420,BUYER_04734,SELLER_00325,2025-08-01,size_issue,approved,False,
RETURN_004060,ORDER_047422,BUYER_04734,SELLER_00275,2025-12-28,size_issue,approved,False,
RETURN_004061,ORDER_047424,BUYER_04734,SELLER_00423,2025-11-09,defective,approved,False,
RETURN_004062,ORDER_047441,BUYER_04737,SELLER_00468,2025-12-09,changed_mind,approved,False,
RETURN_004063,ORDER_047445,BUYER_04737,SELLER_00297,2025-12-28,changed_mind,approved,False,
RETURN_004064,ORDER_047479,BUYER_04741,SELLER_00464,2025-10-29,changed_mind,approved,False,
RETURN_004065,ORDER_047496,BUYER_04744,SELLER_00187,2025-10-25,size_issue,approved,False,
RETURN_004066,ORDER_047568,BUYER_04747,SELLER_00204,2025-11-27,defective,approved,False,
RETURN_004067,ORDER_047573,BUYER_04747,SELLER_00231,2025-12-07,size_issue,approved,False,
RETURN_004068,ORDER_047580,BUYER_04748,SELLER_00031,2025-12-23,size_issue,approved,False,
RETURN_004069,ORDER_047591,BUYER_04749,SELLER_00157,2025-06-19,changed_mind,approved,False,
RETURN_004070,ORDER_047608,BUYER_04750,SELLER_00083,2025-08-31,size_issue,approved,False,
RETURN_004071,ORDER_047610,BUYER_04750,SELLER_00470,2025-11-05,defective,approved,False,
RETURN_004072,ORDER_047611,BUYER_04750,SELLER_00316,2025-09-27,size_issue,approved,False,
RETURN_004073,ORDER_047614,BUYER_04751,SELLER_00438,2025-09-03,defective,approved,False,
RETURN_004074,ORDER_047620,BUYER_04751,SELLER_00016,2025-12-01,defective,approved,False,
RETURN_004075,ORDER_047635,BUYER_04753,SELLER_00450,2025-09-02,changed_mind,approved,False,
RETURN_004076,ORDER_047640,BUYER_04754,SELLER_00317,2025-11-10,defective,approved,False,
RETURN_004077,ORDER_047642,BUYER_04754,SELLER_00143,2025-11-12,wrong_item_received,approved,False,
RETURN_004078,ORDER_047643,BUYER_04754,SELLER_00297,2025-09-17,changed_mind,approved,False,
RETURN_004079,ORDER_047668,BUYER_04758,SELLER_00313,2025-03-28,defective,approved,False,
RETURN_004080,ORDER_047687,BUYER_04762,SELLER_00054,2025-12-20,changed_mind,approved,False,
RETURN_004081,ORDER_047714,BUYER_04765,SELLER_00411,2025-12-12,defective,approved,False,
RETURN_004082,ORDER_047724,BUYER_04767,SELLER_00016,2025-12-01,changed_mind,approved,False,
RETURN_004083,ORDER_047745,BUYER_04769,SELLER_00013,2025-12-25,size_issue,approved,False,
RETURN_004084,ORDER_047747,BUYER_04770,SELLER_00024,2025-11-19,defective,approved,False,
RETURN_004085,ORDER_047749,BUYER_04770,SELLER_00152,2025-09-03,changed_mind,approved,False,
RETURN_004086,ORDER_047750,BUYER_04770,SELLER_00008,2025-12-15,changed_mind,approved,False,
RETURN_004087,ORDER_047764,BUYER_04772,SELLER_00343,2025-08-08,defective,approved,False,
RETURN_004088,ORDER_047766,BUYER_04773,SELLER_00058,2025-11-10,changed_mind,approved,False,
RETURN_004089,ORDER_047783,BUYER_04775,SELLER_00313,2025-12-20,wrong_item_received,approved,False,
RETURN_004090,ORDER_047790,BUYER_04776,SELLER_00315,2025-12-14,wrong_item_received,approved,False,
RETURN_004091,ORDER_047806,BUYER_04778,SELLER_00123,2025-07-26,changed_mind,approved,False,
RETURN_004092,ORDER_047809,BUYER_04778,SELLER_00403,2025-11-02,wrong_item_received,approved,False,
RETURN_004093,ORDER_047812,BUYER_04778,SELLER_00182,2025-07-31,size_issue,approved,False,
RETURN_004094,ORDER_047836,BUYER_04781,SELLER_00046,2025-12-23,changed_mind,approved,False,
RETURN_004095,ORDER_047837,BUYER_04781,SELLER_00455,2025-12-25,changed_mind,approved,False,
RETURN_004096,ORDER_047841,BUYER_04781,SELLER_00026,2025-12-19,changed_mind,approved,False,
RETURN_004097,ORDER_047848,BUYER_04783,SELLER_00016,2025-11-09,defective,approved,False,
RETURN_004098,ORDER_047850,BUYER_04783,SELLER_00175,2025-09-21,size_issue,approved,False,
RETURN_004099,ORDER_047869,BUYER_04784,SELLER_00263,2025-11-14,defective,approved,False,
RETURN_004100,ORDER_047884,BUYER_04786,SELLER_00292,2025-12-31,defective,approved,False,
RETURN_004101,ORDER_047894,BUYER_04788,SELLER_00131,2025-03-21,defective,approved,False,
RETURN_004102,ORDER_047895,BUYER_04788,SELLER_00366,2025-07-31,changed_mind,approved,False,
RETURN_004103,ORDER_047901,BUYER_04788,SELLER_00387,2025-08-15,size_issue,approved,False,
RETURN_004104,ORDER_047905,BUYER_04788,SELLER_00271,2025-12-30,defective,approved,False,
RETURN_004105,ORDER_047928,BUYER_04791,SELLER_00399,2025-11-03,defective,approved,True,return_abuse
RETURN_004106,ORDER_047931,BUYER_04791,SELLER_00049,2025-10-15,defective,approved,False,
RETURN_004107,ORDER_047936,BUYER_04792,SELLER_00275,2025-09-22,size_issue,approved,False,
RETURN_004108,ORDER_047939,BUYER_04793,SELLER_00449,2025-04-09,size_issue,approved,False,
RETURN_004109,ORDER_047940,BUYER_04793,SELLER_00388,2025-07-20,defective,approved,False,
RETURN_004110,ORDER_047941,BUYER_04793,SELLER_00143,2025-06-22,wrong_item_received,approved,False,
RETURN_004111,ORDER_047942,BUYER_04793,SELLER_00105,2025-12-31,changed_mind,approved,False,
RETURN_004112,ORDER_047962,BUYER_04794,SELLER_00376,2025-10-23,changed_mind,approved,False,
RETURN_004113,ORDER_048030,BUYER_04801,SELLER_00263,2025-10-29,size_issue,approved,False,
RETURN_004114,ORDER_048040,BUYER_04802,SELLER_00016,2025-12-31,defective,approved,False,
RETURN_004115,ORDER_048091,BUYER_04811,SELLER_00277,2025-07-03,changed_mind,approved,False,
RETURN_004116,ORDER_048099,BUYER_04811,SELLER_00365,2025-09-23,defective,approved,False,
RETURN_004117,ORDER_048109,BUYER_04811,SELLER_00180,2025-10-04,wrong_item_received,approved,False,
RETURN_004118,ORDER_048143,BUYER_04817,SELLER_00231,2025-05-16,changed_mind,approved,False,
RETURN_004119,ORDER_048147,BUYER_04817,SELLER_00200,2025-08-30,changed_mind,approved,False,
RETURN_004120,ORDER_048171,BUYER_04819,SELLER_00316,2025-12-07,size_issue,approved,False,
RETURN_004121,ORDER_048173,BUYER_04819,SELLER_00483,2025-09-25,defective,approved,False,
RETURN_004122,ORDER_048179,BUYER_04820,SELLER_00459,2025-08-09,size_issue,approved,False,
RETURN_004123,ORDER_048209,BUYER_04822,SELLER_00021,2025-10-20,size_issue,approved,False,
RETURN_004124,ORDER_048216,BUYER_04823,SELLER_00399,2025-12-24,wrong_item_received,approved,False,
RETURN_004125,ORDER_048240,BUYER_04826,SELLER_00399,2025-06-22,defective,approved,False,
RETURN_004126,ORDER_048252,BUYER_04827,SELLER_00392,2025-11-16,defective,approved,False,
RETURN_004127,ORDER_048319,BUYER_04833,SELLER_00214,2025-11-23,defective,approved,False,
RETURN_004128,ORDER_048350,BUYER_04834,SELLER_00094,2025-10-09,changed_mind,approved,False,
RETURN_004129,ORDER_048356,BUYER_04834,SELLER_00144,2025-11-12,defective,approved,False,
RETURN_004130,ORDER_048370,BUYER_04834,SELLER_00443,2025-08-05,changed_mind,approved,False,
RETURN_004131,ORDER_048371,BUYER_04834,SELLER_00490,2025-08-03,defective,approved,False,
RETURN_004132,ORDER_048397,BUYER_04838,SELLER_00444,2025-12-29,size_issue,approved,False,
RETURN_004133,ORDER_048400,BUYER_04839,SELLER_00089,2025-10-28,changed_mind,approved,False,
RETURN_004134,ORDER_048404,BUYER_04839,SELLER_00147,2025-08-05,wrong_item_received,approved,False,
RETURN_004135,ORDER_048429,BUYER_04840,SELLER_00087,2025-04-18,defective,approved,False,
RETURN_004136,ORDER_048433,BUYER_04840,SELLER_00243,2025-12-31,wrong_item_received,approved,False,
RETURN_004137,ORDER_048436,BUYER_04841,SELLER_00388,2025-12-28,defective,approved,False,
RETURN_004138,ORDER_048442,BUYER_04841,SELLER_00143,2025-12-31,changed_mind,approved,False,
RETURN_004139,ORDER_048489,BUYER_04847,SELLER_00024,2025-11-05,size_issue,approved,False,
RETURN_004140,ORDER_048506,BUYER_04849,SELLER_00286,2025-11-19,defective,approved,False,
RETURN_004141,ORDER_048510,BUYER_04850,SELLER_00184,2025-12-27,size_issue,approved,False,
RETURN_004142,ORDER_048512,BUYER_04850,SELLER_00153,2025-12-31,defective,approved,False,
RETURN_004143,ORDER_048514,BUYER_04850,SELLER_00153,2025-12-31,wrong_item_received,approved,False,
RETURN_004144,ORDER_048521,BUYER_04851,SELLER_00439,2025-12-26,size_issue,approved,False,
RETURN_004145,ORDER_048527,BUYER_04851,SELLER_00025,2025-12-31,defective,approved,False,
RETURN_004146,ORDER_048553,BUYER_04852,SELLER_00312,2025-10-25,changed_mind,approved,False,
RETURN_004147,ORDER_048555,BUYER_04852,SELLER_00123,2025-06-07,wrong_item_received,approved,False,
RETURN_004148,ORDER_048571,BUYER_04855,SELLER_00161,2025-11-01,defective,approved,False,
RETURN_004149,ORDER_048575,BUYER_04856,SELLER_00114,2025-12-15,changed_mind,approved,False,
RETURN_004150,ORDER_048577,BUYER_04856,SELLER_00313,2025-12-25,changed_mind,approved,False,
RETURN_004151,ORDER_048578,BUYER_04856,SELLER_00303,2025-12-18,changed_mind,approved,False,
RETURN_004152,ORDER_048580,BUYER_04856,SELLER_00438,2025-12-27,defective,approved,False,
RETURN_004153,ORDER_048583,BUYER_04856,SELLER_00432,2025-12-31,wrong_item_received,approved,False,
RETURN_004154,ORDER_048590,BUYER_04857,SELLER_00003,2025-04-15,defective,approved,False,
RETURN_004155,ORDER_048592,BUYER_04857,SELLER_00472,2025-12-27,size_issue,approved,False,
RETURN_004156,ORDER_048610,BUYER_04860,SELLER_00233,2025-09-01,changed_mind,approved,False,
RETURN_004157,ORDER_048636,BUYER_04861,SELLER_00016,2025-10-19,defective,approved,False,
RETURN_004158,ORDER_048650,BUYER_04863,SELLER_00340,2025-07-25,changed_mind,approved,False,
RETURN_004159,ORDER_048677,BUYER_04866,SELLER_00016,2025-09-13,changed_mind,approved,False,
RETURN_004160,ORDER_048690,BUYER_04870,SELLER_00300,2025-06-06,changed_mind,approved,False,
RETURN_004161,ORDER_048698,BUYER_04872,SELLER_00458,2025-12-17,defective,approved,False,
RETURN_004162,ORDER_048702,BUYER_04872,SELLER_00112,2025-04-24,defective,approved,False,
RETURN_004163,ORDER_048705,BUYER_04872,SELLER_00076,2025-03-12,changed_mind,approved,False,
RETURN_004164,ORDER_048718,BUYER_04874,SELLER_00052,2025-06-13,changed_mind,approved,False,
RETURN_004165,ORDER_048746,BUYER_04877,SELLER_00424,2025-09-07,size_issue,approved,False,
RETURN_004166,ORDER_048749,BUYER_04877,SELLER_00102,2025-09-02,size_issue,approved,False,
RETURN_004167,ORDER_048784,BUYER_04881,SELLER_00487,2025-10-29,defective,approved,False,
RETURN_004168,ORDER_048803,BUYER_04882,SELLER_00123,2025-12-13,changed_mind,approved,False,
RETURN_004169,ORDER_048804,BUYER_04883,SELLER_00251,2025-04-01,size_issue,approved,False,
RETURN_004170,ORDER_048816,BUYER_04884,SELLER_00358,2025-12-31,changed_mind,approved,False,
RETURN_004171,ORDER_048834,BUYER_04887,SELLER_00128,2025-11-21,size_issue,approved,False,
RETURN_004172,ORDER_048850,BUYER_04887,SELLER_00301,2025-10-12,size_issue,approved,False,
RETURN_004173,ORDER_048866,BUYER_04890,SELLER_00423,2025-12-30,changed_mind,approved,False,
RETURN_004174,ORDER_048867,BUYER_04890,SELLER_00077,2025-12-31,changed_mind,approved,False,
RETURN_004175,ORDER_048870,BUYER_04890,SELLER_00426,2025-12-31,changed_mind,approved,False,
RETURN_004176,ORDER_048874,BUYER_04890,SELLER_00256,2025-12-22,wrong_item_received,approved,False,
RETURN_004177,ORDER_048882,BUYER_04890,SELLER_00436,2025-12-31,defective,approved,False,
RETURN_004178,ORDER_048885,BUYER_04890,SELLER_00242,2025-12-23,size_issue,approved,False,
RETURN_004179,ORDER_048894,BUYER_04892,SELLER_00299,2025-12-31,changed_mind,approved,False,
RETURN_004180,ORDER_048903,BUYER_04892,SELLER_00184,2025-12-31,defective,approved,False,
RETURN_004181,ORDER_048914,BUYER_04893,SELLER_00141,2025-06-15,defective,approved,False,
RETURN_004182,ORDER_048927,BUYER_04895,SELLER_00289,2025-10-07,size_issue,approved,False,
RETURN_004183,ORDER_048954,BUYER_04898,SELLER_00468,2025-12-09,wrong_item_received,approved,False,
RETURN_004184,ORDER_049003,BUYER_04905,SELLER_00367,2025-12-19,defective,approved,False,
RETURN_004185,ORDER_049036,BUYER_04907,SELLER_00347,2025-05-29,changed_mind,approved,True,return_abuse
RETURN_004186,ORDER_049054,BUYER_04910,SELLER_00187,2025-08-30,size_issue,approved,False,
RETURN_004187,ORDER_049067,BUYER_04912,SELLER_00029,2025-10-26,changed_mind,approved,False,
RETURN_004188,ORDER_049076,BUYER_04914,SELLER_00016,2025-12-29,defective,approved,False,
RETURN_004189,ORDER_049088,BUYER_04915,SELLER_00474,2025-12-31,size_issue,approved,False,
RETURN_004190,ORDER_049089,BUYER_04915,SELLER_00185,2025-11-09,defective,approved,False,
RETURN_004191,ORDER_049104,BUYER_04916,SELLER_00398,2025-10-20,changed_mind,approved,False,
RETURN_004192,ORDER_049121,BUYER_04918,SELLER_00380,2025-05-23,wrong_item_received,approved,False,
RETURN_004193,ORDER_049123,BUYER_04918,SELLER_00247,2025-11-24,size_issue,approved,False,
RETURN_004194,ORDER_049124,BUYER_04918,SELLER_00374,2025-06-04,size_issue,approved,False,
RETURN_004195,ORDER_049125,BUYER_04918,SELLER_00026,2025-11-28,changed_mind,approved,False,
RETURN_004196,ORDER_049127,BUYER_04918,SELLER_00022,2025-10-23,wrong_item_received,approved,False,
RETURN_004197,ORDER_049128,BUYER_04918,SELLER_00155,2025-05-19,size_issue,approved,False,
RETURN_004198,ORDER_049129,BUYER_04918,SELLER_00367,2025-11-03,defective,approved,False,
RETURN_004199,ORDER_049133,BUYER_04918,SELLER_00381,2025-11-17,changed_mind,approved,False,
RETURN_004200,ORDER_049134,BUYER_04918,SELLER_00285,2025-12-12,size_issue,approved,False,
RETURN_004201,ORDER_049136,BUYER_04918,SELLER_00198,2025-07-15,changed_mind,approved,False,
RETURN_004202,ORDER_049145,BUYER_04919,SELLER_00344,2025-12-31,wrong_item_received,approved,False,
RETURN_004203,ORDER_049163,BUYER_04921,SELLER_00392,2025-07-14,defective,approved,False,
RETURN_004204,ORDER_049165,BUYER_04921,SELLER_00122,2025-11-22,changed_mind,approved,False,
RETURN_004205,ORDER_049167,BUYER_04921,SELLER_00200,2025-07-25,changed_mind,approved,False,
RETURN_004206,ORDER_049169,BUYER_04921,SELLER_00148,2025-06-17,changed_mind,approved,False,
RETURN_004207,ORDER_049171,BUYER_04922,SELLER_00332,2025-12-29,changed_mind,approved,False,
RETURN_004208,ORDER_049179,BUYER_04923,SELLER_00414,2025-12-02,defective,approved,False,
RETURN_004209,ORDER_049182,BUYER_04923,SELLER_00400,2025-12-19,defective,approved,False,
RETURN_004210,ORDER_049183,BUYER_04924,SELLER_00374,2025-12-26,size_issue,approved,False,
RETURN_004211,ORDER_049184,BUYER_04924,SELLER_00453,2025-12-25,changed_mind,approved,False,
RETURN_004212,ORDER_049185,BUYER_04924,SELLER_00444,2025-12-04,changed_mind,approved,False,
RETURN_004213,ORDER_049187,BUYER_04924,SELLER_00100,2025-12-24,wrong_item_received,approved,False,
RETURN_004214,ORDER_049188,BUYER_04924,SELLER_00467,2025-12-11,changed_mind,approved,False,
RETURN_004215,ORDER_049189,BUYER_04924,SELLER_00376,2025-12-26,size_issue,approved,False,
RETURN_004216,ORDER_049196,BUYER_04924,SELLER_00390,2025-12-17,changed_mind,approved,False,
RETURN_004217,ORDER_049197,BUYER_04924,SELLER_00368,2025-12-31,defective,approved,False,
RETURN_004218,ORDER_049202,BUYER_04925,SELLER_00045,2025-09-02,size_issue,approved,False,
RETURN_004219,ORDER_049206,BUYER_04925,SELLER_00341,2025-08-29,size_issue,approved,False,
RETURN_004220,ORDER_049224,BUYER_04926,SELLER_00371,2025-04-18,defective,approved,False,
RETURN_004221,ORDER_049236,BUYER_04928,SELLER_00109,2025-12-02,changed_mind,approved,False,
RETURN_004222,ORDER_049237,BUYER_04928,SELLER_00388,2025-11-30,changed_mind,approved,False,
RETURN_004223,ORDER_049239,BUYER_04928,SELLER_00494,2025-12-10,defective,approved,False,
RETURN_004224,ORDER_049247,BUYER_04929,SELLER_00101,2025-08-09,changed_mind,approved,True,return_abuse
RETURN_004225,ORDER_049264,BUYER_04929,SELLER_00012,2025-10-18,size_issue,approved,False,
RETURN_004226,ORDER_049288,BUYER_04932,SELLER_00101,2025-08-07,changed_mind,approved,False,
RETURN_004227,ORDER_049311,BUYER_04935,SELLER_00377,2025-06-26,changed_mind,approved,False,
RETURN_004228,ORDER_049313,BUYER_04935,SELLER_00146,2025-10-06,defective,approved,False,
RETURN_004229,ORDER_049314,BUYER_04935,SELLER_00160,2025-09-27,wrong_item_received,approved,False,
RETURN_004230,ORDER_049317,BUYER_04936,SELLER_00463,2025-08-05,changed_mind,approved,False,
RETURN_004231,ORDER_049318,BUYER_04936,SELLER_00065,2025-12-14,changed_mind,approved,False,
RETURN_004232,ORDER_049340,BUYER_04939,SELLER_00459,2025-12-31,changed_mind,approved,False,
RETURN_004233,ORDER_049360,BUYER_04941,SELLER_00297,2025-09-17,size_issue,approved,False,
RETURN_004234,ORDER_049362,BUYER_04941,SELLER_00021,2025-07-30,defective,approved,False,
RETURN_004235,ORDER_049368,BUYER_04941,SELLER_00065,2025-05-07,defective,approved,False,
RETURN_004236,ORDER_049369,BUYER_04941,SELLER_00258,2025-05-20,defective,approved,False,
RETURN_004237,ORDER_049371,BUYER_04941,SELLER_00466,2025-07-18,defective,approved,False,
RETURN_004238,ORDER_049372,BUYER_04941,SELLER_00210,2025-06-27,changed_mind,approved,False,
RETURN_004239,ORDER_049375,BUYER_04941,SELLER_00309,2025-08-03,changed_mind,approved,False,
RETURN_004240,ORDER_049379,BUYER_04942,SELLER_00045,2025-10-30,size_issue,approved,False,
RETURN_004241,ORDER_049382,BUYER_04942,SELLER_00430,2025-10-26,wrong_item_received,approved,False,
RETURN_004242,ORDER_049397,BUYER_04943,SELLER_00275,2025-12-31,changed_mind,approved,False,
RETURN_004243,ORDER_049399,BUYER_04943,SELLER_00123,2025-12-05,changed_mind,approved,False,
RETURN_004244,ORDER_049409,BUYER_04944,SELLER_00024,2025-09-16,changed_mind,approved,False,
RETURN_004245,ORDER_049445,BUYER_04945,SELLER_00042,2025-12-03,changed_mind,approved,False,
RETURN_004246,ORDER_049447,BUYER_04946,SELLER_00143,2025-12-31,changed_mind,approved,False,
RETURN_004247,ORDER_049449,BUYER_04946,SELLER_00017,2025-09-30,size_issue,approved,False,
RETURN_004248,ORDER_049451,BUYER_04946,SELLER_00024,2025-07-08,changed_mind,approved,False,
RETURN_004249,ORDER_049455,BUYER_04946,SELLER_00101,2025-08-08,changed_mind,approved,False,
RETURN_004250,ORDER_049456,BUYER_04946,SELLER_00231,2025-11-21,size_issue,approved,False,
RETURN_004251,ORDER_049461,BUYER_04946,SELLER_00004,2025-12-23,defective,approved,False,
RETURN_004252,ORDER_049462,BUYER_04946,SELLER_00428,2025-08-20,size_issue,approved,False,
RETURN_004253,ORDER_049464,BUYER_04946,SELLER_00002,2025-08-24,changed_mind,approved,False,
RETURN_004254,ORDER_049471,BUYER_04946,SELLER_00126,2025-12-14,changed_mind,approved,False,
RETURN_004255,ORDER_049472,BUYER_04946,SELLER_00182,2025-09-08,size_issue,approved,False,
RETURN_004256,ORDER_049473,BUYER_04946,SELLER_00358,2025-12-31,changed_mind,approved,False,
RETURN_004257,ORDER_049476,BUYER_04946,SELLER_00313,2025-07-10,defective,approved,False,
RETURN_004258,ORDER_049480,BUYER_04946,SELLER_00049,2025-11-04,wrong_item_received,approved,False,
RETURN_004259,ORDER_049481,BUYER_04946,SELLER_00170,2025-08-08,changed_mind,approved,False,
RETURN_004260,ORDER_049483,BUYER_04946,SELLER_00109,2025-10-14,defective,approved,False,
RETURN_004261,ORDER_049500,BUYER_04948,SELLER_00367,2025-12-22,changed_mind,approved,False,
RETURN_004262,ORDER_049508,BUYER_04948,SELLER_00438,2025-12-06,size_issue,approved,False,
RETURN_004263,ORDER_049532,BUYER_04949,SELLER_00328,2025-11-26,changed_mind,approved,False,
RETURN_004264,ORDER_049609,BUYER_04960,SELLER_00185,2025-07-03,defective,approved,False,
RETURN_004265,ORDER_049615,BUYER_04960,SELLER_00464,2025-11-06,defective,approved,False,
RETURN_004266,ORDER_049618,BUYER_04960,SELLER_00328,2025-10-09,changed_mind,approved,False,
RETURN_004267,ORDER_049631,BUYER_04960,SELLER_00148,2025-12-31,defective,approved,False,
RETURN_004268,ORDER_049690,BUYER_04966,SELLER_00412,2025-12-17,defective,approved,False,
RETURN_004269,ORDER_049699,BUYER_04966,SELLER_00152,2025-11-25,changed_mind,approved,False,
RETURN_004270,ORDER_049719,BUYER_04966,SELLER_00411,2025-12-07,changed_mind,approved,False,
RETURN_004271,ORDER_049730,BUYER_04967,SELLER_00472,2025-12-31,defective,approved,False,
RETURN_004272,ORDER_049753,BUYER_04970,SELLER_00148,2025-11-10,wrong_item_received,approved,False,
RETURN_004273,ORDER_049755,BUYER_04970,SELLER_00387,2025-11-30,changed_mind,approved,False,
RETURN_004274,ORDER_049757,BUYER_04970,SELLER_00413,2025-11-21,size_issue,approved,False,
RETURN_004275,ORDER_049760,BUYER_04970,SELLER_00446,2025-12-16,size_issue,approved,False,
RETURN_004276,ORDER_049767,BUYER_04971,SELLER_00377,2025-11-25,size_issue,approved,False,
RETURN_004277,ORDER_049769,BUYER_04972,SELLER_00016,2025-09-26,wrong_item_received,approved,False,
RETURN_004278,ORDER_049789,BUYER_04974,SELLER_00016,2025-11-02,wrong_item_received,approved,False,
RETURN_004279,ORDER_049803,BUYER_04975,SELLER_00112,2025-08-23,defective,approved,False,
RETURN_004280,ORDER_049805,BUYER_04975,SELLER_00005,2025-02-03,size_issue,approved,False,
RETURN_004281,ORDER_049814,BUYER_04976,SELLER_00164,2025-10-14,changed_mind,approved,False,
RETURN_004282,ORDER_049823,BUYER_04977,SELLER_00347,2025-11-29,defective,approved,False,
RETURN_004283,ORDER_049840,BUYER_04979,SELLER_00012,2025-03-29,wrong_item_received,approved,False,
RETURN_004284,ORDER_049860,BUYER_04981,SELLER_00424,2025-12-31,changed_mind,approved,True,return_abuse
RETURN_004285,ORDER_049866,BUYER_04982,SELLER_00123,2025-11-10,defective,approved,False,
RETURN_004286,ORDER_049867,BUYER_04982,SELLER_00350,2025-10-13,defective,approved,False,
RETURN_004287,ORDER_049868,BUYER_04983,SELLER_00172,2025-12-31,changed_mind,approved,False,
RETURN_004288,ORDER_049873,BUYER_04983,SELLER_00309,2025-12-25,size_issue,approved,False,
RETURN_004289,ORDER_049877,BUYER_04984,SELLER_00388,2025-09-05,wrong_item_received,approved,False,
RETURN_004290,ORDER_049892,BUYER_04986,SELLER_00218,2025-02-18,changed_mind,approved,False,
RETURN_004291,ORDER_049894,BUYER_04987,SELLER_00251,2025-12-05,changed_mind,approved,False,
RETURN_004292,ORDER_049897,BUYER_04987,SELLER_00095,2025-11-13,changed_mind,approved,False,
RETURN_004293,ORDER_049942,BUYER_04993,SELLER_00404,2025-12-11,changed_mind,approved,False,
RETURN_004294,ORDER_049946,BUYER_04994,SELLER_00164,2025-12-05,changed_mind,approved,False,
RETURN_004295,ORDER_049986,BUYER_04998,SELLER_00225,2025-09-06,changed_mind,approved,False,
RETURN_004296,ORDER_049994,BUYER_04999,SELLER_00100,2025-03-07,defective,approved,True,return_abuse
RETURN_004297,ORDER_049861,BUYER_04981,SELLER_00388,2025-12-28,changed_mind,approved,True,return_abuse
RETURN_004298,ORDER_030586,BUYER_03081,SELLER_00351,2025-05-24,wrong_item_received,approved,True,return_abuse
RETURN_004299,ORDER_030587,BUYER_03081,SELLER_00316,2025-05-15,defective,approved,True,return_abuse
RETURN_004300,ORDER_030588,BUYER_03081,SELLER_00459,2025-09-25,wrong_item_received,approved,True,return_abuse
RETURN_004301,ORDER_018826,BUYER_01889,SELLER_00418,2025-10-18,changed_mind,approved,True,return_abuse
RETURN_004302,ORDER_018827,BUYER_01889,SELLER_00081,2025-07-24,wrong_item_received,approved,True,return_abuse
RETURN_004303,ORDER_018834,BUYER_01889,SELLER_00015,2025-09-14,size_issue,approved,True,return_abuse
RETURN_004304,ORDER_018821,BUYER_01889,SELLER_00314,2025-09-23,wrong_item_received,approved,True,return_abuse
RETURN_004305,ORDER_018819,BUYER_01889,SELLER_00313,2025-08-06,defective,approved,True,return_abuse
RETURN_004306,ORDER_018823,BUYER_01889,SELLER_00423,2025-07-23,wrong_item_received,approved,True,return_abuse
RETURN_004307,ORDER_018815,BUYER_01889,SELLER_00164,2025-11-03,size_issue,approved,True,return_abuse
RETURN_004308,ORDER_002475,BUYER_00230,SELLER_00045,2025-12-05,defective,approved,True,return_abuse
RETURN_004309,ORDER_012986,BUYER_01303,SELLER_00491,2025-12-26,changed_mind,approved,True,return_abuse
RETURN_004310,ORDER_040584,BUYER_04078,SELLER_00438,2025-09-12,size_issue,approved,True,return_abuse
RETURN_004311,ORDER_032355,BUYER_03239,SELLER_00489,2025-11-17,size_issue,approved,True,return_abuse
RETURN_004312,ORDER_032359,BUYER_03239,SELLER_00498,2025-11-26,size_issue,approved,True,return_abuse
RETURN_004313,ORDER_032350,BUYER_03239,SELLER_00448,2025-12-13,defective,approved,True,return_abuse
RETURN_004314,ORDER_032370,BUYER_03239,SELLER_00016,2025-12-18,wrong_item_received,approved,True,return_abuse
RETURN_004315,ORDER_032363,BUYER_03239,SELLER_00271,2025-11-29,defective,approved,True,return_abuse
RETURN_004316,ORDER_032353,BUYER_03239,SELLER_00210,2025-12-20,size_issue,approved,True,return_abuse
RETURN_004317,ORDER_032374,BUYER_03239,SELLER_00330,2025-12-25,changed_mind,approved,True,return_abuse
RETURN_004318,ORDER_032377,BUYER_03239,SELLER_00030,2025-11-24,size_issue,approved,True,return_abuse
RETURN_004319,ORDER_029053,BUYER_02936,SELLER_00144,2025-11-17,defective,approved,True,return_abuse
RETURN_004320,ORDER_022869,BUYER_02310,SELLER_00243,2025-07-31,changed_mind,approved,True,return_abuse
RETURN_004321,ORDER_022871,BUYER_02310,SELLER_00199,2025-04-28,size_issue,approved,True,return_abuse
RETURN_004322,ORDER_047193,BUYER_04718,SELLER_00449,2025-09-06,wrong_item_received,approved,True,return_abuse
RETURN_004323,ORDER_047196,BUYER_04718,SELLER_00210,2025-08-16,changed_mind,approved,True,return_abuse
RETURN_004324,ORDER_047189,BUYER_04718,SELLER_00316,2025-06-10,wrong_item_received,approved,True,return_abuse
RETURN_004325,ORDER_047239,BUYER_04718,SELLER_00254,2025-04-04,changed_mind,approved,True,return_abuse
RETURN_004326,ORDER_047180,BUYER_04718,SELLER_00270,2025-06-10,changed_mind,approved,True,return_abuse
RETURN_004327,ORDER_047190,BUYER_04718,SELLER_00185,2025-05-24,defective,approved,True,return_abuse
RETURN_004328,ORDER_047224,BUYER_04718,SELLER_00054,2025-06-04,changed_mind,approved,True,return_abuse
RETURN_004329,ORDER_047183,BUYER_04718,SELLER_00287,2025-06-28,defective,approved,True,return_abuse
RETURN_004330,ORDER_047221,BUYER_04718,SELLER_00491,2025-10-26,wrong_item_received,approved,True,return_abuse
RETURN_004331,ORDER_047211,BUYER_04718,SELLER_00009,2025-10-07,changed_mind,approved,True,return_abuse
RETURN_004332,ORDER_047200,BUYER_04718,SELLER_00483,2025-02-22,changed_mind,approved,True,return_abuse
RETURN_004333,ORDER_047242,BUYER_04718,SELLER_00469,2025-08-30,size_issue,approved,True,return_abuse
RETURN_004334,ORDER_047244,BUYER_04718,SELLER_00263,2025-07-06,size_issue,approved,True,return_abuse
RETURN_004335,ORDER_047181,BUYER_04718,SELLER_00219,2025-04-07,changed_mind,approved,True,return_abuse
RETURN_004336,ORDER_047212,BUYER_04718,SELLER_00453,2025-04-08,changed_mind,approved,True,return_abuse
RETURN_004337,ORDER_047216,BUYER_04718,SELLER_00478,2025-07-01,changed_mind,approved,True,return_abuse
RETURN_004338,ORDER_047186,BUYER_04718,SELLER_00158,2025-07-31,size_issue,approved,True,return_abuse
RETURN_004339,ORDER_047217,BUYER_04718,SELLER_00065,2025-04-15,defective,approved,True,return_abuse
RETURN_004340,ORDER_023709,BUYER_02387,SELLER_00172,2025-06-20,changed_mind,approved,True,return_abuse
RETURN_004341,ORDER_023713,BUYER_02387,SELLER_00438,2025-09-29,changed_mind,approved,True,return_abuse
RETURN_004342,ORDER_048557,BUYER_04853,SELLER_00054,2025-07-12,defective,approved,True,return_abuse
RETURN_004343,ORDER_048562,BUYER_04853,SELLER_00157,2025-06-28,wrong_item_received,approved,True,return_abuse
RETURN_004344,ORDER_010100,BUYER_00988,SELLER_00246,2025-11-03,defective,approved,True,return_abuse
RETURN_004345,ORDER_010097,BUYER_00988,SELLER_00124,2025-05-26,defective,approved,True,return_abuse
RETURN_004346,ORDER_010091,BUYER_00988,SELLER_00188,2025-11-23,changed_mind,approved,True,return_abuse
RETURN_004347,ORDER_010096,BUYER_00988,SELLER_00192,2025-06-15,size_issue,approved,True,return_abuse
RETURN_004348,ORDER_010099,BUYER_00988,SELLER_00399,2025-09-28,defective,approved,True,return_abuse
RETURN_004349,ORDER_004509,BUYER_00433,SELLER_00480,2025-06-12,changed_mind,approved,True,return_abuse
RETURN_004350,ORDER_028137,BUYER_02847,SELLER_00389,2025-12-14,defective,approved,True,return_abuse
RETURN_004351,ORDER_028138,BUYER_02847,SELLER_00455,2025-12-18,size_issue,approved,True,return_abuse
RETURN_004352,ORDER_028139,BUYER_02847,SELLER_00159,2025-12-31,defective,approved,True,return_abuse
RETURN_004353,ORDER_021159,BUYER_02131,SELLER_00424,2025-12-31,wrong_item_received,approved,True,return_abuse
RETURN_004354,ORDER_021153,BUYER_02131,SELLER_00289,2025-12-31,defective,approved,True,return_abuse
RETURN_004355,ORDER_021144,BUYER_02131,SELLER_00392,2025-12-29,changed_mind,approved,True,return_abuse
RETURN_004356,ORDER_021158,BUYER_02131,SELLER_00233,2025-12-29,defective,approved,True,return_abuse
RETURN_004357,ORDER_047373,BUYER_04730,SELLER_00016,2025-11-28,defective,approved,True,return_abuse
RETURN_004358,ORDER_047367,BUYER_04730,SELLER_00351,2025-04-10,changed_mind,approved,True,return_abuse
RETURN_004359,ORDER_047368,BUYER_04730,SELLER_00172,2025-04-26,changed_mind,approved,True,return_abuse
RETURN_004360,ORDER_007492,BUYER_00727,SELLER_00242,2025-09-03,defective,approved,True,return_abuse
RETURN_004361,ORDER_007489,BUYER_00727,SELLER_00416,2025-12-27,size_issue,approved,True,return_abuse
RETURN_004362,ORDER_007495,BUYER_00727,SELLER_00232,2025-06-02,wrong_item_received,approved,True,return_abuse
RETURN_004363,ORDER_007504,BUYER_00727,SELLER_00011,2025-05-29,size_issue,approved,True,return_abuse
RETURN_004364,ORDER_007502,BUYER_00727,SELLER_00031,2025-12-31,defective,approved,True,return_abuse
RETURN_004365,ORDER_007507,BUYER_00727,SELLER_00178,2025-07-04,defective,approved,True,return_abuse
RETURN_004366,ORDER_013701,BUYER_01367,SELLER_00359,2025-06-08,changed_mind,approved,True,return_abuse
RETURN_004367,ORDER_038704,BUYER_03888,SELLER_00319,2025-12-13,defective,approved,True,return_abuse
RETURN_004368,ORDER_038713,BUYER_03888,SELLER_00058,2025-04-06,defective,approved,True,return_abuse
RETURN_004369,ORDER_038706,BUYER_03888,SELLER_00377,2025-06-28,wrong_item_received,approved,True,return_abuse
RETURN_004370,ORDER_036132,BUYER_03619,SELLER_00185,2025-05-31,wrong_item_received,approved,True,return_abuse
RETURN_004371,ORDER_036136,BUYER_03619,SELLER_00221,2025-06-04,changed_mind,approved,True,return_abuse
RETURN_004372,ORDER_038153,BUYER_03831,SELLER_00333,2025-12-11,defective,approved,True,return_abuse
RETURN_004373,ORDER_041266,BUYER_04139,SELLER_00169,2025-12-27,defective,approved,True,return_abuse
RETURN_004374,ORDER_041282,BUYER_04139,SELLER_00288,2025-10-24,size_issue,approved,True,return_abuse
RETURN_004375,ORDER_041279,BUYER_04139,SELLER_00146,2025-10-31,defective,approved,True,return_abuse
RETURN_004376,ORDER_041276,BUYER_04139,SELLER_00078,2025-10-31,defective,approved,True,return_abuse
RETURN_004377,ORDER_041283,BUYER_04139,SELLER_00259,2025-12-31,defective,approved,True,return_abuse
RETURN_004378,ORDER_041275,BUYER_04139,SELLER_00168,2025-10-27,size_issue,approved,True,return_abuse
RETURN_004379,ORDER_041265,BUYER_04139,SELLER_00365,2025-10-12,wrong_item_received,approved,True,return_abuse
RETURN_004380,ORDER_041256,BUYER_04139,SELLER_00298,2025-12-31,size_issue,approved,True,return_abuse
RETURN_004381,ORDER_041281,BUYER_04139,SELLER_00267,2025-11-18,changed_mind,approved,True,return_abuse
RETURN_004382,ORDER_041262,BUYER_04139,SELLER_00123,2025-10-16,size_issue,approved,True,return_abuse
RETURN_004383,ORDER_041280,BUYER_04139,SELLER_00170,2025-10-08,defective,approved,True,return_abuse
RETURN_004384,ORDER_041278,BUYER_04139,SELLER_00259,2025-11-07,size_issue,approved,True,return_abuse
RETURN_004385,ORDER_024014,BUYER_02424,SELLER_00423,2025-10-13,defective,approved,True,return_abuse
RETURN_004386,ORDER_024024,BUYER_02424,SELLER_00183,2025-08-30,defective,approved,True,return_abuse
RETURN_004387,ORDER_024009,BUYER_02424,SELLER_00479,2025-08-29,changed_mind,approved,True,return_abuse
RETURN_004388,ORDER_024013,BUYER_02424,SELLER_00183,2025-09-07,size_issue,approved,True,return_abuse
RETURN_004389,ORDER_024000,BUYER_02424,SELLER_00314,2025-10-03,defective,approved,True,return_abuse
RETURN_004390,ORDER_024006,BUYER_02424,SELLER_00382,2025-11-01,changed_mind,approved,True,return_abuse
RETURN_004391,ORDER_008318,BUYER_00807,SELLER_00277,2025-09-30,changed_mind,approved,True,return_abuse
RETURN_004392,ORDER_033784,BUYER_03387,SELLER_00463,2025-03-26,changed_mind,approved,True,return_abuse
RETURN_004393,ORDER_014859,BUYER_01498,SELLER_00289,2025-11-25,wrong_item_received,approved,True,return_abuse
RETURN_004394,ORDER_014863,BUYER_01498,SELLER_00151,2025-05-17,defective,approved,True,return_abuse
RETURN_004395,ORDER_006602,BUYER_00649,SELLER_00225,2025-12-06,changed_mind,approved,True,return_abuse
RETURN_004396,ORDER_006603,BUYER_00649,SELLER_00355,2025-10-16,size_issue,approved,True,return_abuse
RETURN_004397,ORDER_006597,BUYER_00649,SELLER_00354,2025-12-27,defective,approved,True,return_abuse
RETURN_004398,ORDER_006596,BUYER_00649,SELLER_00426,2025-10-10,defective,approved,True,return_abuse
RETURN_004399,ORDER_006598,BUYER_00649,SELLER_00203,2025-12-29,changed_mind,approved,True,return_abuse
RETURN_004400,ORDER_006599,BUYER_00649,SELLER_00058,2025-10-19,changed_mind,approved,True,return_abuse
RETURN_004401,ORDER_022147,BUYER_02233,SELLER_00109,2025-10-06,size_issue,approved,True,return_abuse
RETURN_004402,ORDER_022153,BUYER_02233,SELLER_00175,2025-09-01,changed_mind,approved,True,return_abuse
RETURN_004403,ORDER_022142,BUYER_02233,SELLER_00305,2025-11-26,changed_mind,approved,True,return_abuse
RETURN_004404,ORDER_022131,BUYER_02233,SELLER_00463,2025-09-27,wrong_item_received,approved,True,return_abuse
RETURN_004405,ORDER_022140,BUYER_02233,SELLER_00058,2025-11-01,changed_mind,approved,True,return_abuse
RETURN_004406,ORDER_022148,BUYER_02233,SELLER_00420,2025-12-21,changed_mind,approved,True,return_abuse
RETURN_004407,ORDER_022133,BUYER_02233,SELLER_00316,2025-11-08,size_issue,approved,True,return_abuse
RETURN_004408,ORDER_022139,BUYER_02233,SELLER_00263,2025-09-17,size_issue,approved,True,return_abuse
RETURN_004409,ORDER_014521,BUYER_01464,SELLER_00263,2025-10-29,changed_mind,approved,True,return_abuse
RETURN_004410,ORDER_014526,BUYER_01464,SELLER_00277,2025-11-14,changed_mind,approved,True,return_abuse
RETURN_004411,ORDER_014519,BUYER_01464,SELLER_00437,2025-10-24,defective,approved,True,return_abuse
RETURN_004412,ORDER_017406,BUYER_01757,SELLER_00326,2025-09-26,defective,approved,True,return_abuse
RETURN_004413,ORDER_028577,BUYER_02895,SELLER_00438,2025-03-01,changed_mind,approved,True,return_abuse
RETURN_004414,ORDER_028574,BUYER_02895,SELLER_00341,2025-05-22,defective,approved,True,return_abuse
RETURN_004415,ORDER_028578,BUYER_02895,SELLER_00283,2025-03-01,size_issue,approved,True,return_abuse
RETURN_004416,ORDER_028575,BUYER_02895,SELLER_00024,2025-10-12,changed_mind,approved,True,return_abuse
RETURN_004417,ORDER_017152,BUYER_01727,SELLER_00065,2025-04-04,defective,approved,True,return_abuse
RETURN_004418,ORDER_017151,BUYER_01727,SELLER_00292,2025-08-24,changed_mind,approved,True,return_abuse
RETURN_004419,ORDER_017150,BUYER_01727,SELLER_00283,2025-07-20,defective,approved,True,return_abuse
RETURN_004420,ORDER_003766,BUYER_00359,SELLER_00026,2025-12-31,changed_mind,approved,True,return_abuse
RETURN_004421,ORDER_049673,BUYER_04963,SELLER_00169,2025-10-03,defective,approved,True,return_abuse
RETURN_004422,ORDER_049676,BUYER_04963,SELLER_00084,2025-10-06,changed_mind,approved,True,return_abuse
RETURN_004423,ORDER_049670,BUYER_04963,SELLER_00331,2025-10-15,changed_mind,approved,True,return_abuse
RETURN_004424,ORDER_027589,BUYER_02786,SELLER_00376,2025-05-12,changed_mind,approved,True,return_abuse
RETURN_004425,ORDER_046475,BUYER_04651,SELLER_00380,2025-12-30,changed_mind,approved,True,return_abuse
RETURN_004426,ORDER_046481,BUYER_04651,SELLER_00065,2025-05-14,wrong_item_received,approved,True,return_abuse
RETURN_004427,ORDER_046476,BUYER_04651,SELLER_00438,2025-08-31,size_issue,approved,True,return_abuse
RETURN_004428,ORDER_046479,BUYER_04651,SELLER_00223,2025-05-15,changed_mind,approved,True,return_abuse
RETURN_004429,ORDER_027377,BUYER_02772,SELLER_00246,2025-09-19,wrong_item_received,approved,True,return_abuse
RETURN_004430,ORDER_027365,BUYER_02772,SELLER_00065,2025-08-08,defective,approved,True,return_abuse
RETURN_004431,ORDER_027370,BUYER_02772,SELLER_00175,2025-08-19,defective,approved,True,return_abuse
RETURN_004432,ORDER_027375,BUYER_02772,SELLER_00086,2025-06-25,wrong_item_received,approved,True,return_abuse
RETURN_004433,ORDER_027368,BUYER_02772,SELLER_00347,2025-06-29,wrong_item_received,approved,True,return_abuse
RETURN_004434,ORDER_027397,BUYER_02772,SELLER_00438,2025-06-10,size_issue,approved,True,return_abuse
RETURN_004435,ORDER_027387,BUYER_02772,SELLER_00266,2025-08-20,changed_mind,approved,True,return_abuse
RETURN_004436,ORDER_027382,BUYER_02772,SELLER_00069,2025-12-13,defective,approved,True,return_abuse
RETURN_004437,ORDER_027383,BUYER_02772,SELLER_00065,2025-12-31,wrong_item_received,approved,True,return_abuse
RETURN_004438,ORDER_027403,BUYER_02772,SELLER_00083,2025-06-12,changed_mind,approved,True,return_abuse
RETURN_004439,ORDER_027390,BUYER_02772,SELLER_00016,2025-12-31,changed_mind,approved,True,return_abuse
RETURN_004440,ORDER_027366,BUYER_02772,SELLER_00387,2025-12-31,size_issue,approved,True,return_abuse
RETURN_004441,ORDER_027373,BUYER_02772,SELLER_00348,2025-09-14,defective,approved,True,return_abuse
RETURN_004442,ORDER_027394,BUYER_02772,SELLER_00368,2025-07-12,size_issue,approved,True,return_abuse
RETURN_004443,ORDER_000134,BUYER_00012,SELLER_00344,2025-10-09,changed_mind,approved,True,return_abuse
RETURN_004444,ORDER_000131,BUYER_00012,SELLER_00376,2025-12-31,changed_mind,approved,True,return_abuse
RETURN_004445,ORDER_028681,BUYER_02904,SELLER_00267,2025-05-31,changed_mind,approved,True,return_abuse
RETURN_004446,ORDER_028696,BUYER_02904,SELLER_00492,2025-06-12,defective,approved,True,return_abuse
RETURN_004447,ORDER_028686,BUYER_02904,SELLER_00395,2025-06-16,defective,approved,True,return_abuse
RETURN_004448,ORDER_028688,BUYER_02904,SELLER_00246,2025-12-31,defective,approved,True,return_abuse
RETURN_004449,ORDER_028701,BUYER_02904,SELLER_00442,2025-08-31,changed_mind,approved,True,return_abuse
RETURN_004450,ORDER_028689,BUYER_02904,SELLER_00416,2025-08-29,wrong_item_received,approved,True,return_abuse
RETURN_004451,ORDER_028673,BUYER_02904,SELLER_00030,2025-11-09,defective,approved,True,return_abuse
RETURN_004452,ORDER_049571,BUYER_04956,SELLER_00415,2025-12-20,defective,approved,True,return_abuse
RETURN_004453,ORDER_044080,BUYER_04414,SELLER_00019,2025-05-15,size_issue,approved,True,return_abuse
RETURN_004454,ORDER_026006,BUYER_02639,SELLER_00462,2025-09-03,changed_mind,approved,True,return_abuse
RETURN_004455,ORDER_038807,BUYER_03899,SELLER_00454,2025-03-24,defective,approved,True,return_abuse
RETURN_004456,ORDER_038810,BUYER_03899,SELLER_00413,2025-07-08,defective,approved,True,return_abuse
RETURN_004457,ORDER_042226,BUYER_04221,SELLER_00455,2025-12-31,size_issue,approved,True,return_abuse
RETURN_004458,ORDER_042227,BUYER_04221,SELLER_00154,2025-11-15,changed_mind,approved,True,return_abuse
RETURN_004459,ORDER_042231,BUYER_04221,SELLER_00469,2025-09-09,wrong_item_received,approved,True,return_abuse
RETURN_004460,ORDER_042077,BUYER_04213,SELLER_00102,2025-12-22,changed_mind,approved,True,return_abuse
RETURN_004461,ORDER_042064,BUYER_04213,SELLER_00487,2025-12-16,changed_mind,approved,True,return_abuse
RETURN_004462,ORDER_042068,BUYER_04213,SELLER_00460,2025-11-27,defective,approved,True,return_abuse
RETURN_004463,ORDER_042075,BUYER_04213,SELLER_00237,2025-11-24,defective,approved,True,return_abuse
RETURN_004464,ORDER_042065,BUYER_04213,SELLER_00354,2025-12-17,defective,approved,True,return_abuse
RETURN_004465,ORDER_042063,BUYER_04213,SELLER_00306,2025-12-08,size_issue,approved,True,return_abuse
RETURN_004466,ORDER_024604,BUYER_02482,SELLER_00073,2025-12-24,changed_mind,approved,True,return_abuse
RETURN_004467,ORDER_024608,BUYER_02482,SELLER_00437,2025-12-31,wrong_item_received,approved,True,return_abuse
RETURN_004468,ORDER_016187,BUYER_01632,SELLER_00024,2025-09-23,defective,approved,True,return_abuse
RETURN_004469,ORDER_016188,BUYER_01632,SELLER_00488,2025-12-05,defective,approved,True,return_abuse
RETURN_004470,ORDER_032021,BUYER_03218,SELLER_00407,2025-12-31,defective,approved,True,return_abuse
RETURN_004471,ORDER_032027,BUYER_03218,SELLER_00276,2025-12-07,changed_mind,approved,True,return_abuse
RETURN_004472,ORDER_013679,BUYER_01364,SELLER_00408,2025-10-21,defective,approved,True,return_abuse
RETURN_004473,ORDER_013681,BUYER_01364,SELLER_00225,2025-07-14,wrong_item_received,approved,True,return_abuse
RETURN_004474,ORDER_019389,BUYER_01941,SELLER_00388,2025-07-28,changed_mind,approved,True,return_abuse
RETURN_004475,ORDER_019392,BUYER_01941,SELLER_00355,2025-07-07,changed_mind,approved,True,return_abuse
RETURN_004476,ORDER_019391,BUYER_01941,SELLER_00442,2025-07-10,changed_mind,approved,True,return_abuse
RETURN_004477,ORDER_028586,BUYER_02896,SELLER_00243,2025-10-05,size_issue,approved,True,return_abuse
RETURN_004478,ORDER_028585,BUYER_02896,SELLER_00241,2025-11-17,size_issue,approved,True,return_abuse
RETURN_004479,ORDER_028591,BUYER_02896,SELLER_00016,2025-08-18,changed_mind,approved,True,return_abuse
RETURN_004480,ORDER_048829,BUYER_04886,SELLER_00080,2025-05-28,changed_mind,approved,True,return_abuse
RETURN_004481,ORDER_048830,BUYER_04886,SELLER_00377,2025-07-19,changed_mind,approved,True,return_abuse
RETURN_004482,ORDER_048827,BUYER_04886,SELLER_00440,2025-11-14,changed_mind,approved,True,return_abuse
RETURN_004483,ORDER_034625,BUYER_03474,SELLER_00446,2025-11-17,size_issue,approved,True,return_abuse
RETURN_004484,ORDER_034622,BUYER_03474,SELLER_00455,2025-11-19,changed_mind,approved,True,return_abuse
RETURN_004485,ORDER_034628,BUYER_03474,SELLER_00155,2025-11-26,changed_mind,approved,True,return_abuse
RETURN_004486,ORDER_034626,BUYER_03474,SELLER_00486,2025-12-29,changed_mind,approved,True,return_abuse
RETURN_004487,ORDER_003888,BUYER_00371,SELLER_00070,2025-04-04,wrong_item_received,approved,True,return_abuse
RETURN_004488,ORDER_003892,BUYER_00371,SELLER_00113,2025-03-14,changed_mind,approved,True,return_abuse
RETURN_004489,ORDER_003883,BUYER_00371,SELLER_00071,2025-08-29,defective,approved,True,return_abuse
RETURN_004490,ORDER_003890,BUYER_00371,SELLER_00472,2025-05-22,size_issue,approved,True,return_abuse
RETURN_004491,ORDER_003876,BUYER_00371,SELLER_00465,2025-08-23,changed_mind,approved,True,return_abuse
RETURN_004492,ORDER_003886,BUYER_00371,SELLER_00258,2025-03-28,defective,approved,True,return_abuse
RETURN_004493,ORDER_003880,BUYER_00371,SELLER_00469,2025-03-20,defective,approved,True,return_abuse
RETURN_004494,ORDER_003893,BUYER_00371,SELLER_00277,2025-10-19,size_issue,approved,True,return_abuse
RETURN_004495,ORDER_003881,BUYER_00371,SELLER_00028,2025-04-07,size_issue,approved,True,return_abuse
RETURN_004496,ORDER_040124,BUYER_04031,SELLER_00313,2025-08-06,defective,approved,True,return_abuse
RETURN_004497,ORDER_040146,BUYER_04031,SELLER_00423,2025-07-28,wrong_item_received,approved,True,return_abuse
RETURN_004498,ORDER_040122,BUYER_04031,SELLER_00167,2025-10-13,changed_mind,approved,True,return_abuse
RETURN_004499,ORDER_040143,BUYER_04031,SELLER_00347,2025-07-15,wrong_item_received,approved,True,return_abuse
RETURN_004500,ORDER_040142,BUYER_04031,SELLER_00265,2025-10-23,wrong_item_received,approved,True,return_abuse
RETURN_004501,ORDER_040139,BUYER_04031,SELLER_00438,2025-11-26,size_issue,approved,True,return_abuse
RETURN_004502,ORDER_040131,BUYER_04031,SELLER_00088,2025-07-23,changed_mind,approved,True,return_abuse
RETURN_004503,ORDER_040151,BUYER_04031,SELLER_00292,2025-09-22,defective,approved,True,return_abuse
RETURN_004504,ORDER_040128,BUYER_04031,SELLER_00331,2025-11-28,size_issue,approved,True,return_abuse
RETURN_004505,ORDER_040137,BUYER_04031,SELLER_00178,2025-12-31,defective,approved,True,return_abuse
RETURN_004506,ORDER_040135,BUYER_04031,SELLER_00214,2025-12-31,changed_mind,approved,True,return_abuse
RETURN_004507,ORDER_036340,BUYER_03639,SELLER_00123,2025-12-03,size_issue,approved,True,return_abuse
RETURN_004508,ORDER_036325,BUYER_03639,SELLER_00289,2025-06-27,size_issue,approved,True,return_abuse
RETURN_004509,ORDER_036339,BUYER_03639,SELLER_00472,2025-06-30,changed_mind,approved,True,return_abuse
RETURN_004510,ORDER_036330,BUYER_03639,SELLER_00348,2025-09-05,changed_mind,approved,True,return_abuse
RETURN_004511,ORDER_036333,BUYER_03639,SELLER_00316,2025-09-09,defective,approved,True,return_abuse
RETURN_004512,ORDER_036335,BUYER_03639,SELLER_00472,2025-10-13,defective,approved,True,return_abuse
RETURN_004513,ORDER_000422,BUYER_00041,SELLER_00404,2025-09-08,size_issue,approved,True,return_abuse
RETURN_004514,ORDER_022600,BUYER_02279,SELLER_00419,2025-10-29,defective,approved,True,return_abuse
RETURN_004515,ORDER_022598,BUYER_02279,SELLER_00408,2025-12-29,changed_mind,approved,True,return_abuse
RETURN_004516,ORDER_004141,BUYER_00398,SELLER_00341,2025-10-24,changed_mind,approved,True,return_abuse
RETURN_004517,ORDER_004137,BUYER_00398,SELLER_00227,2025-09-01,changed_mind,approved,True,return_abuse
RETURN_004518,ORDER_004140,BUYER_00398,SELLER_00437,2025-09-21,defective,approved,True,return_abuse
RETURN_004519,ORDER_004136,BUYER_00398,SELLER_00040,2025-11-21,defective,approved,True,return_abuse
RETURN_004520,ORDER_004142,BUYER_00398,SELLER_00128,2025-12-31,wrong_item_received,approved,True,return_abuse
RETURN_004521,ORDER_004132,BUYER_00398,SELLER_00468,2025-09-13,changed_mind,approved,True,return_abuse
RETURN_004522,ORDER_019603,BUYER_01967,SELLER_00009,2025-12-28,defective,approved,True,return_abuse
RETURN_004523,ORDER_019594,BUYER_01967,SELLER_00409,2025-11-26,defective,approved,True,return_abuse
RETURN_004524,ORDER_019598,BUYER_01967,SELLER_00393,2025-12-18,size_issue,approved,True,return_abuse
RETURN_004525,ORDER_019601,BUYER_01967,SELLER_00188,2025-12-28,defective,approved,True,return_abuse
RETURN_004526,ORDER_019599,BUYER_01967,SELLER_00422,2025-11-25,defective,approved,True,return_abuse
RETURN_004527,ORDER_021401,BUYER_02150,SELLER_00026,2025-12-10,defective,approved,True,return_abuse
RETURN_004528,ORDER_021399,BUYER_02150,SELLER_00395,2025-12-12,size_issue,approved,True,return_abuse
RETURN_004529,ORDER_004019,BUYER_00387,SELLER_00335,2025-12-31,changed_mind,approved,True,return_abuse
RETURN_004530,ORDER_004022,BUYER_00387,SELLER_00368,2025-12-21,changed_mind,approved,True,return_abuse
RETURN_004531,ORDER_004016,BUYER_00387,SELLER_00178,2025-12-28,size_issue,approved,True,return_abuse
RETURN_004532,ORDER_036702,BUYER_03676,SELLER_00368,2025-12-04,wrong_item_received,approved,True,return_abuse
RETURN_004533,ORDER_036701,BUYER_03676,SELLER_00148,2025-04-23,changed_mind,approved,True,return_abuse
RETURN_004534,ORDER_007907,BUYER_00775,SELLER_00101,2025-07-19,changed_mind,approved,True,return_abuse
RETURN_004535,ORDER_007915,BUYER_00775,SELLER_00446,2025-10-10,changed_mind,approved,True,return_abuse
RETURN_004536,ORDER_007914,BUYER_00775,SELLER_00263,2025-09-05,defective,approved,True,return_abuse
RETURN_004537,ORDER_026126,BUYER_02655,SELLER_00289,2025-08-13,changed_mind,approved,True,return_abuse
RETURN_004538,ORDER_026125,BUYER_02655,SELLER_00036,2025-06-14,changed_mind,approved,True,return_abuse
RETURN_004539,ORDER_026140,BUYER_02655,SELLER_00232,2025-11-08,defective,approved,True,return_abuse
RETURN_004540,ORDER_026133,BUYER_02655,SELLER_00077,2025-07-18,wrong_item_received,approved,True,return_abuse
RETURN_004541,ORDER_026134,BUYER_02655,SELLER_00314,2025-06-17,wrong_item_received,approved,True,return_abuse
RETURN_004542,ORDER_026136,BUYER_02655,SELLER_00132,2025-09-26,size_issue,approved,True,return_abuse
RETURN_004543,ORDER_031863,BUYER_03197,SELLER_00390,2025-10-26,size_issue,approved,True,return_abuse
RETURN_004544,ORDER_031866,BUYER_03197,SELLER_00366,2025-09-05,wrong_item_received,approved,True,return_abuse
RETURN_004545,ORDER_031868,BUYER_03197,SELLER_00427,2025-12-10,size_issue,approved,True,return_abuse
RETURN_004546,ORDER_031876,BUYER_03197,SELLER_00034,2025-12-04,size_issue,approved,True,return_abuse
RETURN_004547,ORDER_031872,BUYER_03197,SELLER_00291,2025-12-10,size_issue,approved,True,return_abuse
RETURN_004548,ORDER_031875,BUYER_03197,SELLER_00123,2025-12-19,size_issue,approved,True,return_abuse
RETURN_004549,ORDER_001186,BUYER_00117,SELLER_00049,2025-12-31,defective,approved,True,return_abuse
RETURN_004550,ORDER_001172,BUYER_00117,SELLER_00016,2025-12-21,defective,approved,True,return_abuse
RETURN_004551,ORDER_001174,BUYER_00117,SELLER_00314,2025-12-20,changed_mind,approved,True,return_abuse
RETURN_004552,ORDER_001189,BUYER_00117,SELLER_00158,2025-12-19,changed_mind,approved,True,return_abuse
RETURN_004553,ORDER_001183,BUYER_00117,SELLER_00066,2025-12-31,size_issue,approved,True,return_abuse
RETURN_004554,ORDER_001181,BUYER_00117,SELLER_00366,2025-12-13,changed_mind,approved,True,return_abuse
RETURN_004555,ORDER_001185,BUYER_00117,SELLER_00025,2025-12-18,changed_mind,approved,True,return_abuse
RETURN_004556,ORDER_001179,BUYER_00117,SELLER_00011,2025-12-19,wrong_item_received,approved,True,return_abuse
RETURN_004557,ORDER_001175,BUYER_00117,SELLER_00143,2025-12-23,defective,approved,True,return_abuse
RETURN_004558,ORDER_015550,BUYER_01559,SELLER_00461,2025-08-16,changed_mind,approved,True,return_abuse
RETURN_004559,ORDER_021635,BUYER_02174,SELLER_00019,2025-02-26,size_issue,approved,True,return_abuse
RETURN_004560,ORDER_021636,BUYER_02174,SELLER_00129,2025-09-20,size_issue,approved,True,return_abuse
RETURN_004561,ORDER_015042,BUYER_01516,SELLER_00054,2025-05-30,size_issue,approved,True,return_abuse
RETURN_004562,ORDER_014262,BUYER_01433,SELLER_00455,2025-03-27,defective,approved,True,return_abuse
RETURN_004563,ORDER_014263,BUYER_01433,SELLER_00203,2025-11-29,size_issue,approved,True,return_abuse
RETURN_004564,ORDER_014256,BUYER_01433,SELLER_00122,2025-04-14,defective,approved,True,return_abuse
RETURN_004565,ORDER_004735,BUYER_00451,SELLER_00148,2025-10-28,changed_mind,approved,True,return_abuse
RETURN_004566,ORDER_022299,BUYER_02249,SELLER_00458,2025-06-25,size_issue,approved,True,return_abuse
RETURN_004567,ORDER_022301,BUYER_02249,SELLER_00499,2025-10-06,changed_mind,approved,True,return_abuse
RETURN_004568,ORDER_022297,BUYER_02249,SELLER_00344,2025-12-31,changed_mind,approved,True,return_abuse
RETURN_004569,ORDER_006849,BUYER_00668,SELLER_00375,2025-12-31,wrong_item_received,approved,True,return_abuse
RETURN_004570,ORDER_006853,BUYER_00668,SELLER_00116,2025-08-17,size_issue,approved,True,return_abuse
RETURN_004571,ORDER_009783,BUYER_00952,SELLER_00221,2025-12-03,wrong_item_received,approved,True,return_abuse
RETURN_004572,ORDER_009782,BUYER_00952,SELLER_00139,2025-09-18,size_issue,approved,True,return_abuse
RETURN_004573,ORDER_042126,BUYER_04219,SELLER_00460,2025-10-06,defective,approved,True,return_abuse
RETURN_004574,ORDER_042124,BUYER_04219,SELLER_00123,2025-09-25,defective,approved,True,return_abuse
RETURN_004575,ORDER_042129,BUYER_04219,SELLER_00356,2025-06-25,size_issue,approved,True,return_abuse
RETURN_004576,ORDER_042127,BUYER_04219,SELLER_00341,2025-07-03,wrong_item_received,approved,True,return_abuse
RETURN_004577,ORDER_036313,BUYER_03637,SELLER_00049,2025-08-03,defective,approved,True,return_abuse
RETURN_004578,ORDER_036315,BUYER_03637,SELLER_00243,2025-11-04,changed_mind,approved,True,return_abuse
RETURN_004579,ORDER_029440,BUYER_02967,SELLER_00134,2025-12-29,changed_mind,approved,True,return_abuse
RETURN_004580,ORDER_026382,BUYER_02683,SELLER_00180,2025-11-23,defective,approved,True,return_abuse
RETURN_004581,ORDER_026379,BUYER_02683,SELLER_00074,2025-11-15,wrong_item_received,approved,True,return_abuse
RETURN_004582,ORDER_026377,BUYER_02683,SELLER_00366,2025-12-20,size_issue,approved,True,return_abuse
RETURN_004583,ORDER_026381,BUYER_02683,SELLER_00164,2025-10-30,changed_mind,approved,True,return_abuse
RETURN_004584,ORDER_048377,BUYER_04835,SELLER_00083,2025-10-20,defective,approved,True,return_abuse
RETURN_004585,ORDER_048376,BUYER_04835,SELLER_00054,2025-08-29,defective,approved,True,return_abuse
RETURN_004586,ORDER_048372,BUYER_04835,SELLER_00367,2025-12-31,wrong_item_received,approved,True,return_abuse
RETURN_004587,ORDER_004491,BUYER_00432,SELLER_00016,2025-12-28,defective,approved,True,return_abuse
RETURN_004588,ORDER_004495,BUYER_00432,SELLER_00285,2025-11-30,changed_mind,approved,True,return_abuse
RETURN_004589,ORDER_004493,BUYER_00432,SELLER_00156,2025-12-16,changed_mind,approved,True,return_abuse
RETURN_004590,ORDER_004497,BUYER_00432,SELLER_00454,2025-12-17,changed_mind,approved,True,return_abuse
RETURN_004591,ORDER_004498,BUYER_00432,SELLER_00123,2025-12-31,defective,approved,True,return_abuse
RETURN_004592,ORDER_004502,BUYER_00432,SELLER_00327,2025-12-31,defective,approved,True,return_abuse
RETURN_004593,ORDER_015244,BUYER_01535,SELLER_00070,2025-12-31,size_issue,approved,True,return_abuse
RETURN_004594,ORDER_015243,BUYER_01535,SELLER_00368,2025-12-29,defective,approved,True,return_abuse
RETURN_004595,ORDER_015242,BUYER_01535,SELLER_00198,2025-12-31,changed_mind,approved,True,return_abuse
RETURN_004596,ORDER_033484,BUYER_03357,SELLER_00119,2025-12-12,size_issue,approved,True,return_abuse
RETURN_004597,ORDER_033481,BUYER_03357,SELLER_00054,2025-05-02,defective,approved,True,return_abuse
RETURN_004598,ORDER_048996,BUYER_04904,SELLER_00441,2025-07-21,wrong_item_received,approved,True,return_abuse
RETURN_004599,ORDER_024887,BUYER_02510,SELLER_00353,2025-11-02,defective,approved,True,return_abuse
RETURN_004600,ORDER_024885,BUYER_02510,SELLER_00488,2025-10-16,defective,approved,True,return_abuse
RETURN_004601,ORDER_024886,BUYER_02510,SELLER_00263,2025-07-07,wrong_item_received,approved,True,return_abuse
RETURN_004602,ORDER_024880,BUYER_02510,SELLER_00315,2025-12-08,defective,approved,True,return_abuse
RETURN_004603,ORDER_038775,BUYER_03895,SELLER_00487,2025-10-03,changed_mind,approved,True,return_abuse
RETURN_004604,ORDER_038778,BUYER_03895,SELLER_00313,2025-09-13,defective,approved,True,return_abuse
RETURN_004605,ORDER_000054,BUYER_00003,SELLER_00254,2025-08-19,changed_mind,approved,True,return_abuse
RETURN_004606,ORDER_000044,BUYER_00003,SELLER_00313,2025-07-28,defective,approved,True,return_abuse
RETURN_004607,ORDER_000047,BUYER_00003,SELLER_00293,2025-09-02,size_issue,approved,True,return_abuse
RETURN_004608,ORDER_000048,BUYER_00003,SELLER_00367,2025-07-07,size_issue,approved,True,return_abuse
RETURN_004609,ORDER_000039,BUYER_00003,SELLER_00109,2025-07-30,changed_mind,approved,True,return_abuse
RETURN_004610,ORDER_033352,BUYER_03344,SELLER_00437,2025-07-08,wrong_item_received,approved,True,return_abuse
RETURN_004611,ORDER_033357,BUYER_03344,SELLER_00408,2025-04-14,defective,approved,True,return_abuse
RETURN_004612,ORDER_033358,BUYER_03344,SELLER_00188,2025-10-14,wrong_item_received,approved,True,return_abuse
RETURN_004613,ORDER_000150,BUYER_00014,SELLER_00277,2025-12-20,changed_mind,approved,True,return_abuse
RETURN_004614,ORDER_000151,BUYER_00014,SELLER_00179,2025-12-24,changed_mind,approved,True,return_abuse
RETURN_004615,ORDER_000148,BUYER_00014,SELLER_00362,2025-12-31,size_issue,approved,True,return_abuse
RETURN_004616,ORDER_000147,BUYER_00014,SELLER_00313,2025-11-24,changed_mind,approved,True,return_abuse
RETURN_004617,ORDER_031553,BUYER_03170,SELLER_00016,2025-09-10,changed_mind,approved,True,return_abuse
RETURN_004618,ORDER_031551,BUYER_03170,SELLER_00113,2025-12-31,defective,approved,True,return_abuse
RETURN_004619,ORDER_031556,BUYER_03170,SELLER_00368,2025-09-02,size_issue,approved,True,return_abuse
RETURN_004620,ORDER_031557,BUYER_03170,SELLER_00016,2025-11-10,wrong_item_received,approved,True,return_abuse
RETURN_004621,ORDER_018687,BUYER_01873,SELLER_00449,2025-12-06,changed_mind,approved,True,return_abuse
RETURN_004622,ORDER_018688,BUYER_01873,SELLER_00130,2025-11-26,wrong_item_received,approved,True,return_abuse
RETURN_004623,ORDER_018685,BUYER_01873,SELLER_00113,2025-08-28,size_issue,approved,True,return_abuse
RETURN_004624,ORDER_018690,BUYER_01873,SELLER_00468,2025-11-01,defective,approved,True,return_abuse
RETURN_004625,ORDER_021413,BUYER_02152,SELLER_00214,2025-11-23,size_issue,approved,True,return_abuse
RETURN_004626,ORDER_021409,BUYER_02152,SELLER_00438,2025-12-24,wrong_item_received,approved,True,return_abuse
RETURN_004627,ORDER_021416,BUYER_02152,SELLER_00421,2025-11-19,defective,approved,True,return_abuse
RETURN_004628,ORDER_021410,BUYER_02152,SELLER_00464,2025-12-31,changed_mind,approved,True,return_abuse
RETURN_004629,ORDER_027819,BUYER_02810,SELLER_00200,2025-03-04,defective,approved,True,return_abuse
RETURN_004630,ORDER_027824,BUYER_02810,SELLER_00036,2025-04-12,size_issue,approved,True,return_abuse
RETURN_004631,ORDER_026147,BUYER_02656,SELLER_00242,2025-11-18,size_issue,approved,True,return_abuse
RETURN_004632,ORDER_026146,BUYER_02656,SELLER_00424,2025-09-08,changed_mind,approved,True,return_abuse
RETURN_004633,ORDER_026142,BUYER_02656,SELLER_00227,2025-11-18,defective,approved,True,return_abuse
RETURN_004634,ORDER_026145,BUYER_02656,SELLER_00024,2025-10-31,size_issue,approved,True,return_abuse
RETURN_004635,ORDER_026148,BUYER_02656,SELLER_00336,2025-11-02,defective,approved,True,return_abuse
RETURN_004636,ORDER_047886,BUYER_04786,SELLER_00240,2025-12-25,changed_mind,approved,True,return_abuse
RETURN_004637,ORDER_019274,BUYER_01927,SELLER_00313,2025-12-31,changed_mind,approved,True,return_abuse
RETURN_004638,ORDER_019277,BUYER_01927,SELLER_00471,2025-10-20,changed_mind,approved,True,return_abuse
RETURN_004639,ORDER_019272,BUYER_01927,SELLER_00471,2025-11-25,wrong_item_received,approved,True,return_abuse
RETURN_004640,ORDER_010904,BUYER_01073,SELLER_00115,2025-11-24,changed_mind,approved,True,return_abuse
RETURN_004641,ORDER_010901,BUYER_01073,SELLER_00082,2025-10-29,wrong_item_received,approved,True,return_abuse
RETURN_004642,ORDER_010910,BUYER_01073,SELLER_00016,2025-11-28,wrong_item_received,approved,True,return_abuse
RETURN_004643,ORDER_010907,BUYER_01073,SELLER_00290,2025-10-19,defective,approved,True,return_abuse
RETURN_004644,ORDER_045233,BUYER_04526,SELLER_00283,2025-09-01,changed_mind,approved,True,return_abuse
RETURN_004645,ORDER_045234,BUYER_04526,SELLER_00449,2025-04-15,wrong_item_received,approved,True,return_abuse
RETURN_004646,ORDER_045239,BUYER_04526,SELLER_00263,2025-02-26,defective,approved,True,return_abuse
RETURN_004647,ORDER_045238,BUYER_04526,SELLER_00046,2025-05-29,defective,approved,True,return_abuse
RETURN_004648,ORDER_045244,BUYER_04526,SELLER_00213,2025-09-05,changed_mind,approved,True,return_abuse
RETURN_004649,ORDER_000440,BUYER_00043,SELLER_00196,2025-12-22,defective,approved,True,return_abuse
RETURN_004650,ORDER_000438,BUYER_00043,SELLER_00240,2025-07-23,wrong_item_received,approved,True,return_abuse
RETURN_004651,ORDER_000436,BUYER_00043,SELLER_00489,2025-08-25,wrong_item_received,approved,True,return_abuse
RETURN_004652,ORDER_043463,BUYER_04348,SELLER_00153,2025-08-30,changed_mind,approved,True,return_abuse
RETURN_004653,ORDER_043459,BUYER_04348,SELLER_00040,2025-09-17,defective,approved,True,return_abuse
RETURN_004654,ORDER_019342,BUYER_01935,SELLER_00458,2025-04-11,wrong_item_received,approved,True,return_abuse
RETURN_004655,ORDER_019343,BUYER_01935,SELLER_00221,2025-05-16,size_issue,approved,True,return_abuse
RETURN_004656,ORDER_034397,BUYER_03446,SELLER_00289,2025-12-03,changed_mind,approved,True,return_abuse
RETURN_004657,ORDER_034384,BUYER_03446,SELLER_00443,2025-11-24,defective,approved,True,return_abuse
RETURN_004658,ORDER_034388,BUYER_03446,SELLER_00095,2025-12-02,wrong_item_received,approved,True,return_abuse
RETURN_004659,ORDER_034383,BUYER_03446,SELLER_00255,2025-12-31,wrong_item_received,approved,True,return_abuse
RETURN_004660,ORDER_008625,BUYER_00829,SELLER_00251,2025-11-05,size_issue,approved,True,return_abuse
RETURN_004661,ORDER_008626,BUYER_00829,SELLER_00016,2025-12-27,wrong_item_received,approved,True,return_abuse
RETURN_004662,ORDER_008621,BUYER_00829,SELLER_00071,2025-12-11,defective,approved,True,return_abuse
RETURN_004663,ORDER_043951,BUYER_04399,SELLER_00313,2025-10-29,wrong_item_received,approved,True,return_abuse
RETURN_004664,ORDER_043961,BUYER_04399,SELLER_00363,2025-12-31,wrong_item_received,approved,True,return_abuse
RETURN_004665,ORDER_043950,BUYER_04399,SELLER_00170,2025-11-24,defective,approved,True,return_abuse
RETURN_004666,ORDER_043953,BUYER_04399,SELLER_00158,2025-12-31,defective,approved,True,return_abuse
RETURN_004667,ORDER_049989,BUYER_04999,SELLER_00341,2025-07-15,wrong_item_received,approved,True,return_abuse
RETURN_004668,ORDER_049997,BUYER_04999,SELLER_00232,2025-11-07,wrong_item_received,approved,True,return_abuse
RETURN_004669,ORDER_049998,BUYER_04999,SELLER_00314,2025-10-19,wrong_item_received,approved,True,return_abuse
RETURN_004670,ORDER_007828,BUYER_00766,SELLER_00079,2025-11-11,changed_mind,approved,True,return_abuse
RETURN_004671,ORDER_007829,BUYER_00766,SELLER_00233,2025-11-22,size_issue,approved,True,return_abuse
RETURN_004672,ORDER_017721,BUYER_01791,SELLER_00143,2025-10-21,defective,approved,True,return_abuse
RETURN_004673,ORDER_017722,BUYER_01791,SELLER_00238,2025-12-23,changed_mind,approved,True,return_abuse
RETURN_004674,ORDER_033604,BUYER_03368,SELLER_00382,2025-09-23,changed_mind,approved,True,return_abuse
RETURN_004675,ORDER_009252,BUYER_00894,SELLER_00200,2025-10-17,wrong_item_received,approved,True,return_abuse
RETURN_004676,ORDER_002096,BUYER_00193,SELLER_00458,2025-06-07,changed_mind,approved,True,return_abuse
RETURN_004677,ORDER_019262,BUYER_01925,SELLER_00113,2025-07-27,changed_mind,approved,True,return_abuse
RETURN_004678,ORDER_019263,BUYER_01925,SELLER_00011,2025-07-27,size_issue,approved,True,return_abuse
RETURN_004679,ORDER_019255,BUYER_01925,SELLER_00284,2025-10-09,wrong_item_received,approved,True,return_abuse
RETURN_004680,ORDER_019253,BUYER_01925,SELLER_00265,2025-12-14,changed_mind,approved,True,return_abuse
RETURN_004681,ORDER_038846,BUYER_03905,SELLER_00174,2025-09-13,wrong_item_received,approved,True,return_abuse
RETURN_004682,ORDER_012359,BUYER_01245,SELLER_00393,2025-11-21,changed_mind,approved,True,return_abuse
RETURN_004683,ORDER_012363,BUYER_01245,SELLER_00304,2025-09-02,changed_mind,approved,True,return_abuse
RETURN_004684,ORDER_012366,BUYER_01245,SELLER_00229,2025-10-25,size_issue,approved,True,return_abuse
RETURN_004685,ORDER_012379,BUYER_01245,SELLER_00410,2025-10-05,changed_mind,approved,True,return_abuse
RETURN_004686,ORDER_012362,BUYER_01245,SELLER_00176,2025-09-21,size_issue,approved,True,return_abuse
RETURN_004687,ORDER_012360,BUYER_01245,SELLER_00169,2025-09-01,size_issue,approved,True,return_abuse
RETURN_004688,ORDER_019735,BUYER_01982,SELLER_00045,2025-05-31,defective,approved,True,return_abuse
RETURN_004689,ORDER_045765,BUYER_04576,SELLER_00192,2025-07-25,changed_mind,approved,True,return_abuse
RETURN_004690,ORDER_045770,BUYER_04576,SELLER_00380,2025-09-12,defective,approved,True,return_abuse
RETURN_004691,ORDER_045768,BUYER_04576,SELLER_00020,2025-07-15,changed_mind,approved,True,return_abuse
RETURN_004692,ORDER_045757,BUYER_04576,SELLER_00470,2025-09-28,defective,approved,True,return_abuse
RETURN_004693,ORDER_045771,BUYER_04576,SELLER_00275,2025-09-23,size_issue,approved,True,return_abuse
RETURN_004694,ORDER_045749,BUYER_04576,SELLER_00123,2025-11-05,changed_mind,approved,True,return_abuse
RETURN_004695,ORDER_045763,BUYER_04576,SELLER_00184,2025-06-26,size_issue,approved,True,return_abuse
RETURN_004696,ORDER_045766,BUYER_04576,SELLER_00024,2025-12-29,defective,approved,True,return_abuse
RETURN_004697,ORDER_042419,BUYER_04239,SELLER_00472,2025-05-29,defective,approved,True,return_abuse
RETURN_004698,ORDER_042418,BUYER_04239,SELLER_00164,2025-11-29,size_issue,approved,True,return_abuse
RETURN_004699,ORDER_038006,BUYER_03821,SELLER_00225,2025-09-22,wrong_item_received,approved,True,return_abuse
RETURN_004700,ORDER_038008,BUYER_03821,SELLER_00024,2025-12-05,wrong_item_received,approved,True,return_abuse
RETURN_004701,ORDER_033810,BUYER_03391,SELLER_00302,2025-08-05,size_issue,approved,True,return_abuse
RETURN_004702,ORDER_033811,BUYER_03391,SELLER_00309,2025-08-24,changed_mind,approved,True,return_abuse
RETURN_004703,ORDER_044629,BUYER_04459,SELLER_00131,2025-09-09,defective,approved,True,return_abuse
RETURN_004704,ORDER_026671,BUYER_02716,SELLER_00485,2025-12-31,defective,approved,True,return_abuse
RETURN_004705,ORDER_026670,BUYER_02716,SELLER_00278,2025-12-29,changed_mind,approved,True,return_abuse
RETURN_004706,ORDER_026688,BUYER_02716,SELLER_00181,2025-12-31,defective,approved,True,return_abuse
RETURN_004707,ORDER_026677,BUYER_02716,SELLER_00019,2025-12-21,defective,approved,True,return_abuse
RETURN_004708,ORDER_026674,BUYER_02716,SELLER_00305,2025-12-25,changed_mind,approved,True,return_abuse
RETURN_004709,ORDER_026680,BUYER_02716,SELLER_00309,2025-12-31,wrong_item_received,approved,True,return_abuse
RETURN_004710,ORDER_048088,BUYER_04809,SELLER_00196,2025-10-04,changed_mind,approved,True,return_abuse
RETURN_004711,ORDER_036178,BUYER_03626,SELLER_00290,2025-07-28,defective,approved,True,return_abuse
RETURN_004712,ORDER_036177,BUYER_03626,SELLER_00476,2025-10-30,defective,approved,True,return_abuse
RETURN_004713,ORDER_036176,BUYER_03626,SELLER_00123,2025-07-14,changed_mind,approved,True,return_abuse
RETURN_004714,ORDER_036171,BUYER_03626,SELLER_00100,2025-03-31,size_issue,approved,True,return_abuse
RETURN_004715,ORDER_015300,BUYER_01540,SELLER_00393,2025-11-16,changed_mind,approved,True,return_abuse
RETURN_004716,ORDER_015299,BUYER_01540,SELLER_00246,2025-07-30,changed_mind,approved,True,return_abuse
RETURN_004717,ORDER_015310,BUYER_01540,SELLER_00303,2025-09-22,defective,approved,True,return_abuse
RETURN_004718,ORDER_015302,BUYER_01540,SELLER_00313,2025-03-25,defective,approved,True,return_abuse
RETURN_004719,ORDER_007603,BUYER_00741,SELLER_00024,2025-12-17,defective,approved,True,return_abuse
RETURN_004720,ORDER_007598,BUYER_00741,SELLER_00435,2025-08-22,changed_mind,approved,True,return_abuse
RETURN_004721,ORDER_007604,BUYER_00741,SELLER_00393,2025-08-23,defective,approved,True,return_abuse
RETURN_004722,ORDER_007602,BUYER_00741,SELLER_00122,2025-11-12,wrong_item_received,approved,True,return_abuse
RETURN_004723,ORDER_014076,BUYER_01411,SELLER_00183,2025-09-20,changed_mind,approved,True,return_abuse
RETURN_004724,ORDER_014073,BUYER_01411,SELLER_00387,2025-12-18,changed_mind,approved,True,return_abuse
RETURN_004725,ORDER_014071,BUYER_01411,SELLER_00434,2025-06-12,size_issue,approved,True,return_abuse
RETURN_004726,ORDER_021131,BUYER_02130,SELLER_00192,2025-07-08,size_issue,approved,True,return_abuse
RETURN_004727,ORDER_021142,BUYER_02130,SELLER_00484,2025-07-03,defective,approved,True,return_abuse
RETURN_004728,ORDER_021133,BUYER_02130,SELLER_00123,2025-07-06,size_issue,approved,True,return_abuse
RETURN_004729,ORDER_021129,BUYER_02130,SELLER_00000,2025-11-28,defective,approved,True,return_abuse
RETURN_004730,ORDER_021134,BUYER_02130,SELLER_00438,2025-09-19,wrong_item_received,approved,True,return_abuse
RETURN_004731,ORDER_049242,BUYER_04929,SELLER_00251,2025-08-22,changed_mind,approved,True,return_abuse
RETURN_004732,ORDER_049254,BUYER_04929,SELLER_00329,2025-10-02,changed_mind,approved,True,return_abuse
RETURN_004733,ORDER_049263,BUYER_04929,SELLER_00314,2025-11-27,size_issue,approved,True,return_abuse
RETURN_004734,ORDER_049251,BUYER_04929,SELLER_00333,2025-10-13,changed_mind,approved,True,return_abuse
RETURN_004735,ORDER_049266,BUYER_04929,SELLER_00423,2025-10-09,changed_mind,approved,True,return_abuse
RETURN_004736,ORDER_049241,BUYER_04929,SELLER_00308,2025-07-15,defective,approved,True,return_abuse
RETURN_004737,ORDER_049256,BUYER_04929,SELLER_00236,2025-10-03,defective,approved,True,return_abuse
RETURN_004738,ORDER_019737,BUYER_01983,SELLER_00085,2025-07-26,defective,approved,True,return_abuse
RETURN_004739,ORDER_019886,BUYER_02000,SELLER_00319,2025-09-02,size_issue,approved,True,return_abuse
RETURN_004740,ORDER_019894,BUYER_02000,SELLER_00049,2025-07-28,defective,approved,True,return_abuse
RETURN_004741,ORDER_019899,BUYER_02000,SELLER_00225,2025-09-08,size_issue,approved,True,return_abuse
RETURN_004742,ORDER_019900,BUYER_02000,SELLER_00268,2025-10-19,defective,approved,True,return_abuse
RETURN_004743,ORDER_019889,BUYER_02000,SELLER_00129,2025-12-05,changed_mind,approved,True,return_abuse
RETURN_004744,ORDER_019893,BUYER_02000,SELLER_00284,2025-11-23,wrong_item_received,approved,True,return_abuse
RETURN_004745,ORDER_019895,BUYER_02000,SELLER_00393,2025-08-09,changed_mind,approved,True,return_abuse
RETURN_004746,ORDER_047926,BUYER_04791,SELLER_00237,2025-09-11,changed_mind,approved,True,return_abuse
RETURN_004747,ORDER_047927,BUYER_04791,SELLER_00009,2025-09-21,changed_mind,approved,True,return_abuse
RETURN_004748,ORDER_010316,BUYER_01007,SELLER_00107,2025-12-31,size_issue,approved,True,return_abuse
RETURN_004749,ORDER_028155,BUYER_02849,SELLER_00454,2025-06-26,wrong_item_received,approved,True,return_abuse
RETURN_004750,ORDER_028147,BUYER_02849,SELLER_00468,2025-08-12,wrong_item_received,approved,True,return_abuse
RETURN_004751,ORDER_015354,BUYER_01546,SELLER_00227,2025-04-18,changed_mind,approved,True,return_abuse
RETURN_004752,ORDER_015372,BUYER_01546,SELLER_00020,2025-04-24,wrong_item_received,approved,True,return_abuse
RETURN_004753,ORDER_015358,BUYER_01546,SELLER_00050,2025-12-31,size_issue,approved,True,return_abuse
RETURN_004754,ORDER_015371,BUYER_01546,SELLER_00455,2025-05-06,changed_mind,approved,True,return_abuse
RETURN_004755,ORDER_015369,BUYER_01546,SELLER_00084,2025-06-07,size_issue,approved,True,return_abuse
RETURN_004756,ORDER_015362,BUYER_01546,SELLER_00312,2025-08-06,defective,approved,True,return_abuse
RETURN_004757,ORDER_015352,BUYER_01546,SELLER_00174,2025-03-08,changed_mind,approved,True,return_abuse
RETURN_004758,ORDER_015368,BUYER_01546,SELLER_00153,2025-04-12,defective,approved,True,return_abuse
RETURN_004759,ORDER_015366,BUYER_01546,SELLER_00240,2025-07-30,defective,approved,True,return_abuse
RETURN_004760,ORDER_015527,BUYER_01557,SELLER_00237,2025-09-28,changed_mind,approved,True,return_abuse
RETURN_004761,ORDER_015531,BUYER_01557,SELLER_00094,2025-10-16,size_issue,approved,True,return_abuse
RETURN_004762,ORDER_000089,BUYER_00007,SELLER_00181,2025-11-27,defective,approved,True,return_abuse
RETURN_004763,ORDER_000091,BUYER_00007,SELLER_00305,2025-12-24,defective,approved,True,return_abuse
RETURN_004764,ORDER_006142,BUYER_00600,SELLER_00463,2025-10-06,changed_mind,approved,True,return_abuse
RETURN_004765,ORDER_006140,BUYER_00600,SELLER_00155,2025-11-03,changed_mind,approved,True,return_abuse
RETURN_004766,ORDER_019569,BUYER_01962,SELLER_00214,2025-05-18,size_issue,approved,True,return_abuse
RETURN_004767,ORDER_019563,BUYER_01962,SELLER_00437,2025-06-25,changed_mind,approved,True,return_abuse
RETURN_004768,ORDER_019567,BUYER_01962,SELLER_00008,2025-02-09,size_issue,approved,True,return_abuse
RETURN_004769,ORDER_019566,BUYER_01962,SELLER_00368,2025-05-16,wrong_item_received,approved,True,return_abuse
RETURN_004770,ORDER_019561,BUYER_01962,SELLER_00374,2025-07-10,changed_mind,approved,True,return_abuse
RETURN_004771,ORDER_031706,BUYER_03186,SELLER_00002,2025-10-18,changed_mind,approved,True,return_abuse
RETURN_004772,ORDER_031705,BUYER_03186,SELLER_00376,2025-12-01,size_issue,approved,True,return_abuse
RETURN_004773,ORDER_040838,BUYER_04102,SELLER_00294,2025-08-17,size_issue,approved,True,return_abuse
RETURN_004774,ORDER_040835,BUYER_04102,SELLER_00288,2025-11-24,defective,approved,True,return_abuse
RETURN_004775,ORDER_040815,BUYER_04102,SELLER_00475,2025-10-21,wrong_item_received,approved,True,return_abuse
RETURN_004776,ORDER_040847,BUYER_04102,SELLER_00316,2025-09-11,size_issue,approved,True,return_abuse
RETURN_004777,ORDER_040836,BUYER_04102,SELLER_00462,2025-12-30,defective,approved,True,return_abuse
RETURN_004778,ORDER_040841,BUYER_04102,SELLER_00151,2025-06-15,defective,approved,True,return_abuse
RETURN_004779,ORDER_040831,BUYER_04102,SELLER_00272,2025-07-23,changed_mind,approved,True,return_abuse
RETURN_004780,ORDER_040842,BUYER_04102,SELLER_00472,2025-09-09,changed_mind,approved,True,return_abuse
RETURN_004781,ORDER_030133,BUYER_03037,SELLER_00200,2025-11-02,defective,approved,True,return_abuse
RETURN_004782,ORDER_023957,BUYER_02420,SELLER_00289,2025-02-24,changed_mind,approved,True,return_abuse
RETURN_004783,ORDER_021615,BUYER_02172,SELLER_00490,2025-10-25,wrong_item_received,approved,True,return_abuse
RETURN_004784,ORDER_021614,BUYER_02172,SELLER_00309,2025-11-06,changed_mind,approved,True,return_abuse
RETURN_004785,ORDER_042552,BUYER_04259,SELLER_00351,2025-08-19,changed_mind,approved,True,return_abuse
RETURN_004786,ORDER_042562,BUYER_04259,SELLER_00498,2025-06-21,wrong_item_received,approved,True,return_abuse
RETURN_004787,ORDER_042566,BUYER_04259,SELLER_00125,2025-10-24,changed_mind,approved,True,return_abuse
RETURN_004788,ORDER_042559,BUYER_04259,SELLER_00472,2025-06-24,changed_mind,approved,True,return_abuse
RETURN_004789,ORDER_042560,BUYER_04259,SELLER_00174,2025-10-05,defective,approved,True,return_abuse
RETURN_004790,ORDER_042556,BUYER_04259,SELLER_00366,2025-07-08,changed_mind,approved,True,return_abuse
RETURN_004791,ORDER_028119,BUYER_02846,SELLER_00455,2025-09-15,wrong_item_received,approved,True,return_abuse
RETURN_004792,ORDER_028118,BUYER_02846,SELLER_00326,2025-11-23,size_issue,approved,True,return_abuse
RETURN_004793,ORDER_028124,BUYER_02846,SELLER_00170,2025-05-17,changed_mind,approved,True,return_abuse
RETURN_004794,ORDER_028122,BUYER_02846,SELLER_00462,2025-11-04,defective,approved,True,return_abuse
RETURN_004795,ORDER_028111,BUYER_02846,SELLER_00309,2025-03-25,changed_mind,approved,True,return_abuse
RETURN_004796,ORDER_028126,BUYER_02846,SELLER_00092,2025-09-19,wrong_item_received,approved,True,return_abuse
RETURN_004797,ORDER_002679,BUYER_00250,SELLER_00255,2025-01-18,wrong_item_received,approved,True,return_abuse
RETURN_004798,ORDER_002662,BUYER_00250,SELLER_00371,2025-03-07,defective,approved,True,return_abuse
RETURN_004799,ORDER_002663,BUYER_00250,SELLER_00054,2025-03-25,defective,approved,True,return_abuse
RETURN_004800,ORDER_002669,BUYER_00250,SELLER_00383,2025-06-30,size_issue,approved,True,return_abuse
RETURN_004801,ORDER_002678,BUYER_00250,SELLER_00213,2025-03-05,defective,approved,True,return_abuse
RETURN_004802,ORDER_002675,BUYER_00250,SELLER_00423,2025-12-18,wrong_item_received,approved,True,return_abuse
RETURN_004803,ORDER_046585,BUYER_04660,SELLER_00026,2025-12-29,changed_mind,approved,True,return_abuse
RETURN_004804,ORDER_046588,BUYER_04660,SELLER_00208,2025-12-18,size_issue,approved,True,return_abuse
RETURN_004805,ORDER_046581,BUYER_04660,SELLER_00150,2025-10-24,changed_mind,approved,True,return_abuse
RETURN_004806,ORDER_046587,BUYER_04660,SELLER_00007,2025-12-05,changed_mind,approved,True,return_abuse
RETURN_004807,ORDER_046591,BUYER_04660,SELLER_00019,2025-12-21,defective,approved,True,return_abuse
RETURN_004808,ORDER_046589,BUYER_04660,SELLER_00366,2025-11-11,wrong_item_received,approved,True,return_abuse
RETURN_004809,ORDER_022611,BUYER_02280,SELLER_00211,2025-07-23,defective,approved,True,return_abuse
RETURN_004810,ORDER_022609,BUYER_02280,SELLER_00290,2025-06-19,size_issue,approved,True,return_abuse
RETURN_004811,ORDER_022605,BUYER_02280,SELLER_00152,2025-08-10,defective,approved,True,return_abuse
RETURN_004812,ORDER_013745,BUYER_01376,SELLER_00479,2025-11-16,changed_mind,approved,True,return_abuse
RETURN_004813,ORDER_021639,BUYER_02175,SELLER_00314,2025-06-18,wrong_item_received,approved,True,return_abuse
RETURN_004814,ORDER_021640,BUYER_02175,SELLER_00316,2025-07-28,defective,approved,True,return_abuse
RETURN_004815,ORDER_030140,BUYER_03038,SELLER_00438,2025-01-13,defective,approved,True,return_abuse
RETURN_004816,ORDER_030142,BUYER_03038,SELLER_00246,2025-10-26,size_issue,approved,True,return_abuse
RETURN_004817,ORDER_030137,BUYER_03038,SELLER_00021,2025-03-24,changed_mind,approved,True,return_abuse
RETURN_004818,ORDER_030135,BUYER_03038,SELLER_00463,2025-06-17,wrong_item_received,approved,True,return_abuse
RETURN_004819,ORDER_029786,BUYER_03002,SELLER_00292,2025-10-17,changed_mind,approved,True,return_abuse
RETURN_004820,ORDER_025313,BUYER_02557,SELLER_00439,2025-11-21,changed_mind,approved,True,return_abuse
RETURN_004821,ORDER_025315,BUYER_02557,SELLER_00126,2025-11-10,changed_mind,approved,True,return_abuse
RETURN_004822,ORDER_031103,BUYER_03119,SELLER_00031,2025-09-29,size_issue,approved,True,return_abuse
RETURN_004823,ORDER_018405,BUYER_01854,SELLER_00111,2025-11-05,changed_mind,approved,True,return_abuse
RETURN_004824,ORDER_012055,BUYER_01210,SELLER_00453,2025-12-28,defective,approved,True,return_abuse
RETURN_004825,ORDER_012049,BUYER_01210,SELLER_00038,2025-12-31,wrong_item_received,approved,True,return_abuse
RETURN_004826,ORDER_016199,BUYER_01634,SELLER_00141,2025-10-17,size_issue,approved,True,return_abuse
RETURN_004827,ORDER_016201,BUYER_01634,SELLER_00175,2025-10-11,wrong_item_received,approved,True,return_abuse
RETURN_004828,ORDER_012910,BUYER_01293,SELLER_00142,2025-03-27,defective,approved,True,return_abuse
RETURN_004829,ORDER_012908,BUYER_01293,SELLER_00455,2025-11-26,wrong_item_received,approved,True,return_abuse
RETURN_004830,ORDER_032470,BUYER_03246,SELLER_00080,2025-07-16,defective,approved,True,return_abuse
RETURN_004831,ORDER_032475,BUYER_03246,SELLER_00328,2025-06-23,size_issue,approved,True,return_abuse
RETURN_004832,ORDER_032467,BUYER_03246,SELLER_00007,2025-11-15,changed_mind,approved,True,return_abuse
RETURN_004833,ORDER_032471,BUYER_03246,SELLER_00363,2025-12-23,defective,approved,True,return_abuse
RETURN_004834,ORDER_016942,BUYER_01714,SELLER_00216,2025-11-15,wrong_item_received,approved,True,return_abuse
RETURN_004835,ORDER_016937,BUYER_01714,SELLER_00016,2025-12-28,changed_mind,approved,True,return_abuse
RETURN_004836,ORDER_016922,BUYER_01714,SELLER_00393,2025-12-01,changed_mind,approved,True,return_abuse
RETURN_004837,ORDER_016931,BUYER_01714,SELLER_00152,2025-12-31,wrong_item_received,approved,True,return_abuse
RETURN_004838,ORDER_016924,BUYER_01714,SELLER_00399,2025-12-31,defective,approved,True,return_abuse
RETURN_004839,ORDER_016923,BUYER_01714,SELLER_00288,2025-12-14,defective,approved,True,return_abuse
RETURN_004840,ORDER_016929,BUYER_01714,SELLER_00034,2025-10-22,wrong_item_received,approved,True,return_abuse
RETURN_004841,ORDER_028518,BUYER_02888,SELLER_00148,2025-11-26,defective,approved,True,return_abuse
RETURN_004842,ORDER_028522,BUYER_02888,SELLER_00494,2025-11-16,changed_mind,approved,True,return_abuse
RETURN_004843,ORDER_012021,BUYER_01206,SELLER_00153,2025-12-07,wrong_item_received,approved,True,return_abuse
RETURN_004844,ORDER_012022,BUYER_01206,SELLER_00110,2025-12-13,defective,approved,True,return_abuse
RETURN_004845,ORDER_017934,BUYER_01812,SELLER_00065,2025-11-04,defective,approved,True,return_abuse
RETURN_004846,ORDER_027018,BUYER_02747,SELLER_00314,2025-12-14,size_issue,approved,True,return_abuse
RETURN_004847,ORDER_006679,BUYER_00657,SELLER_00316,2025-09-22,defective,approved,True,return_abuse
RETURN_004848,ORDER_006684,BUYER_00657,SELLER_00344,2025-12-15,changed_mind,approved,True,return_abuse
RETURN_004849,ORDER_006683,BUYER_00657,SELLER_00111,2025-10-23,size_issue,approved,True,return_abuse
RETURN_004850,ORDER_006688,BUYER_00657,SELLER_00054,2025-11-21,defective,approved,True,return_abuse
RETURN_004851,ORDER_006689,BUYER_00657,SELLER_00263,2025-05-30,changed_mind,approved,True,return_abuse
RETURN_004852,ORDER_006685,BUYER_00657,SELLER_00376,2025-05-29,defective,approved,True,return_abuse
RETURN_004853,ORDER_006682,BUYER_00657,SELLER_00185,2025-08-04,wrong_item_received,approved,True,return_abuse
RETURN_004854,ORDER_041558,BUYER_04166,SELLER_00063,2025-11-28,size_issue,approved,True,return_abuse
RETURN_004855,ORDER_041564,BUYER_04166,SELLER_00234,2025-11-16,size_issue,approved,True,return_abuse
RETURN_004856,ORDER_041570,BUYER_04166,SELLER_00289,2025-11-05,defective,approved,True,return_abuse
RETURN_004857,ORDER_041560,BUYER_04166,SELLER_00016,2025-12-02,size_issue,approved,True,return_abuse
RETURN_004858,ORDER_041561,BUYER_04166,SELLER_00330,2025-12-15,wrong_item_received,approved,True,return_abuse
RETURN_004859,ORDER_041567,BUYER_04166,SELLER_00317,2025-11-10,defective,approved,True,return_abuse
RETURN_004860,ORDER_041572,BUYER_04166,SELLER_00462,2025-12-19,defective,approved,True,return_abuse
RETURN_004861,ORDER_041571,BUYER_04166,SELLER_00460,2025-12-31,changed_mind,approved,True,return_abuse
RETURN_004862,ORDER_034485,BUYER_03458,SELLER_00497,2025-12-01,wrong_item_received,approved,True,return_abuse
RETURN_004863,ORDER_028637,BUYER_02901,SELLER_00096,2025-07-12,size_issue,approved,True,return_abuse
RETURN_004864,ORDER_028654,BUYER_02901,SELLER_00008,2025-11-29,wrong_item_received,approved,True,return_abuse
RETURN_004865,ORDER_028633,BUYER_02901,SELLER_00416,2025-11-13,wrong_item_received,approved,True,return_abuse
RETURN_004866,ORDER_028645,BUYER_02901,SELLER_00243,2025-12-31,size_issue,approved,True,return_abuse
RETURN_004867,ORDER_028643,BUYER_02901,SELLER_00038,2025-09-20,changed_mind,approved,True,return_abuse
RETURN_004868,ORDER_028646,BUYER_02901,SELLER_00365,2025-09-20,changed_mind,approved,True,return_abuse
RETURN_004869,ORDER_028631,BUYER_02901,SELLER_00085,2025-12-05,changed_mind,approved,True,return_abuse
RETURN_004870,ORDER_038421,BUYER_03861,SELLER_00237,2025-04-12,changed_mind,approved,True,return_abuse
RETURN_004871,ORDER_036439,BUYER_03649,SELLER_00426,2025-12-31,defective,approved,True,return_abuse
RETURN_004872,ORDER_036442,BUYER_03649,SELLER_00398,2025-12-12,defective,approved,True,return_abuse
RETURN_004873,ORDER_036441,BUYER_03649,SELLER_00370,2025-12-31,wrong_item_received,approved,True,return_abuse
RETURN_004874,ORDER_039265,BUYER_03953,SELLER_00123,2025-08-03,defective,approved,True,return_abuse
RETURN_004875,ORDER_039266,BUYER_03953,SELLER_00190,2025-12-29,defective,approved,True,return_abuse
RETURN_004876,ORDER_007817,BUYER_00764,SELLER_00326,2025-11-16,defective,approved,True,return_abuse
RETURN_004877,ORDER_007820,BUYER_00764,SELLER_00489,2025-08-07,changed_mind,approved,True,return_abuse
RETURN_004878,ORDER_031334,BUYER_03140,SELLER_00464,2025-12-28,defective,approved,True,return_abuse
RETURN_004879,ORDER_031324,BUYER_03140,SELLER_00408,2025-11-20,wrong_item_received,approved,True,return_abuse
RETURN_004880,ORDER_031328,BUYER_03140,SELLER_00083,2025-11-30,size_issue,approved,True,return_abuse
RETURN_004881,ORDER_031335,BUYER_03140,SELLER_00167,2025-11-16,changed_mind,approved,True,return_abuse
RETURN_004882,ORDER_031336,BUYER_03140,SELLER_00002,2025-12-14,defective,approved,True,return_abuse
RETURN_004883,ORDER_046166,BUYER_04613,SELLER_00083,2025-11-21,changed_mind,approved,True,return_abuse
RETURN_004884,ORDER_042743,BUYER_04278,SELLER_00064,2025-12-31,size_issue,approved,True,return_abuse
RETURN_004885,ORDER_002526,BUYER_00237,SELLER_00237,2025-12-04,changed_mind,approved,True,return_abuse
RETURN_004886,ORDER_002529,BUYER_00237,SELLER_00211,2025-12-09,defective,approved,True,return_abuse
RETURN_004887,ORDER_027936,BUYER_02825,SELLER_00015,2025-11-23,changed_mind,approved,True,return_abuse
RETURN_004888,ORDER_027940,BUYER_02825,SELLER_00065,2025-06-06,changed_mind,approved,True,return_abuse
RETURN_004889,ORDER_027945,BUYER_02825,SELLER_00472,2025-04-23,defective,approved,True,return_abuse
RETURN_004890,ORDER_027942,BUYER_02825,SELLER_00445,2025-04-30,defective,approved,True,return_abuse
RETURN_004891,ORDER_027939,BUYER_02825,SELLER_00478,2025-08-13,changed_mind,approved,True,return_abuse
RETURN_004892,ORDER_027952,BUYER_02825,SELLER_00055,2025-04-25,size_issue,approved,True,return_abuse
RETURN_004893,ORDER_015201,BUYER_01530,SELLER_00237,2025-07-29,wrong_item_received,approved,True,return_abuse
RETURN_004894,ORDER_015910,BUYER_01603,SELLER_00100,2025-10-05,wrong_item_received,approved,True,return_abuse
RETURN_004895,ORDER_033426,BUYER_03353,SELLER_00391,2025-12-31,defective,approved,True,return_abuse
RETURN_004896,ORDER_033423,BUYER_03353,SELLER_00045,2025-11-21,defective,approved,True,return_abuse
RETURN_004897,ORDER_027989,BUYER_02831,SELLER_00155,2025-08-11,wrong_item_received,approved,True,return_abuse
RETURN_004898,ORDER_037476,BUYER_03759,SELLER_00214,2025-07-30,wrong_item_received,approved,True,return_abuse
RETURN_004899,ORDER_037473,BUYER_03759,SELLER_00155,2025-08-10,size_issue,approved,True,return_abuse
RETURN_004900,ORDER_014306,BUYER_01439,SELLER_00418,2025-08-01,changed_mind,approved,True,return_abuse
RETURN_004901,ORDER_014309,BUYER_01439,SELLER_00107,2025-08-22,defective,approved,True,return_abuse
RETURN_004902,ORDER_013932,BUYER_01396,SELLER_00408,2025-12-31,defective,approved,True,return_abuse
RETURN_004903,ORDER_013929,BUYER_01396,SELLER_00347,2025-12-28,changed_mind,approved,True,return_abuse
RETURN_004904,ORDER_012008,BUYER_01205,SELLER_00376,2025-11-14,changed_mind,approved,True,return_abuse
RETURN_004905,ORDER_012006,BUYER_01205,SELLER_00476,2025-05-20,changed_mind,approved,True,return_abuse
RETURN_004906,ORDER_012011,BUYER_01205,SELLER_00446,2025-09-11,changed_mind,approved,True,return_abuse
RETURN_004907,ORDER_016165,BUYER_01629,SELLER_00243,2025-08-07,defective,approved,True,return_abuse
RETURN_004908,ORDER_016166,BUYER_01629,SELLER_00020,2025-12-03,changed_mind,approved,True,return_abuse
RETURN_004909,ORDER_004821,BUYER_00465,SELLER_00455,2025-12-30,size_issue,approved,True,return_abuse
RETURN_004910,ORDER_004822,BUYER_00465,SELLER_00302,2025-12-13,defective,approved,True,return_abuse
RETURN_004911,ORDER_004051,BUYER_00389,SELLER_00368,2025-09-25,wrong_item_received,approved,True,return_abuse
RETURN_004912,ORDER_004060,BUYER_00389,SELLER_00358,2025-11-06,wrong_item_received,approved,True,return_abuse
RETURN_004913,ORDER_004052,BUYER_00389,SELLER_00034,2025-11-06,changed_mind,approved,True,return_abuse
RETURN_004914,ORDER_004055,BUYER_00389,SELLER_00088,2025-12-12,wrong_item_received,approved,True,return_abuse
RETURN_004915,ORDER_004064,BUYER_00389,SELLER_00187,2025-09-28,changed_mind,approved,True,return_abuse
RETURN_004916,ORDER_039083,BUYER_03932,SELLER_00472,2025-05-26,changed_mind,approved,True,return_abuse
RETURN_004917,ORDER_039085,BUYER_03932,SELLER_00398,2025-08-15,wrong_item_received,approved,True,return_abuse
RETURN_004918,ORDER_039087,BUYER_03932,SELLER_00424,2025-11-24,defective,approved,True,return_abuse
RETURN_004919,ORDER_039080,BUYER_03932,SELLER_00355,2025-08-07,defective,approved,True,return_abuse
RETURN_004920,ORDER_014220,BUYER_01430,SELLER_00430,2025-03-16,size_issue,approved,True,return_abuse
RETURN_004921,ORDER_014222,BUYER_01430,SELLER_00247,2025-10-07,wrong_item_received,approved,True,return_abuse
RETURN_004922,ORDER_014224,BUYER_01430,SELLER_00308,2025-11-25,size_issue,approved,True,return_abuse
RETURN_004923,ORDER_026095,BUYER_02649,SELLER_00314,2025-04-20,size_issue,approved,True,return_abuse
RETURN_004924,ORDER_026090,BUYER_02649,SELLER_00183,2025-03-29,defective,approved,True,return_abuse
RETURN_004925,ORDER_026098,BUYER_02649,SELLER_00368,2025-04-09,wrong_item_received,approved,True,return_abuse
RETURN_004926,ORDER_026089,BUYER_02649,SELLER_00472,2025-03-26,size_issue,approved,True,return_abuse
RETURN_004927,ORDER_026100,BUYER_02649,SELLER_00231,2025-08-06,defective,approved,True,return_abuse
RETURN_004928,ORDER_026084,BUYER_02649,SELLER_00462,2025-04-09,defective,approved,True,return_abuse
RETURN_004929,ORDER_026091,BUYER_02649,SELLER_00254,2025-12-22,defective,approved,True,return_abuse
RETURN_004930,ORDER_026086,BUYER_02649,SELLER_00101,2025-04-09,defective,approved,True,return_abuse
RETURN_004931,ORDER_024899,BUYER_02512,SELLER_00164,2025-05-18,size_issue,approved,True,return_abuse
RETURN_004932,ORDER_024900,BUYER_02512,SELLER_00099,2025-10-23,changed_mind,approved,True,return_abuse
RETURN_004933,ORDER_034129,BUYER_03420,SELLER_00143,2025-12-31,defective,approved,True,return_abuse
RETURN_004934,ORDER_034113,BUYER_03420,SELLER_00061,2025-11-25,changed_mind,approved,True,return_abuse
RETURN_004935,ORDER_034128,BUYER_03420,SELLER_00390,2025-12-14,wrong_item_received,approved,True,return_abuse
RETURN_004936,ORDER_034118,BUYER_03420,SELLER_00498,2025-11-30,changed_mind,approved,True,return_abuse
RETURN_004937,ORDER_034130,BUYER_03420,SELLER_00027,2025-12-23,defective,approved,True,return_abuse
RETURN_004938,ORDER_034117,BUYER_03420,SELLER_00381,2025-11-29,changed_mind,approved,True,return_abuse
RETURN_004939,ORDER_034116,BUYER_03420,SELLER_00288,2025-12-22,wrong_item_received,approved,True,return_abuse
RETURN_004940,ORDER_035057,BUYER_03512,SELLER_00381,2025-08-23,wrong_item_received,approved,True,return_abuse
RETURN_004941,ORDER_036462,BUYER_03652,SELLER_00285,2025-08-16,size_issue,approved,True,return_abuse
RETURN_004942,ORDER_036467,BUYER_03652,SELLER_00183,2025-08-28,defective,approved,True,return_abuse
RETURN_004943,ORDER_036461,BUYER_03652,SELLER_00276,2025-11-09,defective,approved,True,return_abuse
RETURN_004944,ORDER_036463,BUYER_03652,SELLER_00377,2025-08-08,defective,approved,True,return_abuse
RETURN_004945,ORDER_032708,BUYER_03269,SELLER_00459,2025-12-06,wrong_item_received,approved,True,return_abuse
RETURN_004946,ORDER_032701,BUYER_03269,SELLER_00237,2025-12-31,changed_mind,approved,True,return_abuse
RETURN_004947,ORDER_032706,BUYER_03269,SELLER_00129,2025-11-18,changed_mind,approved,True,return_abuse
RETURN_004948,ORDER_032699,BUYER_03269,SELLER_00475,2025-11-11,changed_mind,approved,True,return_abuse
RETURN_004949,ORDER_032697,BUYER_03269,SELLER_00241,2025-12-06,defective,approved,True,return_abuse
RETURN_004950,ORDER_013875,BUYER_01390,SELLER_00432,2025-09-20,defective,approved,True,return_abuse
RETURN_004951,ORDER_013855,BUYER_01390,SELLER_00475,2025-07-16,defective,approved,True,return_abuse
RETURN_004952,ORDER_013856,BUYER_01390,SELLER_00406,2025-07-24,size_issue,approved,True,return_abuse
RETURN_004953,ORDER_013873,BUYER_01390,SELLER_00458,2025-02-14,changed_mind,approved,True,return_abuse
RETURN_004954,ORDER_013861,BUYER_01390,SELLER_00028,2025-04-04,size_issue,approved,True,return_abuse
RETURN_004955,ORDER_013860,BUYER_01390,SELLER_00088,2025-12-31,changed_mind,approved,True,return_abuse
RETURN_004956,ORDER_013866,BUYER_01390,SELLER_00143,2025-07-02,size_issue,approved,True,return_abuse
RETURN_004957,ORDER_025902,BUYER_02624,SELLER_00213,2025-11-30,changed_mind,approved,True,return_abuse
RETURN_004958,ORDER_025903,BUYER_02624,SELLER_00386,2025-12-14,size_issue,approved,True,return_abuse
RETURN_004959,ORDER_034424,BUYER_03450,SELLER_00298,2025-05-27,defective,approved,True,return_abuse
RETURN_004960,ORDER_025983,BUYER_02635,SELLER_00434,2025-10-27,defective,approved,True,return_abuse
RETURN_004961,ORDER_025975,BUYER_02635,SELLER_00039,2025-10-21,changed_mind,approved,True,return_abuse
RETURN_004962,ORDER_025980,BUYER_02635,SELLER_00214,2025-09-19,changed_mind,approved,True,return_abuse
RETURN_004963,ORDER_025977,BUYER_02635,SELLER_00086,2025-12-20,changed_mind,approved,True,return_abuse
RETURN_004964,ORDER_022052,BUYER_02227,SELLER_00414,2025-09-23,changed_mind,approved,True,return_abuse
RETURN_004965,ORDER_022057,BUYER_02227,SELLER_00123,2025-09-11,changed_mind,approved,True,return_abuse
RETURN_004966,ORDER_022054,BUYER_02227,SELLER_00036,2025-10-13,defective,approved,True,return_abuse
RETURN_004967,ORDER_002408,BUYER_00224,SELLER_00341,2025-09-13,changed_mind,approved,True,return_abuse
RETURN_004968,ORDER_002401,BUYER_00224,SELLER_00237,2025-09-23,changed_mind,approved,True,return_abuse
RETURN_004969,ORDER_002407,BUYER_00224,SELLER_00399,2025-09-27,changed_mind,approved,True,return_abuse
RETURN_004970,ORDER_002409,BUYER_00224,SELLER_00183,2025-07-21,size_issue,approved,True,return_abuse
RETURN_004971,ORDER_035689,BUYER_03576,SELLER_00438,2025-06-08,size_issue,approved,True,return_abuse
RETURN_004972,ORDER_035691,BUYER_03576,SELLER_00423,2025-05-28,defective,approved,True,return_abuse
RETURN_004973,ORDER_008896,BUYER_00858,SELLER_00326,2025-12-10,changed_mind,approved,True,return_abuse
RETURN_004974,ORDER_008904,BUYER_00858,SELLER_00351,2025-09-23,changed_mind,approved,True,return_abuse
RETURN_004975,ORDER_001016,BUYER_00099,SELLER_00401,2025-11-18,defective,approved,True,return_abuse
RETURN_004976,ORDER_001015,BUYER_00099,SELLER_00331,2025-12-11,defective,approved,True,return_abuse
RETURN_004977,ORDER_017750,BUYER_01796,SELLER_00388,2025-10-20,wrong_item_received,approved,True,return_abuse
RETURN_004978,ORDER_036374,BUYER_03644,SELLER_00366,2025-12-23,size_issue,approved,True,return_abuse
RETURN_004979,ORDER_036376,BUYER_03644,SELLER_00387,2025-12-13,changed_mind,approved,True,return_abuse
RETURN_004980,ORDER_036369,BUYER_03644,SELLER_00176,2025-12-19,changed_mind,approved,True,return_abuse
RETURN_004981,ORDER_036378,BUYER_03644,SELLER_00155,2025-12-19,defective,approved,True,return_abuse
RETURN_004982,ORDER_041227,BUYER_04133,SELLER_00123,2025-12-10,changed_mind,approved,True,return_abuse
RETURN_004983,ORDER_041224,BUYER_04133,SELLER_00463,2025-11-17,wrong_item_received,approved,True,return_abuse
RETURN_004984,ORDER_041223,BUYER_04133,SELLER_00122,2025-10-31,changed_mind,approved,True,return_abuse
RETURN_004985,ORDER_041222,BUYER_04133,SELLER_00189,2025-10-25,defective,approved,True,return_abuse
RETURN_004986,ORDER_030280,BUYER_03051,SELLER_00480,2025-12-14,size_issue,approved,True,return_abuse
RETURN_004987,ORDER_030277,BUYER_03051,SELLER_00227,2025-12-22,defective,approved,True,return_abuse
RETURN_004988,ORDER_037884,BUYER_03805,SELLER_00177,2025-12-17,changed_mind,approved,True,return_abuse
RETURN_004989,ORDER_037881,BUYER_03805,SELLER_00354,2025-11-16,size_issue,approved,True,return_abuse
RETURN_004990,ORDER_000218,BUYER_00021,SELLER_00294,2025-08-07,changed_mind,approved,True,return_abuse
RETURN_004991,ORDER_007333,BUYER_00713,SELLER_00195,2025-08-16,changed_mind,approved,True,return_abuse
RETURN_004992,ORDER_014325,BUYER_01443,SELLER_00143,2025-12-30,defective,approved,True,return_abuse
RETURN_004993,ORDER_004882,BUYER_00470,SELLER_00183,2025-06-30,changed_mind,approved,True,return_abuse
RETURN_004994,ORDER_029741,BUYER_02999,SELLER_00214,2025-03-11,size_issue,approved,True,return_abuse
RETURN_004995,ORDER_010993,BUYER_01084,SELLER_00314,2025-08-01,changed_mind,approved,True,return_abuse
RETURN_004996,ORDER_037349,BUYER_03745,SELLER_00003,2025-05-19,defective,approved,True,return_abuse
RETURN_004997,ORDER_037348,BUYER_03745,SELLER_00173,2025-05-03,size_issue,approved,True,return_abuse
RETURN_004998,ORDER_037350,BUYER_03745,SELLER_00423,2025-05-10,size_issue,approved,True,return_abuse
RETURN_004999,ORDER_000877,BUYER_00087,SELLER_00295,2025-11-20,wrong_item_received,approved,True,return_abuse
RETURN_005000,ORDER_000878,BUYER_00087,SELLER_00455,2025-11-04,defective,approved,True,return_abuse
RETURN_005001,ORDER_000870,BUYER_00087,SELLER_00302,2025-12-05,wrong_item_received,approved,True,return_abuse
RETURN_005002,ORDER_049792,BUYER_04974,SELLER_00147,2025-10-07,changed_mind,approved,True,return_abuse
RETURN_005003,ORDER_049796,BUYER_04974,SELLER_00177,2025-12-31,wrong_item_received,approved,True,return_abuse
RETURN_005004,ORDER_049795,BUYER_04974,SELLER_00178,2025-10-04,changed_mind,approved,True,return_abuse
RETURN_005005,ORDER_049791,BUYER_04974,SELLER_00472,2025-11-20,size_issue,approved,True,return_abuse
RETURN_005006,ORDER_006034,BUYER_00588,SELLER_00453,2025-12-04,changed_mind,approved,True,return_abuse
RETURN_005007,ORDER_006016,BUYER_00588,SELLER_00316,2025-12-21,defective,approved,True,return_abuse
RETURN_005008,ORDER_006028,BUYER_00588,SELLER_00209,2025-12-03,size_issue,approved,True,return_abuse
RETURN_005009,ORDER_005998,BUYER_00588,SELLER_00295,2025-12-14,changed_mind,approved,True,return_abuse
RETURN_005010,ORDER_006010,BUYER_00588,SELLER_00491,2025-12-29,changed_mind,approved,True,return_abuse
RETURN_005011,ORDER_006003,BUYER_00588,SELLER_00200,2025-12-31,size_issue,approved,True,return_abuse
RETURN_005012,ORDER_006007,BUYER_00588,SELLER_00123,2025-12-27,defective,approved,True,return_abuse
RETURN_005013,ORDER_006018,BUYER_00588,SELLER_00155,2025-12-01,changed_mind,approved,True,return_abuse
RETURN_005014,ORDER_024153,BUYER_02438,SELLER_00422,2025-04-24,defective,approved,True,return_abuse
RETURN_005015,ORDER_024146,BUYER_02438,SELLER_00229,2025-08-01,defective,approved,True,return_abuse
RETURN_005016,ORDER_024150,BUYER_02438,SELLER_00153,2025-09-15,size_issue,approved,True,return_abuse
RETURN_005017,ORDER_011438,BUYER_01135,SELLER_00438,2025-09-21,size_issue,approved,True,return_abuse
RETURN_005018,ORDER_011440,BUYER_01135,SELLER_00013,2025-11-29,defective,approved,True,return_abuse
RETURN_005019,ORDER_042361,BUYER_04235,SELLER_00260,2025-07-15,changed_mind,approved,True,return_abuse
RETURN_005020,ORDER_042371,BUYER_04235,SELLER_00102,2025-11-23,defective,approved,True,return_abuse
RETURN_005021,ORDER_042362,BUYER_04235,SELLER_00142,2025-07-26,changed_mind,approved,True,return_abuse
RETURN_005022,ORDER_042368,BUYER_04235,SELLER_00185,2025-09-20,defective,approved,True,return_abuse
RETURN_005023,ORDER_020556,BUYER_02066,SELLER_00049,2025-07-15,changed_mind,approved,True,return_abuse
RETURN_005024,ORDER_046878,BUYER_04686,SELLER_00016,2025-10-31,changed_mind,approved,True,return_abuse
RETURN_005025,ORDER_033688,BUYER_03377,SELLER_00173,2025-12-30,changed_mind,approved,True,return_abuse
RETURN_005026,ORDER_033694,BUYER_03377,SELLER_00078,2025-11-24,changed_mind,approved,True,return_abuse
RETURN_005027,ORDER_033692,BUYER_03377,SELLER_00192,2025-11-24,size_issue,approved,True,return_abuse
RETURN_005028,ORDER_033687,BUYER_03377,SELLER_00369,2025-12-28,size_issue,approved,True,return_abuse
RETURN_005029,ORDER_034315,BUYER_03439,SELLER_00458,2025-09-26,changed_mind,approved,True,return_abuse
RETURN_005030,ORDER_036813,BUYER_03688,SELLER_00144,2025-12-25,wrong_item_received,approved,True,return_abuse
RETURN_005031,ORDER_036808,BUYER_03688,SELLER_00331,2025-12-12,defective,approved,True,return_abuse
RETURN_005032,ORDER_004630,BUYER_00443,SELLER_00085,2025-04-18,defective,approved,True,return_abuse
RETURN_005033,ORDER_004624,BUYER_00443,SELLER_00368,2025-06-19,changed_mind,approved,True,return_abuse
RETURN_005034,ORDER_004626,BUYER_00443,SELLER_00423,2025-07-28,changed_mind,approved,True,return_abuse
RETURN_005035,ORDER_004627,BUYER_00443,SELLER_00241,2025-08-28,defective,approved,True,return_abuse
RETURN_005036,ORDER_020637,BUYER_02075,SELLER_00217,2025-06-04,changed_mind,approved,True,return_abuse
RETURN_005037,ORDER_020624,BUYER_02075,SELLER_00424,2025-10-09,changed_mind,approved,True,return_abuse
RETURN_005038,ORDER_020635,BUYER_02075,SELLER_00017,2025-05-26,wrong_item_received,approved,True,return_abuse
RETURN_005039,ORDER_020630,BUYER_02075,SELLER_00178,2025-11-07,changed_mind,approved,True,return_abuse
RETURN_005040,ORDER_020629,BUYER_02075,SELLER_00021,2025-10-06,wrong_item_received,approved,True,return_abuse
RETURN_005041,ORDER_013776,BUYER_01381,SELLER_00152,2025-12-29,changed_mind,approved,True,return_abuse
RETURN_005042,ORDER_013777,BUYER_01381,SELLER_00316,2025-12-26,wrong_item_received,approved,True,return_abuse
RETURN_005043,ORDER_013778,BUYER_01381,SELLER_00026,2025-11-04,changed_mind,approved,True,return_abuse
RETURN_005044,ORDER_026003,BUYER_02638,SELLER_00376,2025-11-08,changed_mind,approved,True,return_abuse
RETURN_005045,ORDER_026005,BUYER_02638,SELLER_00190,2025-08-02,changed_mind,approved,True,return_abuse
RETURN_005046,ORDER_029863,BUYER_03011,SELLER_00248,2025-11-20,changed_mind,approved,True,return_abuse
RETURN_005047,ORDER_029867,BUYER_03011,SELLER_00141,2025-09-28,wrong_item_received,approved,True,return_abuse
RETURN_005048,ORDER_008673,BUYER_00835,SELLER_00455,2025-05-12,wrong_item_received,approved,True,return_abuse
RETURN_005049,ORDER_008671,BUYER_00835,SELLER_00317,2025-05-16,wrong_item_received,approved,True,return_abuse
RETURN_005050,ORDER_008676,BUYER_00835,SELLER_00455,2025-07-20,changed_mind,approved,True,return_abuse
RETURN_005051,ORDER_042483,BUYER_04246,SELLER_00150,2025-07-27,changed_mind,approved,True,return_abuse
RETURN_005052,ORDER_042482,BUYER_04246,SELLER_00072,2025-10-25,wrong_item_received,approved,True,return_abuse
RETURN_005053,ORDER_044384,BUYER_04442,SELLER_00275,2025-12-03,wrong_item_received,approved,True,return_abuse
RETURN_005054,ORDER_044387,BUYER_04442,SELLER_00069,2025-11-28,size_issue,approved,True,return_abuse
RETURN_005055,ORDER_019406,BUYER_01943,SELLER_00121,2025-11-06,defective,approved,True,return_abuse
RETURN_005056,ORDER_043356,BUYER_04340,SELLER_00405,2025-10-22,defective,approved,True,return_abuse
RETURN_005057,ORDER_043354,BUYER_04340,SELLER_00320,2025-10-23,wrong_item_received,approved,True,return_abuse
RETURN_005058,ORDER_043360,BUYER_04340,SELLER_00314,2025-04-10,wrong_item_received,approved,True,return_abuse
RETURN_005059,ORDER_043353,BUYER_04340,SELLER_00155,2025-09-29,changed_mind,approved,True,return_abuse
RETURN_005060,ORDER_043348,BUYER_04340,SELLER_00148,2025-06-12,wrong_item_received,approved,True,return_abuse
RETURN_005061,ORDER_043355,BUYER_04340,SELLER_00313,2025-02-17,defective,approved,True,return_abuse
RETURN_005062,ORDER_043350,BUYER_04340,SELLER_00459,2025-05-22,defective,approved,True,return_abuse
RETURN_005063,ORDER_032644,BUYER_03261,SELLER_00358,2025-11-11,changed_mind,approved,True,return_abuse
RETURN_005064,ORDER_032637,BUYER_03261,SELLER_00214,2025-12-19,size_issue,approved,True,return_abuse
RETURN_005065,ORDER_032633,BUYER_03261,SELLER_00481,2025-09-25,wrong_item_received,approved,True,return_abuse
RETURN_005066,ORDER_032632,BUYER_03261,SELLER_00156,2025-11-01,changed_mind,approved,True,return_abuse
RETURN_005067,ORDER_032640,BUYER_03261,SELLER_00387,2025-10-31,size_issue,approved,True,return_abuse
RETURN_005068,ORDER_032639,BUYER_03261,SELLER_00143,2025-11-18,defective,approved,True,return_abuse
RETURN_005069,ORDER_038480,BUYER_03868,SELLER_00315,2025-12-02,wrong_item_received,approved,True,return_abuse
RETURN_005070,ORDER_028895,BUYER_02922,SELLER_00354,2025-08-22,defective,approved,True,return_abuse
RETURN_005071,ORDER_028893,BUYER_02922,SELLER_00381,2025-10-11,changed_mind,approved,True,return_abuse
RETURN_005072,ORDER_003736,BUYER_00357,SELLER_00241,2025-06-29,defective,approved,True,return_abuse
RETURN_005073,ORDER_003730,BUYER_00357,SELLER_00081,2025-03-23,changed_mind,approved,True,return_abuse
RETURN_005074,ORDER_003739,BUYER_00357,SELLER_00214,2025-08-29,defective,approved,True,return_abuse
RETURN_005075,ORDER_003732,BUYER_00357,SELLER_00202,2025-07-03,wrong_item_received,approved,True,return_abuse
RETURN_005076,ORDER_003734,BUYER_00357,SELLER_00111,2025-09-11,defective,approved,True,return_abuse
RETURN_005077,ORDER_022264,BUYER_02244,SELLER_00077,2025-11-18,changed_mind,approved,True,return_abuse
RETURN_005078,ORDER_010332,BUYER_01009,SELLER_00204,2025-12-31,wrong_item_received,approved,True,return_abuse
RETURN_005079,ORDER_010330,BUYER_01009,SELLER_00123,2025-12-01,defective,approved,True,return_abuse
RETURN_005080,ORDER_022230,BUYER_02240,SELLER_00120,2025-08-16,size_issue,approved,True,return_abuse
RETURN_005081,ORDER_041145,BUYER_04128,SELLER_00003,2025-10-10,wrong_item_received,approved,True,return_abuse
RETURN_005082,ORDER_041141,BUYER_04128,SELLER_00135,2025-12-13,size_issue,approved,True,return_abuse
RETURN_005083,ORDER_041160,BUYER_04128,SELLER_00016,2025-12-09,size_issue,approved,True,return_abuse
RETURN_005084,ORDER_041143,BUYER_04128,SELLER_00091,2025-12-01,size_issue,approved,True,return_abuse
RETURN_005085,ORDER_041151,BUYER_04128,SELLER_00471,2025-08-31,changed_mind,approved,True,return_abuse
RETURN_005086,ORDER_041149,BUYER_04128,SELLER_00054,2025-08-03,size_issue,approved,True,return_abuse
RETURN_005087,ORDER_041150,BUYER_04128,SELLER_00488,2025-10-23,size_issue,approved,True,return_abuse
RETURN_005088,ORDER_003263,BUYER_00310,SELLER_00164,2025-12-16,changed_mind,approved,True,return_abuse
RETURN_005089,ORDER_003264,BUYER_00310,SELLER_00446,2025-11-13,size_issue,approved,True,return_abuse
RETURN_005090,ORDER_037698,BUYER_03788,SELLER_00157,2025-10-25,changed_mind,approved,True,return_abuse
RETURN_005091,ORDER_016494,BUYER_01671,SELLER_00085,2025-12-06,wrong_item_received,approved,True,return_abuse
RETURN_005092,ORDER_046256,BUYER_04625,SELLER_00232,2025-12-31,changed_mind,approved,True,return_abuse
RETURN_005093,ORDER_046254,BUYER_04625,SELLER_00299,2025-08-10,wrong_item_received,approved,True,return_abuse
RETURN_005094,ORDER_046258,BUYER_04625,SELLER_00282,2025-09-17,defective,approved,True,return_abuse
RETURN_005095,ORDER_038367,BUYER_03855,SELLER_00497,2025-12-29,changed_mind,approved,True,return_abuse
RETURN_005096,ORDER_028076,BUYER_02842,SELLER_00143,2025-12-31,wrong_item_received,approved,True,return_abuse
RETURN_005097,ORDER_028073,BUYER_02842,SELLER_00495,2025-12-10,changed_mind,approved,True,return_abuse
RETURN_005098,ORDER_014464,BUYER_01458,SELLER_00078,2025-09-18,changed_mind,approved,True,return_abuse
RETURN_005099,ORDER_014465,BUYER_01458,SELLER_00058,2025-09-15,wrong_item_received,approved,True,return_abuse
RETURN_005100,ORDER_014469,BUYER_01458,SELLER_00002,2025-10-21,size_issue,approved,True,return_abuse
RETURN_005101,ORDER_014467,BUYER_01458,SELLER_00061,2025-11-09,changed_mind,approved,True,return_abuse
RETURN_005102,ORDER_035582,BUYER_03567,SELLER_00347,2025-09-06,size_issue,approved,True,return_abuse
RETURN_005103,ORDER_035588,BUYER_03567,SELLER_00417,2025-06-11,defective,approved,True,return_abuse
RETURN_005104,ORDER_035586,BUYER_03567,SELLER_00248,2025-07-05,defective,approved,True,return_abuse
RETURN_005105,ORDER_035590,BUYER_03567,SELLER_00459,2025-06-24,changed_mind,approved,True,return_abuse
RETURN_005106,ORDER_035593,BUYER_03567,SELLER_00017,2025-11-23,size_issue,approved,True,return_abuse
RETURN_005107,ORDER_035587,BUYER_03567,SELLER_00099,2025-11-10,defective,approved,True,return_abuse
RETURN_005108,ORDER_035571,BUYER_03567,SELLER_00066,2025-06-28,defective,approved,True,return_abuse
RETURN_005109,ORDER_035577,BUYER_03567,SELLER_00439,2025-06-07,changed_mind,approved,True,return_abuse
RETURN_005110,ORDER_041250,BUYER_04137,SELLER_00430,2025-12-05,size_issue,approved,True,return_abuse
RETURN_005111,ORDER_044958,BUYER_04492,SELLER_00455,2025-11-22,size_issue,approved,True,return_abuse
RETURN_005112,ORDER_044959,BUYER_04492,SELLER_00007,2025-11-26,changed_mind,approved,True,return_abuse
RETURN_005113,ORDER_012953,BUYER_01297,SELLER_00323,2025-07-02,changed_mind,approved,True,return_abuse
RETURN_005114,ORDER_012959,BUYER_01297,SELLER_00184,2025-10-07,size_issue,approved,True,return_abuse
RETURN_005115,ORDER_012958,BUYER_01297,SELLER_00493,2025-06-12,defective,approved,True,return_abuse
RETURN_005116,ORDER_012955,BUYER_01297,SELLER_00188,2025-08-25,size_issue,approved,True,return_abuse
RETURN_005117,ORDER_012957,BUYER_01297,SELLER_00015,2025-07-18,size_issue,approved,True,return_abuse
RETURN_005118,ORDER_001226,BUYER_00120,SELLER_00438,2025-12-04,size_issue,approved,True,return_abuse
RETURN_005119,ORDER_001236,BUYER_00120,SELLER_00153,2025-06-30,size_issue,approved,True,return_abuse
RETURN_005120,ORDER_001233,BUYER_00120,SELLER_00438,2025-05-14,changed_mind,approved,True,return_abuse
RETURN_005121,ORDER_001237,BUYER_00120,SELLER_00297,2025-05-12,changed_mind,approved,True,return_abuse
RETURN_005122,ORDER_001217,BUYER_00120,SELLER_00316,2025-07-15,defective,approved,True,return_abuse
RETURN_005123,ORDER_001227,BUYER_00120,SELLER_00459,2025-06-08,size_issue,approved,True,return_abuse
RETURN_005124,ORDER_001219,BUYER_00120,SELLER_00397,2025-09-22,size_issue,approved,True,return_abuse
RETURN_005125,ORDER_001220,BUYER_00120,SELLER_00382,2025-08-18,wrong_item_received,approved,True,return_abuse
RETURN_005126,ORDER_005756,BUYER_00563,SELLER_00037,2025-09-22,changed_mind,approved,True,return_abuse
RETURN_005127,ORDER_005748,BUYER_00563,SELLER_00309,2025-12-23,defective,approved,True,return_abuse
RETURN_005128,ORDER_005752,BUYER_00563,SELLER_00124,2025-12-15,changed_mind,approved,True,return_abuse
RETURN_005129,ORDER_005746,BUYER_00563,SELLER_00005,2025-12-07,defective,approved,True,return_abuse
RETURN_005130,ORDER_005749,BUYER_00563,SELLER_00256,2025-12-05,size_issue,approved,True,return_abuse
RETURN_005131,ORDER_035150,BUYER_03527,SELLER_00070,2025-12-06,size_issue,approved,True,return_abuse
RETURN_005132,ORDER_035153,BUYER_03527,SELLER_00346,2025-09-07,wrong_item_received,approved,True,return_abuse
RETURN_005133,ORDER_018520,BUYER_01860,SELLER_00399,2025-11-07,defective,approved,True,return_abuse
RETURN_005134,ORDER_018533,BUYER_01860,SELLER_00488,2025-10-26,changed_mind,approved,True,return_abuse
RETURN_005135,ORDER_018536,BUYER_01860,SELLER_00092,2025-10-04,defective,approved,True,return_abuse
RETURN_005136,ORDER_018534,BUYER_01860,SELLER_00016,2025-10-27,defective,approved,True,return_abuse
RETURN_005137,ORDER_018527,BUYER_01860,SELLER_00122,2025-07-27,changed_mind,approved,True,return_abuse
RETURN_005138,ORDER_018522,BUYER_01860,SELLER_00363,2025-12-10,size_issue,approved,True,return_abuse
RETURN_005139,ORDER_029837,BUYER_03008,SELLER_00246,2025-06-23,size_issue,approved,True,return_abuse
RETURN_005140,ORDER_029838,BUYER_03008,SELLER_00468,2025-05-23,changed_mind,approved,True,return_abuse
RETURN_005141,ORDER_034901,BUYER_03500,SELLER_00347,2025-11-04,changed_mind,approved,True,return_abuse
RETURN_005142,ORDER_034902,BUYER_03500,SELLER_00421,2025-09-23,defective,approved,True,return_abuse
RETURN_005143,ORDER_034904,BUYER_03500,SELLER_00358,2025-10-16,defective,approved,True,return_abuse
RETURN_005144,ORDER_034898,BUYER_03500,SELLER_00126,2025-09-30,wrong_item_received,approved,True,return_abuse
RETURN_005145,ORDER_004863,BUYER_00469,SELLER_00195,2025-11-16,changed_mind,approved,True,return_abuse
RETURN_005146,ORDER_004877,BUYER_00469,SELLER_00444,2025-07-29,changed_mind,approved,True,return_abuse
RETURN_005147,ORDER_004860,BUYER_00469,SELLER_00455,2025-09-11,changed_mind,approved,True,return_abuse
RETURN_005148,ORDER_004862,BUYER_00469,SELLER_00271,2025-10-18,defective,approved,True,return_abuse
RETURN_005149,ORDER_004857,BUYER_00469,SELLER_00492,2025-07-30,defective,approved,True,return_abuse
RETURN_005150,ORDER_004858,BUYER_00469,SELLER_00039,2025-09-09,wrong_item_received,approved,True,return_abuse
RETURN_005151,ORDER_004872,BUYER_00469,SELLER_00438,2025-08-09,changed_mind,approved,True,return_abuse
RETURN_005152,ORDER_004878,BUYER_00469,SELLER_00449,2025-08-03,size_issue,approved,True,return_abuse
RETURN_005153,ORDER_004869,BUYER_00469,SELLER_00266,2025-08-08,defective,approved,True,return_abuse
RETURN_005154,ORDER_004876,BUYER_00469,SELLER_00477,2025-12-31,defective,approved,True,return_abuse
RETURN_005155,ORDER_011006,BUYER_01086,SELLER_00196,2025-09-03,changed_mind,approved,True,return_abuse
RETURN_005156,ORDER_043207,BUYER_04325,SELLER_00297,2025-08-19,changed_mind,approved,True,return_abuse
RETURN_005157,ORDER_043206,BUYER_04325,SELLER_00026,2025-12-15,size_issue,approved,True,return_abuse
RETURN_005158,ORDER_043204,BUYER_04325,SELLER_00459,2025-07-26,size_issue,approved,True,return_abuse
RETURN_005159,ORDER_043199,BUYER_04325,SELLER_00341,2025-12-04,size_issue,approved,True,return_abuse
RETURN_005160,ORDER_043198,BUYER_04325,SELLER_00290,2025-11-23,defective,approved,True,return_abuse
RETURN_005161,ORDER_013201,BUYER_01324,SELLER_00123,2025-10-12,defective,approved,True,return_abuse
RETURN_005162,ORDER_013214,BUYER_01324,SELLER_00472,2025-07-10,wrong_item_received,approved,True,return_abuse
RETURN_005163,ORDER_013208,BUYER_01324,SELLER_00399,2025-07-07,changed_mind,approved,True,return_abuse
RETURN_005164,ORDER_013194,BUYER_01324,SELLER_00467,2025-05-20,defective,approved,True,return_abuse
RETURN_005165,ORDER_013211,BUYER_01324,SELLER_00376,2025-05-01,wrong_item_received,approved,True,return_abuse
RETURN_005166,ORDER_013198,BUYER_01324,SELLER_00155,2025-11-28,defective,approved,True,return_abuse
RETURN_005167,ORDER_041870,BUYER_04192,SELLER_00055,2025-11-25,size_issue,approved,True,return_abuse
RETURN_005168,ORDER_028360,BUYER_02866,SELLER_00353,2025-09-23,defective,approved,True,return_abuse
RETURN_005169,ORDER_007751,BUYER_00758,SELLER_00088,2025-10-14,wrong_item_received,approved,True,return_abuse
RETURN_005170,ORDER_007747,BUYER_00758,SELLER_00329,2025-09-01,changed_mind,approved,True,return_abuse
RETURN_005171,ORDER_007752,BUYER_00758,SELLER_00213,2025-08-20,size_issue,approved,True,return_abuse
RETURN_005172,ORDER_001140,BUYER_00113,SELLER_00255,2025-08-21,defective,approved,True,return_abuse
RETURN_005173,ORDER_001141,BUYER_00113,SELLER_00483,2025-07-11,wrong_item_received,approved,True,return_abuse
RETURN_005174,ORDER_038664,BUYER_03880,SELLER_00294,2025-11-29,size_issue,approved,True,return_abuse
RETURN_005175,ORDER_038648,BUYER_03880,SELLER_00439,2025-12-22,size_issue,approved,True,return_abuse
RETURN_005176,ORDER_038655,BUYER_03880,SELLER_00429,2025-12-22,changed_mind,approved,True,return_abuse
RETURN_005177,ORDER_038661,BUYER_03880,SELLER_00314,2025-12-25,size_issue,approved,True,return_abuse
RETURN_005178,ORDER_038653,BUYER_03880,SELLER_00275,2025-12-12,defective,approved,True,return_abuse
RETURN_005179,ORDER_015630,BUYER_01570,SELLER_00270,2025-08-10,defective,approved,True,return_abuse
RETURN_005180,ORDER_047140,BUYER_04714,SELLER_00199,2025-11-29,changed_mind,approved,True,return_abuse
RETURN_005181,ORDER_047137,BUYER_04714,SELLER_00084,2025-12-18,defective,approved,True,return_abuse
RETURN_005182,ORDER_047139,BUYER_04714,SELLER_00021,2025-12-13,wrong_item_received,approved,True,return_abuse
RETURN_005183,ORDER_015007,BUYER_01513,SELLER_00021,2025-07-29,defective,approved,True,return_abuse
RETURN_005184,ORDER_015012,BUYER_01513,SELLER_00456,2025-05-26,changed_mind,approved,True,return_abuse
RETURN_005185,ORDER_015008,BUYER_01513,SELLER_00135,2025-07-10,defective,approved,True,return_abuse
RETURN_005186,ORDER_007300,BUYER_00709,SELLER_00174,2025-11-17,changed_mind,approved,True,return_abuse
RETURN_005187,ORDER_007297,BUYER_00709,SELLER_00043,2025-06-13,changed_mind,approved,True,return_abuse
RETURN_005188,ORDER_007285,BUYER_00709,SELLER_00295,2025-08-03,defective,approved,True,return_abuse
RETURN_005189,ORDER_007294,BUYER_00709,SELLER_00125,2025-03-16,wrong_item_received,approved,True,return_abuse
RETURN_005190,ORDER_007302,BUYER_00709,SELLER_00343,2025-10-11,wrong_item_received,approved,True,return_abuse
RETURN_005191,ORDER_007288,BUYER_00709,SELLER_00381,2025-02-25,size_issue,approved,True,return_abuse
RETURN_005192,ORDER_007287,BUYER_00709,SELLER_00267,2025-04-08,defective,approved,True,return_abuse
RETURN_005193,ORDER_003962,BUYER_00380,SELLER_00081,2025-10-09,size_issue,approved,True,return_abuse
RETURN_005194,ORDER_003970,BUYER_00380,SELLER_00470,2025-10-18,size_issue,approved,True,return_abuse
RETURN_005195,ORDER_003967,BUYER_00380,SELLER_00109,2025-11-29,changed_mind,approved,True,return_abuse
RETURN_005196,ORDER_003971,BUYER_00380,SELLER_00488,2025-11-20,defective,approved,True,return_abuse
RETURN_005197,ORDER_003973,BUYER_00380,SELLER_00376,2025-12-31,size_issue,approved,True,return_abuse
RETURN_005198,ORDER_003965,BUYER_00380,SELLER_00178,2025-10-28,defective,approved,True,return_abuse
RETURN_005199,ORDER_039137,BUYER_03939,SELLER_00313,2025-10-20,changed_mind,approved,True,return_abuse
RETURN_005200,ORDER_017286,BUYER_01741,SELLER_00454,2025-12-21,changed_mind,approved,True,return_abuse
RETURN_005201,ORDER_017283,BUYER_01741,SELLER_00399,2025-08-31,changed_mind,approved,True,return_abuse
RETURN_005202,ORDER_019130,BUYER_01911,SELLER_00189,2025-12-31,defective,approved,True,return_abuse
RETURN_005203,ORDER_019132,BUYER_01911,SELLER_00373,2025-12-03,size_issue,approved,True,return_abuse
RETURN_005204,ORDER_006877,BUYER_00669,SELLER_00258,2025-12-28,changed_mind,approved,True,return_abuse
RETURN_005205,ORDER_006859,BUYER_00669,SELLER_00036,2025-11-07,defective,approved,True,return_abuse
RETURN_005206,ORDER_006875,BUYER_00669,SELLER_00426,2025-10-27,wrong_item_received,approved,True,return_abuse
RETURN_005207,ORDER_006858,BUYER_00669,SELLER_00026,2025-12-31,defective,approved,True,return_abuse
RETURN_005208,ORDER_006867,BUYER_00669,SELLER_00049,2025-09-29,changed_mind,approved,True,return_abuse
RETURN_005209,ORDER_006860,BUYER_00669,SELLER_00178,2025-09-29,changed_mind,approved,True,return_abuse
RETURN_005210,ORDER_028887,BUYER_02920,SELLER_00238,2025-12-19,defective,approved,True,return_abuse
RETURN_005211,ORDER_034594,BUYER_03471,SELLER_00342,2025-10-08,wrong_item_received,approved,True,return_abuse
RETURN_005212,ORDER_034595,BUYER_03471,SELLER_00312,2025-09-04,changed_mind,approved,True,return_abuse
RETURN_005213,ORDER_011218,BUYER_01107,SELLER_00055,2025-06-05,size_issue,approved,True,return_abuse
RETURN_005214,ORDER_011215,BUYER_01107,SELLER_00387,2025-10-26,wrong_item_received,approved,True,return_abuse
RETURN_005215,ORDER_034141,BUYER_03422,SELLER_00437,2025-12-31,changed_mind,approved,True,return_abuse
RETURN_005216,ORDER_034145,BUYER_03422,SELLER_00445,2025-12-21,changed_mind,approved,True,return_abuse
RETURN_005217,ORDER_034140,BUYER_03422,SELLER_00341,2025-12-22,size_issue,approved,True,return_abuse
RETURN_005218,ORDER_044315,BUYER_04434,SELLER_00049,2025-06-08,changed_mind,approved,True,return_abuse
RETURN_005219,ORDER_044312,BUYER_04434,SELLER_00153,2025-04-22,changed_mind,approved,True,return_abuse
RETURN_005220,ORDER_044307,BUYER_04434,SELLER_00077,2025-06-04,size_issue,approved,True,return_abuse
RETURN_005221,ORDER_044303,BUYER_04434,SELLER_00153,2025-06-25,defective,approved,True,return_abuse
RETURN_005222,ORDER_044313,BUYER_04434,SELLER_00297,2025-05-03,defective,approved,True,return_abuse
RETURN_005223,ORDER_044305,BUYER_04434,SELLER_00144,2025-04-18,changed_mind,approved,True,return_abuse
RETURN_005224,ORDER_044301,BUYER_04434,SELLER_00441,2025-03-23,defective,approved,True,return_abuse
RETURN_005225,ORDER_048759,BUYER_04879,SELLER_00271,2025-10-30,changed_mind,approved,True,return_abuse
RETURN_005226,ORDER_048762,BUYER_04879,SELLER_00232,2025-09-21,defective,approved,True,return_abuse
RETURN_005227,ORDER_011585,BUYER_01152,SELLER_00423,2025-10-21,changed_mind,approved,True,return_abuse
RETURN_005228,ORDER_011586,BUYER_01152,SELLER_00436,2025-08-30,changed_mind,approved,True,return_abuse
RETURN_005229,ORDER_011895,BUYER_01187,SELLER_00409,2025-11-20,size_issue,approved,True,return_abuse
RETURN_005230,ORDER_011892,BUYER_01187,SELLER_00481,2025-11-25,size_issue,approved,True,return_abuse
RETURN_005231,ORDER_031108,BUYER_03120,SELLER_00044,2025-07-14,defective,approved,True,return_abuse
RETURN_005232,ORDER_001065,BUYER_00105,SELLER_00103,2025-11-05,changed_mind,approved,True,return_abuse
RETURN_005233,ORDER_047041,BUYER_04703,SELLER_00150,2025-12-14,defective,approved,True,return_abuse
RETURN_005234,ORDER_047048,BUYER_04703,SELLER_00314,2025-08-04,size_issue,approved,True,return_abuse
RETURN_005235,ORDER_047047,BUYER_04703,SELLER_00174,2025-10-07,wrong_item_received,approved,True,return_abuse
RETURN_005236,ORDER_047043,BUYER_04703,SELLER_00433,2025-11-05,defective,approved,True,return_abuse
RETURN_005237,ORDER_047039,BUYER_04703,SELLER_00225,2025-10-31,wrong_item_received,approved,True,return_abuse
RETURN_005238,ORDER_023324,BUYER_02352,SELLER_00490,2025-12-31,size_issue,approved,True,return_abuse
RETURN_005239,ORDER_023327,BUYER_02352,SELLER_00005,2025-11-22,wrong_item_received,approved,True,return_abuse
RETURN_005240,ORDER_023329,BUYER_02352,SELLER_00347,2025-10-14,size_issue,approved,True,return_abuse
RETURN_005241,ORDER_023319,BUYER_02352,SELLER_00164,2025-11-11,size_issue,approved,True,return_abuse
RETURN_005242,ORDER_023321,BUYER_02352,SELLER_00232,2025-12-03,changed_mind,approved,True,return_abuse
RETURN_005243,ORDER_023328,BUYER_02352,SELLER_00499,2025-11-17,changed_mind,approved,True,return_abuse
RETURN_005244,ORDER_032273,BUYER_03232,SELLER_00237,2025-10-22,changed_mind,approved,True,return_abuse
RETURN_005245,ORDER_019502,BUYER_01953,SELLER_00308,2025-12-31,defective,approved,True,return_abuse
RETURN_005246,ORDER_019491,BUYER_01953,SELLER_00309,2025-12-31,changed_mind,approved,True,return_abuse
RETURN_005247,ORDER_019490,BUYER_01953,SELLER_00282,2025-12-31,defective,approved,True,return_abuse
RETURN_005248,ORDER_019497,BUYER_01953,SELLER_00143,2025-12-25,wrong_item_received,approved,True,return_abuse
RETURN_005249,ORDER_010370,BUYER_01015,SELLER_00241,2025-11-24,wrong_item_received,approved,True,return_abuse
RETURN_005250,ORDER_010368,BUYER_01015,SELLER_00083,2025-04-24,changed_mind,approved,True,return_abuse
RETURN_005251,ORDER_009294,BUYER_00900,SELLER_00333,2025-05-18,wrong_item_received,approved,True,return_abuse
RETURN_005252,ORDER_020524,BUYER_02060,SELLER_00341,2025-08-26,changed_mind,approved,True,return_abuse
RETURN_005253,ORDER_020522,BUYER_02060,SELLER_00057,2025-12-17,size_issue,approved,True,return_abuse
RETURN_005254,ORDER_020523,BUYER_02060,SELLER_00032,2025-10-05,defective,approved,True,return_abuse
RETURN_005255,ORDER_031928,BUYER_03205,SELLER_00209,2025-10-13,defective,approved,True,return_abuse
RETURN_005256,ORDER_013755,BUYER_01379,SELLER_00413,2025-12-01,size_issue,approved,True,return_abuse
RETURN_005257,ORDER_013758,BUYER_01379,SELLER_00083,2025-05-13,changed_mind,approved,True,return_abuse
RETURN_005258,ORDER_022812,BUYER_02303,SELLER_00168,2025-05-02,changed_mind,approved,True,return_abuse
RETURN_005259,ORDER_022815,BUYER_02303,SELLER_00112,2025-04-26,size_issue,approved,True,return_abuse
RETURN_005260,ORDER_022814,BUYER_02303,SELLER_00008,2025-02-25,wrong_item_received,approved,True,return_abuse
RETURN_005261,ORDER_029239,BUYER_02951,SELLER_00141,2025-06-03,wrong_item_received,approved,True,return_abuse
RETURN_005262,ORDER_029236,BUYER_02951,SELLER_00168,2025-12-31,changed_mind,approved,True,return_abuse
RETURN_005263,ORDER_022381,BUYER_02259,SELLER_00185,2025-11-21,wrong_item_received,approved,True,return_abuse
RETURN_005264,ORDER_022384,BUYER_02259,SELLER_00016,2025-11-07,defective,approved,True,return_abuse
RETURN_005265,ORDER_046366,BUYER_04642,SELLER_00455,2025-05-24,defective,approved,True,return_abuse
RETURN_005266,ORDER_046361,BUYER_04642,SELLER_00376,2025-05-19,defective,approved,True,return_abuse
RETURN_005267,ORDER_024443,BUYER_02464,SELLER_00109,2025-11-27,changed_mind,approved,True,return_abuse
RETURN_005268,ORDER_024445,BUYER_02464,SELLER_00237,2025-11-17,defective,approved,True,return_abuse
RETURN_005269,ORDER_046324,BUYER_04636,SELLER_00112,2025-10-13,size_issue,approved,True,return_abuse
RETURN_005270,ORDER_037993,BUYER_03818,SELLER_00040,2025-06-04,defective,approved,True,return_abuse
RETURN_005271,ORDER_030825,BUYER_03096,SELLER_00116,2025-06-25,changed_mind,approved,True,return_abuse
RETURN_005272,ORDER_030833,BUYER_03096,SELLER_00095,2025-07-01,changed_mind,approved,True,return_abuse
RETURN_005273,ORDER_030823,BUYER_03096,SELLER_00169,2025-07-08,defective,approved,True,return_abuse
RETURN_005274,ORDER_030827,BUYER_03096,SELLER_00169,2025-08-01,size_issue,approved,True,return_abuse
RETURN_005275,ORDER_030832,BUYER_03096,SELLER_00440,2025-05-25,wrong_item_received,approved,True,return_abuse
RETURN_005276,ORDER_019683,BUYER_01976,SELLER_00460,2025-10-17,size_issue,approved,True,return_abuse
RETURN_005277,ORDER_019682,BUYER_01976,SELLER_00313,2025-07-08,defective,approved,True,return_abuse
RETURN_005278,ORDER_047681,BUYER_04761,SELLER_00218,2025-10-19,wrong_item_received,approved,True,return_abuse
RETURN_005279,ORDER_047682,BUYER_04761,SELLER_00055,2025-10-04,defective,approved,True,return_abuse
RETURN_005280,ORDER_022010,BUYER_02221,SELLER_00166,2025-12-31,defective,approved,True,return_abuse
RETURN_005281,ORDER_030952,BUYER_03107,SELLER_00063,2025-11-15,changed_mind,approved,True,return_abuse
RETURN_005282,ORDER_030953,BUYER_03107,SELLER_00080,2025-12-02,wrong_item_received,approved,True,return_abuse
RETURN_005283,ORDER_048310,BUYER_04832,SELLER_00009,2025-12-21,size_issue,approved,True,return_abuse
RETURN_005284,ORDER_048312,BUYER_04832,SELLER_00016,2025-12-24,defective,approved,True,return_abuse
RETURN_005285,ORDER_009894,BUYER_00964,SELLER_00120,2025-10-29,changed_mind,approved,True,return_abuse
RETURN_005286,ORDER_040616,BUYER_04083,SELLER_00246,2025-11-11,wrong_item_received,approved,True,return_abuse
RETURN_005287,ORDER_044203,BUYER_04424,SELLER_00413,2025-11-17,defective,approved,True,return_abuse
RETURN_005288,ORDER_044198,BUYER_04424,SELLER_00463,2025-11-29,defective,approved,True,return_abuse
RETURN_005289,ORDER_044206,BUYER_04424,SELLER_00065,2025-11-27,changed_mind,approved,True,return_abuse
RETURN_005290,ORDER_044201,BUYER_04424,SELLER_00314,2025-12-27,wrong_item_received,approved,True,return_abuse
RETURN_005291,ORDER_044208,BUYER_04424,SELLER_00460,2025-12-21,changed_mind,approved,True,return_abuse
RETURN_005292,ORDER_015500,BUYER_01554,SELLER_00054,2025-12-17,defective,approved,True,return_abuse
RETURN_005293,ORDER_015504,BUYER_01554,SELLER_00073,2025-12-26,changed_mind,approved,True,return_abuse
RETURN_005294,ORDER_015507,BUYER_01554,SELLER_00316,2025-11-17,defective,approved,True,return_abuse
RETURN_005295,ORDER_015503,BUYER_01554,SELLER_00368,2025-12-29,defective,approved,True,return_abuse
RETURN_005296,ORDER_015506,BUYER_01554,SELLER_00001,2025-12-31,wrong_item_received,approved,True,return_abuse
RETURN_005297,ORDER_024535,BUYER_02474,SELLER_00444,2025-09-13,size_issue,approved,True,return_abuse
RETURN_005298,ORDER_024530,BUYER_02474,SELLER_00049,2025-09-17,changed_mind,approved,True,return_abuse
RETURN_005299,ORDER_024531,BUYER_02474,SELLER_00049,2025-12-07,size_issue,approved,True,return_abuse
RETURN_005300,ORDER_027358,BUYER_02771,SELLER_00302,2025-04-22,defective,approved,True,return_abuse
RETURN_005301,ORDER_027350,BUYER_02771,SELLER_00049,2025-05-23,defective,approved,True,return_abuse
RETURN_005302,ORDER_027354,BUYER_02771,SELLER_00297,2025-06-25,size_issue,approved,True,return_abuse
RETURN_005303,ORDER_027351,BUYER_02771,SELLER_00321,2025-07-04,wrong_item_received,approved,True,return_abuse
RETURN_005304,ORDER_027357,BUYER_02771,SELLER_00141,2025-12-01,defective,approved,True,return_abuse
RETURN_005305,ORDER_027346,BUYER_02771,SELLER_00437,2025-04-24,size_issue,approved,True,return_abuse
RETURN_005306,ORDER_027362,BUYER_02771,SELLER_00178,2025-11-02,defective,approved,True,return_abuse
RETURN_005307,ORDER_023717,BUYER_02389,SELLER_00246,2025-12-30,defective,approved,True,return_abuse
RETURN_005308,ORDER_023719,BUYER_02389,SELLER_00409,2025-11-22,defective,approved,True,return_abuse
RETURN_005309,ORDER_030608,BUYER_03085,SELLER_00290,2025-12-07,defective,approved,True,return_abuse
RETURN_005310,ORDER_030907,BUYER_03104,SELLER_00470,2025-11-25,defective,approved,True,return_abuse
RETURN_005311,ORDER_030915,BUYER_03104,SELLER_00032,2025-12-31,wrong_item_received,approved,True,return_abuse
RETURN_005312,ORDER_030914,BUYER_03104,SELLER_00028,2025-11-16,size_issue,approved,True,return_abuse
RETURN_005313,ORDER_030912,BUYER_03104,SELLER_00246,2025-12-10,wrong_item_received,approved,True,return_abuse
RETURN_005314,ORDER_030910,BUYER_03104,SELLER_00213,2025-10-25,changed_mind,approved,True,return_abuse
RETURN_005315,ORDER_010818,BUYER_01062,SELLER_00155,2025-06-01,wrong_item_received,approved,True,return_abuse
RETURN_005316,ORDER_010816,BUYER_01062,SELLER_00084,2025-06-03,changed_mind,approved,True,return_abuse
RETURN_005317,ORDER_010817,BUYER_01062,SELLER_00380,2025-08-30,defective,approved,True,return_abuse
RETURN_005318,ORDER_010821,BUYER_01062,SELLER_00297,2025-08-21,changed_mind,approved,True,return_abuse
RETURN_005319,ORDER_010820,BUYER_01062,SELLER_00366,2025-05-27,size_issue,approved,True,return_abuse
RETURN_005320,ORDER_006241,BUYER_00612,SELLER_00176,2025-02-03,size_issue,approved,True,return_abuse
RETURN_005321,ORDER_006243,BUYER_00612,SELLER_00122,2025-02-06,changed_mind,approved,True,return_abuse
RETURN_005322,ORDER_006254,BUYER_00612,SELLER_00246,2025-04-19,size_issue,approved,True,return_abuse
RETURN_005323,ORDER_006256,BUYER_00612,SELLER_00302,2025-03-18,changed_mind,approved,True,return_abuse
RETURN_005324,ORDER_006255,BUYER_00612,SELLER_00387,2025-10-06,changed_mind,approved,True,return_abuse
RETURN_005325,ORDER_022275,BUYER_02246,SELLER_00470,2025-05-29,changed_mind,approved,True,return_abuse
RETURN_005326,ORDER_005734,BUYER_00560,SELLER_00400,2025-08-14,size_issue,approved,True,return_abuse
RETURN_005327,ORDER_005732,BUYER_00560,SELLER_00410,2025-09-25,changed_mind,approved,True,return_abuse
RETURN_005328,ORDER_047358,BUYER_04729,SELLER_00007,2025-09-30,size_issue,approved,True,return_abuse
RETURN_005329,ORDER_021598,BUYER_02169,SELLER_00376,2025-11-28,changed_mind,approved,True,return_abuse
RETURN_005330,ORDER_021596,BUYER_02169,SELLER_00128,2025-11-01,defective,approved,True,return_abuse
RETURN_005331,ORDER_021620,BUYER_02173,SELLER_00082,2025-09-20,changed_mind,approved,True,return_abuse
RETURN_005332,ORDER_021621,BUYER_02173,SELLER_00117,2025-09-24,size_issue,approved,True,return_abuse
RETURN_005333,ORDER_021625,BUYER_02173,SELLER_00065,2025-11-08,defective,approved,True,return_abuse
RETURN_005334,ORDER_021626,BUYER_02173,SELLER_00073,2025-10-15,size_issue,approved,True,return_abuse
RETURN_005335,ORDER_021628,BUYER_02173,SELLER_00488,2025-10-14,changed_mind,approved,True,return_abuse
RETURN_005336,ORDER_012195,BUYER_01229,SELLER_00233,2025-11-12,defective,approved,True,return_abuse
RETURN_005337,ORDER_012202,BUYER_01229,SELLER_00297,2025-10-27,wrong_item_received,approved,True,return_abuse
RETURN_005338,ORDER_012200,BUYER_01229,SELLER_00376,2025-09-01,size_issue,approved,True,return_abuse
RETURN_005339,ORDER_007887,BUYER_00772,SELLER_00054,2025-01-27,size_issue,approved,True,return_abuse
RETURN_005340,ORDER_007884,BUYER_00772,SELLER_00024,2025-08-06,defective,approved,True,return_abuse
RETURN_005341,ORDER_007885,BUYER_00772,SELLER_00183,2025-02-15,size_issue,approved,True,return_abuse
RETURN_005342,ORDER_043442,BUYER_04345,SELLER_00355,2025-08-31,wrong_item_received,approved,True,return_abuse
RETURN_005343,ORDER_043444,BUYER_04345,SELLER_00454,2025-10-19,changed_mind,approved,True,return_abuse
RETURN_005344,ORDER_028025,BUYER_02835,SELLER_00292,2025-12-31,size_issue,approved,True,return_abuse
RETURN_005345,ORDER_028023,BUYER_02835,SELLER_00492,2025-12-15,defective,approved,True,return_abuse
RETURN_005346,ORDER_028022,BUYER_02835,SELLER_00474,2025-12-22,changed_mind,approved,True,return_abuse
RETURN_005347,ORDER_027229,BUYER_02764,SELLER_00245,2025-12-18,size_issue,approved,True,return_abuse
RETURN_005348,ORDER_027228,BUYER_02764,SELLER_00084,2025-12-09,size_issue,approved,True,return_abuse
RETURN_005349,ORDER_016233,BUYER_01639,SELLER_00440,2025-09-18,wrong_item_received,approved,True,return_abuse
RETURN_005350,ORDER_016236,BUYER_01639,SELLER_00492,2025-11-29,changed_mind,approved,True,return_abuse
RETURN_005351,ORDER_016235,BUYER_01639,SELLER_00416,2025-09-27,changed_mind,approved,True,return_abuse
RETURN_005352,ORDER_043379,BUYER_04342,SELLER_00463,2025-11-19,changed_mind,approved,True,return_abuse
RETURN_005353,ORDER_043383,BUYER_04342,SELLER_00247,2025-09-18,defective,approved,True,return_abuse
RETURN_005354,ORDER_043372,BUYER_04342,SELLER_00432,2025-12-31,changed_mind,approved,True,return_abuse
RETURN_005355,ORDER_043381,BUYER_04342,SELLER_00460,2025-12-28,defective,approved,True,return_abuse
RETURN_005356,ORDER_043367,BUYER_04342,SELLER_00376,2025-12-31,changed_mind,approved,True,return_abuse
RETURN_005357,ORDER_031470,BUYER_03157,SELLER_00304,2025-12-29,wrong_item_received,approved,True,return_abuse
RETURN_005358,ORDER_031471,BUYER_03157,SELLER_00192,2025-09-25,size_issue,approved,True,return_abuse
RETURN_005359,ORDER_033786,BUYER_03388,SELLER_00473,2025-12-25,defective,approved,True,return_abuse
RETURN_005360,ORDER_033789,BUYER_03388,SELLER_00174,2025-12-31,defective,approved,True,return_abuse
RETURN_005361,ORDER_033787,BUYER_03388,SELLER_00187,2025-12-18,changed_mind,approved,True,return_abuse
RETURN_005362,ORDER_004988,BUYER_00484,SELLER_00065,2025-06-24,size_issue,approved,True,return_abuse
RETURN_005363,ORDER_013831,BUYER_01387,SELLER_00198,2025-12-02,size_issue,approved,True,return_abuse
RETURN_005364,ORDER_013830,BUYER_01387,SELLER_00450,2025-12-22,changed_mind,approved,True,return_abuse
RETURN_005365,ORDER_013824,BUYER_01387,SELLER_00313,2025-11-26,size_issue,approved,True,return_abuse
RETURN_005366,ORDER_013821,BUYER_01387,SELLER_00156,2025-11-23,defective,approved,True,return_abuse
RETURN_005367,ORDER_047443,BUYER_04737,SELLER_00181,2025-12-05,wrong_item_received,approved,True,return_abuse
RETURN_005368,ORDER_047448,BUYER_04737,SELLER_00049,2025-12-03,changed_mind,approved,True,return_abuse
RETURN_005369,ORDER_047447,BUYER_04737,SELLER_00275,2025-12-27,defective,approved,True,return_abuse
RETURN_005370,ORDER_018739,BUYER_01881,SELLER_00012,2025-12-03,changed_mind,approved,True,return_abuse
RETURN_005371,ORDER_018740,BUYER_01881,SELLER_00112,2025-03-02,defective,approved,True,return_abuse
RETURN_005372,ORDER_041408,BUYER_04151,SELLER_00491,2025-12-14,wrong_item_received,approved,True,return_abuse
RETURN_005373,ORDER_041410,BUYER_04151,SELLER_00391,2025-12-05,defective,approved,True,return_abuse
RETURN_005374,ORDER_041413,BUYER_04151,SELLER_00388,2025-12-31,size_issue,approved,True,return_abuse
RETURN_005375,ORDER_041409,BUYER_04151,SELLER_00083,2025-12-03,changed_mind,approved,True,return_abuse
RETURN_005376,ORDER_041407,BUYER_04151,SELLER_00476,2025-11-29,size_issue,approved,True,return_abuse
RETURN_005377,ORDER_041399,BUYER_04151,SELLER_00200,2025-12-11,changed_mind,approved,True,return_abuse
RETURN_005378,ORDER_006727,BUYER_00659,SELLER_00049,2025-09-06,wrong_item_received,approved,True,return_abuse
RETURN_005379,ORDER_006742,BUYER_00659,SELLER_00210,2025-08-03,defective,approved,True,return_abuse
RETURN_005380,ORDER_006717,BUYER_00659,SELLER_00326,2025-10-15,defective,approved,True,return_abuse
RETURN_005381,ORDER_006737,BUYER_00659,SELLER_00241,2025-02-16,defective,approved,True,return_abuse
RETURN_005382,ORDER_006722,BUYER_00659,SELLER_00492,2025-08-22,size_issue,approved,True,return_abuse
RETURN_005383,ORDER_006720,BUYER_00659,SELLER_00237,2025-03-09,defective,approved,True,return_abuse
RETURN_005384,ORDER_006743,BUYER_00659,SELLER_00003,2025-05-07,changed_mind,approved,True,return_abuse
RETURN_005385,ORDER_043052,BUYER_04310,SELLER_00030,2025-11-21,changed_mind,approved,True,return_abuse
RETURN_005386,ORDER_043050,BUYER_04310,SELLER_00463,2025-11-05,defective,approved,True,return_abuse
RETURN_005387,ORDER_040357,BUYER_04057,SELLER_00206,2025-12-31,changed_mind,approved,True,return_abuse
RETURN_005388,ORDER_040358,BUYER_04057,SELLER_00450,2025-12-25,defective,approved,True,return_abuse
RETURN_005389,ORDER_040366,BUYER_04057,SELLER_00109,2025-12-04,wrong_item_received,approved,True,return_abuse
RETURN_005390,ORDER_040353,BUYER_04057,SELLER_00309,2025-12-29,changed_mind,approved,True,return_abuse
RETURN_005391,ORDER_040359,BUYER_04057,SELLER_00079,2025-12-14,changed_mind,approved,True,return_abuse
RETURN_005392,ORDER_046116,BUYER_04609,SELLER_00109,2025-05-12,changed_mind,approved,True,return_abuse
RETURN_005393,ORDER_046112,BUYER_04609,SELLER_00203,2025-09-21,defective,approved,True,return_abuse
RETURN_005394,ORDER_046114,BUYER_04609,SELLER_00455,2025-07-01,size_issue,approved,True,return_abuse
RETURN_005395,ORDER_026467,BUYER_02694,SELLER_00432,2025-06-30,changed_mind,approved,True,return_abuse
RETURN_005396,ORDER_026466,BUYER_02694,SELLER_00338,2025-07-28,size_issue,approved,True,return_abuse
RETURN_005397,ORDER_017287,BUYER_01742,SELLER_00098,2025-12-29,changed_mind,approved,True,return_abuse
RETURN_005398,ORDER_017294,BUYER_01742,SELLER_00145,2025-10-16,defective,approved,True,return_abuse
RETURN_005399,ORDER_017290,BUYER_01742,SELLER_00065,2025-12-31,changed_mind,approved,True,return_abuse
RETURN_005400,ORDER_010895,BUYER_01072,SELLER_00213,2025-05-05,wrong_item_received,approved,True,return_abuse
RETURN_005401,ORDER_010898,BUYER_01072,SELLER_00459,2025-03-03,defective,approved,True,return_abuse
RETURN_005402,ORDER_016665,BUYER_01690,SELLER_00487,2025-10-13,defective,approved,True,return_abuse
RETURN_005403,ORDER_016664,BUYER_01690,SELLER_00179,2025-10-28,defective,approved,True,return_abuse
RETURN_005404,ORDER_035607,BUYER_03569,SELLER_00455,2025-07-05,size_issue,approved,True,return_abuse
RETURN_005405,ORDER_035626,BUYER_03569,SELLER_00020,2025-09-08,defective,approved,True,return_abuse
RETURN_005406,ORDER_035629,BUYER_03569,SELLER_00172,2025-07-10,defective,approved,True,return_abuse
RETURN_005407,ORDER_035628,BUYER_03569,SELLER_00382,2025-06-12,size_issue,approved,True,return_abuse
RETURN_005408,ORDER_035622,BUYER_03569,SELLER_00103,2025-06-07,changed_mind,approved,True,return_abuse
RETURN_005409,ORDER_035630,BUYER_03569,SELLER_00196,2025-06-13,changed_mind,approved,True,return_abuse
RETURN_005410,ORDER_035609,BUYER_03569,SELLER_00017,2025-10-28,changed_mind,approved,True,return_abuse
RETURN_005411,ORDER_035621,BUYER_03569,SELLER_00058,2025-06-30,size_issue,approved,True,return_abuse
RETURN_005412,ORDER_010969,BUYER_01080,SELLER_00158,2025-02-16,size_issue,approved,True,return_abuse
RETURN_005413,ORDER_010968,BUYER_01080,SELLER_00450,2025-01-30,size_issue,approved,True,return_abuse
RETURN_005414,ORDER_005025,BUYER_00490,SELLER_00151,2025-11-04,size_issue,approved,True,return_abuse
RETURN_005415,ORDER_005023,BUYER_00490,SELLER_00392,2025-07-09,changed_mind,approved,True,return_abuse
RETURN_005416,ORDER_047266,BUYER_04721,SELLER_00206,2025-12-20,size_issue,approved,True,return_abuse
RETURN_005417,ORDER_047271,BUYER_04721,SELLER_00304,2025-12-17,defective,approved,True,return_abuse
RETURN_005418,ORDER_047272,BUYER_04721,SELLER_00007,2025-12-28,defective,approved,True,return_abuse
RETURN_005419,ORDER_047269,BUYER_04721,SELLER_00265,2025-12-31,changed_mind,approved,True,return_abuse
RETURN_005420,ORDER_008535,BUYER_00825,SELLER_00393,2025-05-24,defective,approved,True,return_abuse
RETURN_005421,ORDER_018797,BUYER_01886,SELLER_00323,2025-09-29,wrong_item_received,approved,True,return_abuse
RETURN_005422,ORDER_018798,BUYER_01886,SELLER_00472,2025-04-27,defective,approved,True,return_abuse
RETURN_005423,ORDER_018803,BUYER_01886,SELLER_00122,2025-09-09,changed_mind,approved,True,return_abuse
RETURN_005424,ORDER_031594,BUYER_03174,SELLER_00218,2025-07-07,wrong_item_received,approved,True,return_abuse
RETURN_005425,ORDER_031598,BUYER_03174,SELLER_00417,2025-09-11,defective,approved,True,return_abuse
RETURN_005426,ORDER_035409,BUYER_03553,SELLER_00125,2025-12-21,changed_mind,approved,True,return_abuse
RETURN_005427,ORDER_047035,BUYER_04702,SELLER_00183,2025-12-05,wrong_item_received,approved,True,return_abuse
RETURN_005428,ORDER_047028,BUYER_04702,SELLER_00012,2025-11-25,defective,approved,True,return_abuse
RETURN_005429,ORDER_047036,BUYER_04702,SELLER_00197,2025-11-27,size_issue,approved,True,return_abuse
RETURN_005430,ORDER_047034,BUYER_04702,SELLER_00428,2025-12-09,changed_mind,approved,True,return_abuse
RETURN_005431,ORDER_039808,BUYER_04006,SELLER_00016,2025-05-06,defective,approved,True,return_abuse
RETURN_005432,ORDER_039807,BUYER_04006,SELLER_00063,2025-12-31,changed_mind,approved,True,return_abuse
RETURN_005433,ORDER_041592,BUYER_04169,SELLER_00084,2025-11-22,size_issue,approved,True,return_abuse
RETURN_005434,ORDER_041596,BUYER_04169,SELLER_00430,2025-11-15,defective,approved,True,return_abuse
RETURN_005435,ORDER_026293,BUYER_02672,SELLER_00183,2025-10-30,wrong_item_received,approved,True,return_abuse
RETURN_005436,ORDER_026290,BUYER_02672,SELLER_00094,2025-12-21,changed_mind,approved,True,return_abuse
RETURN_005437,ORDER_026288,BUYER_02672,SELLER_00244,2025-12-05,size_issue,approved,True,return_abuse
RETURN_005438,ORDER_026289,BUYER_02672,SELLER_00065,2025-12-09,defective,approved,True,return_abuse
RETURN_005439,ORDER_032768,BUYER_03274,SELLER_00040,2025-06-04,size_issue,approved,True,return_abuse
RETURN_005440,ORDER_032763,BUYER_03274,SELLER_00473,2025-07-31,defective,approved,True,return_abuse
RETURN_005441,ORDER_032753,BUYER_03274,SELLER_00368,2025-09-19,wrong_item_received,approved,True,return_abuse
RETURN_005442,ORDER_032764,BUYER_03274,SELLER_00250,2025-07-13,changed_mind,approved,True,return_abuse
RETURN_005443,ORDER_032766,BUYER_03274,SELLER_00480,2025-06-25,size_issue,approved,True,return_abuse
RETURN_005444,ORDER_032767,BUYER_03274,SELLER_00135,2025-08-31,defective,approved,True,return_abuse
RETURN_005445,ORDER_032769,BUYER_03274,SELLER_00210,2025-06-03,size_issue,approved,True,return_abuse
RETURN_005446,ORDER_049034,BUYER_04907,SELLER_00462,2025-12-11,defective,approved,True,return_abuse
RETURN_005447,ORDER_049026,BUYER_04907,SELLER_00469,2025-08-11,size_issue,approved,True,return_abuse
RETURN_005448,ORDER_049022,BUYER_04907,SELLER_00044,2025-11-13,size_issue,approved,True,return_abuse
RETURN_005449,ORDER_049024,BUYER_04907,SELLER_00340,2025-12-31,changed_mind,approved,True,return_abuse
RETURN_005450,ORDER_049020,BUYER_04907,SELLER_00195,2025-07-24,defective,approved,True,return_abuse
RETURN_005451,ORDER_049018,BUYER_04907,SELLER_00017,2025-10-01,changed_mind,approved,True,return_abuse
RETURN_005452,ORDER_049023,BUYER_04907,SELLER_00175,2025-06-05,changed_mind,approved,True,return_abuse
RETURN_005453,ORDER_025258,BUYER_02548,SELLER_00333,2025-12-31,size_issue,approved,True,return_abuse
RETURN_005454,ORDER_025260,BUYER_02548,SELLER_00423,2025-12-24,changed_mind,approved,True,return_abuse
RETURN_005455,ORDER_030284,BUYER_03052,SELLER_00267,2025-11-25,changed_mind,approved,True,return_abuse
RETURN_005456,ORDER_030285,BUYER_03052,SELLER_00029,2025-12-06,changed_mind,approved,True,return_abuse
RETURN_005457,ORDER_048050,BUYER_04803,SELLER_00301,2025-09-27,defective,approved,True,return_abuse
RETURN_005458,ORDER_048047,BUYER_04803,SELLER_00449,2025-08-14,changed_mind,approved,True,return_abuse
RETURN_005459,ORDER_048045,BUYER_04803,SELLER_00028,2025-08-24,wrong_item_received,approved,True,return_abuse
RETURN_005460,ORDER_048046,BUYER_04803,SELLER_00217,2025-06-30,changed_mind,approved,True,return_abuse
RETURN_005461,ORDER_048053,BUYER_04803,SELLER_00455,2025-07-08,changed_mind,approved,True,return_abuse
RETURN_005462,ORDER_041729,BUYER_04180,SELLER_00016,2025-11-06,size_issue,approved,True,return_abuse
RETURN_005463,ORDER_041742,BUYER_04180,SELLER_00387,2025-11-27,defective,approved,True,return_abuse
RETURN_005464,ORDER_041731,BUYER_04180,SELLER_00021,2025-12-13,defective,approved,True,return_abuse
RETURN_005465,ORDER_041739,BUYER_04180,SELLER_00325,2025-12-12,size_issue,approved,True,return_abuse
RETURN_005466,ORDER_041740,BUYER_04180,SELLER_00463,2025-12-11,defective,approved,True,return_abuse
RETURN_005467,ORDER_003686,BUYER_00351,SELLER_00017,2025-08-20,defective,approved,True,return_abuse
RETURN_005468,ORDER_009545,BUYER_00928,SELLER_00341,2025-04-12,changed_mind,approved,True,return_abuse
RETURN_005469,ORDER_009544,BUYER_00928,SELLER_00473,2025-10-26,defective,approved,True,return_abuse
RETURN_005470,ORDER_009537,BUYER_00928,SELLER_00316,2025-04-30,defective,approved,True,return_abuse
RETURN_005471,ORDER_011723,BUYER_01172,SELLER_00210,2025-12-31,changed_mind,approved,True,return_abuse
RETURN_005472,ORDER_021240,BUYER_02139,SELLER_00178,2025-12-31,size_issue,approved,True,return_abuse
RETURN_005473,ORDER_021245,BUYER_02139,SELLER_00423,2025-12-31,changed_mind,approved,True,return_abuse
RETURN_005474,ORDER_021243,BUYER_02139,SELLER_00007,2025-12-11,wrong_item_received,approved,True,return_abuse
RETURN_005475,ORDER_016679,BUYER_01692,SELLER_00472,2025-12-25,changed_mind,approved,True,return_abuse
RETURN_005476,ORDER_016673,BUYER_01692,SELLER_00174,2025-12-31,changed_mind,approved,True,return_abuse
RETURN_005477,ORDER_025619,BUYER_02591,SELLER_00467,2025-12-24,wrong_item_received,approved,True,return_abuse
RETURN_005478,ORDER_013460,BUYER_01342,SELLER_00438,2025-09-17,changed_mind,approved,True,return_abuse
RETURN_005479,ORDER_013463,BUYER_01342,SELLER_00155,2025-09-14,size_issue,approved,True,return_abuse
RETURN_005480,ORDER_004661,BUYER_00445,SELLER_00094,2025-12-10,changed_mind,approved,True,return_abuse
RETURN_005481,ORDER_011050,BUYER_01089,SELLER_00185,2025-08-16,size_issue,approved,True,return_abuse
RETURN_005482,ORDER_016703,BUYER_01695,SELLER_00019,2025-09-29,wrong_item_received,approved,True,return_abuse
RETURN_005483,ORDER_016701,BUYER_01695,SELLER_00044,2025-10-22,changed_mind,approved,True,return_abuse
RETURN_005484,ORDER_032516,BUYER_03250,SELLER_00183,2025-11-25,defective,approved,True,return_abuse
RETURN_005485,ORDER_032514,BUYER_03250,SELLER_00423,2025-12-31,changed_mind,approved,True,return_abuse
RETURN_005486,ORDER_032515,BUYER_03250,SELLER_00307,2025-12-22,size_issue,approved,True,return_abuse
RETURN_005487,ORDER_001927,BUYER_00177,SELLER_00390,2025-12-29,size_issue,approved,True,return_abuse
RETURN_005488,ORDER_001931,BUYER_00177,SELLER_00246,2025-12-27,size_issue,approved,True,return_abuse
RETURN_005489,ORDER_001933,BUYER_00177,SELLER_00016,2025-12-11,changed_mind,approved,True,return_abuse
RETURN_005490,ORDER_001926,BUYER_00177,SELLER_00309,2025-12-23,defective,approved,True,return_abuse
RETURN_005491,ORDER_025341,BUYER_02560,SELLER_00329,2025-07-15,changed_mind,approved,True,return_abuse
RETURN_005492,ORDER_040190,BUYER_04033,SELLER_00062,2025-09-22,defective,approved,True,return_abuse
RETURN_005493,ORDER_040182,BUYER_04033,SELLER_00024,2025-12-31,size_issue,approved,True,return_abuse
RETURN_005494,ORDER_040180,BUYER_04033,SELLER_00447,2025-12-16,defective,approved,True,return_abuse
RETURN_005495,ORDER_040181,BUYER_04033,SELLER_00430,2025-12-11,changed_mind,approved,True,return_abuse
RETURN_005496,ORDER_040183,BUYER_04033,SELLER_00291,2025-10-05,changed_mind,approved,True,return_abuse
RETURN_005497,ORDER_026175,BUYER_02661,SELLER_00033,2025-11-03,changed_mind,approved,True,return_abuse
RETURN_005498,ORDER_043692,BUYER_04371,SELLER_00351,2025-12-31,size_issue,approved,True,return_abuse
RETURN_005499,ORDER_043689,BUYER_04371,SELLER_00313,2025-10-13,changed_mind,approved,True,return_abuse
RETURN_005500,ORDER_043695,BUYER_04371,SELLER_00084,2025-11-14,defective,approved,True,return_abuse
RETURN_005501,ORDER_043696,BUYER_04371,SELLER_00141,2025-10-16,defective,approved,True,return_abuse
RETURN_005502,ORDER_008613,BUYER_00827,SELLER_00297,2025-12-20,defective,approved,True,return_abuse
RETURN_005503,ORDER_008611,BUYER_00827,SELLER_00299,2025-12-27,changed_mind,approved,True,return_abuse
RETURN_005504,ORDER_006302,BUYER_00618,SELLER_00078,2025-12-31,changed_mind,approved,True,return_abuse
RETURN_005505,ORDER_006304,BUYER_00618,SELLER_00065,2025-12-29,wrong_item_received,approved,True,return_abuse
RETURN_005506,ORDER_006317,BUYER_00618,SELLER_00417,2025-12-15,changed_mind,approved,True,return_abuse
RETURN_005507,ORDER_006309,BUYER_00618,SELLER_00016,2025-12-17,defective,approved,True,return_abuse
RETURN_005508,ORDER_006318,BUYER_00618,SELLER_00155,2025-12-20,changed_mind,approved,True,return_abuse
RETURN_005509,ORDER_006305,BUYER_00618,SELLER_00317,2025-12-31,size_issue,approved,True,return_abuse
RETURN_005510,ORDER_027519,BUYER_02779,SELLER_00185,2025-08-23,changed_mind,approved,True,return_abuse
RETURN_005511,ORDER_027516,BUYER_02779,SELLER_00438,2025-09-12,defective,approved,True,return_abuse
RETURN_005512,ORDER_027517,BUYER_02779,SELLER_00316,2025-11-26,defective,approved,True,return_abuse
RETURN_005513,ORDER_027307,BUYER_02770,SELLER_00443,2025-12-21,size_issue,approved,True,seller_buyer_collusion
RETURN_005514,ORDER_029983,BUYER_03022,SELLER_00443,2025-12-23,size_issue,approved,True,seller_buyer_collusion
RETURN_005515,ORDER_023380,BUYER_02358,SELLER_00443,2025-12-23,changed_mind,approved,True,seller_buyer_collusion
RETURN_005516,ORDER_015364,BUYER_01546,SELLER_00443,2025-12-23,changed_mind,approved,True,seller_buyer_collusion
RETURN_005517,ORDER_033029,BUYER_03304,SELLER_00269,2025-11-14,size_issue,approved,True,seller_buyer_collusion
RETURN_005518,ORDER_048284,BUYER_04830,SELLER_00269,2025-11-15,changed_mind,approved,True,seller_buyer_collusion
RETURN_005519,ORDER_009119,BUYER_00883,SELLER_00269,2025-11-13,defective,approved,True,seller_buyer_collusion
RETURN_005520,ORDER_027538,BUYER_02781,SELLER_00269,2025-11-20,defective,approved,True,seller_buyer_collusion
RETURN_005521,ORDER_027986,BUYER_02830,SELLER_00156,2025-12-27,changed_mind,approved,True,seller_buyer_collusion
RETURN_005522,ORDER_005934,BUYER_00579,SELLER_00156,2025-12-25,defective,approved,True,seller_buyer_collusion
RETURN_005523,ORDER_022956,BUYER_02318,SELLER_00156,2025-12-27,defective,approved,True,seller_buyer_collusion
RETURN_005524,ORDER_009639,BUYER_00940,SELLER_00156,2025-12-23,defective,approved,True,seller_buyer_collusion
RETURN_005525,ORDER_044164,BUYER_04422,SELLER_00267,2025-12-02,wrong_item_received,approved,True,seller_buyer_collusion
RETURN_005526,ORDER_032085,BUYER_03220,SELLER_00267,2025-11-30,changed_mind,approved,True,seller_buyer_collusion
RETURN_005527,ORDER_028864,BUYER_02919,SELLER_00187,2025-12-04,defective,approved,True,seller_buyer_collusion
RETURN_005528,ORDER_049752,BUYER_04969,SELLER_00187,2025-12-02,wrong_item_received,approved,True,seller_buyer_collusion
RETURN_005529,ORDER_042509,BUYER_04254,SELLER_00187,2025-12-07,changed_mind,approved,True,seller_buyer_collusion
RETURN_005530,ORDER_014357,BUYER_01448,SELLER_00139,2025-11-13,wrong_item_received,approved,True,seller_buyer_collusion
RETURN_005531,ORDER_031308,BUYER_03138,SELLER_00139,2025-11-10,wrong_item_received,approved,True,seller_buyer_collusion
RETURN_005532,ORDER_037612,BUYER_03778,SELLER_00485,2025-12-19,changed_mind,approved,True,seller_buyer_collusion
RETURN_005533,ORDER_033398,BUYER_03348,SELLER_00485,2025-12-21,defective,approved,True,seller_buyer_collusion
RETURN_005534,ORDER_005417,BUYER_00534,SELLER_00485,2025-12-14,changed_mind,approved,True,seller_buyer_collusion
RETURN_005535,ORDER_047673,BUYER_04760,SELLER_00399,2025-12-05,size_issue,approved,True,seller_buyer_collusion
RETURN_005536,ORDER_002779,BUYER_00263,SELLER_00399,2025-12-12,wrong_item_received,approved,True,seller_buyer_collusion
RETURN_005537,ORDER_002301,BUYER_00215,SELLER_00131,2025-12-01,wrong_item_received,approved,True,seller_buyer_collusion
RETURN_005538,ORDER_040494,BUYER_04069,SELLER_00131,2025-11-29,defective,approved,True,seller_buyer_collusion
RETURN_005539,ORDER_015576,BUYER_01561,SELLER_00102,2025-12-27,changed_mind,approved,True,seller_buyer_collusion
RETURN_005540,ORDER_045800,BUYER_04582,SELLER_00102,2025-12-25,defective,approved,True,seller_buyer_collusion
RETURN_005541,ORDER_044920,BUYER_04489,SELLER_00078,2025-12-27,changed_mind,approved,True,seller_buyer_collusion
RETURN_005542,ORDER_040436,BUYER_04063,SELLER_00078,2025-12-24,changed_mind,approved,True,seller_buyer_collusion
RETURN_005543,ORDER_019429,BUYER_01947,SELLER_00078,2025-12-29,changed_mind,approved,True,seller_buyer_collusion
RETURN_005544,ORDER_035825,BUYER_03591,SELLER_00078,2025-12-26,changed_mind,approved,True,seller_buyer_collusion
RETURN_005545,ORDER_019993,BUYER_02010,SELLER_00287,2025-12-02,defective,approved,True,seller_buyer_collusion
RETURN_005546,ORDER_006609,BUYER_00649,SELLER_00287,2025-12-01,changed_mind,approved,True,seller_buyer_collusion
RETURN_005547,ORDER_038995,BUYER_03924,SELLER_00287,2025-12-06,size_issue,approved,True,seller_buyer_collusion
RETURN_005548,ORDER_038073,BUYER_03826,SELLER_00287,2025-12-06,changed_mind,approved,True,seller_buyer_collusion
RETURN_005549,ORDER_008653,BUYER_00832,SELLER_00127,2025-12-18,changed_mind,approved,True,seller_buyer_collusion
RETURN_005550,ORDER_013864,BUYER_01390,SELLER_00127,2025-12-17,defective,approved,True,seller_buyer_collusion
RETURN_005551,ORDER_023079,BUYER_02325,SELLER_00127,2025-12-22,defective,approved,True,seller_buyer_collusion
RETURN_005552,ORDER_032693,BUYER_03267,SELLER_00127,2025-12-21,defective,approved,True,seller_buyer_collusion
RETURN_005553,ORDER_005442,BUYER_00536,SELLER_00403,2025-11-18,defective,approved,True,seller_buyer_collusion
RETURN_005554,ORDER_040505,BUYER_04069,SELLER_00343,2025-12-16,changed_mind,approved,True,seller_buyer_collusion
RETURN_005555,ORDER_040724,BUYER_04092,SELLER_00343,2025-12-10,defective,approved,True,seller_buyer_collusion
RETURN_005556,ORDER_021624,BUYER_02173,SELLER_00343,2025-12-10,wrong_item_received,approved,True,seller_buyer_collusion
RETURN_005557,ORDER_026605,BUYER_02710,SELLER_00343,2025-12-12,wrong_item_received,approved,True,seller_buyer_collusion
RETURN_005558,ORDER_047531,BUYER_04746,SELLER_00343,2025-12-09,size_issue,approved,True,seller_buyer_collusion
RETURN_005559,ORDER_036254,BUYER_03634,SELLER_00014,2025-12-03,defective,approved,True,seller_buyer_collusion
RETURN_005560,ORDER_019756,BUYER_01985,SELLER_00036,2025-09-25,changed_mind,approved,True,seller_buyer_collusion
RETURN_005561,ORDER_003241,BUYER_00307,SELLER_00036,2025-09-21,size_issue,approved,True,seller_buyer_collusion
RETURN_005562,ORDER_025076,BUYER_02530,SELLER_00036,2025-09-25,wrong_item_received,approved,True,seller_buyer_collusion
RETURN_005563,ORDER_046257,BUYER_04625,SELLER_00278,2025-10-22,changed_mind,approved,True,seller_buyer_collusion
RETURN_005564,ORDER_009299,BUYER_00902,SELLER_00278,2025-10-21,wrong_item_received,approved,True,seller_buyer_collusion
RETURN_005565,ORDER_041075,BUYER_04123,SELLER_00278,2025-10-22,wrong_item_received,approved,True,seller_buyer_collusion
RETURN_005566,ORDER_047606,BUYER_04750,SELLER_00278,2025-10-16,size_issue,approved,True,seller_buyer_collusion
RETURN_005567,ORDER_046241,BUYER_04624,SELLER_00457,2025-12-08,size_issue,approved,True,seller_buyer_collusion
RETURN_005568,ORDER_046099,BUYER_04608,SELLER_00457,2025-12-08,changed_mind,approved,True,seller_buyer_collusion
RETURN_005569,ORDER_024322,BUYER_02455,SELLER_00457,2025-12-10,defective,approved,True,seller_buyer_collusion
RETURN_005570,ORDER_026196,BUYER_02664,SELLER_00244,2025-12-22,size_issue,approved,True,seller_buyer_collusion
RETURN_005571,ORDER_009015,BUYER_00872,SELLER_00244,2025-12-20,size_issue,approved,True,seller_buyer_collusion
RETURN_005572,ORDER_024843,BUYER_02507,SELLER_00210,2025-12-22,wrong_item_received,approved,True,seller_buyer_collusion
RETURN_005573,ORDER_000821,BUYER_00080,SELLER_00210,2025-12-22,size_issue,approved,True,seller_buyer_collusion
RETURN_005574,ORDER_001149,BUYER_00115,SELLER_00210,2025-12-23,wrong_item_received,approved,True,seller_buyer_collusion
RETURN_005575,ORDER_004326,BUYER_00414,SELLER_00209,2025-12-10,defective,approved,True,seller_buyer_collusion
RETURN_005576,ORDER_047775,BUYER_04775,SELLER_00209,2025-12-10,changed_mind,approved,True,seller_buyer_collusion
RETURN_005577,ORDER_027908,BUYER_02821,SELLER_00225,2025-12-19,defective,approved,True,seller_buyer_collusion
RETURN_005578,ORDER_049914,BUYER_04990,SELLER_00225,2025-12-18,defective,approved,True,seller_buyer_collusion
RETURN_005579,ORDER_004967,BUYER_00481,SELLER_00445,2025-11-19,changed_mind,approved,True,seller_buyer_collusion
RETURN_005580,ORDER_022201,BUYER_02238,SELLER_00445,2025-11-16,defective,approved,True,seller_buyer_collusion
RETURN_005581,ORDER_015702,BUYER_01580,SELLER_00117,2025-11-11,wrong_item_received,approved,True,seller_buyer_collusion
RETURN_005582,ORDER_006278,BUYER_00615,SELLER_00117,2025-11-12,defective,approved,True,seller_buyer_collusion
RETURN_005583,ORDER_037696,BUYER_03787,SELLER_00117,2025-11-15,wrong_item_received,approved,True,seller_buyer_collusion
RETURN_005584,ORDER_041579,BUYER_04167,SELLER_00228,2025-12-22,changed_mind,approved,True,seller_buyer_collusion
RETURN_005585,ORDER_019745,BUYER_01984,SELLER_00228,2025-12-17,wrong_item_received,approved,True,seller_buyer_collusion
RETURN_005586,ORDER_014475,BUYER_01460,SELLER_00146,2025-12-24,wrong_item_received,approved,True,seller_buyer_collusion
RETURN_005587,ORDER_007399,BUYER_00720,SELLER_00146,2025-12-24,defective,approved,True,seller_buyer_collusion
RETURN_005588,ORDER_012695,BUYER_01271,SELLER_00382,2025-12-19,size_issue,approved,True,seller_buyer_collusion
RETURN_005589,ORDER_046622,BUYER_04662,SELLER_00382,2025-12-17,defective,approved,True,seller_buyer_collusion
RETURN_005590,ORDER_008970,BUYER_00867,SELLER_00382,2025-12-14,changed_mind,approved,True,seller_buyer_collusion
RETURN_005591,ORDER_031474,BUYER_03158,SELLER_00382,2025-12-13,defective,approved,True,seller_buyer_collusion
RETURN_005592,ORDER_008233,BUYER_00796,SELLER_00043,2025-12-18,size_issue,approved,True,seller_buyer_collusion
RETURN_005593,ORDER_042397,BUYER_04238,SELLER_00043,2025-12-16,size_issue,approved,True,seller_buyer_collusion
RETURN_005594,ORDER_036733,BUYER_03680,SELLER_00421,2025-11-05,wrong_item_received,approved,True,seller_buyer_collusion
RETURN_005595,ORDER_022470,BUYER_02267,SELLER_00421,2025-11-04,defective,approved,True,seller_buyer_collusion
RETURN_005596,ORDER_030763,BUYER_03094,SELLER_00421,2025-11-07,changed_mind,approved,True,seller_buyer_collusion
RETURN_005597,ORDER_020457,BUYER_02052,SELLER_00327,2025-11-10,defective,approved,True,seller_buyer_collusion
RETURN_005598,ORDER_003195,BUYER_00305,SELLER_00327,2025-11-09,changed_mind,approved,True,seller_buyer_collusion
RETURN_005599,ORDER_030562,BUYER_03079,SELLER_00327,2025-11-09,defective,approved,True,seller_buyer_collusion
RETURN_005600,ORDER_020590,BUYER_02070,SELLER_00327,2025-11-09,changed_mind,approved,True,seller_buyer_collusion
RETURN_005601,ORDER_036715,BUYER_03677,SELLER_00221,2025-12-09,defective,approved,True,seller_buyer_collusion
RETURN_005602,ORDER_021263,BUYER_02140,SELLER_00221,2025-12-07,defective,approved,True,seller_buyer_collusion
RETURN_005603,ORDER_047666,BUYER_04758,SELLER_00221,2025-12-06,defective,approved,True,seller_buyer_collusion
RETURN_005604,ORDER_003955,BUYER_00380,SELLER_00337,2025-10-15,changed_mind,approved,True,seller_buyer_collusion
RETURN_005605,ORDER_025090,BUYER_02530,SELLER_00337,2025-10-17,wrong_item_received,approved,True,seller_buyer_collusion
RETURN_005606,ORDER_041638,BUYER_04173,SELLER_00231,2025-09-07,changed_mind,approved,True,seller_buyer_collusion
RETURN_005607,ORDER_045587,BUYER_04562,SELLER_00231,2025-09-08,size_issue,approved,True,seller_buyer_collusion
RETURN_005608,ORDER_036635,BUYER_03667,SELLER_00231,2025-08-31,changed_mind,approved,True,seller_buyer_collusion
RETURN_005609,ORDER_036398,BUYER_03647,SELLER_00069,2025-12-19,defective,approved,True,seller_buyer_collusion
RETURN_005610,ORDER_025433,BUYER_02570,SELLER_00069,2025-12-16,size_issue,approved,True,seller_buyer_collusion
RETURN_005611,ORDER_022617,BUYER_02281,SELLER_00069,2025-12-16,size_issue,approved,True,seller_buyer_collusion
RETURN_005612,ORDER_039650,BUYER_03991,SELLER_00069,2025-12-21,size_issue,approved,True,seller_buyer_collusion
RETURN_005613,ORDER_039462,BUYER_03972,SELLER_00025,2025-12-16,size_issue,approved,True,seller_buyer_collusion
RETURN_005614,ORDER_010757,BUYER_01053,SELLER_00025,2025-12-20,wrong_item_received,approved,True,seller_buyer_collusion
RETURN_005615,ORDER_013510,BUYER_01347,SELLER_00025,2025-12-17,wrong_item_received,approved,True,seller_buyer_collusion
RETURN_005616,ORDER_005349,BUYER_00526,SELLER_00025,2025-12-21,wrong_item_received,approved,True,seller_buyer_collusion
RETURN_005617,ORDER_031867,BUYER_03197,SELLER_00186,2025-12-23,changed_mind,approved,True,seller_buyer_collusion
RETURN_005618,ORDER_016014,BUYER_01613,SELLER_00186,2025-12-24,defective,approved,True,seller_buyer_collusion
RETURN_005619,ORDER_005860,BUYER_00575,SELLER_00141,2025-12-09,defective,approved,True,seller_buyer_collusion
RETURN_005620,ORDER_015746,BUYER_01586,SELLER_00141,2025-12-07,changed_mind,approved,True,seller_buyer_collusion
RETURN_005621,ORDER_003946,BUYER_00379,SELLER_00199,2025-10-18,defective,approved,True,seller_buyer_collusion
RETURN_005622,ORDER_030812,BUYER_03094,SELLER_00199,2025-10-18,size_issue,approved,True,seller_buyer_collusion
RETURN_005623,ORDER_018382,BUYER_01852,SELLER_00199,2025-10-18,changed_mind,approved,True,seller_buyer_collusion
RETURN_005624,ORDER_019235,BUYER_01923,SELLER_00433,2025-12-11,size_issue,approved,True,seller_buyer_collusion
RETURN_005625,ORDER_044884,BUYER_04487,SELLER_00389,2025-12-18,defective,approved,True,seller_buyer_collusion
RETURN_005626,ORDER_032958,BUYER_03297,SELLER_00389,2025-12-18,changed_mind,approved,True,seller_buyer_collusion
RETURN_005627,ORDER_046613,BUYER_04661,SELLER_00189,2025-12-18,changed_mind,approved,True,seller_buyer_collusion
RETURN_005628,ORDER_048214,BUYER_04823,SELLER_00189,2025-12-24,size_issue,approved,True,seller_buyer_collusion
RETURN_005629,ORDER_033769,BUYER_03384,SELLER_00189,2025-12-20,defective,approved,True,seller_buyer_collusion
RETURN_005630,ORDER_043858,BUYER_04387,SELLER_00232,2025-12-24,wrong_item_received,approved,True,seller_buyer_collusion
RETURN_005631,ORDER_010586,BUYER_01036,SELLER_00232,2025-12-24,defective,approved,True,seller_buyer_collusion
RETURN_005632,ORDER_002836,BUYER_00269,SELLER_00292,2025-11-23,changed_mind,approved,True,seller_buyer_collusion
RETURN_005633,ORDER_038623,BUYER_03879,SELLER_00292,2025-11-21,changed_mind,approved,True,seller_buyer_collusion
RETURN_005634,ORDER_001608,BUYER_00145,SELLER_00292,2025-11-17,defective,approved,True,seller_buyer_collusion
RETURN_005635,ORDER_028427,BUYER_02875,SELLER_00407,2025-10-23,wrong_item_received,approved,True,seller_buyer_collusion
RETURN_005636,ORDER_037045,BUYER_03714,SELLER_00407,2025-10-28,defective,approved,True,seller_buyer_collusion
RETURN_005637,ORDER_020788,BUYER_02088,SELLER_00407,2025-10-24,defective,approved,True,seller_buyer_collusion
RETURN_005638,ORDER_032653,BUYER_03263,SELLER_00486,2025-12-21,changed_mind,approved,True,seller_buyer_collusion
RETURN_005639,ORDER_031596,BUYER_03174,SELLER_00486,2025-12-26,changed_mind,approved,True,seller_buyer_collusion
RETURN_005640,ORDER_013769,BUYER_01380,SELLER_00438,2025-12-20,size_issue,approved,True,seller_buyer_collusion
RETURN_005641,ORDER_044344,BUYER_04437,SELLER_00438,2025-12-19,wrong_item_received,approved,True,seller_buyer_collusion
RETURN_005642,ORDER_013490,BUYER_01345,SELLER_00438,2025-12-21,changed_mind,approved,True,seller_buyer_collusion
RETURN_005643,ORDER_026501,BUYER_02698,SELLER_00254,2025-12-06,changed_mind,approved,True,seller_buyer_collusion
RETURN_005644,ORDER_042031,BUYER_04209,SELLER_00254,2025-12-05,defective,approved,True,seller_buyer_collusion
RETURN_005645,ORDER_026314,BUYER_02673,SELLER_00254,2025-12-07,defective,approved,True,seller_buyer_collusion
RETURN_005646,ORDER_030849,BUYER_03099,SELLER_00212,2025-12-24,wrong_item_received,approved,True,seller_buyer_collusion
RETURN_005647,ORDER_038303,BUYER_03849,SELLER_00323,2025-12-07,size_issue,approved,True,seller_buyer_collusion
RETURN_005648,ORDER_017094,BUYER_01720,SELLER_00465,2025-09-24,size_issue,approved,True,seller_buyer_collusion
RETURN_005649,ORDER_031873,BUYER_03197,SELLER_00465,2025-09-26,wrong_item_received,approved,True,seller_buyer_collusion
RETURN_005650,ORDER_002452,BUYER_00228,SELLER_00491,2025-12-18,size_issue,approved,True,seller_buyer_collusion
RETURN_005651,ORDER_049352,BUYER_04939,SELLER_00491,2025-12-18,changed_mind,approved,True,seller_buyer_collusion
RETURN_005652,ORDER_039724,BUYER_03999,SELLER_00491,2025-12-14,defective,approved,True,seller_buyer_collusion
RETURN_005653,ORDER_012809,BUYER_01281,SELLER_00011,2025-12-22,size_issue,approved,True,seller_buyer_collusion
RETURN_005654,ORDER_002896,BUYER_00276,SELLER_00011,2025-12-25,size_issue,approved,True,seller_buyer_collusion
RETURN_005655,ORDER_019559,BUYER_01961,SELLER_00362,2025-12-19,size_issue,approved,True,seller_buyer_collusion
RETURN_005656,ORDER_012616,BUYER_01267,SELLER_00255,2025-12-30,changed_mind,approved,True,seller_buyer_collusion
RETURN_005657,ORDER_029679,BUYER_02993,SELLER_00255,2025-12-27,wrong_item_received,approved,True,seller_buyer_collusion
RETURN_005658,ORDER_026706,BUYER_02718,SELLER_00255,2025-12-31,changed_mind,approved,True,seller_buyer_collusion
RETURN_005659,ORDER_030134,BUYER_03037,SELLER_00255,2025-12-30,changed_mind,approved,True,seller_buyer_collusion
RETURN_005660,ORDER_012075,BUYER_01212,SELLER_00376,2025-11-06,defective,approved,True,seller_buyer_collusion
RETURN_005661,ORDER_008470,BUYER_00816,SELLER_00376,2025-11-03,changed_mind,approved,True,seller_buyer_collusion
RETURN_005662,ORDER_044446,BUYER_04448,SELLER_00376,2025-11-03,defective,approved,True,seller_buyer_collusion
RETURN_005663,ORDER_008442,BUYER_00816,SELLER_00376,2025-10-26,size_issue,approved,True,seller_buyer_collusion
RETURN_005664,ORDER_008475,BUYER_00816,SELLER_00376,2025-11-03,changed_mind,approved,True,seller_buyer_collusion
RETURN_005665,ORDER_019989,BUYER_02010,SELLER_00135,2025-11-01,changed_mind,approved,True,seller_buyer_collusion
RETURN_005666,ORDER_001055,BUYER_00103,SELLER_00135,2025-10-28,changed_mind,approved,True,seller_buyer_collusion
RETURN_005667,ORDER_030828,BUYER_03096,SELLER_00135,2025-10-28,wrong_item_received,approved,True,seller_buyer_collusion
RETURN_005668,ORDER_039654,BUYER_03992,SELLER_00135,2025-10-24,changed_mind,approved,True,seller_buyer_collusion
RETURN_005669,ORDER_032177,BUYER_03228,SELLER_00135,2025-10-27,changed_mind,approved,True,seller_buyer_collusion
RETURN_005670,ORDER_032111,BUYER_03221,SELLER_00253,2025-12-31,defective,approved,True,seller_buyer_collusion
RETURN_005671,ORDER_034847,BUYER_03494,SELLER_00412,2025-10-28,changed_mind,approved,True,seller_buyer_collusion
RETURN_005672,ORDER_036788,BUYER_03685,SELLER_00412,2025-11-02,changed_mind,approved,True,seller_buyer_collusion
RETURN_005673,ORDER_030785,BUYER_03094,SELLER_00412,2025-11-01,defective,approved,True,seller_buyer_collusion
RETURN_005674,ORDER_043801,BUYER_04380,SELLER_00121,2025-10-19,changed_mind,approved,True,seller_buyer_collusion
RETURN_005675,ORDER_026279,BUYER_02670,SELLER_00121,2025-10-19,defective,approved,True,seller_buyer_collusion
RETURN_005676,ORDER_005015,BUYER_00488,SELLER_00121,2025-10-15,defective,approved,True,seller_buyer_collusion
RETURN_005677,ORDER_012663,BUYER_01268,SELLER_00196,2025-12-13,wrong_item_received,approved,True,seller_buyer_collusion
RETURN_005678,ORDER_006196,BUYER_00606,SELLER_00033,2025-10-18,wrong_item_received,approved,True,seller_buyer_collusion
RETURN_005679,ORDER_001979,BUYER_00181,SELLER_00033,2025-10-19,changed_mind,approved,True,seller_buyer_collusion
RETURN_005680,ORDER_025925,BUYER_02628,SELLER_00033,2025-10-22,changed_mind,approved,True,seller_buyer_collusion
RETURN_005681,ORDER_030477,BUYER_03071,SELLER_00175,2025-12-19,changed_mind,approved,True,seller_buyer_collusion
RETURN_005682,ORDER_047488,BUYER_04742,SELLER_00021,2025-12-20,defective,approved,True,seller_buyer_collusion
RETURN_005683,ORDER_013560,BUYER_01352,SELLER_00021,2025-12-17,defective,approved,True,seller_buyer_collusion
RETURN_005684,ORDER_013177,BUYER_01322,SELLER_00047,2025-11-28,size_issue,approved,True,seller_buyer_collusion
RETURN_005685,ORDER_027045,BUYER_02751,SELLER_00047,2025-12-03,changed_mind,approved,True,seller_buyer_collusion
RETURN_005686,ORDER_001397,BUYER_00134,SELLER_00452,2025-12-09,wrong_item_received,approved,True,seller_buyer_collusion
RETURN_005687,ORDER_034156,BUYER_03425,SELLER_00452,2025-12-11,size_issue,approved,True,seller_buyer_collusion
RETURN_005688,ORDER_044499,BUYER_04452,SELLER_00452,2025-12-10,defective,approved,True,seller_buyer_collusion
RETURN_005689,ORDER_010183,BUYER_00997,SELLER_00132,2025-11-22,changed_mind,approved,True,seller_buyer_collusion
RETURN_005690,ORDER_001557,BUYER_00142,SELLER_00132,2025-11-24,size_issue,approved,True,seller_buyer_collusion
RETURN_005691,ORDER_030403,BUYER_03063,SELLER_00132,2025-11-24,changed_mind,approved,True,seller_buyer_collusion
RETURN_005692,ORDER_004647,BUYER_00444,SELLER_00383,2025-11-27,defective,approved,True,seller_buyer_collusion
RETURN_005693,ORDER_021580,BUYER_02168,SELLER_00378,2025-12-23,defective,approved,True,seller_buyer_collusion
RETURN_005694,ORDER_008871,BUYER_00855,SELLER_00378,2025-12-24,changed_mind,approved,True,seller_buyer_collusion
RETURN_005695,ORDER_048198,BUYER_04822,SELLER_00378,2025-12-25,defective,approved,True,seller_buyer_collusion
RETURN_005696,ORDER_023341,BUYER_02354,SELLER_00118,2025-10-28,defective,approved,True,seller_buyer_collusion
RETURN_005697,ORDER_043187,BUYER_04322,SELLER_00118,2025-10-26,changed_mind,approved,True,seller_buyer_collusion
RETURN_005698,ORDER_007323,BUYER_00712,SELLER_00118,2025-10-25,defective,approved,True,seller_buyer_collusion
RETURN_005699,ORDER_011480,BUYER_01139,SELLER_00143,2025-07-25,defective,approved,True,seller_buyer_collusion
RETURN_005700,ORDER_031712,BUYER_03188,SELLER_00143,2025-07-25,wrong_item_received,approved,True,seller_buyer_collusion
RETURN_005701,ORDER_039477,BUYER_03974,SELLER_00143,2025-07-23,defective,approved,True,seller_buyer_collusion
RETURN_005702,ORDER_039227,BUYER_03950,SELLER_00489,2025-11-30,size_issue,approved,True,seller_buyer_collusion
RETURN_005703,ORDER_020239,BUYER_02030,SELLER_00489,2025-11-27,size_issue,approved,True,seller_buyer_collusion
RETURN_005704,ORDER_008755,BUYER_00843,SELLER_00489,2025-11-28,changed_mind,approved,True,seller_buyer_collusion
RETURN_005705,ORDER_026049,BUYER_02642,SELLER_00489,2025-11-26,size_issue,approved,True,seller_buyer_collusion
RETURN_005706,ORDER_014951,BUYER_01506,SELLER_00365,2025-12-03,size_issue,approved,True,seller_buyer_collusion
RETURN_005707,ORDER_046699,BUYER_04668,SELLER_00365,2025-12-05,defective,approved,True,seller_buyer_collusion
RETURN_005708,ORDER_005733,BUYER_00560,SELLER_00113,2025-12-08,defective,approved,True,seller_buyer_collusion
RETURN_005709,ORDER_014459,BUYER_01457,SELLER_00113,2025-12-04,defective,approved,True,seller_buyer_collusion
RETURN_005710,ORDER_003949,BUYER_00379,SELLER_00019,2025-12-30,defective,approved,True,seller_buyer_collusion
RETURN_005711,ORDER_038238,BUYER_03839,SELLER_00019,2025-12-23,defective,approved,True,seller_buyer_collusion
RETURN_005712,ORDER_011465,BUYER_01137,SELLER_00028,2025-09-15,defective,approved,True,seller_buyer_collusion
RETURN_005713,ORDER_033678,BUYER_03375,SELLER_00411,2025-12-05,changed_mind,approved,True,seller_buyer_collusion
RETURN_005714,ORDER_033981,BUYER_03403,SELLER_00411,2025-12-05,size_issue,approved,True,seller_buyer_collusion
RETURN_005715,ORDER_036338,BUYER_03639,SELLER_00206,2025-12-23,size_issue,approved,True,seller_buyer_collusion
RETURN_005716,ORDER_034111,BUYER_03419,SELLER_00206,2025-12-23,defective,approved,True,seller_buyer_collusion
RETURN_005717,ORDER_034563,BUYER_03468,SELLER_00206,2025-12-24,defective,approved,True,seller_buyer_collusion
RETURN_005718,ORDER_014854,BUYER_01497,SELLER_00206,2025-12-22,changed_mind,approved,True,seller_buyer_collusion
RETURN_005719,ORDER_007767,BUYER_00759,SELLER_00154,2025-09-18,changed_mind,approved,True,seller_buyer_collusion
RETURN_005720,ORDER_001726,BUYER_00159,SELLER_00147,2025-12-19,size_issue,approved,True,seller_buyer_collusion
RETURN_005721,ORDER_001026,BUYER_00101,SELLER_00147,2025-12-20,changed_mind,approved,True,seller_buyer_collusion
RETURN_005722,ORDER_017544,BUYER_01770,SELLER_00230,2025-12-25,wrong_item_received,approved,True,seller_buyer_collusion
RETURN_005723,ORDER_004713,BUYER_00449,SELLER_00230,2025-12-26,changed_mind,approved,True,seller_buyer_collusion
RETURN_005724,ORDER_037425,BUYER_03754,SELLER_00230,2025-12-26,changed_mind,approved,True,seller_buyer_collusion
RETURN_005725,ORDER_004838,BUYER_00466,SELLER_00294,2025-11-27,defective,approved,True,seller_buyer_collusion
RETURN_005726,ORDER_009641,BUYER_00940,SELLER_00294,2025-11-24,wrong_item_received,approved,True,seller_buyer_collusion
RETURN_005727,ORDER_031528,BUYER_03164,SELLER_00294,2025-11-23,changed_mind,approved,True,seller_buyer_collusion
RETURN_005728,ORDER_036776,BUYER_03684,SELLER_00294,2025-11-27,changed_mind,approved,True,seller_buyer_collusion
RETURN_005729,ORDER_041488,BUYER_04160,SELLER_00136,2025-09-12,changed_mind,approved,True,seller_buyer_collusion
RETURN_005730,ORDER_032436,BUYER_03245,SELLER_00136,2025-09-08,wrong_item_received,approved,True,seller_buyer_collusion
RETURN_005731,ORDER_029642,BUYER_02987,SELLER_00136,2025-09-04,changed_mind,approved,True,seller_buyer_collusion
RETURN_005732,ORDER_048157,BUYER_04818,SELLER_00136,2025-09-10,size_issue,approved,True,seller_buyer_collusion
RETURN_005733,ORDER_008305,BUYER_00805,SELLER_00136,2025-09-08,size_issue,approved,True,seller_buyer_collusion
RETURN_005734,ORDER_044360,BUYER_04438,SELLER_00045,2025-11-18,defective,approved,True,seller_buyer_collusion
RETURN_005735,ORDER_039178,BUYER_03945,SELLER_00045,2025-11-18,wrong_item_received,approved,True,seller_buyer_collusion
RETURN_005736,ORDER_001018,BUYER_00100,SELLER_00373,2025-12-28,defective,approved,True,seller_buyer_collusion
RETURN_005737,ORDER_020759,BUYER_02087,SELLER_00373,2025-12-20,defective,approved,True,seller_buyer_collusion
RETURN_005738,ORDER_036856,BUYER_03695,SELLER_00128,2025-12-05,changed_mind,approved,True,seller_buyer_collusion
RETURN_005739,ORDER_039825,BUYER_04008,SELLER_00128,2025-12-05,size_issue,approved,True,seller_buyer_collusion
RETURN_005740,ORDER_010454,BUYER_01026,SELLER_00128,2025-12-05,defective,approved,True,seller_buyer_collusion
RETURN_005741,ORDER_004423,BUYER_00424,SELLER_00153,2025-10-22,defective,approved,True,seller_buyer_collusion
RETURN_005742,ORDER_000263,BUYER_00028,SELLER_00153,2025-10-17,changed_mind,approved,True,seller_buyer_collusion
RETURN_005743,ORDER_000262,BUYER_00028,SELLER_00153,2025-10-25,wrong_item_received,approved,True,seller_buyer_collusion
RETURN_005744,ORDER_041325,BUYER_04143,SELLER_00153,2025-10-19,size_issue,approved,True,seller_buyer_collusion
RETURN_005745,ORDER_042202,BUYER_04220,SELLER_00214,2025-10-16,changed_mind,approved,True,seller_buyer_collusion
RETURN_005746,ORDER_027543,BUYER_02781,SELLER_00214,2025-10-13,changed_mind,approved,True,seller_buyer_collusion
RETURN_005747,ORDER_016928,BUYER_01714,SELLER_00167,2025-12-24,wrong_item_received,approved,True,seller_buyer_collusion
RETURN_005748,ORDER_036953,BUYER_03705,SELLER_00167,2025-12-24,wrong_item_received,approved,True,seller_buyer_collusion
RETURN_005749,ORDER_033105,BUYER_03316,SELLER_00167,2025-12-21,wrong_item_received,approved,True,seller_buyer_collusion
RETURN_005750,ORDER_040349,BUYER_04056,SELLER_00111,2025-12-25,wrong_item_received,approved,True,seller_buyer_collusion
RETURN_005751,ORDER_005310,BUYER_00522,SELLER_00111,2025-12-26,wrong_item_received,approved,True,seller_buyer_collusion
RETURN_005752,ORDER_036692,BUYER_03675,SELLER_00111,2025-12-28,changed_mind,approved,True,seller_buyer_collusion
RETURN_005753,ORDER_047899,BUYER_04788,SELLER_00111,2025-12-26,defective,approved,True,seller_buyer_collusion
RETURN_005754,ORDER_005394,BUYER_00531,SELLER_00105,2025-12-28,defective,approved,True,seller_buyer_collusion
RETURN_005755,ORDER_030880,BUYER_03101,SELLER_00105,2025-12-25,changed_mind,approved,True,seller_buyer_collusion
RETURN_005756,ORDER_047795,BUYER_04776,SELLER_00105,2025-12-24,changed_mind,approved,True,seller_buyer_collusion
RETURN_005757,ORDER_003784,BUYER_00360,SELLER_00050,2025-12-11,changed_mind,approved,True,seller_buyer_collusion
RETURN_005758,ORDER_043161,BUYER_04322,SELLER_00050,2025-12-04,wrong_item_received,approved,True,seller_buyer_collusion
RETURN_005759,ORDER_031077,BUYER_03117,SELLER_00050,2025-12-11,defective,approved,True,seller_buyer_collusion
RETURN_005760,ORDER_040266,BUYER_04047,SELLER_00371,2025-12-26,changed_mind,approved,True,seller_buyer_collusion
RETURN_005761,ORDER_041840,BUYER_04189,SELLER_00371,2025-12-26,defective,approved,True,seller_buyer_collusion
RETURN_005762,ORDER_025044,BUYER_02527,SELLER_00439,2025-12-18,size_issue,approved,True,seller_buyer_collusion
RETURN_005763,ORDER_006997,BUYER_00678,SELLER_00439,2025-12-22,changed_mind,approved,True,seller_buyer_collusion
RETURN_005764,ORDER_044694,BUYER_04468,SELLER_00148,2025-10-17,wrong_item_received,approved,True,seller_buyer_collusion
RETURN_005765,ORDER_046143,BUYER_04610,SELLER_00148,2025-10-16,changed_mind,approved,True,seller_buyer_collusion
RETURN_005766,ORDER_014167,BUYER_01422,SELLER_00370,2025-12-22,defective,approved,True,seller_buyer_collusion
RETURN_005767,ORDER_002890,BUYER_00276,SELLER_00370,2025-12-21,defective,approved,True,seller_buyer_collusion
RETURN_005768,ORDER_047702,BUYER_04763,SELLER_00370,2025-12-22,defective,approved,True,seller_buyer_collusion
RETURN_005769,ORDER_045788,BUYER_04580,SELLER_00370,2025-12-26,changed_mind,approved,True,seller_buyer_collusion
RETURN_005770,ORDER_036582,BUYER_03663,SELLER_00377,2025-12-26,defective,approved,True,seller_buyer_collusion
RETURN_005771,ORDER_040596,BUYER_04080,SELLER_00377,2025-12-23,changed_mind,approved,True,seller_buyer_collusion
RETURN_005772,ORDER_022743,BUYER_02297,SELLER_00377,2025-12-28,wrong_item_received,approved,True,seller_buyer_collusion
RETURN_005773,ORDER_024740,BUYER_02495,SELLER_00114,2025-12-14,changed_mind,approved,True,seller_buyer_collusion
RETURN_005774,ORDER_004240,BUYER_00408,SELLER_00114,2025-12-16,wrong_item_received,approved,True,seller_buyer_collusion
RETURN_005775,ORDER_026029,BUYER_02640,SELLER_00114,2025-12-15,size_issue,approved,True,seller_buyer_collusion
RETURN_005776,ORDER_042492,BUYER_04249,SELLER_00484,2025-10-06,defective,approved,True,seller_buyer_collusion
RETURN_005777,ORDER_041800,BUYER_04187,SELLER_00484,2025-10-08,size_issue,approved,True,seller_buyer_collusion
RETURN_005778,ORDER_043785,BUYER_04378,SELLER_00484,2025-10-06,defective,approved,True,seller_buyer_collusion
RETURN_005779,ORDER_037133,BUYER_03724,SELLER_00357,2025-12-01,wrong_item_received,approved,True,seller_buyer_collusion
RETURN_005780,ORDER_028497,BUYER_02884,SELLER_00357,2025-11-29,size_issue,approved,True,seller_buyer_collusion
RETURN_005781,ORDER_043993,BUYER_04403,SELLER_00177,2025-12-25,size_issue,approved,True,seller_buyer_collusion
RETURN_005782,ORDER_028294,BUYER_02860,SELLER_00177,2025-12-22,changed_mind,approved,True,seller_buyer_collusion
RETURN_005783,ORDER_032391,BUYER_03242,SELLER_00405,2025-12-25,changed_mind,approved,True,seller_buyer_collusion
RETURN_005784,ORDER_018334,BUYER_01850,SELLER_00405,2025-12-20,changed_mind,approved,True,seller_buyer_collusion
RETURN_005785,ORDER_049774,BUYER_04972,SELLER_00137,2025-12-11,changed_mind,approved,True,seller_buyer_collusion
RETURN_005786,ORDER_043007,BUYER_04305,SELLER_00341,2025-12-28,changed_mind,approved,True,seller_buyer_collusion
RETURN_005787,ORDER_038185,BUYER_03834,SELLER_00341,2025-12-29,changed_mind,approved,True,seller_buyer_collusion
RETURN_005788,ORDER_032373,BUYER_03239,SELLER_00482,2025-12-22,changed_mind,approved,True,seller_buyer_collusion
RETURN_005789,ORDER_011181,BUYER_01103,SELLER_00482,2025-12-17,defective,approved,True,seller_buyer_collusion
RETURN_005790,ORDER_035984,BUYER_03606,SELLER_00482,2025-12-27,changed_mind,approved,True,seller_buyer_collusion
RETURN_005791,ORDER_023960,BUYER_02420,SELLER_00482,2025-12-23,changed_mind,approved,True,seller_buyer_collusion
RETURN_005792,ORDER_030713,BUYER_03091,SELLER_00482,2025-12-22,size_issue,approved,True,seller_buyer_collusion
RETURN_005793,ORDER_019932,BUYER_02004,SELLER_00279,2025-11-07,changed_mind,approved,True,seller_buyer_collusion
RETURN_005794,ORDER_003147,BUYER_00300,SELLER_00279,2025-11-09,wrong_item_received,approved,True,seller_buyer_collusion
RETURN_005795,ORDER_022394,BUYER_02261,SELLER_00468,2025-10-02,defective,approved,True,seller_buyer_collusion
RETURN_005796,ORDER_001164,BUYER_00116,SELLER_00468,2025-10-12,changed_mind,approved,True,seller_buyer_collusion
RETURN_005797,ORDER_004309,BUYER_00413,SELLER_00468,2025-10-06,size_issue,approved,True,seller_buyer_collusion
RETURN_005798,ORDER_010966,BUYER_01079,SELLER_00217,2025-10-20,defective,approved,True,seller_buyer_collusion
RETURN_005799,ORDER_027118,BUYER_02759,SELLER_00217,2025-10-18,wrong_item_received,approved,True,seller_buyer_collusion
RETURN_005800,ORDER_011493,BUYER_01139,SELLER_00217,2025-10-14,changed_mind,approved,True,seller_buyer_collusion
RETURN_005801,ORDER_044610,BUYER_04457,SELLER_00217,2025-10-21,defective,approved,True,seller_buyer_collusion
RETURN_005802,ORDER_048275,BUYER_04829,SELLER_00351,2025-10-17,defective,approved,True,seller_buyer_collusion
RETURN_005803,ORDER_005497,BUYER_00540,SELLER_00351,2025-10-13,size_issue,approved,True,seller_buyer_collusion
RETURN_005804,ORDER_018970,BUYER_01898,SELLER_00089,2025-12-10,changed_mind,approved,True,seller_buyer_collusion
RETURN_005805,ORDER_032465,BUYER_03245,SELLER_00089,2025-12-10,wrong_item_received,approved,True,seller_buyer_collusion
RETURN_005806,ORDER_032190,BUYER_03228,SELLER_00089,2025-12-13,defective,approved,True,seller_buyer_collusion
RETURN_005807,ORDER_037979,BUYER_03817,SELLER_00002,2025-12-23,defective,approved,True,seller_buyer_collusion
RETURN_005808,ORDER_036886,BUYER_03696,SELLER_00002,2025-12-23,defective,approved,True,seller_buyer_collusion
RETURN_005809,ORDER_021928,BUYER_02211,SELLER_00122,2025-10-17,wrong_item_received,approved,True,seller_buyer_collusion
RETURN_005810,ORDER_039123,BUYER_03938,SELLER_00122,2025-10-14,defective,approved,True,seller_buyer_collusion
RETURN_005811,ORDER_016641,BUYER_01687,SELLER_00122,2025-10-15,wrong_item_received,approved,True,seller_buyer_collusion
RETURN_005812,ORDER_030906,BUYER_03104,SELLER_00422,2025-10-25,size_issue,approved,True,seller_buyer_collusion
RETURN_005813,ORDER_037820,BUYER_03797,SELLER_00422,2025-10-28,changed_mind,approved,True,seller_buyer_collusion
RETURN_005814,ORDER_025017,BUYER_02526,SELLER_00406,2025-12-25,wrong_item_received,approved,True,seller_buyer_collusion
RETURN_005815,ORDER_005776,BUYER_00565,SELLER_00406,2025-12-29,wrong_item_received,approved,True,seller_buyer_collusion
RETURN_005816,ORDER_046389,BUYER_04644,SELLER_00406,2025-12-27,changed_mind,approved,True,seller_buyer_collusion
RETURN_005817,ORDER_048452,BUYER_04842,SELLER_00008,2025-11-06,defective,approved,True,seller_buyer_collusion
RETURN_005818,ORDER_006147,BUYER_00601,SELLER_00008,2025-11-05,changed_mind,approved,True,seller_buyer_collusion
RETURN_005819,ORDER_011346,BUYER_01121,SELLER_00115,2025-12-25,defective,approved,True,seller_buyer_collusion
RETURN_005820,ORDER_017810,BUYER_01802,SELLER_00115,2025-12-28,wrong_item_received,approved,True,seller_buyer_collusion
RETURN_005821,ORDER_019803,BUYER_01991,SELLER_00115,2025-12-26,defective,approved,True,seller_buyer_collusion
RETURN_005822,ORDER_046234,BUYER_04622,SELLER_00261,2025-11-21,defective,approved,True,seller_buyer_collusion
RETURN_005823,ORDER_045634,BUYER_04565,SELLER_00261,2025-11-22,changed_mind,approved,True,seller_buyer_collusion
RETURN_005824,ORDER_007834,BUYER_00767,SELLER_00261,2025-11-27,defective,approved,True,seller_buyer_collusion
RETURN_005825,ORDER_042839,BUYER_04290,SELLER_00235,2025-12-26,defective,approved,True,seller_buyer_collusion
RETURN_005826,ORDER_012185,BUYER_01227,SELLER_00235,2025-12-31,changed_mind,approved,True,seller_buyer_collusion
RETURN_005827,ORDER_014389,BUYER_01450,SELLER_00235,2025-12-24,defective,approved,True,seller_buyer_collusion
RETURN_005828,ORDER_039803,BUYER_04005,SELLER_00026,2025-10-31,defective,approved,True,seller_buyer_collusion
RETURN_005829,ORDER_008413,BUYER_00814,SELLER_00026,2025-11-03,changed_mind,approved,True,seller_buyer_collusion
RETURN_005830,ORDER_012795,BUYER_01280,SELLER_00436,2025-12-13,size_issue,approved,True,seller_buyer_collusion
RETURN_005831,ORDER_022652,BUYER_02285,SELLER_00436,2025-12-12,changed_mind,approved,True,seller_buyer_collusion
RETURN_005832,ORDER_038424,BUYER_03861,SELLER_00436,2025-12-16,changed_mind,approved,True,seller_buyer_collusion
RETURN_005833,ORDER_016675,BUYER_01692,SELLER_00248,2025-12-21,size_issue,approved,True,seller_buyer_collusion
RETURN_005834,ORDER_001505,BUYER_00140,SELLER_00248,2025-12-22,size_issue,approved,True,seller_buyer_collusion
RETURN_005835,ORDER_003460,BUYER_00333,SELLER_00248,2025-12-23,size_issue,approved,True,seller_buyer_collusion
RETURN_005836,ORDER_041264,BUYER_04139,SELLER_00090,2025-12-11,wrong_item_received,approved,True,seller_buyer_collusion
RETURN_005837,ORDER_022718,BUYER_02295,SELLER_00090,2025-12-14,defective,approved,True,seller_buyer_collusion
RETURN_005838,ORDER_042932,BUYER_04297,SELLER_00090,2025-12-15,changed_mind,approved,True,seller_buyer_collusion
RETURN_005839,ORDER_001763,BUYER_00163,SELLER_00090,2025-12-15,defective,approved,True,seller_buyer_collusion
RETURN_005840,ORDER_012902,BUYER_01292,SELLER_00090,2025-12-11,changed_mind,approved,True,seller_buyer_collusion
RETURN_005841,ORDER_017102,BUYER_01722,SELLER_00171,2025-12-26,changed_mind,approved,True,seller_buyer_collusion
RETURN_005842,ORDER_035157,BUYER_03528,SELLER_00171,2025-12-27,changed_mind,approved,True,seller_buyer_collusion
RETURN_005843,ORDER_009190,BUYER_00888,SELLER_00171,2025-12-23,defective,approved,True,seller_buyer_collusion
RETURN_005844,ORDER_011764,BUYER_01177,SELLER_00222,2025-12-15,wrong_item_received,approved,True,seller_buyer_collusion
RETURN_005845,ORDER_048687,BUYER_04869,SELLER_00222,2025-12-15,defective,approved,True,seller_buyer_collusion
RETURN_005846,ORDER_019698,BUYER_01978,SELLER_00432,2025-11-07,defective,approved,True,seller_buyer_collusion
RETURN_005847,ORDER_004173,BUYER_00402,SELLER_00432,2025-11-08,wrong_item_received,approved,True,seller_buyer_collusion
RETURN_005848,ORDER_038349,BUYER_03853,SELLER_00432,2025-11-10,defective,approved,True,seller_buyer_collusion
RETURN_005849,ORDER_001499,BUYER_00139,SELLER_00319,2025-10-24,defective,approved,True,seller_buyer_collusion
RETURN_005850,ORDER_034721,BUYER_03484,SELLER_00319,2025-10-27,defective,approved,True,seller_buyer_collusion
RETURN_005851,ORDER_004467,BUYER_00429,SELLER_00319,2025-10-30,size_issue,approved,True,seller_buyer_collusion
RETURN_005852,ORDER_001503,BUYER_00139,SELLER_00374,2025-11-13,defective,approved,True,seller_buyer_collusion
RETURN_005853,ORDER_037246,BUYER_03735,SELLER_00374,2025-11-16,changed_mind,approved,True,seller_buyer_collusion
RETURN_005854,ORDER_018693,BUYER_01874,SELLER_00374,2025-11-15,wrong_item_received,approved,True,seller_buyer_collusion
RETURN_005855,ORDER_008631,BUYER_00830,SELLER_00155,2025-11-22,changed_mind,approved,True,seller_buyer_collusion
RETURN_005856,ORDER_046419,BUYER_04646,SELLER_00155,2025-11-21,changed_mind,approved,True,seller_buyer_collusion
RETURN_005857,ORDER_010595,BUYER_01037,SELLER_00155,2025-11-25,wrong_item_received,approved,True,seller_buyer_collusion
RETURN_005858,ORDER_019190,BUYER_01918,SELLER_00041,2025-12-23,wrong_item_received,approved,True,seller_buyer_collusion
RETURN_005859,ORDER_044555,BUYER_04455,SELLER_00041,2025-12-26,defective,approved,True,seller_buyer_collusion
RETURN_005860,ORDER_030895,BUYER_03103,SELLER_00041,2025-12-25,changed_mind,approved,True,seller_buyer_collusion
RETURN_005861,ORDER_021162,BUYER_02132,SELLER_00234,2025-12-20,changed_mind,approved,True,seller_buyer_collusion
RETURN_005862,ORDER_049850,BUYER_04980,SELLER_00234,2025-12-17,size_issue,approved,True,seller_buyer_collusion
RETURN_005863,ORDER_020446,BUYER_02051,SELLER_00234,2025-12-18,wrong_item_received,approved,True,seller_buyer_collusion
RETURN_005864,ORDER_045396,BUYER_04540,SELLER_00364,2025-08-31,defective,approved,True,seller_buyer_collusion
RETURN_005865,ORDER_005390,BUYER_00531,SELLER_00364,2025-09-01,size_issue,approved,True,seller_buyer_collusion
RETURN_005866,ORDER_018606,BUYER_01866,SELLER_00203,2025-12-24,changed_mind,approved,True,seller_buyer_collusion
RETURN_005867,ORDER_041301,BUYER_04141,SELLER_00203,2025-12-25,wrong_item_received,approved,True,seller_buyer_collusion
RETURN_005868,ORDER_032277,BUYER_03233,SELLER_00203,2025-12-25,wrong_item_received,approved,True,seller_buyer_collusion
RETURN_005869,ORDER_015000,BUYER_01512,SELLER_00203,2025-12-23,size_issue,approved,True,seller_buyer_collusion
RETURN_005870,ORDER_011243,BUYER_01110,SELLER_00434,2025-11-09,defective,approved,True,seller_buyer_collusion
RETURN_005871,ORDER_047706,BUYER_04765,SELLER_00434,2025-11-17,changed_mind,approved,True,seller_buyer_collusion
RETURN_005872,ORDER_032571,BUYER_03255,SELLER_00434,2025-11-13,wrong_item_received,approved,True,seller_buyer_collusion
RETURN_005873,ORDER_024840,BUYER_02507,SELLER_00022,2025-12-22,changed_mind,approved,True,seller_buyer_collusion
RETURN_005874,ORDER_033372,BUYER_03345,SELLER_00022,2025-12-22,defective,approved,True,seller_buyer_collusion
RETURN_005875,ORDER_033127,BUYER_03316,SELLER_00022,2025-12-18,changed_mind,approved,True,seller_buyer_collusion
RETURN_005876,ORDER_004350,BUYER_00415,SELLER_00142,2025-11-14,size_issue,approved,True,seller_buyer_collusion
RETURN_005877,ORDER_039334,BUYER_03960,SELLER_00142,2025-11-11,changed_mind,approved,True,seller_buyer_collusion
RETURN_005878,ORDER_037179,BUYER_03729,SELLER_00142,2025-11-17,size_issue,approved,True,seller_buyer_collusion
RETURN_005879,ORDER_030692,BUYER_03091,SELLER_00367,2025-12-27,changed_mind,approved,True,seller_buyer_collusion
RETURN_005880,ORDER_015342,BUYER_01545,SELLER_00367,2025-12-22,wrong_item_received,approved,True,seller_buyer_collusion
RETURN_005881,ORDER_013665,BUYER_01361,SELLER_00367,2025-12-25,defective,approved,True,seller_buyer_collusion
RETURN_005882,ORDER_025686,BUYER_02597,SELLER_00386,2025-12-29,defective,approved,True,seller_buyer_collusion
RETURN_005883,ORDER_041209,BUYER_04131,SELLER_00386,2025-12-27,wrong_item_received,approved,True,seller_buyer_collusion
RETURN_005884,ORDER_039057,BUYER_03929,SELLER_00386,2025-12-26,changed_mind,approved,True,seller_buyer_collusion
RETURN_005885,ORDER_041307,BUYER_04142,SELLER_00498,2025-12-01,wrong_item_received,approved,True,seller_buyer_collusion
RETURN_005886,ORDER_006961,BUYER_00675,SELLER_00498,2025-12-02,changed_mind,approved,True,seller_buyer_collusion
RETURN_005887,ORDER_018055,BUYER_01821,SELLER_00498,2025-11-30,size_issue,approved,True,seller_buyer_collusion
RETURN_005888,ORDER_009298,BUYER_00901,SELLER_00431,2025-08-13,defective,approved,True,seller_buyer_collusion
RETURN_005889,ORDER_033230,BUYER_03325,SELLER_00431,2025-08-04,defective,approved,True,seller_buyer_collusion
RETURN_005890,ORDER_015945,BUYER_01606,SELLER_00431,2025-08-13,wrong_item_received,approved,True,seller_buyer_collusion
RETURN_005891,ORDER_020527,BUYER_02061,SELLER_00242,2025-11-17,changed_mind,approved,True,seller_buyer_collusion
RETURN_005892,ORDER_031161,BUYER_03126,SELLER_00242,2025-11-09,size_issue,approved,True,seller_buyer_collusion
RETURN_005893,ORDER_044808,BUYER_04479,SELLER_00242,2025-11-14,defective,approved,True,seller_buyer_collusion
RETURN_005894,ORDER_002291,BUYER_00214,SELLER_00242,2025-11-10,changed_mind,approved,True,seller_buyer_collusion
RETURN_005895,ORDER_023822,BUYER_02398,SELLER_00042,2025-12-07,size_issue,approved,True,seller_buyer_collusion
RETURN_005896,ORDER_022817,BUYER_02304,SELLER_00042,2025-12-03,defective,approved,True,seller_buyer_collusion
RETURN_005897,ORDER_044896,BUYER_04487,SELLER_00467,2025-12-08,changed_mind,approved,True,seller_buyer_collusion
RETURN_005898,ORDER_043856,BUYER_04387,SELLER_00180,2025-12-24,defective,approved,True,seller_buyer_collusion
RETURN_005899,ORDER_030793,BUYER_03094,SELLER_00180,2025-12-30,changed_mind,approved,True,seller_buyer_collusion
RETURN_005900,ORDER_040420,BUYER_04062,SELLER_00180,2025-12-28,changed_mind,approved,True,seller_buyer_collusion
RETURN_005901,ORDER_037984,BUYER_03817,SELLER_00180,2025-12-31,wrong_item_received,approved,True,seller_buyer_collusion
RETURN_005902,ORDER_046628,BUYER_04663,SELLER_00342,2025-12-12,size_issue,approved,True,seller_buyer_collusion
RETURN_005903,ORDER_000107,BUYER_00010,SELLER_00342,2025-12-11,size_issue,approved,True,seller_buyer_collusion
RETURN_005904,ORDER_046388,BUYER_04644,SELLER_00342,2025-12-13,changed_mind,approved,True,seller_buyer_collusion
RETURN_005905,ORDER_012879,BUYER_01290,SELLER_00342,2025-12-08,changed_mind,approved,True,seller_buyer_collusion
RETURN_005906,ORDER_006496,BUYER_00637,SELLER_00226,2025-11-20,changed_mind,approved,True,seller_buyer_collusion
RETURN_005907,ORDER_018129,BUYER_01828,SELLER_00414,2025-12-17,changed_mind,approved,True,seller_buyer_collusion
RETURN_005908,ORDER_023734,BUYER_02390,SELLER_00414,2025-12-26,defective,approved,True,seller_buyer_collusion
RETURN_005909,ORDER_007939,BUYER_00778,SELLER_00414,2025-12-26,changed_mind,approved,True,seller_buyer_collusion
RETURN_005910,ORDER_022081,BUYER_02229,SELLER_00414,2025-12-23,changed_mind,approved,True,seller_buyer_collusion
RETURN_005911,ORDER_012854,BUYER_01286,SELLER_00077,2025-12-01,defective,approved,True,seller_buyer_collusion
RETURN_005912,ORDER_028071,BUYER_02841,SELLER_00077,2025-12-01,size_issue,approved,True,seller_buyer_collusion
RETURN_005913,ORDER_021695,BUYER_02181,SELLER_00077,2025-11-26,changed_mind,approved,True,seller_buyer_collusion
RETURN_005914,ORDER_043022,BUYER_04308,SELLER_00479,2025-12-21,changed_mind,approved,True,seller_buyer_collusion
RETURN_005915,ORDER_045250,BUYER_04528,SELLER_00313,2025-12-27,defective,approved,True,seller_buyer_collusion
RETURN_005916,ORDER_045259,BUYER_04528,SELLER_00313,2025-12-21,defective,approved,True,seller_buyer_collusion
RETURN_005917,ORDER_035202,BUYER_03531,SELLER_00313,2025-12-23,wrong_item_received,approved,True,seller_buyer_collusion
RETURN_005918,ORDER_036464,BUYER_03652,SELLER_00313,2025-12-23,changed_mind,approved,True,seller_buyer_collusion
RETURN_005919,ORDER_032131,BUYER_03223,SELLER_00324,2025-12-04,size_issue,approved,True,seller_buyer_collusion
RETURN_005920,ORDER_008478,BUYER_00817,SELLER_00324,2025-12-06,changed_mind,approved,True,seller_buyer_collusion
RETURN_005921,ORDER_040870,BUYER_04104,SELLER_00395,2025-12-25,defective,approved,True,seller_buyer_collusion
RETURN_005922,ORDER_009921,BUYER_00970,SELLER_00395,2025-12-27,size_issue,approved,True,seller_buyer_collusion
RETURN_005923,ORDER_037577,BUYER_03771,SELLER_00395,2025-12-28,wrong_item_received,approved,True,seller_buyer_collusion
RETURN_005924,ORDER_038498,BUYER_03869,SELLER_00099,2025-12-23,size_issue,approved,True,seller_buyer_collusion
RETURN_005925,ORDER_026960,BUYER_02740,SELLER_00099,2025-12-29,wrong_item_received,approved,True,seller_buyer_collusion
RETURN_005926,ORDER_034612,BUYER_03473,SELLER_00099,2025-12-26,defective,approved,True,seller_buyer_collusion
RETURN_005927,ORDER_037511,BUYER_03762,SELLER_00099,2025-12-31,changed_mind,approved,True,seller_buyer_collusion
RETURN_005928,ORDER_012626,BUYER_01267,SELLER_00099,2025-12-22,wrong_item_received,approved,True,seller_buyer_collusion
RETURN_005929,ORDER_049682,BUYER_04965,SELLER_00099,2025-12-23,wrong_item_received,approved,True,seller_buyer_collusion
RETURN_005930,ORDER_038748,BUYER_03893,SELLER_00220,2025-12-19,defective,approved,True,seller_buyer_collusion
RETURN_005931,ORDER_040230,BUYER_04042,SELLER_00220,2025-12-22,changed_mind,approved,True,seller_buyer_collusion
RETURN_005932,ORDER_019585,BUYER_01965,SELLER_00241,2025-12-01,size_issue,approved,True,seller_buyer_collusion
RETURN_005933,ORDER_025412,BUYER_02569,SELLER_00241,2025-11-30,size_issue,approved,True,seller_buyer_collusion
RETURN_005934,ORDER_020517,BUYER_02059,SELLER_00241,2025-11-27,wrong_item_received,approved,True,seller_buyer_collusion
RETURN_005935,ORDER_003438,BUYER_00331,SELLER_00030,2025-12-07,changed_mind,approved,True,seller_buyer_collusion
RETURN_005936,ORDER_013592,BUYER_01354,SELLER_00030,2025-12-09,changed_mind,approved,True,seller_buyer_collusion
RETURN_005937,ORDER_038409,BUYER_03859,SELLER_00170,2025-12-31,defective,approved,True,seller_buyer_collusion
RETURN_005938,ORDER_000913,BUYER_00091,SELLER_00170,2025-12-31,size_issue,approved,True,seller_buyer_collusion
RETURN_005939,ORDER_006903,BUYER_00671,SELLER_00092,2025-12-18,changed_mind,approved,True,seller_buyer_collusion
RETURN_005940,ORDER_005258,BUYER_00515,SELLER_00092,2025-12-19,defective,approved,True,seller_buyer_collusion
RETURN_005941,ORDER_040299,BUYER_04052,SELLER_00092,2025-12-24,defective,approved,True,seller_buyer_collusion
RETURN_005942,ORDER_020252,BUYER_02031,SELLER_00092,2025-12-20,size_issue,approved,True,seller_buyer_collusion
